{
  "file": "output/tidal-observatory.mpd",
  "section": "tidal-tower-collar.ldr",
  "profile": "syntax",
  "checks_passed": true,
  "physical_validity": "not_proven",
  "diagnostics": [
    {
      "code": "coverage.collision_review",
      "severity": "warning",
      "message": "Some parts lack rectangular body checks; oriented bounds refine candidates, while remaining overlaps require material review.",
      "line_number": null,
      "section": null
    }
  ],
  "geometry": {
    "complete": true,
    "connection_coverage": {
      "complete": 51,
      "partial": 0,
      "none": 0
    },
    "collision_method": "AABB broad phase, oriented bounds separation, curated rectangular body SAT",
    "physical_validity": "not_proven",
    "bounds": {
      "min": [
        -120.0,
        -92.0,
        -160.0
      ],
      "max": [
        120.0,
        16.0,
        140.0
      ]
    },
    "occurrence_count": 51,
    "detail": "full",
    "instance_offset": 0,
    "instances": [
      {
        "index": 0,
        "part": "3028.dat",
        "description": "Plate 6 x 12",
        "colour": {
          "code": 72,
          "name": null,
          "rgb": null,
          "alpha": null,
          "colour_attributes": null
        },
        "position": [
          -40.0,
          8.0,
          0.0
        ],
        "matrix": [
          [
            0.0,
            0.0,
            1.0
          ],
          [
            0.0,
            1.0,
            0.0
          ],
          [
            -1.0,
            0.0,
            0.0
          ]
        ],
        "bounds": {
          "min": [
            -100.0,
            4.0,
            -120.0
          ],
          "max": [
            20.0,
            16.0,
            120.0
          ]
        },
        "section": "tidal-tower-collar.ldr",
        "line_number": 1606,
        "source_path": [
          null,
          1606
        ],
        "step": 1,
        "body_profile": false,
        "connector_count": 144,
        "placement_path": [
          0,
          0
        ],
        "connection_metadata": {
          "coverage": "complete",
          "source_count": 3,
          "recognized_record_count": 2,
          "unsupported_record_count": 0,
          "invalid_record_count": 0,
          "diagnostics": []
        }
      },
      {
        "index": 1,
        "part": "3029.dat",
        "description": "Plate 4 x 12",
        "colour": {
          "code": 72,
          "name": null,
          "rgb": null,
          "alpha": null,
          "colour_attributes": null
        },
        "position": [
          60.0,
          8.0,
          0.0
        ],
        "matrix": [
          [
            0.0,
            0.0,
            1.0
          ],
          [
            0.0,
            1.0,
            0.0
          ],
          [
            -1.0,
            0.0,
            0.0
          ]
        ],
        "bounds": {
          "min": [
            20.0,
            4.0,
            -120.0
          ],
          "max": [
            100.0,
            16.0,
            120.0
          ]
        },
        "section": "tidal-tower-collar.ldr",
        "line_number": 1608,
        "source_path": [
          null,
          1608
        ],
        "step": 1,
        "body_profile": false,
        "connector_count": 96,
        "placement_path": [
          0,
          1
        ],
        "connection_metadata": {
          "coverage": "complete",
          "source_count": 3,
          "recognized_record_count": 2,
          "unsupported_record_count": 0,
          "invalid_record_count": 0,
          "diagnostics": []
        }
      },
      {
        "index": 2,
        "part": "3034.dat",
        "description": "Plate 2 x 8",
        "colour": {
          "code": 28,
          "name": null,
          "rgb": null,
          "alpha": null,
          "colour_attributes": null
        },
        "position": [
          -80.0,
          0.0,
          0.0
        ],
        "matrix": [
          [
            0.0,
            0.0,
            1.0
          ],
          [
            0.0,
            1.0,
            0.0
          ],
          [
            -1.0,
            0.0,
            0.0
          ]
        ],
        "bounds": {
          "min": [
            -100.0,
            -4.0,
            -80.0
          ],
          "max": [
            -60.0,
            8.0,
            80.0
          ]
        },
        "section": "tidal-tower-collar.ldr",
        "line_number": 1611,
        "source_path": [
          null,
          1611
        ],
        "step": 1,
        "body_profile": true,
        "connector_count": 32,
        "placement_path": [
          0,
          2
        ],
        "connection_metadata": {
          "coverage": "complete",
          "source_count": 3,
          "recognized_record_count": 2,
          "unsupported_record_count": 0,
          "invalid_record_count": 0,
          "diagnostics": []
        }
      },
      {
        "index": 3,
        "part": "3022.dat",
        "description": "Plate 2 x 2",
        "colour": {
          "code": 28,
          "name": null,
          "rgb": null,
          "alpha": null,
          "colour_attributes": null
        },
        "position": [
          -80.0,
          0.0,
          100.0
        ],
        "matrix": [
          [
            1.0,
            0.0,
            0.0
          ],
          [
            0.0,
            1.0,
            0.0
          ],
          [
            0.0,
            0.0,
            1.0
          ]
        ],
        "bounds": {
          "min": [
            -100.0,
            -4.0,
            80.0
          ],
          "max": [
            -60.0,
            8.0,
            120.0
          ]
        },
        "section": "tidal-tower-collar.ldr",
        "line_number": 1613,
        "source_path": [
          null,
          1613
        ],
        "step": 1,
        "body_profile": true,
        "connector_count": 9,
        "placement_path": [
          0,
          3
        ],
        "connection_metadata": {
          "coverage": "complete",
          "source_count": 3,
          "recognized_record_count": 3,
          "unsupported_record_count": 0,
          "invalid_record_count": 0,
          "diagnostics": []
        }
      },
      {
        "index": 4,
        "part": "3036.dat",
        "description": "Plate 6 x 8",
        "colour": {
          "code": 28,
          "name": null,
          "rgb": null,
          "alpha": null,
          "colour_attributes": null
        },
        "position": [
          0.0,
          0.0,
          0.0
        ],
        "matrix": [
          [
            0.0,
            0.0,
            1.0
          ],
          [
            0.0,
            1.0,
            0.0
          ],
          [
            -1.0,
            0.0,
            0.0
          ]
        ],
        "bounds": {
          "min": [
            -60.0,
            -4.0,
            -80.0
          ],
          "max": [
            60.0,
            8.0,
            80.0
          ]
        },
        "section": "tidal-tower-collar.ldr",
        "line_number": 1615,
        "source_path": [
          null,
          1615
        ],
        "step": 1,
        "body_profile": true,
        "connector_count": 96,
        "placement_path": [
          0,
          4
        ],
        "connection_metadata": {
          "coverage": "complete",
          "source_count": 3,
          "recognized_record_count": 2,
          "unsupported_record_count": 0,
          "invalid_record_count": 0,
          "diagnostics": []
        }
      },
      {
        "index": 5,
        "part": "3795.dat",
        "description": "Plate 2 x 6",
        "colour": {
          "code": 28,
          "name": null,
          "rgb": null,
          "alpha": null,
          "colour_attributes": null
        },
        "position": [
          0.0,
          0.0,
          100.0
        ],
        "matrix": [
          [
            1.0,
            0.0,
            0.0
          ],
          [
            0.0,
            1.0,
            0.0
          ],
          [
            0.0,
            0.0,
            1.0
          ]
        ],
        "bounds": {
          "min": [
            -60.0,
            -4.0,
            80.0
          ],
          "max": [
            60.0,
            8.0,
            120.0
          ]
        },
        "section": "tidal-tower-collar.ldr",
        "line_number": 1617,
        "source_path": [
          null,
          1617
        ],
        "step": 1,
        "body_profile": true,
        "connector_count": 24,
        "placement_path": [
          0,
          5
        ],
        "connection_metadata": {
          "coverage": "complete",
          "source_count": 3,
          "recognized_record_count": 2,
          "unsupported_record_count": 0,
          "invalid_record_count": 0,
          "diagnostics": []
        }
      },
      {
        "index": 6,
        "part": "3034.dat",
        "description": "Plate 2 x 8",
        "colour": {
          "code": 28,
          "name": null,
          "rgb": null,
          "alpha": null,
          "colour_attributes": null
        },
        "position": [
          80.0,
          0.0,
          0.0
        ],
        "matrix": [
          [
            0.0,
            0.0,
            1.0
          ],
          [
            0.0,
            1.0,
            0.0
          ],
          [
            -1.0,
            0.0,
            0.0
          ]
        ],
        "bounds": {
          "min": [
            60.0,
            -4.0,
            -80.0
          ],
          "max": [
            100.0,
            8.0,
            80.0
          ]
        },
        "section": "tidal-tower-collar.ldr",
        "line_number": 1619,
        "source_path": [
          null,
          1619
        ],
        "step": 1,
        "body_profile": true,
        "connector_count": 32,
        "placement_path": [
          0,
          6
        ],
        "connection_metadata": {
          "coverage": "complete",
          "source_count": 3,
          "recognized_record_count": 2,
          "unsupported_record_count": 0,
          "invalid_record_count": 0,
          "diagnostics": []
        }
      },
      {
        "index": 7,
        "part": "3022.dat",
        "description": "Plate 2 x 2",
        "colour": {
          "code": 28,
          "name": null,
          "rgb": null,
          "alpha": null,
          "colour_attributes": null
        },
        "position": [
          80.0,
          0.0,
          100.0
        ],
        "matrix": [
          [
            1.0,
            0.0,
            0.0
          ],
          [
            0.0,
            1.0,
            0.0
          ],
          [
            0.0,
            0.0,
            1.0
          ]
        ],
        "bounds": {
          "min": [
            60.0,
            -4.0,
            80.0
          ],
          "max": [
            100.0,
            8.0,
            120.0
          ]
        },
        "section": "tidal-tower-collar.ldr",
        "line_number": 1621,
        "source_path": [
          null,
          1621
        ],
        "step": 1,
        "body_profile": true,
        "connector_count": 9,
        "placement_path": [
          0,
          7
        ],
        "connection_metadata": {
          "coverage": "complete",
          "source_count": 3,
          "recognized_record_count": 3,
          "unsupported_record_count": 0,
          "invalid_record_count": 0,
          "diagnostics": []
        }
      },
      {
        "index": 8,
        "part": "3035.dat",
        "description": "Plate 4 x 8",
        "colour": {
          "code": 28,
          "name": null,
          "rgb": null,
          "alpha": null,
          "colour_attributes": null
        },
        "position": [
          -20.0,
          0.0,
          -120.0
        ],
        "matrix": [
          [
            1.0,
            0.0,
            0.0
          ],
          [
            0.0,
            1.0,
            0.0
          ],
          [
            0.0,
            0.0,
            1.0
          ]
        ],
        "bounds": {
          "min": [
            -100.0,
            -4.0,
            -160.0
          ],
          "max": [
            60.0,
            8.0,
            -80.0
          ]
        },
        "section": "tidal-tower-collar.ldr",
        "line_number": 1623,
        "source_path": [
          null,
          1623
        ],
        "step": 1,
        "body_profile": false,
        "connector_count": 64,
        "placement_path": [
          0,
          8
        ],
        "connection_metadata": {
          "coverage": "complete",
          "source_count": 3,
          "recognized_record_count": 2,
          "unsupported_record_count": 0,
          "invalid_record_count": 0,
          "diagnostics": []
        }
      },
      {
        "index": 9,
        "part": "3020.dat",
        "description": "Plate 2 x 4",
        "colour": {
          "code": 28,
          "name": null,
          "rgb": null,
          "alpha": null,
          "colour_attributes": null
        },
        "position": [
          80.0,
          0.0,
          -120.0
        ],
        "matrix": [
          [
            0.0,
            0.0,
            1.0
          ],
          [
            0.0,
            1.0,
            0.0
          ],
          [
            -1.0,
            0.0,
            0.0
          ]
        ],
        "bounds": {
          "min": [
            60.0,
            -4.0,
            -160.0
          ],
          "max": [
            100.0,
            8.0,
            -80.0
          ]
        },
        "section": "tidal-tower-collar.ldr",
        "line_number": 1625,
        "source_path": [
          null,
          1625
        ],
        "step": 1,
        "body_profile": true,
        "connector_count": 16,
        "placement_path": [
          0,
          9
        ],
        "connection_metadata": {
          "coverage": "complete",
          "source_count": 3,
          "recognized_record_count": 2,
          "unsupported_record_count": 0,
          "invalid_record_count": 0,
          "diagnostics": []
        }
      },
      {
        "index": 10,
        "part": "3004.dat",
        "description": "Brick 1 x 2",
        "colour": {
          "code": 19,
          "name": null,
          "rgb": null,
          "alpha": null,
          "colour_attributes": null
        },
        "position": [
          -80.0,
          -24.0,
          -110.0
        ],
        "matrix": [
          [
            1.0,
            0.0,
            0.0
          ],
          [
            0.0,
            1.0,
            0.0
          ],
          [
            0.0,
            0.0,
            1.0
          ]
        ],
        "bounds": {
          "min": [
            -100.0,
            -28.0,
            -120.0
          ],
          "max": [
            -60.0,
            0.0,
            -100.0
          ]
        },
        "section": "tidal-tower-collar.ldr",
        "line_number": 1628,
        "source_path": [
          null,
          1628
        ],
        "step": 1,
        "body_profile": true,
        "connector_count": 9,
        "placement_path": [
          0,
          10
        ],
        "connection_metadata": {
          "coverage": "complete",
          "source_count": 4,
          "recognized_record_count": 5,
          "unsupported_record_count": 0,
          "invalid_record_count": 0,
          "diagnostics": []
        }
      },
      {
        "index": 11,
        "part": "3008.dat",
        "description": "Brick 1 x 8",
        "colour": {
          "code": 19,
          "name": null,
          "rgb": null,
          "alpha": null,
          "colour_attributes": null
        },
        "position": [
          20.0,
          -24.0,
          -110.0
        ],
        "matrix": [
          [
            1.0,
            0.0,
            0.0
          ],
          [
            0.0,
            1.0,
            0.0
          ],
          [
            0.0,
            0.0,
            1.0
          ]
        ],
        "bounds": {
          "min": [
            -60.0,
            -28.0,
            -120.0
          ],
          "max": [
            100.0,
            0.0,
            -100.0
          ]
        },
        "section": "tidal-tower-collar.ldr",
        "line_number": 1630,
        "source_path": [
          null,
          1630
        ],
        "step": 1,
        "body_profile": true,
        "connector_count": 39,
        "placement_path": [
          0,
          11
        ],
        "connection_metadata": {
          "coverage": "complete",
          "source_count": 4,
          "recognized_record_count": 5,
          "unsupported_record_count": 0,
          "invalid_record_count": 0,
          "diagnostics": []
        }
      },
      {
        "index": 12,
        "part": "3008.dat",
        "description": "Brick 1 x 8",
        "colour": {
          "code": 19,
          "name": null,
          "rgb": null,
          "alpha": null,
          "colour_attributes": null
        },
        "position": [
          -90.0,
          -24.0,
          -20.0
        ],
        "matrix": [
          [
            0.0,
            0.0,
            1.0
          ],
          [
            0.0,
            1.0,
            0.0
          ],
          [
            -1.0,
            0.0,
            0.0
          ]
        ],
        "bounds": {
          "min": [
            -100.0,
            -28.0,
            -100.0
          ],
          "max": [
            -80.0,
            0.0,
            60.0
          ]
        },
        "section": "tidal-tower-collar.ldr",
        "line_number": 1632,
        "source_path": [
          null,
          1632
        ],
        "step": 1,
        "body_profile": true,
        "connector_count": 39,
        "placement_path": [
          0,
          12
        ],
        "connection_metadata": {
          "coverage": "complete",
          "source_count": 4,
          "recognized_record_count": 5,
          "unsupported_record_count": 0,
          "invalid_record_count": 0,
          "diagnostics": []
        }
      },
      {
        "index": 13,
        "part": "3004.dat",
        "description": "Brick 1 x 2",
        "colour": {
          "code": 19,
          "name": null,
          "rgb": null,
          "alpha": null,
          "colour_attributes": null
        },
        "position": [
          90.0,
          -24.0,
          -80.0
        ],
        "matrix": [
          [
            0.0,
            0.0,
            1.0
          ],
          [
            0.0,
            1.0,
            0.0
          ],
          [
            -1.0,
            0.0,
            0.0
          ]
        ],
        "bounds": {
          "min": [
            80.0,
            -28.0,
            -100.0
          ],
          "max": [
            100.0,
            0.0,
            -60.0
          ]
        },
        "section": "tidal-tower-collar.ldr",
        "line_number": 1634,
        "source_path": [
          null,
          1634
        ],
        "step": 1,
        "body_profile": true,
        "connector_count": 9,
        "placement_path": [
          0,
          13
        ],
        "connection_metadata": {
          "coverage": "complete",
          "source_count": 4,
          "recognized_record_count": 5,
          "unsupported_record_count": 0,
          "invalid_record_count": 0,
          "diagnostics": []
        }
      },
      {
        "index": 14,
        "part": "3008.dat",
        "description": "Brick 1 x 8",
        "colour": {
          "code": 19,
          "name": null,
          "rgb": null,
          "alpha": null,
          "colour_attributes": null
        },
        "position": [
          90.0,
          -24.0,
          20.0
        ],
        "matrix": [
          [
            0.0,
            0.0,
            1.0
          ],
          [
            0.0,
            1.0,
            0.0
          ],
          [
            -1.0,
            0.0,
            0.0
          ]
        ],
        "bounds": {
          "min": [
            80.0,
            -28.0,
            -60.0
          ],
          "max": [
            100.0,
            0.0,
            100.0
          ]
        },
        "section": "tidal-tower-collar.ldr",
        "line_number": 1636,
        "source_path": [
          null,
          1636
        ],
        "step": 1,
        "body_profile": true,
        "connector_count": 39,
        "placement_path": [
          0,
          14
        ],
        "connection_metadata": {
          "coverage": "complete",
          "source_count": 4,
          "recognized_record_count": 5,
          "unsupported_record_count": 0,
          "invalid_record_count": 0,
          "diagnostics": []
        }
      },
      {
        "index": 15,
        "part": "3622.dat",
        "description": "Brick 1 x 3",
        "colour": {
          "code": 19,
          "name": null,
          "rgb": null,
          "alpha": null,
          "colour_attributes": null
        },
        "position": [
          -90.0,
          -24.0,
          90.0
        ],
        "matrix": [
          [
            0.0,
            0.0,
            1.0
          ],
          [
            0.0,
            1.0,
            0.0
          ],
          [
            -1.0,
            0.0,
            0.0
          ]
        ],
        "bounds": {
          "min": [
            -100.0,
            -28.0,
            60.0
          ],
          "max": [
            -80.0,
            0.0,
            120.0
          ]
        },
        "section": "tidal-tower-collar.ldr",
        "line_number": 1638,
        "source_path": [
          null,
          1638
        ],
        "step": 1,
        "body_profile": true,
        "connector_count": 11,
        "placement_path": [
          0,
          15
        ],
        "connection_metadata": {
          "coverage": "complete",
          "source_count": 3,
          "recognized_record_count": 3,
          "unsupported_record_count": 0,
          "invalid_record_count": 0,
          "diagnostics": []
        }
      },
      {
        "index": 16,
        "part": "3004.dat",
        "description": "Brick 1 x 2",
        "colour": {
          "code": 19,
          "name": null,
          "rgb": null,
          "alpha": null,
          "colour_attributes": null
        },
        "position": [
          -60.0,
          -24.0,
          110.0
        ],
        "matrix": [
          [
            1.0,
            0.0,
            0.0
          ],
          [
            0.0,
            1.0,
            0.0
          ],
          [
            0.0,
            0.0,
            1.0
          ]
        ],
        "bounds": {
          "min": [
            -80.0,
            -28.0,
            100.0
          ],
          "max": [
            -40.0,
            0.0,
            120.0
          ]
        },
        "section": "tidal-tower-collar.ldr",
        "line_number": 1640,
        "source_path": [
          null,
          1640
        ],
        "step": 1,
        "body_profile": true,
        "connector_count": 9,
        "placement_path": [
          0,
          16
        ],
        "connection_metadata": {
          "coverage": "complete",
          "source_count": 4,
          "recognized_record_count": 5,
          "unsupported_record_count": 0,
          "invalid_record_count": 0,
          "diagnostics": []
        }
      },
      {
        "index": 17,
        "part": "3009.dat",
        "description": "Brick 1 x 6",
        "colour": {
          "code": 19,
          "name": null,
          "rgb": null,
          "alpha": null,
          "colour_attributes": null
        },
        "position": [
          20.0,
          -24.0,
          110.0
        ],
        "matrix": [
          [
            1.0,
            0.0,
            0.0
          ],
          [
            0.0,
            1.0,
            0.0
          ],
          [
            0.0,
            0.0,
            1.0
          ]
        ],
        "bounds": {
          "min": [
            -40.0,
            -28.0,
            100.0
          ],
          "max": [
            80.0,
            0.0,
            120.0
          ]
        },
        "section": "tidal-tower-collar.ldr",
        "line_number": 1642,
        "source_path": [
          null,
          1642
        ],
        "step": 1,
        "body_profile": true,
        "connector_count": 23,
        "placement_path": [
          0,
          17
        ],
        "connection_metadata": {
          "coverage": "complete",
          "source_count": 3,
          "recognized_record_count": 3,
          "unsupported_record_count": 0,
          "invalid_record_count": 0,
          "diagnostics": []
        }
      },
      {
        "index": 18,
        "part": "3005.dat",
        "description": "Brick 1 x 1",
        "colour": {
          "code": 19,
          "name": null,
          "rgb": null,
          "alpha": null,
          "colour_attributes": null
        },
        "position": [
          90.0,
          -24.0,
          110.0
        ],
        "matrix": [
          [
            1.0,
            0.0,
            0.0
          ],
          [
            0.0,
            1.0,
            0.0
          ],
          [
            0.0,
            0.0,
            1.0
          ]
        ],
        "bounds": {
          "min": [
            80.0,
            -28.0,
            100.0
          ],
          "max": [
            100.0,
            0.0,
            120.0
          ]
        },
        "section": "tidal-tower-collar.ldr",
        "line_number": 1644,
        "source_path": [
          null,
          1644
        ],
        "step": 1,
        "body_profile": true,
        "connector_count": 2,
        "placement_path": [
          0,
          18
        ],
        "connection_metadata": {
          "coverage": "complete",
          "source_count": 2,
          "recognized_record_count": 2,
          "unsupported_record_count": 0,
          "invalid_record_count": 0,
          "diagnostics": []
        }
      },
      {
        "index": 19,
        "part": "3008.dat",
        "description": "Brick 1 x 8",
        "colour": {
          "code": 19,
          "name": null,
          "rgb": null,
          "alpha": null,
          "colour_attributes": null
        },
        "position": [
          -20.0,
          -48.0,
          -110.0
        ],
        "matrix": [
          [
            1.0,
            0.0,
            0.0
          ],
          [
            0.0,
            1.0,
            0.0
          ],
          [
            0.0,
            0.0,
            1.0
          ]
        ],
        "bounds": {
          "min": [
            -100.0,
            -52.0,
            -120.0
          ],
          "max": [
            60.0,
            -24.0,
            -100.0
          ]
        },
        "section": "tidal-tower-collar.ldr",
        "line_number": 1647,
        "source_path": [
          null,
          1647
        ],
        "step": 1,
        "body_profile": true,
        "connector_count": 39,
        "placement_path": [
          0,
          19
        ],
        "connection_metadata": {
          "coverage": "complete",
          "source_count": 4,
          "recognized_record_count": 5,
          "unsupported_record_count": 0,
          "invalid_record_count": 0,
          "diagnostics": []
        }
      },
      {
        "index": 20,
        "part": "3004.dat",
        "description": "Brick 1 x 2",
        "colour": {
          "code": 19,
          "name": null,
          "rgb": null,
          "alpha": null,
          "colour_attributes": null
        },
        "position": [
          80.0,
          -48.0,
          -110.0
        ],
        "matrix": [
          [
            1.0,
            0.0,
            0.0
          ],
          [
            0.0,
            1.0,
            0.0
          ],
          [
            0.0,
            0.0,
            1.0
          ]
        ],
        "bounds": {
          "min": [
            60.0,
            -52.0,
            -120.0
          ],
          "max": [
            100.0,
            -24.0,
            -100.0
          ]
        },
        "section": "tidal-tower-collar.ldr",
        "line_number": 1649,
        "source_path": [
          null,
          1649
        ],
        "step": 1,
        "body_profile": true,
        "connector_count": 9,
        "placement_path": [
          0,
          20
        ],
        "connection_metadata": {
          "coverage": "complete",
          "source_count": 4,
          "recognized_record_count": 5,
          "unsupported_record_count": 0,
          "invalid_record_count": 0,
          "diagnostics": []
        }
      },
      {
        "index": 21,
        "part": "3008.dat",
        "description": "Brick 1 x 8",
        "colour": {
          "code": 19,
          "name": null,
          "rgb": null,
          "alpha": null,
          "colour_attributes": null
        },
        "position": [
          -90.0,
          -48.0,
          -20.0
        ],
        "matrix": [
          [
            0.0,
            0.0,
            1.0
          ],
          [
            0.0,
            1.0,
            0.0
          ],
          [
            -1.0,
            0.0,
            0.0
          ]
        ],
        "bounds": {
          "min": [
            -100.0,
            -52.0,
            -100.0
          ],
          "max": [
            -80.0,
            -24.0,
            60.0
          ]
        },
        "section": "tidal-tower-collar.ldr",
        "line_number": 1651,
        "source_path": [
          null,
          1651
        ],
        "step": 1,
        "body_profile": true,
        "connector_count": 39,
        "placement_path": [
          0,
          21
        ],
        "connection_metadata": {
          "coverage": "complete",
          "source_count": 4,
          "recognized_record_count": 5,
          "unsupported_record_count": 0,
          "invalid_record_count": 0,
          "diagnostics": []
        }
      },
      {
        "index": 22,
        "part": "3008.dat",
        "description": "Brick 1 x 8",
        "colour": {
          "code": 19,
          "name": null,
          "rgb": null,
          "alpha": null,
          "colour_attributes": null
        },
        "position": [
          90.0,
          -48.0,
          -20.0
        ],
        "matrix": [
          [
            0.0,
            0.0,
            1.0
          ],
          [
            0.0,
            1.0,
            0.0
          ],
          [
            -1.0,
            0.0,
            0.0
          ]
        ],
        "bounds": {
          "min": [
            80.0,
            -52.0,
            -100.0
          ],
          "max": [
            100.0,
            -24.0,
            60.0
          ]
        },
        "section": "tidal-tower-collar.ldr",
        "line_number": 1653,
        "source_path": [
          null,
          1653
        ],
        "step": 1,
        "body_profile": true,
        "connector_count": 39,
        "placement_path": [
          0,
          22
        ],
        "connection_metadata": {
          "coverage": "complete",
          "source_count": 4,
          "recognized_record_count": 5,
          "unsupported_record_count": 0,
          "invalid_record_count": 0,
          "diagnostics": []
        }
      },
      {
        "index": 23,
        "part": "3622.dat",
        "description": "Brick 1 x 3",
        "colour": {
          "code": 19,
          "name": null,
          "rgb": null,
          "alpha": null,
          "colour_attributes": null
        },
        "position": [
          -90.0,
          -48.0,
          90.0
        ],
        "matrix": [
          [
            0.0,
            0.0,
            1.0
          ],
          [
            0.0,
            1.0,
            0.0
          ],
          [
            -1.0,
            0.0,
            0.0
          ]
        ],
        "bounds": {
          "min": [
            -100.0,
            -52.0,
            60.0
          ],
          "max": [
            -80.0,
            -24.0,
            120.0
          ]
        },
        "section": "tidal-tower-collar.ldr",
        "line_number": 1655,
        "source_path": [
          null,
          1655
        ],
        "step": 1,
        "body_profile": true,
        "connector_count": 11,
        "placement_path": [
          0,
          23
        ],
        "connection_metadata": {
          "coverage": "complete",
          "source_count": 3,
          "recognized_record_count": 3,
          "unsupported_record_count": 0,
          "invalid_record_count": 0,
          "diagnostics": []
        }
      },
      {
        "index": 24,
        "part": "3622.dat",
        "description": "Brick 1 x 3",
        "colour": {
          "code": 19,
          "name": null,
          "rgb": null,
          "alpha": null,
          "colour_attributes": null
        },
        "position": [
          90.0,
          -48.0,
          90.0
        ],
        "matrix": [
          [
            0.0,
            0.0,
            1.0
          ],
          [
            0.0,
            1.0,
            0.0
          ],
          [
            -1.0,
            0.0,
            0.0
          ]
        ],
        "bounds": {
          "min": [
            80.0,
            -52.0,
            60.0
          ],
          "max": [
            100.0,
            -24.0,
            120.0
          ]
        },
        "section": "tidal-tower-collar.ldr",
        "line_number": 1657,
        "source_path": [
          null,
          1657
        ],
        "step": 1,
        "body_profile": true,
        "connector_count": 11,
        "placement_path": [
          0,
          24
        ],
        "connection_metadata": {
          "coverage": "complete",
          "source_count": 3,
          "recognized_record_count": 3,
          "unsupported_record_count": 0,
          "invalid_record_count": 0,
          "diagnostics": []
        }
      },
      {
        "index": 25,
        "part": "3008.dat",
        "description": "Brick 1 x 8",
        "colour": {
          "code": 19,
          "name": null,
          "rgb": null,
          "alpha": null,
          "colour_attributes": null
        },
        "position": [
          0.0,
          -48.0,
          110.0
        ],
        "matrix": [
          [
            1.0,
            0.0,
            0.0
          ],
          [
            0.0,
            1.0,
            0.0
          ],
          [
            0.0,
            0.0,
            1.0
          ]
        ],
        "bounds": {
          "min": [
            -80.0,
            -52.0,
            100.0
          ],
          "max": [
            80.0,
            -24.0,
            120.0
          ]
        },
        "section": "tidal-tower-collar.ldr",
        "line_number": 1659,
        "source_path": [
          null,
          1659
        ],
        "step": 1,
        "body_profile": true,
        "connector_count": 39,
        "placement_path": [
          0,
          25
        ],
        "connection_metadata": {
          "coverage": "complete",
          "source_count": 4,
          "recognized_record_count": 5,
          "unsupported_record_count": 0,
          "invalid_record_count": 0,
          "diagnostics": []
        }
      },
      {
        "index": 26,
        "part": "3004.dat",
        "description": "Brick 1 x 2",
        "colour": {
          "code": 19,
          "name": null,
          "rgb": null,
          "alpha": null,
          "colour_attributes": null
        },
        "position": [
          -80.0,
          -72.0,
          -110.0
        ],
        "matrix": [
          [
            1.0,
            0.0,
            0.0
          ],
          [
            0.0,
            1.0,
            0.0
          ],
          [
            0.0,
            0.0,
            1.0
          ]
        ],
        "bounds": {
          "min": [
            -100.0,
            -76.0,
            -120.0
          ],
          "max": [
            -60.0,
            -48.0,
            -100.0
          ]
        },
        "section": "tidal-tower-collar.ldr",
        "line_number": 1662,
        "source_path": [
          null,
          1662
        ],
        "step": 1,
        "body_profile": true,
        "connector_count": 9,
        "placement_path": [
          0,
          26
        ],
        "connection_metadata": {
          "coverage": "complete",
          "source_count": 4,
          "recognized_record_count": 5,
          "unsupported_record_count": 0,
          "invalid_record_count": 0,
          "diagnostics": []
        }
      },
      {
        "index": 27,
        "part": "3008.dat",
        "description": "Brick 1 x 8",
        "colour": {
          "code": 19,
          "name": null,
          "rgb": null,
          "alpha": null,
          "colour_attributes": null
        },
        "position": [
          20.0,
          -72.0,
          -110.0
        ],
        "matrix": [
          [
            1.0,
            0.0,
            0.0
          ],
          [
            0.0,
            1.0,
            0.0
          ],
          [
            0.0,
            0.0,
            1.0
          ]
        ],
        "bounds": {
          "min": [
            -60.0,
            -76.0,
            -120.0
          ],
          "max": [
            100.0,
            -48.0,
            -100.0
          ]
        },
        "section": "tidal-tower-collar.ldr",
        "line_number": 1664,
        "source_path": [
          null,
          1664
        ],
        "step": 1,
        "body_profile": true,
        "connector_count": 39,
        "placement_path": [
          0,
          27
        ],
        "connection_metadata": {
          "coverage": "complete",
          "source_count": 4,
          "recognized_record_count": 5,
          "unsupported_record_count": 0,
          "invalid_record_count": 0,
          "diagnostics": []
        }
      },
      {
        "index": 28,
        "part": "3008.dat",
        "description": "Brick 1 x 8",
        "colour": {
          "code": 19,
          "name": null,
          "rgb": null,
          "alpha": null,
          "colour_attributes": null
        },
        "position": [
          -90.0,
          -72.0,
          -20.0
        ],
        "matrix": [
          [
            0.0,
            0.0,
            1.0
          ],
          [
            0.0,
            1.0,
            0.0
          ],
          [
            -1.0,
            0.0,
            0.0
          ]
        ],
        "bounds": {
          "min": [
            -100.0,
            -76.0,
            -100.0
          ],
          "max": [
            -80.0,
            -48.0,
            60.0
          ]
        },
        "section": "tidal-tower-collar.ldr",
        "line_number": 1666,
        "source_path": [
          null,
          1666
        ],
        "step": 1,
        "body_profile": true,
        "connector_count": 39,
        "placement_path": [
          0,
          28
        ],
        "connection_metadata": {
          "coverage": "complete",
          "source_count": 4,
          "recognized_record_count": 5,
          "unsupported_record_count": 0,
          "invalid_record_count": 0,
          "diagnostics": []
        }
      },
      {
        "index": 29,
        "part": "3004.dat",
        "description": "Brick 1 x 2",
        "colour": {
          "code": 19,
          "name": null,
          "rgb": null,
          "alpha": null,
          "colour_attributes": null
        },
        "position": [
          90.0,
          -72.0,
          -80.0
        ],
        "matrix": [
          [
            0.0,
            0.0,
            1.0
          ],
          [
            0.0,
            1.0,
            0.0
          ],
          [
            -1.0,
            0.0,
            0.0
          ]
        ],
        "bounds": {
          "min": [
            80.0,
            -76.0,
            -100.0
          ],
          "max": [
            100.0,
            -48.0,
            -60.0
          ]
        },
        "section": "tidal-tower-collar.ldr",
        "line_number": 1668,
        "source_path": [
          null,
          1668
        ],
        "step": 1,
        "body_profile": true,
        "connector_count": 9,
        "placement_path": [
          0,
          29
        ],
        "connection_metadata": {
          "coverage": "complete",
          "source_count": 4,
          "recognized_record_count": 5,
          "unsupported_record_count": 0,
          "invalid_record_count": 0,
          "diagnostics": []
        }
      },
      {
        "index": 30,
        "part": "3008.dat",
        "description": "Brick 1 x 8",
        "colour": {
          "code": 19,
          "name": null,
          "rgb": null,
          "alpha": null,
          "colour_attributes": null
        },
        "position": [
          90.0,
          -72.0,
          20.0
        ],
        "matrix": [
          [
            0.0,
            0.0,
            1.0
          ],
          [
            0.0,
            1.0,
            0.0
          ],
          [
            -1.0,
            0.0,
            0.0
          ]
        ],
        "bounds": {
          "min": [
            80.0,
            -76.0,
            -60.0
          ],
          "max": [
            100.0,
            -48.0,
            100.0
          ]
        },
        "section": "tidal-tower-collar.ldr",
        "line_number": 1670,
        "source_path": [
          null,
          1670
        ],
        "step": 1,
        "body_profile": true,
        "connector_count": 39,
        "placement_path": [
          0,
          30
        ],
        "connection_metadata": {
          "coverage": "complete",
          "source_count": 4,
          "recognized_record_count": 5,
          "unsupported_record_count": 0,
          "invalid_record_count": 0,
          "diagnostics": []
        }
      },
      {
        "index": 31,
        "part": "3622.dat",
        "description": "Brick 1 x 3",
        "colour": {
          "code": 19,
          "name": null,
          "rgb": null,
          "alpha": null,
          "colour_attributes": null
        },
        "position": [
          -90.0,
          -72.0,
          90.0
        ],
        "matrix": [
          [
            0.0,
            0.0,
            1.0
          ],
          [
            0.0,
            1.0,
            0.0
          ],
          [
            -1.0,
            0.0,
            0.0
          ]
        ],
        "bounds": {
          "min": [
            -100.0,
            -76.0,
            60.0
          ],
          "max": [
            -80.0,
            -48.0,
            120.0
          ]
        },
        "section": "tidal-tower-collar.ldr",
        "line_number": 1672,
        "source_path": [
          null,
          1672
        ],
        "step": 1,
        "body_profile": true,
        "connector_count": 11,
        "placement_path": [
          0,
          31
        ],
        "connection_metadata": {
          "coverage": "complete",
          "source_count": 3,
          "recognized_record_count": 3,
          "unsupported_record_count": 0,
          "invalid_record_count": 0,
          "diagnostics": []
        }
      },
      {
        "index": 32,
        "part": "3004.dat",
        "description": "Brick 1 x 2",
        "colour": {
          "code": 19,
          "name": null,
          "rgb": null,
          "alpha": null,
          "colour_attributes": null
        },
        "position": [
          -60.0,
          -72.0,
          110.0
        ],
        "matrix": [
          [
            1.0,
            0.0,
            0.0
          ],
          [
            0.0,
            1.0,
            0.0
          ],
          [
            0.0,
            0.0,
            1.0
          ]
        ],
        "bounds": {
          "min": [
            -80.0,
            -76.0,
            100.0
          ],
          "max": [
            -40.0,
            -48.0,
            120.0
          ]
        },
        "section": "tidal-tower-collar.ldr",
        "line_number": 1674,
        "source_path": [
          null,
          1674
        ],
        "step": 1,
        "body_profile": true,
        "connector_count": 9,
        "placement_path": [
          0,
          32
        ],
        "connection_metadata": {
          "coverage": "complete",
          "source_count": 4,
          "recognized_record_count": 5,
          "unsupported_record_count": 0,
          "invalid_record_count": 0,
          "diagnostics": []
        }
      },
      {
        "index": 33,
        "part": "3009.dat",
        "description": "Brick 1 x 6",
        "colour": {
          "code": 19,
          "name": null,
          "rgb": null,
          "alpha": null,
          "colour_attributes": null
        },
        "position": [
          20.0,
          -72.0,
          110.0
        ],
        "matrix": [
          [
            1.0,
            0.0,
            0.0
          ],
          [
            0.0,
            1.0,
            0.0
          ],
          [
            0.0,
            0.0,
            1.0
          ]
        ],
        "bounds": {
          "min": [
            -40.0,
            -76.0,
            100.0
          ],
          "max": [
            80.0,
            -48.0,
            120.0
          ]
        },
        "section": "tidal-tower-collar.ldr",
        "line_number": 1676,
        "source_path": [
          null,
          1676
        ],
        "step": 1,
        "body_profile": true,
        "connector_count": 23,
        "placement_path": [
          0,
          33
        ],
        "connection_metadata": {
          "coverage": "complete",
          "source_count": 3,
          "recognized_record_count": 3,
          "unsupported_record_count": 0,
          "invalid_record_count": 0,
          "diagnostics": []
        }
      },
      {
        "index": 34,
        "part": "3005.dat",
        "description": "Brick 1 x 1",
        "colour": {
          "code": 19,
          "name": null,
          "rgb": null,
          "alpha": null,
          "colour_attributes": null
        },
        "position": [
          90.0,
          -72.0,
          110.0
        ],
        "matrix": [
          [
            1.0,
            0.0,
            0.0
          ],
          [
            0.0,
            1.0,
            0.0
          ],
          [
            0.0,
            0.0,
            1.0
          ]
        ],
        "bounds": {
          "min": [
            80.0,
            -76.0,
            100.0
          ],
          "max": [
            100.0,
            -48.0,
            120.0
          ]
        },
        "section": "tidal-tower-collar.ldr",
        "line_number": 1678,
        "source_path": [
          null,
          1678
        ],
        "step": 1,
        "body_profile": true,
        "connector_count": 2,
        "placement_path": [
          0,
          34
        ],
        "connection_metadata": {
          "coverage": "complete",
          "source_count": 2,
          "recognized_record_count": 2,
          "unsupported_record_count": 0,
          "invalid_record_count": 0,
          "diagnostics": []
        }
      },
      {
        "index": 35,
        "part": "3034.dat",
        "description": "Plate 2 x 8",
        "colour": {
          "code": 15,
          "name": null,
          "rgb": null,
          "alpha": null,
          "colour_attributes": null
        },
        "position": [
          -40.0,
          -80.0,
          -120.0
        ],
        "matrix": [
          [
            1.0,
            0.0,
            0.0
          ],
          [
            0.0,
            1.0,
            0.0
          ],
          [
            0.0,
            0.0,
            1.0
          ]
        ],
        "bounds": {
          "min": [
            -120.0,
            -84.0,
            -140.0
          ],
          "max": [
            40.0,
            -72.0,
            -100.0
          ]
        },
        "section": "tidal-tower-collar.ldr",
        "line_number": 1681,
        "source_path": [
          null,
          1681
        ],
        "step": 1,
        "body_profile": true,
        "connector_count": 32,
        "placement_path": [
          0,
          35
        ],
        "connection_metadata": {
          "coverage": "complete",
          "source_count": 3,
          "recognized_record_count": 2,
          "unsupported_record_count": 0,
          "invalid_record_count": 0,
          "diagnostics": []
        }
      },
      {
        "index": 36,
        "part": "3020.dat",
        "description": "Plate 2 x 4",
        "colour": {
          "code": 15,
          "name": null,
          "rgb": null,
          "alpha": null,
          "colour_attributes": null
        },
        "position": [
          80.0,
          -80.0,
          -120.0
        ],
        "matrix": [
          [
            1.0,
            0.0,
            0.0
          ],
          [
            0.0,
            1.0,
            0.0
          ],
          [
            0.0,
            0.0,
            1.0
          ]
        ],
        "bounds": {
          "min": [
            40.0,
            -84.0,
            -140.0
          ],
          "max": [
            120.0,
            -72.0,
            -100.0
          ]
        },
        "section": "tidal-tower-collar.ldr",
        "line_number": 1683,
        "source_path": [
          null,
          1683
        ],
        "step": 1,
        "body_profile": true,
        "connector_count": 16,
        "placement_path": [
          0,
          36
        ],
        "connection_metadata": {
          "coverage": "complete",
          "source_count": 3,
          "recognized_record_count": 2,
          "unsupported_record_count": 0,
          "invalid_record_count": 0,
          "diagnostics": []
        }
      },
      {
        "index": 37,
        "part": "3034.dat",
        "description": "Plate 2 x 8",
        "colour": {
          "code": 15,
          "name": null,
          "rgb": null,
          "alpha": null,
          "colour_attributes": null
        },
        "position": [
          -40.0,
          -80.0,
          120.0
        ],
        "matrix": [
          [
            1.0,
            0.0,
            0.0
          ],
          [
            0.0,
            1.0,
            0.0
          ],
          [
            0.0,
            0.0,
            1.0
          ]
        ],
        "bounds": {
          "min": [
            -120.0,
            -84.0,
            100.0
          ],
          "max": [
            40.0,
            -72.0,
            140.0
          ]
        },
        "section": "tidal-tower-collar.ldr",
        "line_number": 1685,
        "source_path": [
          null,
          1685
        ],
        "step": 1,
        "body_profile": true,
        "connector_count": 32,
        "placement_path": [
          0,
          37
        ],
        "connection_metadata": {
          "coverage": "complete",
          "source_count": 3,
          "recognized_record_count": 2,
          "unsupported_record_count": 0,
          "invalid_record_count": 0,
          "diagnostics": []
        }
      },
      {
        "index": 38,
        "part": "3020.dat",
        "description": "Plate 2 x 4",
        "colour": {
          "code": 15,
          "name": null,
          "rgb": null,
          "alpha": null,
          "colour_attributes": null
        },
        "position": [
          80.0,
          -80.0,
          120.0
        ],
        "matrix": [
          [
            1.0,
            0.0,
            0.0
          ],
          [
            0.0,
            1.0,
            0.0
          ],
          [
            0.0,
            0.0,
            1.0
          ]
        ],
        "bounds": {
          "min": [
            40.0,
            -84.0,
            100.0
          ],
          "max": [
            120.0,
            -72.0,
            140.0
          ]
        },
        "section": "tidal-tower-collar.ldr",
        "line_number": 1687,
        "source_path": [
          null,
          1687
        ],
        "step": 1,
        "body_profile": true,
        "connector_count": 16,
        "placement_path": [
          0,
          38
        ],
        "connection_metadata": {
          "coverage": "complete",
          "source_count": 3,
          "recognized_record_count": 2,
          "unsupported_record_count": 0,
          "invalid_record_count": 0,
          "diagnostics": []
        }
      },
      {
        "index": 39,
        "part": "3034.dat",
        "description": "Plate 2 x 8",
        "colour": {
          "code": 15,
          "name": null,
          "rgb": null,
          "alpha": null,
          "colour_attributes": null
        },
        "position": [
          -100.0,
          -80.0,
          -20.0
        ],
        "matrix": [
          [
            0.0,
            0.0,
            1.0
          ],
          [
            0.0,
            1.0,
            0.0
          ],
          [
            -1.0,
            0.0,
            0.0
          ]
        ],
        "bounds": {
          "min": [
            -120.0,
            -84.0,
            -100.0
          ],
          "max": [
            -80.0,
            -72.0,
            60.0
          ]
        },
        "section": "tidal-tower-collar.ldr",
        "line_number": 1689,
        "source_path": [
          null,
          1689
        ],
        "step": 1,
        "body_profile": true,
        "connector_count": 32,
        "placement_path": [
          0,
          39
        ],
        "connection_metadata": {
          "coverage": "complete",
          "source_count": 3,
          "recognized_record_count": 2,
          "unsupported_record_count": 0,
          "invalid_record_count": 0,
          "diagnostics": []
        }
      },
      {
        "index": 40,
        "part": "3022.dat",
        "description": "Plate 2 x 2",
        "colour": {
          "code": 15,
          "name": null,
          "rgb": null,
          "alpha": null,
          "colour_attributes": null
        },
        "position": [
          -100.0,
          -80.0,
          80.0
        ],
        "matrix": [
          [
            1.0,
            0.0,
            0.0
          ],
          [
            0.0,
            1.0,
            0.0
          ],
          [
            0.0,
            0.0,
            1.0
          ]
        ],
        "bounds": {
          "min": [
            -120.0,
            -84.0,
            60.0
          ],
          "max": [
            -80.0,
            -72.0,
            100.0
          ]
        },
        "section": "tidal-tower-collar.ldr",
        "line_number": 1691,
        "source_path": [
          null,
          1691
        ],
        "step": 1,
        "body_profile": true,
        "connector_count": 9,
        "placement_path": [
          0,
          40
        ],
        "connection_metadata": {
          "coverage": "complete",
          "source_count": 3,
          "recognized_record_count": 3,
          "unsupported_record_count": 0,
          "invalid_record_count": 0,
          "diagnostics": []
        }
      },
      {
        "index": 41,
        "part": "3034.dat",
        "description": "Plate 2 x 8",
        "colour": {
          "code": 15,
          "name": null,
          "rgb": null,
          "alpha": null,
          "colour_attributes": null
        },
        "position": [
          100.0,
          -80.0,
          -20.0
        ],
        "matrix": [
          [
            0.0,
            0.0,
            1.0
          ],
          [
            0.0,
            1.0,
            0.0
          ],
          [
            -1.0,
            0.0,
            0.0
          ]
        ],
        "bounds": {
          "min": [
            80.0,
            -84.0,
            -100.0
          ],
          "max": [
            120.0,
            -72.0,
            60.0
          ]
        },
        "section": "tidal-tower-collar.ldr",
        "line_number": 1693,
        "source_path": [
          null,
          1693
        ],
        "step": 1,
        "body_profile": true,
        "connector_count": 32,
        "placement_path": [
          0,
          41
        ],
        "connection_metadata": {
          "coverage": "complete",
          "source_count": 3,
          "recognized_record_count": 2,
          "unsupported_record_count": 0,
          "invalid_record_count": 0,
          "diagnostics": []
        }
      },
      {
        "index": 42,
        "part": "3022.dat",
        "description": "Plate 2 x 2",
        "colour": {
          "code": 15,
          "name": null,
          "rgb": null,
          "alpha": null,
          "colour_attributes": null
        },
        "position": [
          100.0,
          -80.0,
          80.0
        ],
        "matrix": [
          [
            1.0,
            0.0,
            0.0
          ],
          [
            0.0,
            1.0,
            0.0
          ],
          [
            0.0,
            0.0,
            1.0
          ]
        ],
        "bounds": {
          "min": [
            80.0,
            -84.0,
            60.0
          ],
          "max": [
            120.0,
            -72.0,
            100.0
          ]
        },
        "section": "tidal-tower-collar.ldr",
        "line_number": 1695,
        "source_path": [
          null,
          1695
        ],
        "step": 1,
        "body_profile": true,
        "connector_count": 9,
        "placement_path": [
          0,
          42
        ],
        "connection_metadata": {
          "coverage": "complete",
          "source_count": 3,
          "recognized_record_count": 3,
          "unsupported_record_count": 0,
          "invalid_record_count": 0,
          "diagnostics": []
        }
      },
      {
        "index": 43,
        "part": "3028.dat",
        "description": "Plate 6 x 12",
        "colour": {
          "code": 15,
          "name": null,
          "rgb": null,
          "alpha": null,
          "colour_attributes": null
        },
        "position": [
          0.0,
          -88.0,
          -80.0
        ],
        "matrix": [
          [
            1.0,
            0.0,
            0.0
          ],
          [
            0.0,
            1.0,
            0.0
          ],
          [
            0.0,
            0.0,
            1.0
          ]
        ],
        "bounds": {
          "min": [
            -120.0,
            -92.0,
            -140.0
          ],
          "max": [
            120.0,
            -80.0,
            -20.0
          ]
        },
        "section": "tidal-tower-collar.ldr",
        "line_number": 1698,
        "source_path": [
          null,
          1698
        ],
        "step": 1,
        "body_profile": false,
        "connector_count": 144,
        "placement_path": [
          0,
          43
        ],
        "connection_metadata": {
          "coverage": "complete",
          "source_count": 3,
          "recognized_record_count": 2,
          "unsupported_record_count": 0,
          "invalid_record_count": 0,
          "diagnostics": []
        }
      },
      {
        "index": 44,
        "part": "3028.dat",
        "description": "Plate 6 x 12",
        "colour": {
          "code": 15,
          "name": null,
          "rgb": null,
          "alpha": null,
          "colour_attributes": null
        },
        "position": [
          0.0,
          -88.0,
          40.0
        ],
        "matrix": [
          [
            1.0,
            0.0,
            0.0
          ],
          [
            0.0,
            1.0,
            0.0
          ],
          [
            0.0,
            0.0,
            1.0
          ]
        ],
        "bounds": {
          "min": [
            -120.0,
            -92.0,
            -20.0
          ],
          "max": [
            120.0,
            -80.0,
            100.0
          ]
        },
        "section": "tidal-tower-collar.ldr",
        "line_number": 1700,
        "source_path": [
          null,
          1700
        ],
        "step": 1,
        "body_profile": false,
        "connector_count": 144,
        "placement_path": [
          0,
          44
        ],
        "connection_metadata": {
          "coverage": "complete",
          "source_count": 3,
          "recognized_record_count": 2,
          "unsupported_record_count": 0,
          "invalid_record_count": 0,
          "diagnostics": []
        }
      },
      {
        "index": 45,
        "part": "3034.dat",
        "description": "Plate 2 x 8",
        "colour": {
          "code": 15,
          "name": null,
          "rgb": null,
          "alpha": null,
          "colour_attributes": null
        },
        "position": [
          -40.0,
          -88.0,
          120.0
        ],
        "matrix": [
          [
            1.0,
            0.0,
            0.0
          ],
          [
            0.0,
            1.0,
            0.0
          ],
          [
            0.0,
            0.0,
            1.0
          ]
        ],
        "bounds": {
          "min": [
            -120.0,
            -92.0,
            100.0
          ],
          "max": [
            40.0,
            -80.0,
            140.0
          ]
        },
        "section": "tidal-tower-collar.ldr",
        "line_number": 1702,
        "source_path": [
          null,
          1702
        ],
        "step": 1,
        "body_profile": true,
        "connector_count": 32,
        "placement_path": [
          0,
          45
        ],
        "connection_metadata": {
          "coverage": "complete",
          "source_count": 3,
          "recognized_record_count": 2,
          "unsupported_record_count": 0,
          "invalid_record_count": 0,
          "diagnostics": []
        }
      },
      {
        "index": 46,
        "part": "3020.dat",
        "description": "Plate 2 x 4",
        "colour": {
          "code": 15,
          "name": null,
          "rgb": null,
          "alpha": null,
          "colour_attributes": null
        },
        "position": [
          80.0,
          -88.0,
          120.0
        ],
        "matrix": [
          [
            1.0,
            0.0,
            0.0
          ],
          [
            0.0,
            1.0,
            0.0
          ],
          [
            0.0,
            0.0,
            1.0
          ]
        ],
        "bounds": {
          "min": [
            40.0,
            -92.0,
            100.0
          ],
          "max": [
            120.0,
            -80.0,
            140.0
          ]
        },
        "section": "tidal-tower-collar.ldr",
        "line_number": 1704,
        "source_path": [
          null,
          1704
        ],
        "step": 1,
        "body_profile": true,
        "connector_count": 16,
        "placement_path": [
          0,
          46
        ],
        "connection_metadata": {
          "coverage": "complete",
          "source_count": 3,
          "recognized_record_count": 2,
          "unsupported_record_count": 0,
          "invalid_record_count": 0,
          "diagnostics": []
        }
      },
      {
        "index": 47,
        "part": "3003p0b.dat",
        "description": "Brick 2 x 2 with Gold and White Big Ben Clock Face Pattern",
        "colour": {
          "code": 19,
          "name": null,
          "rgb": null,
          "alpha": null,
          "colour_attributes": null
        },
        "position": [
          -20.0,
          -56.0,
          -140.0
        ],
        "matrix": [
          [
            1.0,
            0.0,
            0.0
          ],
          [
            0.0,
            1.0,
            0.0
          ],
          [
            0.0,
            0.0,
            1.0
          ]
        ],
        "bounds": {
          "min": [
            -40.0,
            -60.0,
            -160.0
          ],
          "max": [
            0.0,
            -32.0,
            -120.0
          ]
        },
        "section": "tidal-tower-collar.ldr",
        "line_number": 1707,
        "source_path": [
          null,
          1707
        ],
        "step": 1,
        "body_profile": false,
        "connector_count": 18,
        "placement_path": [
          0,
          47
        ],
        "connection_metadata": {
          "coverage": "complete",
          "source_count": 4,
          "recognized_record_count": 4,
          "unsupported_record_count": 0,
          "invalid_record_count": 0,
          "diagnostics": []
        }
      },
      {
        "index": 48,
        "part": "3003p0b.dat",
        "description": "Brick 2 x 2 with Gold and White Big Ben Clock Face Pattern",
        "colour": {
          "code": 19,
          "name": null,
          "rgb": null,
          "alpha": null,
          "colour_attributes": null
        },
        "position": [
          20.0,
          -56.0,
          -140.0
        ],
        "matrix": [
          [
            1.0,
            0.0,
            0.0
          ],
          [
            0.0,
            1.0,
            0.0
          ],
          [
            0.0,
            0.0,
            1.0
          ]
        ],
        "bounds": {
          "min": [
            0.0,
            -60.0,
            -160.0
          ],
          "max": [
            40.0,
            -32.0,
            -120.0
          ]
        },
        "section": "tidal-tower-collar.ldr",
        "line_number": 1709,
        "source_path": [
          null,
          1709
        ],
        "step": 1,
        "body_profile": false,
        "connector_count": 18,
        "placement_path": [
          0,
          48
        ],
        "connection_metadata": {
          "coverage": "complete",
          "source_count": 4,
          "recognized_record_count": 4,
          "unsupported_record_count": 0,
          "invalid_record_count": 0,
          "diagnostics": []
        }
      },
      {
        "index": 49,
        "part": "3020.dat",
        "description": "Plate 2 x 4",
        "colour": {
          "code": 15,
          "name": null,
          "rgb": null,
          "alpha": null,
          "colour_attributes": null
        },
        "position": [
          0.0,
          -32.0,
          -140.0
        ],
        "matrix": [
          [
            1.0,
            0.0,
            0.0
          ],
          [
            0.0,
            1.0,
            0.0
          ],
          [
            0.0,
            0.0,
            1.0
          ]
        ],
        "bounds": {
          "min": [
            -40.0,
            -36.0,
            -160.0
          ],
          "max": [
            40.0,
            -24.0,
            -120.0
          ]
        },
        "section": "tidal-tower-collar.ldr",
        "line_number": 1712,
        "source_path": [
          null,
          1712
        ],
        "step": 1,
        "body_profile": true,
        "connector_count": 16,
        "placement_path": [
          0,
          49
        ],
        "connection_metadata": {
          "coverage": "complete",
          "source_count": 3,
          "recognized_record_count": 2,
          "unsupported_record_count": 0,
          "invalid_record_count": 0,
          "diagnostics": []
        }
      },
      {
        "index": 50,
        "part": "3001.dat",
        "description": "Brick 2 x 4",
        "colour": {
          "code": 19,
          "name": null,
          "rgb": null,
          "alpha": null,
          "colour_attributes": null
        },
        "position": [
          0.0,
          -24.0,
          -140.0
        ],
        "matrix": [
          [
            1.0,
            0.0,
            0.0
          ],
          [
            0.0,
            1.0,
            0.0
          ],
          [
            0.0,
            0.0,
            1.0
          ]
        ],
        "bounds": {
          "min": [
            -40.0,
            -28.0,
            -160.0
          ],
          "max": [
            40.0,
            0.0,
            -120.0
          ]
        },
        "section": "tidal-tower-collar.ldr",
        "line_number": 1714,
        "source_path": [
          null,
          1714
        ],
        "step": 1,
        "body_profile": true,
        "connector_count": 27,
        "placement_path": [
          0,
          50
        ],
        "connection_metadata": {
          "coverage": "complete",
          "source_count": 3,
          "recognized_record_count": 2,
          "unsupported_record_count": 0,
          "invalid_record_count": 0,
          "diagnostics": []
        }
      }
    ],
    "instances_truncated": false,
    "contacts_checked": true,
    "contact_count": 392,
    "contacts": [
      {
        "instances": [
          0,
          2
        ],
        "status": "confirmed",
        "kinds": [
          "stud",
          "stud_receptacle"
        ],
        "sources": [
          "ldcad_shadow",
          "ldcad_shadow"
        ],
        "confidence": [
          1.0,
          1.0
        ],
        "feature_ids": [
          "stud@R107/studC",
          "snap_cyl@L8:I15"
        ],
        "residual": {
          "distance": 0.0,
          "axial_gap": 0.0,
          "alignment": 1.0,
          "roll_alignment": 1.0,
          "entry_face_gap": 0.0,
          "penetration": 12.0
        }
      },
      {
        "instances": [
          0,
          2
        ],
        "status": "confirmed",
        "kinds": [
          "stud",
          "stud_receptacle"
        ],
        "sources": [
          "ldcad_shadow",
          "ldcad_shadow"
        ],
        "confidence": [
          1.0,
          1.0
        ],
        "feature_ids": [
          "stud@R108/studC",
          "snap_cyl@L8:I13"
        ],
        "residual": {
          "distance": 0.0,
          "axial_gap": 0.0,
          "alignment": 1.0,
          "roll_alignment": 1.0,
          "entry_face_gap": 0.0,
          "penetration": 12.0
        }
      },
      {
        "instances": [
          0,
          2
        ],
        "status": "confirmed",
        "kinds": [
          "stud",
          "stud_receptacle"
        ],
        "sources": [
          "ldcad_shadow",
          "ldcad_shadow"
        ],
        "confidence": [
          1.0,
          1.0
        ],
        "feature_ids": [
          "stud@R109/studC",
          "snap_cyl@L8:I11"
        ],
        "residual": {
          "distance": 0.0,
          "axial_gap": 0.0,
          "alignment": 1.0,
          "roll_alignment": 1.0,
          "entry_face_gap": 0.0,
          "penetration": 12.0
        }
      },
      {
        "instances": [
          0,
          2
        ],
        "status": "confirmed",
        "kinds": [
          "stud",
          "stud_receptacle"
        ],
        "sources": [
          "ldcad_shadow",
          "ldcad_shadow"
        ],
        "confidence": [
          1.0,
          1.0
        ],
        "feature_ids": [
          "stud@R110/studC",
          "snap_cyl@L8:I9"
        ],
        "residual": {
          "distance": 0.0,
          "axial_gap": 0.0,
          "alignment": 1.0,
          "roll_alignment": 1.0,
          "entry_face_gap": 0.0,
          "penetration": 12.0
        }
      },
      {
        "instances": [
          0,
          2
        ],
        "status": "confirmed",
        "kinds": [
          "stud",
          "stud_receptacle"
        ],
        "sources": [
          "ldcad_shadow",
          "ldcad_shadow"
        ],
        "confidence": [
          1.0,
          1.0
        ],
        "feature_ids": [
          "stud@R111/studC",
          "snap_cyl@L8:I7"
        ],
        "residual": {
          "distance": 0.0,
          "axial_gap": 0.0,
          "alignment": 1.0,
          "roll_alignment": 1.0,
          "entry_face_gap": 0.0,
          "penetration": 12.0
        }
      },
      {
        "instances": [
          0,
          2
        ],
        "status": "confirmed",
        "kinds": [
          "stud",
          "stud_receptacle"
        ],
        "sources": [
          "ldcad_shadow",
          "ldcad_shadow"
        ],
        "confidence": [
          1.0,
          1.0
        ],
        "feature_ids": [
          "stud@R112/studC",
          "snap_cyl@L8:I5"
        ],
        "residual": {
          "distance": 0.0,
          "axial_gap": 0.0,
          "alignment": 1.0,
          "roll_alignment": 1.0,
          "entry_face_gap": 0.0,
          "penetration": 12.0
        }
      },
      {
        "instances": [
          0,
          2
        ],
        "status": "confirmed",
        "kinds": [
          "stud",
          "stud_receptacle"
        ],
        "sources": [
          "ldcad_shadow",
          "ldcad_shadow"
        ],
        "confidence": [
          1.0,
          1.0
        ],
        "feature_ids": [
          "stud@R113/studC",
          "snap_cyl@L8:I3"
        ],
        "residual": {
          "distance": 0.0,
          "axial_gap": 0.0,
          "alignment": 1.0,
          "roll_alignment": 1.0,
          "entry_face_gap": 0.0,
          "penetration": 12.0
        }
      },
      {
        "instances": [
          0,
          2
        ],
        "status": "confirmed",
        "kinds": [
          "stud",
          "stud_receptacle"
        ],
        "sources": [
          "ldcad_shadow",
          "ldcad_shadow"
        ],
        "confidence": [
          1.0,
          1.0
        ],
        "feature_ids": [
          "stud@R114/studC",
          "snap_cyl@L8:I1"
        ],
        "residual": {
          "distance": 0.0,
          "axial_gap": 0.0,
          "alignment": 1.0,
          "roll_alignment": 1.0,
          "entry_face_gap": 0.0,
          "penetration": 12.0
        }
      },
      {
        "instances": [
          0,
          2
        ],
        "status": "confirmed",
        "kinds": [
          "stud",
          "stud_receptacle"
        ],
        "sources": [
          "ldcad_shadow",
          "ldcad_shadow"
        ],
        "confidence": [
          1.0,
          1.0
        ],
        "feature_ids": [
          "stud@R119/studC",
          "snap_cyl@L8:I14"
        ],
        "residual": {
          "distance": 0.0,
          "axial_gap": 0.0,
          "alignment": 1.0,
          "roll_alignment": 1.0,
          "entry_face_gap": 0.0,
          "penetration": 12.0
        }
      },
      {
        "instances": [
          0,
          2
        ],
        "status": "confirmed",
        "kinds": [
          "stud",
          "stud_receptacle"
        ],
        "sources": [
          "ldcad_shadow",
          "ldcad_shadow"
        ],
        "confidence": [
          1.0,
          1.0
        ],
        "feature_ids": [
          "stud@R120/studC",
          "snap_cyl@L8:I12"
        ],
        "residual": {
          "distance": 0.0,
          "axial_gap": 0.0,
          "alignment": 1.0,
          "roll_alignment": 1.0,
          "entry_face_gap": 0.0,
          "penetration": 12.0
        }
      },
      {
        "instances": [
          0,
          2
        ],
        "status": "confirmed",
        "kinds": [
          "stud",
          "stud_receptacle"
        ],
        "sources": [
          "ldcad_shadow",
          "ldcad_shadow"
        ],
        "confidence": [
          1.0,
          1.0
        ],
        "feature_ids": [
          "stud@R121/studC",
          "snap_cyl@L8:I10"
        ],
        "residual": {
          "distance": 0.0,
          "axial_gap": 0.0,
          "alignment": 1.0,
          "roll_alignment": 1.0,
          "entry_face_gap": 0.0,
          "penetration": 12.0
        }
      },
      {
        "instances": [
          0,
          2
        ],
        "status": "confirmed",
        "kinds": [
          "stud",
          "stud_receptacle"
        ],
        "sources": [
          "ldcad_shadow",
          "ldcad_shadow"
        ],
        "confidence": [
          1.0,
          1.0
        ],
        "feature_ids": [
          "stud@R122/studC",
          "snap_cyl@L8:I8"
        ],
        "residual": {
          "distance": 0.0,
          "axial_gap": 0.0,
          "alignment": 1.0,
          "roll_alignment": 1.0,
          "entry_face_gap": 0.0,
          "penetration": 12.0
        }
      },
      {
        "instances": [
          0,
          2
        ],
        "status": "confirmed",
        "kinds": [
          "stud",
          "stud_receptacle"
        ],
        "sources": [
          "ldcad_shadow",
          "ldcad_shadow"
        ],
        "confidence": [
          1.0,
          1.0
        ],
        "feature_ids": [
          "stud@R123/studC",
          "snap_cyl@L8:I6"
        ],
        "residual": {
          "distance": 0.0,
          "axial_gap": 0.0,
          "alignment": 1.0,
          "roll_alignment": 1.0,
          "entry_face_gap": 0.0,
          "penetration": 12.0
        }
      },
      {
        "instances": [
          0,
          2
        ],
        "status": "confirmed",
        "kinds": [
          "stud",
          "stud_receptacle"
        ],
        "sources": [
          "ldcad_shadow",
          "ldcad_shadow"
        ],
        "confidence": [
          1.0,
          1.0
        ],
        "feature_ids": [
          "stud@R124/studC",
          "snap_cyl@L8:I4"
        ],
        "residual": {
          "distance": 0.0,
          "axial_gap": 0.0,
          "alignment": 1.0,
          "roll_alignment": 1.0,
          "entry_face_gap": 0.0,
          "penetration": 12.0
        }
      },
      {
        "instances": [
          0,
          2
        ],
        "status": "confirmed",
        "kinds": [
          "stud",
          "stud_receptacle"
        ],
        "sources": [
          "ldcad_shadow",
          "ldcad_shadow"
        ],
        "confidence": [
          1.0,
          1.0
        ],
        "feature_ids": [
          "stud@R125/studC",
          "snap_cyl@L8:I2"
        ],
        "residual": {
          "distance": 0.0,
          "axial_gap": 0.0,
          "alignment": 1.0,
          "roll_alignment": 1.0,
          "entry_face_gap": 0.0,
          "penetration": 12.0
        }
      },
      {
        "instances": [
          0,
          2
        ],
        "status": "confirmed",
        "kinds": [
          "stud",
          "stud_receptacle"
        ],
        "sources": [
          "ldcad_shadow",
          "ldcad_shadow"
        ],
        "confidence": [
          1.0,
          1.0
        ],
        "feature_ids": [
          "stud@R126/studC",
          "snap_cyl@L8:I0"
        ],
        "residual": {
          "distance": 0.0,
          "axial_gap": 0.0,
          "alignment": 1.0,
          "roll_alignment": 1.0,
          "entry_face_gap": 0.0,
          "penetration": 12.0
        }
      },
      {
        "instances": [
          0,
          3
        ],
        "status": "confirmed",
        "kinds": [
          "stud",
          "stud_receptacle"
        ],
        "sources": [
          "ldcad_shadow",
          "ldcad_shadow"
        ],
        "confidence": [
          1.0,
          1.0
        ],
        "feature_ids": [
          "stud@R115/studC",
          "snap_cyl@L9:I2"
        ],
        "residual": {
          "distance": 0.0,
          "axial_gap": 0.0,
          "alignment": 1.0,
          "roll_alignment": 1.0,
          "entry_face_gap": 0.0,
          "penetration": 12.0
        }
      },
      {
        "instances": [
          0,
          3
        ],
        "status": "confirmed",
        "kinds": [
          "stud",
          "stud_receptacle"
        ],
        "sources": [
          "ldcad_shadow",
          "ldcad_shadow"
        ],
        "confidence": [
          1.0,
          1.0
        ],
        "feature_ids": [
          "stud@R116/studC",
          "snap_cyl@L9:I3"
        ],
        "residual": {
          "distance": 0.0,
          "axial_gap": 0.0,
          "alignment": 1.0,
          "roll_alignment": 1.0,
          "entry_face_gap": 0.0,
          "penetration": 12.0
        }
      },
      {
        "instances": [
          0,
          3
        ],
        "status": "confirmed",
        "kinds": [
          "stud",
          "stud_receptacle"
        ],
        "sources": [
          "ldcad_shadow",
          "ldcad_shadow"
        ],
        "confidence": [
          1.0,
          1.0
        ],
        "feature_ids": [
          "stud@R127/studC",
          "snap_cyl@L9:I0"
        ],
        "residual": {
          "distance": 0.0,
          "axial_gap": 0.0,
          "alignment": 1.0,
          "roll_alignment": 1.0,
          "entry_face_gap": 0.0,
          "penetration": 12.0
        }
      },
      {
        "instances": [
          0,
          3
        ],
        "status": "confirmed",
        "kinds": [
          "stud",
          "stud_receptacle"
        ],
        "sources": [
          "ldcad_shadow",
          "ldcad_shadow"
        ],
        "confidence": [
          1.0,
          1.0
        ],
        "feature_ids": [
          "stud@R128/studC",
          "snap_cyl@L9:I1"
        ],
        "residual": {
          "distance": 0.0,
          "axial_gap": 0.0,
          "alignment": 1.0,
          "roll_alignment": 1.0,
          "entry_face_gap": 0.0,
          "penetration": 12.0
        }
      },
      {
        "instances": [
          0,
          4
        ],
        "status": "confirmed",
        "kinds": [
          "stud",
          "stud_receptacle"
        ],
        "sources": [
          "ldcad_shadow",
          "ldcad_shadow"
        ],
        "confidence": [
          1.0,
          1.0
        ],
        "feature_ids": [
          "stud@R100/studC",
          "snap_cyl@L8:I12"
        ],
        "residual": {
          "distance": 0.0,
          "axial_gap": 0.0,
          "alignment": 1.0,
          "roll_alignment": 1.0,
          "entry_face_gap": 0.0,
          "penetration": 12.0
        }
      },
      {
        "instances": [
          0,
          4
        ],
        "status": "confirmed",
        "kinds": [
          "stud",
          "stud_receptacle"
        ],
        "sources": [
          "ldcad_shadow",
          "ldcad_shadow"
        ],
        "confidence": [
          1.0,
          1.0
        ],
        "feature_ids": [
          "stud@R101/studC",
          "snap_cyl@L8:I6"
        ],
        "residual": {
          "distance": 0.0,
          "axial_gap": 0.0,
          "alignment": 1.0,
          "roll_alignment": 1.0,
          "entry_face_gap": 0.0,
          "penetration": 12.0
        }
      },
      {
        "instances": [
          0,
          4
        ],
        "status": "confirmed",
        "kinds": [
          "stud",
          "stud_receptacle"
        ],
        "sources": [
          "ldcad_shadow",
          "ldcad_shadow"
        ],
        "confidence": [
          1.0,
          1.0
        ],
        "feature_ids": [
          "stud@R102/studC",
          "snap_cyl@L8:I0"
        ],
        "residual": {
          "distance": 0.0,
          "axial_gap": 0.0,
          "alignment": 1.0,
          "roll_alignment": 1.0,
          "entry_face_gap": 0.0,
          "penetration": 12.0
        }
      },
      {
        "instances": [
          0,
          4
        ],
        "status": "confirmed",
        "kinds": [
          "stud",
          "stud_receptacle"
        ],
        "sources": [
          "ldcad_shadow",
          "ldcad_shadow"
        ],
        "confidence": [
          1.0,
          1.0
        ],
        "feature_ids": [
          "stud@R59/studC",
          "snap_cyl@L8:I45"
        ],
        "residual": {
          "distance": 0.0,
          "axial_gap": 0.0,
          "alignment": 1.0,
          "roll_alignment": 1.0,
          "entry_face_gap": 0.0,
          "penetration": 12.0
        }
      },
      {
        "instances": [
          0,
          4
        ],
        "status": "confirmed",
        "kinds": [
          "stud",
          "stud_receptacle"
        ],
        "sources": [
          "ldcad_shadow",
          "ldcad_shadow"
        ],
        "confidence": [
          1.0,
          1.0
        ],
        "feature_ids": [
          "stud@R60/studC",
          "snap_cyl@L8:I39"
        ],
        "residual": {
          "distance": 0.0,
          "axial_gap": 0.0,
          "alignment": 1.0,
          "roll_alignment": 1.0,
          "entry_face_gap": 0.0,
          "penetration": 12.0
        }
      },
      {
        "instances": [
          0,
          4
        ],
        "status": "confirmed",
        "kinds": [
          "stud",
          "stud_receptacle"
        ],
        "sources": [
          "ldcad_shadow",
          "ldcad_shadow"
        ],
        "confidence": [
          1.0,
          1.0
        ],
        "feature_ids": [
          "stud@R61/studC",
          "snap_cyl@L8:I33"
        ],
        "residual": {
          "distance": 0.0,
          "axial_gap": 0.0,
          "alignment": 1.0,
          "roll_alignment": 1.0,
          "entry_face_gap": 0.0,
          "penetration": 12.0
        }
      },
      {
        "instances": [
          0,
          4
        ],
        "status": "confirmed",
        "kinds": [
          "stud",
          "stud_receptacle"
        ],
        "sources": [
          "ldcad_shadow",
          "ldcad_shadow"
        ],
        "confidence": [
          1.0,
          1.0
        ],
        "feature_ids": [
          "stud@R62/studC",
          "snap_cyl@L8:I27"
        ],
        "residual": {
          "distance": 0.0,
          "axial_gap": 0.0,
          "alignment": 1.0,
          "roll_alignment": 1.0,
          "entry_face_gap": 0.0,
          "penetration": 12.0
        }
      },
      {
        "instances": [
          0,
          4
        ],
        "status": "confirmed",
        "kinds": [
          "stud",
          "stud_receptacle"
        ],
        "sources": [
          "ldcad_shadow",
          "ldcad_shadow"
        ],
        "confidence": [
          1.0,
          1.0
        ],
        "feature_ids": [
          "stud@R63/studC",
          "snap_cyl@L8:I21"
        ],
        "residual": {
          "distance": 0.0,
          "axial_gap": 0.0,
          "alignment": 1.0,
          "roll_alignment": 1.0,
          "entry_face_gap": 0.0,
          "penetration": 12.0
        }
      },
      {
        "instances": [
          0,
          4
        ],
        "status": "confirmed",
        "kinds": [
          "stud",
          "stud_receptacle"
        ],
        "sources": [
          "ldcad_shadow",
          "ldcad_shadow"
        ],
        "confidence": [
          1.0,
          1.0
        ],
        "feature_ids": [
          "stud@R64/studC",
          "snap_cyl@L8:I15"
        ],
        "residual": {
          "distance": 0.0,
          "axial_gap": 0.0,
          "alignment": 1.0,
          "roll_alignment": 1.0,
          "entry_face_gap": 0.0,
          "penetration": 12.0
        }
      },
      {
        "instances": [
          0,
          4
        ],
        "status": "confirmed",
        "kinds": [
          "stud",
          "stud_receptacle"
        ],
        "sources": [
          "ldcad_shadow",
          "ldcad_shadow"
        ],
        "confidence": [
          1.0,
          1.0
        ],
        "feature_ids": [
          "stud@R65/studC",
          "snap_cyl@L8:I9"
        ],
        "residual": {
          "distance": 0.0,
          "axial_gap": 0.0,
          "alignment": 1.0,
          "roll_alignment": 1.0,
          "entry_face_gap": 0.0,
          "penetration": 12.0
        }
      },
      {
        "instances": [
          0,
          4
        ],
        "status": "confirmed",
        "kinds": [
          "stud",
          "stud_receptacle"
        ],
        "sources": [
          "ldcad_shadow",
          "ldcad_shadow"
        ],
        "confidence": [
          1.0,
          1.0
        ],
        "feature_ids": [
          "stud@R66/studC",
          "snap_cyl@L8:I3"
        ],
        "residual": {
          "distance": 0.0,
          "axial_gap": 0.0,
          "alignment": 1.0,
          "roll_alignment": 1.0,
          "entry_face_gap": 0.0,
          "penetration": 12.0
        }
      },
      {
        "instances": [
          0,
          4
        ],
        "status": "confirmed",
        "kinds": [
          "stud",
          "stud_receptacle"
        ],
        "sources": [
          "ldcad_shadow",
          "ldcad_shadow"
        ],
        "confidence": [
          1.0,
          1.0
        ],
        "feature_ids": [
          "stud@R71/studC",
          "snap_cyl@L8:I44"
        ],
        "residual": {
          "distance": 0.0,
          "axial_gap": 0.0,
          "alignment": 1.0,
          "roll_alignment": 1.0,
          "entry_face_gap": 0.0,
          "penetration": 12.0
        }
      },
      {
        "instances": [
          0,
          4
        ],
        "status": "confirmed",
        "kinds": [
          "stud",
          "stud_receptacle"
        ],
        "sources": [
          "ldcad_shadow",
          "ldcad_shadow"
        ],
        "confidence": [
          1.0,
          1.0
        ],
        "feature_ids": [
          "stud@R72/studC",
          "snap_cyl@L8:I38"
        ],
        "residual": {
          "distance": 0.0,
          "axial_gap": 0.0,
          "alignment": 1.0,
          "roll_alignment": 1.0,
          "entry_face_gap": 0.0,
          "penetration": 12.0
        }
      },
      {
        "instances": [
          0,
          4
        ],
        "status": "confirmed",
        "kinds": [
          "stud",
          "stud_receptacle"
        ],
        "sources": [
          "ldcad_shadow",
          "ldcad_shadow"
        ],
        "confidence": [
          1.0,
          1.0
        ],
        "feature_ids": [
          "stud@R73/studC",
          "snap_cyl@L8:I32"
        ],
        "residual": {
          "distance": 0.0,
          "axial_gap": 0.0,
          "alignment": 1.0,
          "roll_alignment": 1.0,
          "entry_face_gap": 0.0,
          "penetration": 12.0
        }
      },
      {
        "instances": [
          0,
          4
        ],
        "status": "confirmed",
        "kinds": [
          "stud",
          "stud_receptacle"
        ],
        "sources": [
          "ldcad_shadow",
          "ldcad_shadow"
        ],
        "confidence": [
          1.0,
          1.0
        ],
        "feature_ids": [
          "stud@R74/studC",
          "snap_cyl@L8:I26"
        ],
        "residual": {
          "distance": 0.0,
          "axial_gap": 0.0,
          "alignment": 1.0,
          "roll_alignment": 1.0,
          "entry_face_gap": 0.0,
          "penetration": 12.0
        }
      },
      {
        "instances": [
          0,
          4
        ],
        "status": "confirmed",
        "kinds": [
          "stud",
          "stud_receptacle"
        ],
        "sources": [
          "ldcad_shadow",
          "ldcad_shadow"
        ],
        "confidence": [
          1.0,
          1.0
        ],
        "feature_ids": [
          "stud@R75/studC",
          "snap_cyl@L8:I20"
        ],
        "residual": {
          "distance": 0.0,
          "axial_gap": 0.0,
          "alignment": 1.0,
          "roll_alignment": 1.0,
          "entry_face_gap": 0.0,
          "penetration": 12.0
        }
      },
      {
        "instances": [
          0,
          4
        ],
        "status": "confirmed",
        "kinds": [
          "stud",
          "stud_receptacle"
        ],
        "sources": [
          "ldcad_shadow",
          "ldcad_shadow"
        ],
        "confidence": [
          1.0,
          1.0
        ],
        "feature_ids": [
          "stud@R76/studC",
          "snap_cyl@L8:I14"
        ],
        "residual": {
          "distance": 0.0,
          "axial_gap": 0.0,
          "alignment": 1.0,
          "roll_alignment": 1.0,
          "entry_face_gap": 0.0,
          "penetration": 12.0
        }
      },
      {
        "instances": [
          0,
          4
        ],
        "status": "confirmed",
        "kinds": [
          "stud",
          "stud_receptacle"
        ],
        "sources": [
          "ldcad_shadow",
          "ldcad_shadow"
        ],
        "confidence": [
          1.0,
          1.0
        ],
        "feature_ids": [
          "stud@R77/studC",
          "snap_cyl@L8:I8"
        ],
        "residual": {
          "distance": 0.0,
          "axial_gap": 0.0,
          "alignment": 1.0,
          "roll_alignment": 1.0,
          "entry_face_gap": 0.0,
          "penetration": 12.0
        }
      },
      {
        "instances": [
          0,
          4
        ],
        "status": "confirmed",
        "kinds": [
          "stud",
          "stud_receptacle"
        ],
        "sources": [
          "ldcad_shadow",
          "ldcad_shadow"
        ],
        "confidence": [
          1.0,
          1.0
        ],
        "feature_ids": [
          "stud@R78/studC",
          "snap_cyl@L8:I2"
        ],
        "residual": {
          "distance": 0.0,
          "axial_gap": 0.0,
          "alignment": 1.0,
          "roll_alignment": 1.0,
          "entry_face_gap": 0.0,
          "penetration": 12.0
        }
      },
      {
        "instances": [
          0,
          4
        ],
        "status": "confirmed",
        "kinds": [
          "stud",
          "stud_receptacle"
        ],
        "sources": [
          "ldcad_shadow",
          "ldcad_shadow"
        ],
        "confidence": [
          1.0,
          1.0
        ],
        "feature_ids": [
          "stud@R83/studC",
          "snap_cyl@L8:I43"
        ],
        "residual": {
          "distance": 0.0,
          "axial_gap": 0.0,
          "alignment": 1.0,
          "roll_alignment": 1.0,
          "entry_face_gap": 0.0,
          "penetration": 12.0
        }
      },
      {
        "instances": [
          0,
          4
        ],
        "status": "confirmed",
        "kinds": [
          "stud",
          "stud_receptacle"
        ],
        "sources": [
          "ldcad_shadow",
          "ldcad_shadow"
        ],
        "confidence": [
          1.0,
          1.0
        ],
        "feature_ids": [
          "stud@R84/studC",
          "snap_cyl@L8:I37"
        ],
        "residual": {
          "distance": 0.0,
          "axial_gap": 0.0,
          "alignment": 1.0,
          "roll_alignment": 1.0,
          "entry_face_gap": 0.0,
          "penetration": 12.0
        }
      },
      {
        "instances": [
          0,
          4
        ],
        "status": "confirmed",
        "kinds": [
          "stud",
          "stud_receptacle"
        ],
        "sources": [
          "ldcad_shadow",
          "ldcad_shadow"
        ],
        "confidence": [
          1.0,
          1.0
        ],
        "feature_ids": [
          "stud@R85/studC",
          "snap_cyl@L8:I31"
        ],
        "residual": {
          "distance": 0.0,
          "axial_gap": 0.0,
          "alignment": 1.0,
          "roll_alignment": 1.0,
          "entry_face_gap": 0.0,
          "penetration": 12.0
        }
      },
      {
        "instances": [
          0,
          4
        ],
        "status": "confirmed",
        "kinds": [
          "stud",
          "stud_receptacle"
        ],
        "sources": [
          "ldcad_shadow",
          "ldcad_shadow"
        ],
        "confidence": [
          1.0,
          1.0
        ],
        "feature_ids": [
          "stud@R86/studC",
          "snap_cyl@L8:I25"
        ],
        "residual": {
          "distance": 0.0,
          "axial_gap": 0.0,
          "alignment": 1.0,
          "roll_alignment": 1.0,
          "entry_face_gap": 0.0,
          "penetration": 12.0
        }
      },
      {
        "instances": [
          0,
          4
        ],
        "status": "confirmed",
        "kinds": [
          "stud",
          "stud_receptacle"
        ],
        "sources": [
          "ldcad_shadow",
          "ldcad_shadow"
        ],
        "confidence": [
          1.0,
          1.0
        ],
        "feature_ids": [
          "stud@R87/studC",
          "snap_cyl@L8:I19"
        ],
        "residual": {
          "distance": 0.0,
          "axial_gap": 0.0,
          "alignment": 1.0,
          "roll_alignment": 1.0,
          "entry_face_gap": 0.0,
          "penetration": 12.0
        }
      },
      {
        "instances": [
          0,
          4
        ],
        "status": "confirmed",
        "kinds": [
          "stud",
          "stud_receptacle"
        ],
        "sources": [
          "ldcad_shadow",
          "ldcad_shadow"
        ],
        "confidence": [
          1.0,
          1.0
        ],
        "feature_ids": [
          "stud@R88/studC",
          "snap_cyl@L8:I13"
        ],
        "residual": {
          "distance": 0.0,
          "axial_gap": 0.0,
          "alignment": 1.0,
          "roll_alignment": 1.0,
          "entry_face_gap": 0.0,
          "penetration": 12.0
        }
      },
      {
        "instances": [
          0,
          4
        ],
        "status": "confirmed",
        "kinds": [
          "stud",
          "stud_receptacle"
        ],
        "sources": [
          "ldcad_shadow",
          "ldcad_shadow"
        ],
        "confidence": [
          1.0,
          1.0
        ],
        "feature_ids": [
          "stud@R89/studC",
          "snap_cyl@L8:I7"
        ],
        "residual": {
          "distance": 0.0,
          "axial_gap": 0.0,
          "alignment": 1.0,
          "roll_alignment": 1.0,
          "entry_face_gap": 0.0,
          "penetration": 12.0
        }
      },
      {
        "instances": [
          0,
          4
        ],
        "status": "confirmed",
        "kinds": [
          "stud",
          "stud_receptacle"
        ],
        "sources": [
          "ldcad_shadow",
          "ldcad_shadow"
        ],
        "confidence": [
          1.0,
          1.0
        ],
        "feature_ids": [
          "stud@R90/studC",
          "snap_cyl@L8:I1"
        ],
        "residual": {
          "distance": 0.0,
          "axial_gap": 0.0,
          "alignment": 1.0,
          "roll_alignment": 1.0,
          "entry_face_gap": 0.0,
          "penetration": 12.0
        }
      },
      {
        "instances": [
          0,
          4
        ],
        "status": "confirmed",
        "kinds": [
          "stud",
          "stud_receptacle"
        ],
        "sources": [
          "ldcad_shadow",
          "ldcad_shadow"
        ],
        "confidence": [
          1.0,
          1.0
        ],
        "feature_ids": [
          "stud@R95/studC",
          "snap_cyl@L8:I42"
        ],
        "residual": {
          "distance": 0.0,
          "axial_gap": 0.0,
          "alignment": 1.0,
          "roll_alignment": 1.0,
          "entry_face_gap": 0.0,
          "penetration": 12.0
        }
      },
      {
        "instances": [
          0,
          4
        ],
        "status": "confirmed",
        "kinds": [
          "stud",
          "stud_receptacle"
        ],
        "sources": [
          "ldcad_shadow",
          "ldcad_shadow"
        ],
        "confidence": [
          1.0,
          1.0
        ],
        "feature_ids": [
          "stud@R96/studC",
          "snap_cyl@L8:I36"
        ],
        "residual": {
          "distance": 0.0,
          "axial_gap": 0.0,
          "alignment": 1.0,
          "roll_alignment": 1.0,
          "entry_face_gap": 0.0,
          "penetration": 12.0
        }
      },
      {
        "instances": [
          0,
          4
        ],
        "status": "confirmed",
        "kinds": [
          "stud",
          "stud_receptacle"
        ],
        "sources": [
          "ldcad_shadow",
          "ldcad_shadow"
        ],
        "confidence": [
          1.0,
          1.0
        ],
        "feature_ids": [
          "stud@R97/studC",
          "snap_cyl@L8:I30"
        ],
        "residual": {
          "distance": 0.0,
          "axial_gap": 0.0,
          "alignment": 1.0,
          "roll_alignment": 1.0,
          "entry_face_gap": 0.0,
          "penetration": 12.0
        }
      },
      {
        "instances": [
          0,
          4
        ],
        "status": "confirmed",
        "kinds": [
          "stud",
          "stud_receptacle"
        ],
        "sources": [
          "ldcad_shadow",
          "ldcad_shadow"
        ],
        "confidence": [
          1.0,
          1.0
        ],
        "feature_ids": [
          "stud@R98/studC",
          "snap_cyl@L8:I24"
        ],
        "residual": {
          "distance": 0.0,
          "axial_gap": 0.0,
          "alignment": 1.0,
          "roll_alignment": 1.0,
          "entry_face_gap": 0.0,
          "penetration": 12.0
        }
      },
      {
        "instances": [
          0,
          4
        ],
        "status": "confirmed",
        "kinds": [
          "stud",
          "stud_receptacle"
        ],
        "sources": [
          "ldcad_shadow",
          "ldcad_shadow"
        ],
        "confidence": [
          1.0,
          1.0
        ],
        "feature_ids": [
          "stud@R99/studC",
          "snap_cyl@L8:I18"
        ],
        "residual": {
          "distance": 0.0,
          "axial_gap": 0.0,
          "alignment": 1.0,
          "roll_alignment": 1.0,
          "entry_face_gap": 0.0,
          "penetration": 12.0
        }
      },
      {
        "instances": [
          0,
          5
        ],
        "status": "confirmed",
        "kinds": [
          "stud",
          "stud_receptacle"
        ],
        "sources": [
          "ldcad_shadow",
          "ldcad_shadow"
        ],
        "confidence": [
          1.0,
          1.0
        ],
        "feature_ids": [
          "stud@R103/studC",
          "snap_cyl@L8:I0"
        ],
        "residual": {
          "distance": 0.0,
          "axial_gap": 0.0,
          "alignment": 1.0,
          "roll_alignment": 1.0,
          "entry_face_gap": 0.0,
          "penetration": 12.0
        }
      },
      {
        "instances": [
          0,
          5
        ],
        "status": "confirmed",
        "kinds": [
          "stud",
          "stud_receptacle"
        ],
        "sources": [
          "ldcad_shadow",
          "ldcad_shadow"
        ],
        "confidence": [
          1.0,
          1.0
        ],
        "feature_ids": [
          "stud@R104/studC",
          "snap_cyl@L8:I1"
        ],
        "residual": {
          "distance": 0.0,
          "axial_gap": 0.0,
          "alignment": 1.0,
          "roll_alignment": 1.0,
          "entry_face_gap": 0.0,
          "penetration": 12.0
        }
      },
      {
        "instances": [
          0,
          5
        ],
        "status": "confirmed",
        "kinds": [
          "stud",
          "stud_receptacle"
        ],
        "sources": [
          "ldcad_shadow",
          "ldcad_shadow"
        ],
        "confidence": [
          1.0,
          1.0
        ],
        "feature_ids": [
          "stud@R67/studC",
          "snap_cyl@L8:I6"
        ],
        "residual": {
          "distance": 0.0,
          "axial_gap": 0.0,
          "alignment": 1.0,
          "roll_alignment": 1.0,
          "entry_face_gap": 0.0,
          "penetration": 12.0
        }
      },
      {
        "instances": [
          0,
          5
        ],
        "status": "confirmed",
        "kinds": [
          "stud",
          "stud_receptacle"
        ],
        "sources": [
          "ldcad_shadow",
          "ldcad_shadow"
        ],
        "confidence": [
          1.0,
          1.0
        ],
        "feature_ids": [
          "stud@R68/studC",
          "snap_cyl@L8:I7"
        ],
        "residual": {
          "distance": 0.0,
          "axial_gap": 0.0,
          "alignment": 1.0,
          "roll_alignment": 1.0,
          "entry_face_gap": 0.0,
          "penetration": 12.0
        }
      },
      {
        "instances": [
          0,
          5
        ],
        "status": "confirmed",
        "kinds": [
          "stud",
          "stud_receptacle"
        ],
        "sources": [
          "ldcad_shadow",
          "ldcad_shadow"
        ],
        "confidence": [
          1.0,
          1.0
        ],
        "feature_ids": [
          "stud@R79/studC",
          "snap_cyl@L8:I4"
        ],
        "residual": {
          "distance": 0.0,
          "axial_gap": 0.0,
          "alignment": 1.0,
          "roll_alignment": 1.0,
          "entry_face_gap": 0.0,
          "penetration": 12.0
        }
      },
      {
        "instances": [
          0,
          5
        ],
        "status": "confirmed",
        "kinds": [
          "stud",
          "stud_receptacle"
        ],
        "sources": [
          "ldcad_shadow",
          "ldcad_shadow"
        ],
        "confidence": [
          1.0,
          1.0
        ],
        "feature_ids": [
          "stud@R80/studC",
          "snap_cyl@L8:I5"
        ],
        "residual": {
          "distance": 0.0,
          "axial_gap": 0.0,
          "alignment": 1.0,
          "roll_alignment": 1.0,
          "entry_face_gap": 0.0,
          "penetration": 12.0
        }
      },
      {
        "instances": [
          0,
          5
        ],
        "status": "confirmed",
        "kinds": [
          "stud",
          "stud_receptacle"
        ],
        "sources": [
          "ldcad_shadow",
          "ldcad_shadow"
        ],
        "confidence": [
          1.0,
          1.0
        ],
        "feature_ids": [
          "stud@R91/studC",
          "snap_cyl@L8:I2"
        ],
        "residual": {
          "distance": 0.0,
          "axial_gap": 0.0,
          "alignment": 1.0,
          "roll_alignment": 1.0,
          "entry_face_gap": 0.0,
          "penetration": 12.0
        }
      },
      {
        "instances": [
          0,
          5
        ],
        "status": "confirmed",
        "kinds": [
          "stud",
          "stud_receptacle"
        ],
        "sources": [
          "ldcad_shadow",
          "ldcad_shadow"
        ],
        "confidence": [
          1.0,
          1.0
        ],
        "feature_ids": [
          "stud@R92/studC",
          "snap_cyl@L8:I3"
        ],
        "residual": {
          "distance": 0.0,
          "axial_gap": 0.0,
          "alignment": 1.0,
          "roll_alignment": 1.0,
          "entry_face_gap": 0.0,
          "penetration": 12.0
        }
      },
      {
        "instances": [
          0,
          8
        ],
        "status": "confirmed",
        "kinds": [
          "stud",
          "stud_receptacle"
        ],
        "sources": [
          "ldcad_shadow",
          "ldcad_shadow"
        ],
        "confidence": [
          1.0,
          1.0
        ],
        "feature_ids": [
          "stud@R105/studC",
          "snap_cyl@L8:I6"
        ],
        "residual": {
          "distance": 0.0,
          "axial_gap": 0.0,
          "alignment": 1.0,
          "roll_alignment": 1.0,
          "entry_face_gap": 0.0,
          "penetration": 12.0
        }
      },
      {
        "instances": [
          0,
          8
        ],
        "status": "confirmed",
        "kinds": [
          "stud",
          "stud_receptacle"
        ],
        "sources": [
          "ldcad_shadow",
          "ldcad_shadow"
        ],
        "confidence": [
          1.0,
          1.0
        ],
        "feature_ids": [
          "stud@R106/studC",
          "snap_cyl@L8:I7"
        ],
        "residual": {
          "distance": 0.0,
          "axial_gap": 0.0,
          "alignment": 1.0,
          "roll_alignment": 1.0,
          "entry_face_gap": 0.0,
          "penetration": 12.0
        }
      },
      {
        "instances": [
          0,
          8
        ],
        "status": "confirmed",
        "kinds": [
          "stud",
          "stud_receptacle"
        ],
        "sources": [
          "ldcad_shadow",
          "ldcad_shadow"
        ],
        "confidence": [
          1.0,
          1.0
        ],
        "feature_ids": [
          "stud@R117/studC",
          "snap_cyl@L8:I2"
        ],
        "residual": {
          "distance": 0.0,
          "axial_gap": 0.0,
          "alignment": 1.0,
          "roll_alignment": 1.0,
          "entry_face_gap": 0.0,
          "penetration": 12.0
        }
      },
      {
        "instances": [
          0,
          8
        ],
        "status": "confirmed",
        "kinds": [
          "stud",
          "stud_receptacle"
        ],
        "sources": [
          "ldcad_shadow",
          "ldcad_shadow"
        ],
        "confidence": [
          1.0,
          1.0
        ],
        "feature_ids": [
          "stud@R118/studC",
          "snap_cyl@L8:I3"
        ],
        "residual": {
          "distance": 0.0,
          "axial_gap": 0.0,
          "alignment": 1.0,
          "roll_alignment": 1.0,
          "entry_face_gap": 0.0,
          "penetration": 12.0
        }
      },
      {
        "instances": [
          0,
          8
        ],
        "status": "confirmed",
        "kinds": [
          "stud",
          "stud_receptacle"
        ],
        "sources": [
          "ldcad_shadow",
          "ldcad_shadow"
        ],
        "confidence": [
          1.0,
          1.0
        ],
        "feature_ids": [
          "stud@R57/studC",
          "snap_cyl@L8:I22"
        ],
        "residual": {
          "distance": 0.0,
          "axial_gap": 0.0,
          "alignment": 1.0,
          "roll_alignment": 1.0,
          "entry_face_gap": 0.0,
          "penetration": 12.0
        }
      },
      {
        "instances": [
          0,
          8
        ],
        "status": "confirmed",
        "kinds": [
          "stud",
          "stud_receptacle"
        ],
        "sources": [
          "ldcad_shadow",
          "ldcad_shadow"
        ],
        "confidence": [
          1.0,
          1.0
        ],
        "feature_ids": [
          "stud@R58/studC",
          "snap_cyl@L8:I23"
        ],
        "residual": {
          "distance": 0.0,
          "axial_gap": 0.0,
          "alignment": 1.0,
          "roll_alignment": 1.0,
          "entry_face_gap": 0.0,
          "penetration": 12.0
        }
      },
      {
        "instances": [
          0,
          8
        ],
        "status": "confirmed",
        "kinds": [
          "stud",
          "stud_receptacle"
        ],
        "sources": [
          "ldcad_shadow",
          "ldcad_shadow"
        ],
        "confidence": [
          1.0,
          1.0
        ],
        "feature_ids": [
          "stud@R69/studC",
          "snap_cyl@L8:I18"
        ],
        "residual": {
          "distance": 0.0,
          "axial_gap": 0.0,
          "alignment": 1.0,
          "roll_alignment": 1.0,
          "entry_face_gap": 0.0,
          "penetration": 12.0
        }
      },
      {
        "instances": [
          0,
          8
        ],
        "status": "confirmed",
        "kinds": [
          "stud",
          "stud_receptacle"
        ],
        "sources": [
          "ldcad_shadow",
          "ldcad_shadow"
        ],
        "confidence": [
          1.0,
          1.0
        ],
        "feature_ids": [
          "stud@R70/studC",
          "snap_cyl@L8:I19"
        ],
        "residual": {
          "distance": 0.0,
          "axial_gap": 0.0,
          "alignment": 1.0,
          "roll_alignment": 1.0,
          "entry_face_gap": 0.0,
          "penetration": 12.0
        }
      },
      {
        "instances": [
          0,
          8
        ],
        "status": "confirmed",
        "kinds": [
          "stud",
          "stud_receptacle"
        ],
        "sources": [
          "ldcad_shadow",
          "ldcad_shadow"
        ],
        "confidence": [
          1.0,
          1.0
        ],
        "feature_ids": [
          "stud@R81/studC",
          "snap_cyl@L8:I14"
        ],
        "residual": {
          "distance": 0.0,
          "axial_gap": 0.0,
          "alignment": 1.0,
          "roll_alignment": 1.0,
          "entry_face_gap": 0.0,
          "penetration": 12.0
        }
      },
      {
        "instances": [
          0,
          8
        ],
        "status": "confirmed",
        "kinds": [
          "stud",
          "stud_receptacle"
        ],
        "sources": [
          "ldcad_shadow",
          "ldcad_shadow"
        ],
        "confidence": [
          1.0,
          1.0
        ],
        "feature_ids": [
          "stud@R82/studC",
          "snap_cyl@L8:I15"
        ],
        "residual": {
          "distance": 0.0,
          "axial_gap": 0.0,
          "alignment": 1.0,
          "roll_alignment": 1.0,
          "entry_face_gap": 0.0,
          "penetration": 12.0
        }
      },
      {
        "instances": [
          0,
          8
        ],
        "status": "confirmed",
        "kinds": [
          "stud",
          "stud_receptacle"
        ],
        "sources": [
          "ldcad_shadow",
          "ldcad_shadow"
        ],
        "confidence": [
          1.0,
          1.0
        ],
        "feature_ids": [
          "stud@R93/studC",
          "snap_cyl@L8:I10"
        ],
        "residual": {
          "distance": 0.0,
          "axial_gap": 0.0,
          "alignment": 1.0,
          "roll_alignment": 1.0,
          "entry_face_gap": 0.0,
          "penetration": 12.0
        }
      },
      {
        "instances": [
          0,
          8
        ],
        "status": "confirmed",
        "kinds": [
          "stud",
          "stud_receptacle"
        ],
        "sources": [
          "ldcad_shadow",
          "ldcad_shadow"
        ],
        "confidence": [
          1.0,
          1.0
        ],
        "feature_ids": [
          "stud@R94/studC",
          "snap_cyl@L8:I11"
        ],
        "residual": {
          "distance": 0.0,
          "axial_gap": 0.0,
          "alignment": 1.0,
          "roll_alignment": 1.0,
          "entry_face_gap": 0.0,
          "penetration": 12.0
        }
      },
      {
        "instances": [
          1,
          4
        ],
        "status": "confirmed",
        "kinds": [
          "stud",
          "stud_receptacle"
        ],
        "sources": [
          "ldcad_shadow",
          "ldcad_shadow"
        ],
        "confidence": [
          1.0,
          1.0
        ],
        "feature_ids": [
          "stud@R61/studC",
          "snap_cyl@L8:I47"
        ],
        "residual": {
          "distance": 0.0,
          "axial_gap": 0.0,
          "alignment": 1.0,
          "roll_alignment": 1.0,
          "entry_face_gap": 0.0,
          "penetration": 12.0
        }
      },
      {
        "instances": [
          1,
          4
        ],
        "status": "confirmed",
        "kinds": [
          "stud",
          "stud_receptacle"
        ],
        "sources": [
          "ldcad_shadow",
          "ldcad_shadow"
        ],
        "confidence": [
          1.0,
          1.0
        ],
        "feature_ids": [
          "stud@R62/studC",
          "snap_cyl@L8:I41"
        ],
        "residual": {
          "distance": 0.0,
          "axial_gap": 0.0,
          "alignment": 1.0,
          "roll_alignment": 1.0,
          "entry_face_gap": 0.0,
          "penetration": 12.0
        }
      },
      {
        "instances": [
          1,
          4
        ],
        "status": "confirmed",
        "kinds": [
          "stud",
          "stud_receptacle"
        ],
        "sources": [
          "ldcad_shadow",
          "ldcad_shadow"
        ],
        "confidence": [
          1.0,
          1.0
        ],
        "feature_ids": [
          "stud@R63/studC",
          "snap_cyl@L8:I35"
        ],
        "residual": {
          "distance": 0.0,
          "axial_gap": 0.0,
          "alignment": 1.0,
          "roll_alignment": 1.0,
          "entry_face_gap": 0.0,
          "penetration": 12.0
        }
      },
      {
        "instances": [
          1,
          4
        ],
        "status": "confirmed",
        "kinds": [
          "stud",
          "stud_receptacle"
        ],
        "sources": [
          "ldcad_shadow",
          "ldcad_shadow"
        ],
        "confidence": [
          1.0,
          1.0
        ],
        "feature_ids": [
          "stud@R64/studC",
          "snap_cyl@L8:I29"
        ],
        "residual": {
          "distance": 0.0,
          "axial_gap": 0.0,
          "alignment": 1.0,
          "roll_alignment": 1.0,
          "entry_face_gap": 0.0,
          "penetration": 12.0
        }
      },
      {
        "instances": [
          1,
          4
        ],
        "status": "confirmed",
        "kinds": [
          "stud",
          "stud_receptacle"
        ],
        "sources": [
          "ldcad_shadow",
          "ldcad_shadow"
        ],
        "confidence": [
          1.0,
          1.0
        ],
        "feature_ids": [
          "stud@R65/studC",
          "snap_cyl@L8:I23"
        ],
        "residual": {
          "distance": 0.0,
          "axial_gap": 0.0,
          "alignment": 1.0,
          "roll_alignment": 1.0,
          "entry_face_gap": 0.0,
          "penetration": 12.0
        }
      },
      {
        "instances": [
          1,
          4
        ],
        "status": "confirmed",
        "kinds": [
          "stud",
          "stud_receptacle"
        ],
        "sources": [
          "ldcad_shadow",
          "ldcad_shadow"
        ],
        "confidence": [
          1.0,
          1.0
        ],
        "feature_ids": [
          "stud@R66/studC",
          "snap_cyl@L8:I17"
        ],
        "residual": {
          "distance": 0.0,
          "axial_gap": 0.0,
          "alignment": 1.0,
          "roll_alignment": 1.0,
          "entry_face_gap": 0.0,
          "penetration": 12.0
        }
      },
      {
        "instances": [
          1,
          4
        ],
        "status": "confirmed",
        "kinds": [
          "stud",
          "stud_receptacle"
        ],
        "sources": [
          "ldcad_shadow",
          "ldcad_shadow"
        ],
        "confidence": [
          1.0,
          1.0
        ],
        "feature_ids": [
          "stud@R67/studC",
          "snap_cyl@L8:I11"
        ],
        "residual": {
          "distance": 0.0,
          "axial_gap": 0.0,
          "alignment": 1.0,
          "roll_alignment": 1.0,
          "entry_face_gap": 0.0,
          "penetration": 12.0
        }
      },
      {
        "instances": [
          1,
          4
        ],
        "status": "confirmed",
        "kinds": [
          "stud",
          "stud_receptacle"
        ],
        "sources": [
          "ldcad_shadow",
          "ldcad_shadow"
        ],
        "confidence": [
          1.0,
          1.0
        ],
        "feature_ids": [
          "stud@R68/studC",
          "snap_cyl@L8:I5"
        ],
        "residual": {
          "distance": 0.0,
          "axial_gap": 0.0,
          "alignment": 1.0,
          "roll_alignment": 1.0,
          "entry_face_gap": 0.0,
          "penetration": 12.0
        }
      },
      {
        "instances": [
          1,
          4
        ],
        "status": "confirmed",
        "kinds": [
          "stud",
          "stud_receptacle"
        ],
        "sources": [
          "ldcad_shadow",
          "ldcad_shadow"
        ],
        "confidence": [
          1.0,
          1.0
        ],
        "feature_ids": [
          "stud@R73/studC",
          "snap_cyl@L8:I46"
        ],
        "residual": {
          "distance": 0.0,
          "axial_gap": 0.0,
          "alignment": 1.0,
          "roll_alignment": 1.0,
          "entry_face_gap": 0.0,
          "penetration": 12.0
        }
      },
      {
        "instances": [
          1,
          4
        ],
        "status": "confirmed",
        "kinds": [
          "stud",
          "stud_receptacle"
        ],
        "sources": [
          "ldcad_shadow",
          "ldcad_shadow"
        ],
        "confidence": [
          1.0,
          1.0
        ],
        "feature_ids": [
          "stud@R74/studC",
          "snap_cyl@L8:I40"
        ],
        "residual": {
          "distance": 0.0,
          "axial_gap": 0.0,
          "alignment": 1.0,
          "roll_alignment": 1.0,
          "entry_face_gap": 0.0,
          "penetration": 12.0
        }
      },
      {
        "instances": [
          1,
          4
        ],
        "status": "confirmed",
        "kinds": [
          "stud",
          "stud_receptacle"
        ],
        "sources": [
          "ldcad_shadow",
          "ldcad_shadow"
        ],
        "confidence": [
          1.0,
          1.0
        ],
        "feature_ids": [
          "stud@R75/studC",
          "snap_cyl@L8:I34"
        ],
        "residual": {
          "distance": 0.0,
          "axial_gap": 0.0,
          "alignment": 1.0,
          "roll_alignment": 1.0,
          "entry_face_gap": 0.0,
          "penetration": 12.0
        }
      },
      {
        "instances": [
          1,
          4
        ],
        "status": "confirmed",
        "kinds": [
          "stud",
          "stud_receptacle"
        ],
        "sources": [
          "ldcad_shadow",
          "ldcad_shadow"
        ],
        "confidence": [
          1.0,
          1.0
        ],
        "feature_ids": [
          "stud@R76/studC",
          "snap_cyl@L8:I28"
        ],
        "residual": {
          "distance": 0.0,
          "axial_gap": 0.0,
          "alignment": 1.0,
          "roll_alignment": 1.0,
          "entry_face_gap": 0.0,
          "penetration": 12.0
        }
      },
      {
        "instances": [
          1,
          4
        ],
        "status": "confirmed",
        "kinds": [
          "stud",
          "stud_receptacle"
        ],
        "sources": [
          "ldcad_shadow",
          "ldcad_shadow"
        ],
        "confidence": [
          1.0,
          1.0
        ],
        "feature_ids": [
          "stud@R77/studC",
          "snap_cyl@L8:I22"
        ],
        "residual": {
          "distance": 0.0,
          "axial_gap": 0.0,
          "alignment": 1.0,
          "roll_alignment": 1.0,
          "entry_face_gap": 0.0,
          "penetration": 12.0
        }
      },
      {
        "instances": [
          1,
          4
        ],
        "status": "confirmed",
        "kinds": [
          "stud",
          "stud_receptacle"
        ],
        "sources": [
          "ldcad_shadow",
          "ldcad_shadow"
        ],
        "confidence": [
          1.0,
          1.0
        ],
        "feature_ids": [
          "stud@R78/studC",
          "snap_cyl@L8:I16"
        ],
        "residual": {
          "distance": 0.0,
          "axial_gap": 0.0,
          "alignment": 1.0,
          "roll_alignment": 1.0,
          "entry_face_gap": 0.0,
          "penetration": 12.0
        }
      },
      {
        "instances": [
          1,
          4
        ],
        "status": "confirmed",
        "kinds": [
          "stud",
          "stud_receptacle"
        ],
        "sources": [
          "ldcad_shadow",
          "ldcad_shadow"
        ],
        "confidence": [
          1.0,
          1.0
        ],
        "feature_ids": [
          "stud@R79/studC",
          "snap_cyl@L8:I10"
        ],
        "residual": {
          "distance": 0.0,
          "axial_gap": 0.0,
          "alignment": 1.0,
          "roll_alignment": 1.0,
          "entry_face_gap": 0.0,
          "penetration": 12.0
        }
      },
      {
        "instances": [
          1,
          4
        ],
        "status": "confirmed",
        "kinds": [
          "stud",
          "stud_receptacle"
        ],
        "sources": [
          "ldcad_shadow",
          "ldcad_shadow"
        ],
        "confidence": [
          1.0,
          1.0
        ],
        "feature_ids": [
          "stud@R80/studC",
          "snap_cyl@L8:I4"
        ],
        "residual": {
          "distance": 0.0,
          "axial_gap": 0.0,
          "alignment": 1.0,
          "roll_alignment": 1.0,
          "entry_face_gap": 0.0,
          "penetration": 12.0
        }
      },
      {
        "instances": [
          1,
          5
        ],
        "status": "confirmed",
        "kinds": [
          "stud",
          "stud_receptacle"
        ],
        "sources": [
          "ldcad_shadow",
          "ldcad_shadow"
        ],
        "confidence": [
          1.0,
          1.0
        ],
        "feature_ids": [
          "stud@R69/studC",
          "snap_cyl@L8:I10"
        ],
        "residual": {
          "distance": 0.0,
          "axial_gap": 0.0,
          "alignment": 1.0,
          "roll_alignment": 1.0,
          "entry_face_gap": 0.0,
          "penetration": 12.0
        }
      },
      {
        "instances": [
          1,
          5
        ],
        "status": "confirmed",
        "kinds": [
          "stud",
          "stud_receptacle"
        ],
        "sources": [
          "ldcad_shadow",
          "ldcad_shadow"
        ],
        "confidence": [
          1.0,
          1.0
        ],
        "feature_ids": [
          "stud@R70/studC",
          "snap_cyl@L8:I11"
        ],
        "residual": {
          "distance": 0.0,
          "axial_gap": 0.0,
          "alignment": 1.0,
          "roll_alignment": 1.0,
          "entry_face_gap": 0.0,
          "penetration": 12.0
        }
      },
      {
        "instances": [
          1,
          5
        ],
        "status": "confirmed",
        "kinds": [
          "stud",
          "stud_receptacle"
        ],
        "sources": [
          "ldcad_shadow",
          "ldcad_shadow"
        ],
        "confidence": [
          1.0,
          1.0
        ],
        "feature_ids": [
          "stud@R81/studC",
          "snap_cyl@L8:I8"
        ],
        "residual": {
          "distance": 0.0,
          "axial_gap": 0.0,
          "alignment": 1.0,
          "roll_alignment": 1.0,
          "entry_face_gap": 0.0,
          "penetration": 12.0
        }
      },
      {
        "instances": [
          1,
          5
        ],
        "status": "confirmed",
        "kinds": [
          "stud",
          "stud_receptacle"
        ],
        "sources": [
          "ldcad_shadow",
          "ldcad_shadow"
        ],
        "confidence": [
          1.0,
          1.0
        ],
        "feature_ids": [
          "stud@R82/studC",
          "snap_cyl@L8:I9"
        ],
        "residual": {
          "distance": 0.0,
          "axial_gap": 0.0,
          "alignment": 1.0,
          "roll_alignment": 1.0,
          "entry_face_gap": 0.0,
          "penetration": 12.0
        }
      },
      {
        "instances": [
          1,
          6
        ],
        "status": "confirmed",
        "kinds": [
          "stud",
          "stud_receptacle"
        ],
        "sources": [
          "ldcad_shadow",
          "ldcad_shadow"
        ],
        "confidence": [
          1.0,
          1.0
        ],
        "feature_ids": [
          "stud@R37/studC",
          "snap_cyl@L8:I15"
        ],
        "residual": {
          "distance": 0.0,
          "axial_gap": 0.0,
          "alignment": 1.0,
          "roll_alignment": 1.0,
          "entry_face_gap": 0.0,
          "penetration": 12.0
        }
      },
      {
        "instances": [
          1,
          6
        ],
        "status": "confirmed",
        "kinds": [
          "stud",
          "stud_receptacle"
        ],
        "sources": [
          "ldcad_shadow",
          "ldcad_shadow"
        ],
        "confidence": [
          1.0,
          1.0
        ],
        "feature_ids": [
          "stud@R38/studC",
          "snap_cyl@L8:I13"
        ],
        "residual": {
          "distance": 0.0,
          "axial_gap": 0.0,
          "alignment": 1.0,
          "roll_alignment": 1.0,
          "entry_face_gap": 0.0,
          "penetration": 12.0
        }
      },
      {
        "instances": [
          1,
          6
        ],
        "status": "confirmed",
        "kinds": [
          "stud",
          "stud_receptacle"
        ],
        "sources": [
          "ldcad_shadow",
          "ldcad_shadow"
        ],
        "confidence": [
          1.0,
          1.0
        ],
        "feature_ids": [
          "stud@R39/studC",
          "snap_cyl@L8:I11"
        ],
        "residual": {
          "distance": 0.0,
          "axial_gap": 0.0,
          "alignment": 1.0,
          "roll_alignment": 1.0,
          "entry_face_gap": 0.0,
          "penetration": 12.0
        }
      },
      {
        "instances": [
          1,
          6
        ],
        "status": "confirmed",
        "kinds": [
          "stud",
          "stud_receptacle"
        ],
        "sources": [
          "ldcad_shadow",
          "ldcad_shadow"
        ],
        "confidence": [
          1.0,
          1.0
        ],
        "feature_ids": [
          "stud@R40/studC",
          "snap_cyl@L8:I9"
        ],
        "residual": {
          "distance": 0.0,
          "axial_gap": 0.0,
          "alignment": 1.0,
          "roll_alignment": 1.0,
          "entry_face_gap": 0.0,
          "penetration": 12.0
        }
      },
      {
        "instances": [
          1,
          6
        ],
        "status": "confirmed",
        "kinds": [
          "stud",
          "stud_receptacle"
        ],
        "sources": [
          "ldcad_shadow",
          "ldcad_shadow"
        ],
        "confidence": [
          1.0,
          1.0
        ],
        "feature_ids": [
          "stud@R41/studC",
          "snap_cyl@L8:I7"
        ],
        "residual": {
          "distance": 0.0,
          "axial_gap": 0.0,
          "alignment": 1.0,
          "roll_alignment": 1.0,
          "entry_face_gap": 0.0,
          "penetration": 12.0
        }
      },
      {
        "instances": [
          1,
          6
        ],
        "status": "confirmed",
        "kinds": [
          "stud",
          "stud_receptacle"
        ],
        "sources": [
          "ldcad_shadow",
          "ldcad_shadow"
        ],
        "confidence": [
          1.0,
          1.0
        ],
        "feature_ids": [
          "stud@R42/studC",
          "snap_cyl@L8:I5"
        ],
        "residual": {
          "distance": 0.0,
          "axial_gap": 0.0,
          "alignment": 1.0,
          "roll_alignment": 1.0,
          "entry_face_gap": 0.0,
          "penetration": 12.0
        }
      },
      {
        "instances": [
          1,
          6
        ],
        "status": "confirmed",
        "kinds": [
          "stud",
          "stud_receptacle"
        ],
        "sources": [
          "ldcad_shadow",
          "ldcad_shadow"
        ],
        "confidence": [
          1.0,
          1.0
        ],
        "feature_ids": [
          "stud@R43/studC",
          "snap_cyl@L8:I3"
        ],
        "residual": {
          "distance": 0.0,
          "axial_gap": 0.0,
          "alignment": 1.0,
          "roll_alignment": 1.0,
          "entry_face_gap": 0.0,
          "penetration": 12.0
        }
      },
      {
        "instances": [
          1,
          6
        ],
        "status": "confirmed",
        "kinds": [
          "stud",
          "stud_receptacle"
        ],
        "sources": [
          "ldcad_shadow",
          "ldcad_shadow"
        ],
        "confidence": [
          1.0,
          1.0
        ],
        "feature_ids": [
          "stud@R44/studC",
          "snap_cyl@L8:I1"
        ],
        "residual": {
          "distance": 0.0,
          "axial_gap": 0.0,
          "alignment": 1.0,
          "roll_alignment": 1.0,
          "entry_face_gap": 0.0,
          "penetration": 12.0
        }
      },
      {
        "instances": [
          1,
          6
        ],
        "status": "confirmed",
        "kinds": [
          "stud",
          "stud_receptacle"
        ],
        "sources": [
          "ldcad_shadow",
          "ldcad_shadow"
        ],
        "confidence": [
          1.0,
          1.0
        ],
        "feature_ids": [
          "stud@R49/studC",
          "snap_cyl@L8:I14"
        ],
        "residual": {
          "distance": 0.0,
          "axial_gap": 0.0,
          "alignment": 1.0,
          "roll_alignment": 1.0,
          "entry_face_gap": 0.0,
          "penetration": 12.0
        }
      },
      {
        "instances": [
          1,
          6
        ],
        "status": "confirmed",
        "kinds": [
          "stud",
          "stud_receptacle"
        ],
        "sources": [
          "ldcad_shadow",
          "ldcad_shadow"
        ],
        "confidence": [
          1.0,
          1.0
        ],
        "feature_ids": [
          "stud@R50/studC",
          "snap_cyl@L8:I12"
        ],
        "residual": {
          "distance": 0.0,
          "axial_gap": 0.0,
          "alignment": 1.0,
          "roll_alignment": 1.0,
          "entry_face_gap": 0.0,
          "penetration": 12.0
        }
      },
      {
        "instances": [
          1,
          6
        ],
        "status": "confirmed",
        "kinds": [
          "stud",
          "stud_receptacle"
        ],
        "sources": [
          "ldcad_shadow",
          "ldcad_shadow"
        ],
        "confidence": [
          1.0,
          1.0
        ],
        "feature_ids": [
          "stud@R51/studC",
          "snap_cyl@L8:I10"
        ],
        "residual": {
          "distance": 0.0,
          "axial_gap": 0.0,
          "alignment": 1.0,
          "roll_alignment": 1.0,
          "entry_face_gap": 0.0,
          "penetration": 12.0
        }
      },
      {
        "instances": [
          1,
          6
        ],
        "status": "confirmed",
        "kinds": [
          "stud",
          "stud_receptacle"
        ],
        "sources": [
          "ldcad_shadow",
          "ldcad_shadow"
        ],
        "confidence": [
          1.0,
          1.0
        ],
        "feature_ids": [
          "stud@R52/studC",
          "snap_cyl@L8:I8"
        ],
        "residual": {
          "distance": 0.0,
          "axial_gap": 0.0,
          "alignment": 1.0,
          "roll_alignment": 1.0,
          "entry_face_gap": 0.0,
          "penetration": 12.0
        }
      },
      {
        "instances": [
          1,
          6
        ],
        "status": "confirmed",
        "kinds": [
          "stud",
          "stud_receptacle"
        ],
        "sources": [
          "ldcad_shadow",
          "ldcad_shadow"
        ],
        "confidence": [
          1.0,
          1.0
        ],
        "feature_ids": [
          "stud@R53/studC",
          "snap_cyl@L8:I6"
        ],
        "residual": {
          "distance": 0.0,
          "axial_gap": 0.0,
          "alignment": 1.0,
          "roll_alignment": 1.0,
          "entry_face_gap": 0.0,
          "penetration": 12.0
        }
      },
      {
        "instances": [
          1,
          6
        ],
        "status": "confirmed",
        "kinds": [
          "stud",
          "stud_receptacle"
        ],
        "sources": [
          "ldcad_shadow",
          "ldcad_shadow"
        ],
        "confidence": [
          1.0,
          1.0
        ],
        "feature_ids": [
          "stud@R54/studC",
          "snap_cyl@L8:I4"
        ],
        "residual": {
          "distance": 0.0,
          "axial_gap": 0.0,
          "alignment": 1.0,
          "roll_alignment": 1.0,
          "entry_face_gap": 0.0,
          "penetration": 12.0
        }
      },
      {
        "instances": [
          1,
          6
        ],
        "status": "confirmed",
        "kinds": [
          "stud",
          "stud_receptacle"
        ],
        "sources": [
          "ldcad_shadow",
          "ldcad_shadow"
        ],
        "confidence": [
          1.0,
          1.0
        ],
        "feature_ids": [
          "stud@R55/studC",
          "snap_cyl@L8:I2"
        ],
        "residual": {
          "distance": 0.0,
          "axial_gap": 0.0,
          "alignment": 1.0,
          "roll_alignment": 1.0,
          "entry_face_gap": 0.0,
          "penetration": 12.0
        }
      },
      {
        "instances": [
          1,
          6
        ],
        "status": "confirmed",
        "kinds": [
          "stud",
          "stud_receptacle"
        ],
        "sources": [
          "ldcad_shadow",
          "ldcad_shadow"
        ],
        "confidence": [
          1.0,
          1.0
        ],
        "feature_ids": [
          "stud@R56/studC",
          "snap_cyl@L8:I0"
        ],
        "residual": {
          "distance": 0.0,
          "axial_gap": 0.0,
          "alignment": 1.0,
          "roll_alignment": 1.0,
          "entry_face_gap": 0.0,
          "penetration": 12.0
        }
      },
      {
        "instances": [
          1,
          7
        ],
        "status": "confirmed",
        "kinds": [
          "stud",
          "stud_receptacle"
        ],
        "sources": [
          "ldcad_shadow",
          "ldcad_shadow"
        ],
        "confidence": [
          1.0,
          1.0
        ],
        "feature_ids": [
          "stud@R45/studC",
          "snap_cyl@L9:I2"
        ],
        "residual": {
          "distance": 0.0,
          "axial_gap": 0.0,
          "alignment": 1.0,
          "roll_alignment": 1.0,
          "entry_face_gap": 0.0,
          "penetration": 12.0
        }
      },
      {
        "instances": [
          1,
          7
        ],
        "status": "confirmed",
        "kinds": [
          "stud",
          "stud_receptacle"
        ],
        "sources": [
          "ldcad_shadow",
          "ldcad_shadow"
        ],
        "confidence": [
          1.0,
          1.0
        ],
        "feature_ids": [
          "stud@R46/studC",
          "snap_cyl@L9:I3"
        ],
        "residual": {
          "distance": 0.0,
          "axial_gap": 0.0,
          "alignment": 1.0,
          "roll_alignment": 1.0,
          "entry_face_gap": 0.0,
          "penetration": 12.0
        }
      },
      {
        "instances": [
          1,
          7
        ],
        "status": "confirmed",
        "kinds": [
          "stud",
          "stud_receptacle"
        ],
        "sources": [
          "ldcad_shadow",
          "ldcad_shadow"
        ],
        "confidence": [
          1.0,
          1.0
        ],
        "feature_ids": [
          "stud@R57/studC",
          "snap_cyl@L9:I0"
        ],
        "residual": {
          "distance": 0.0,
          "axial_gap": 0.0,
          "alignment": 1.0,
          "roll_alignment": 1.0,
          "entry_face_gap": 0.0,
          "penetration": 12.0
        }
      },
      {
        "instances": [
          1,
          7
        ],
        "status": "confirmed",
        "kinds": [
          "stud",
          "stud_receptacle"
        ],
        "sources": [
          "ldcad_shadow",
          "ldcad_shadow"
        ],
        "confidence": [
          1.0,
          1.0
        ],
        "feature_ids": [
          "stud@R58/studC",
          "snap_cyl@L9:I1"
        ],
        "residual": {
          "distance": 0.0,
          "axial_gap": 0.0,
          "alignment": 1.0,
          "roll_alignment": 1.0,
          "entry_face_gap": 0.0,
          "penetration": 12.0
        }
      },
      {
        "instances": [
          1,
          8
        ],
        "status": "confirmed",
        "kinds": [
          "stud",
          "stud_receptacle"
        ],
        "sources": [
          "ldcad_shadow",
          "ldcad_shadow"
        ],
        "confidence": [
          1.0,
          1.0
        ],
        "feature_ids": [
          "stud@R59/studC",
          "snap_cyl@L8:I30"
        ],
        "residual": {
          "distance": 0.0,
          "axial_gap": 0.0,
          "alignment": 1.0,
          "roll_alignment": 1.0,
          "entry_face_gap": 0.0,
          "penetration": 12.0
        }
      },
      {
        "instances": [
          1,
          8
        ],
        "status": "confirmed",
        "kinds": [
          "stud",
          "stud_receptacle"
        ],
        "sources": [
          "ldcad_shadow",
          "ldcad_shadow"
        ],
        "confidence": [
          1.0,
          1.0
        ],
        "feature_ids": [
          "stud@R60/studC",
          "snap_cyl@L8:I31"
        ],
        "residual": {
          "distance": 0.0,
          "axial_gap": 0.0,
          "alignment": 1.0,
          "roll_alignment": 1.0,
          "entry_face_gap": 0.0,
          "penetration": 12.0
        }
      },
      {
        "instances": [
          1,
          8
        ],
        "status": "confirmed",
        "kinds": [
          "stud",
          "stud_receptacle"
        ],
        "sources": [
          "ldcad_shadow",
          "ldcad_shadow"
        ],
        "confidence": [
          1.0,
          1.0
        ],
        "feature_ids": [
          "stud@R71/studC",
          "snap_cyl@L8:I26"
        ],
        "residual": {
          "distance": 0.0,
          "axial_gap": 0.0,
          "alignment": 1.0,
          "roll_alignment": 1.0,
          "entry_face_gap": 0.0,
          "penetration": 12.0
        }
      },
      {
        "instances": [
          1,
          8
        ],
        "status": "confirmed",
        "kinds": [
          "stud",
          "stud_receptacle"
        ],
        "sources": [
          "ldcad_shadow",
          "ldcad_shadow"
        ],
        "confidence": [
          1.0,
          1.0
        ],
        "feature_ids": [
          "stud@R72/studC",
          "snap_cyl@L8:I27"
        ],
        "residual": {
          "distance": 0.0,
          "axial_gap": 0.0,
          "alignment": 1.0,
          "roll_alignment": 1.0,
          "entry_face_gap": 0.0,
          "penetration": 12.0
        }
      },
      {
        "instances": [
          1,
          9
        ],
        "status": "confirmed",
        "kinds": [
          "stud",
          "stud_receptacle"
        ],
        "sources": [
          "ldcad_shadow",
          "ldcad_shadow"
        ],
        "confidence": [
          1.0,
          1.0
        ],
        "feature_ids": [
          "stud@R35/studC",
          "snap_cyl@L8:I3"
        ],
        "residual": {
          "distance": 0.0,
          "axial_gap": 0.0,
          "alignment": 1.0,
          "roll_alignment": 1.0,
          "entry_face_gap": 0.0,
          "penetration": 12.0
        }
      },
      {
        "instances": [
          1,
          9
        ],
        "status": "confirmed",
        "kinds": [
          "stud",
          "stud_receptacle"
        ],
        "sources": [
          "ldcad_shadow",
          "ldcad_shadow"
        ],
        "confidence": [
          1.0,
          1.0
        ],
        "feature_ids": [
          "stud@R36/studC",
          "snap_cyl@L8:I1"
        ],
        "residual": {
          "distance": 0.0,
          "axial_gap": 0.0,
          "alignment": 1.0,
          "roll_alignment": 1.0,
          "entry_face_gap": 0.0,
          "penetration": 12.0
        }
      },
      {
        "instances": [
          1,
          9
        ],
        "status": "confirmed",
        "kinds": [
          "stud",
          "stud_receptacle"
        ],
        "sources": [
          "ldcad_shadow",
          "ldcad_shadow"
        ],
        "confidence": [
          1.0,
          1.0
        ],
        "feature_ids": [
          "stud@R47/studC",
          "snap_cyl@L8:I2"
        ],
        "residual": {
          "distance": 0.0,
          "axial_gap": 0.0,
          "alignment": 1.0,
          "roll_alignment": 1.0,
          "entry_face_gap": 0.0,
          "penetration": 12.0
        }
      },
      {
        "instances": [
          1,
          9
        ],
        "status": "confirmed",
        "kinds": [
          "stud",
          "stud_receptacle"
        ],
        "sources": [
          "ldcad_shadow",
          "ldcad_shadow"
        ],
        "confidence": [
          1.0,
          1.0
        ],
        "feature_ids": [
          "stud@R48/studC",
          "snap_cyl@L8:I0"
        ],
        "residual": {
          "distance": 0.0,
          "axial_gap": 0.0,
          "alignment": 1.0,
          "roll_alignment": 1.0,
          "entry_face_gap": 0.0,
          "penetration": 12.0
        }
      },
      {
        "instances": [
          2,
          12
        ],
        "status": "potential",
        "kinds": [
          "stud",
          "stud_receptacle"
        ],
        "sources": [
          "ldcad_shadow",
          "heuristic"
        ],
        "confidence": [
          1.0,
          0.8
        ],
        "feature_ids": [
          "stud@R17/studC",
          "s/3008s01@R0/snap_cyl@L8:I6"
        ],
        "residual": {
          "distance": 0.0,
          "axial_gap": 0.0,
          "alignment": 1.0,
          "roll_alignment": 1.0,
          "entry_face_gap": 0.0,
          "penetration": 28.0
        }
      },
      {
        "instances": [
          2,
          12
        ],
        "status": "potential",
        "kinds": [
          "stud",
          "stud_receptacle"
        ],
        "sources": [
          "ldcad_shadow",
          "heuristic"
        ],
        "confidence": [
          1.0,
          0.8
        ],
        "feature_ids": [
          "stud@R18/studC",
          "s/3008s01@R0/snap_cyl@L8:I5"
        ],
        "residual": {
          "distance": 0.0,
          "axial_gap": 0.0,
          "alignment": 1.0,
          "roll_alignment": 1.0,
          "entry_face_gap": 0.0,
          "penetration": 28.0
        }
      },
      {
        "instances": [
          2,
          12
        ],
        "status": "potential",
        "kinds": [
          "stud",
          "stud_receptacle"
        ],
        "sources": [
          "ldcad_shadow",
          "heuristic"
        ],
        "confidence": [
          1.0,
          0.8
        ],
        "feature_ids": [
          "stud@R19/studC",
          "s/3008s01@R0/snap_cyl@L8:I4"
        ],
        "residual": {
          "distance": 0.0,
          "axial_gap": 0.0,
          "alignment": 1.0,
          "roll_alignment": 1.0,
          "entry_face_gap": 0.0,
          "penetration": 28.0
        }
      },
      {
        "instances": [
          2,
          12
        ],
        "status": "potential",
        "kinds": [
          "stud",
          "stud_receptacle"
        ],
        "sources": [
          "ldcad_shadow",
          "heuristic"
        ],
        "confidence": [
          1.0,
          0.8
        ],
        "feature_ids": [
          "stud@R20/studC",
          "s/3008s01@R0/snap_cyl@L8:I3"
        ],
        "residual": {
          "distance": 0.0,
          "axial_gap": 0.0,
          "alignment": 1.0,
          "roll_alignment": 1.0,
          "entry_face_gap": 0.0,
          "penetration": 28.0
        }
      },
      {
        "instances": [
          2,
          12
        ],
        "status": "potential",
        "kinds": [
          "stud",
          "stud_receptacle"
        ],
        "sources": [
          "ldcad_shadow",
          "heuristic"
        ],
        "confidence": [
          1.0,
          0.8
        ],
        "feature_ids": [
          "stud@R21/studC",
          "s/3008s01@R0/snap_cyl@L8:I2"
        ],
        "residual": {
          "distance": 0.0,
          "axial_gap": 0.0,
          "alignment": 1.0,
          "roll_alignment": 1.0,
          "entry_face_gap": 0.0,
          "penetration": 28.0
        }
      },
      {
        "instances": [
          2,
          12
        ],
        "status": "potential",
        "kinds": [
          "stud",
          "stud_receptacle"
        ],
        "sources": [
          "ldcad_shadow",
          "heuristic"
        ],
        "confidence": [
          1.0,
          0.8
        ],
        "feature_ids": [
          "stud@R22/studC",
          "s/3008s01@R0/snap_cyl@L8:I1"
        ],
        "residual": {
          "distance": 0.0,
          "axial_gap": 0.0,
          "alignment": 1.0,
          "roll_alignment": 1.0,
          "entry_face_gap": 0.0,
          "penetration": 28.0
        }
      },
      {
        "instances": [
          2,
          12
        ],
        "status": "potential",
        "kinds": [
          "stud",
          "stud_receptacle"
        ],
        "sources": [
          "ldcad_shadow",
          "heuristic"
        ],
        "confidence": [
          1.0,
          0.8
        ],
        "feature_ids": [
          "stud@R23/studC",
          "s/3008s01@R0/snap_cyl@L8:I0"
        ],
        "residual": {
          "distance": 0.0,
          "axial_gap": 0.0,
          "alignment": 1.0,
          "roll_alignment": 1.0,
          "entry_face_gap": 0.0,
          "penetration": 28.0
        }
      },
      {
        "instances": [
          2,
          15
        ],
        "status": "potential",
        "kinds": [
          "stud",
          "stud_receptacle"
        ],
        "sources": [
          "ldcad_shadow",
          "heuristic"
        ],
        "confidence": [
          1.0,
          0.8
        ],
        "feature_ids": [
          "stud@R24/studC",
          "s/3622s01@R0/snap_cyl@L8:I2"
        ],
        "residual": {
          "distance": 0.0,
          "axial_gap": 0.0,
          "alignment": 1.0,
          "roll_alignment": 1.0,
          "entry_face_gap": 0.0,
          "penetration": 28.0
        }
      },
      {
        "instances": [
          3,
          15
        ],
        "status": "potential",
        "kinds": [
          "stud",
          "stud_receptacle"
        ],
        "sources": [
          "ldcad_shadow",
          "heuristic"
        ],
        "confidence": [
          1.0,
          0.8
        ],
        "feature_ids": [
          "stud@R4/studC",
          "s/3622s01@R0/snap_cyl@L8:I0"
        ],
        "residual": {
          "distance": 0.0,
          "axial_gap": 0.0,
          "alignment": 1.0,
          "roll_alignment": 1.0,
          "entry_face_gap": 0.0,
          "penetration": 28.0
        }
      },
      {
        "instances": [
          3,
          15
        ],
        "status": "potential",
        "kinds": [
          "stud",
          "stud_receptacle"
        ],
        "sources": [
          "ldcad_shadow",
          "heuristic"
        ],
        "confidence": [
          1.0,
          0.8
        ],
        "feature_ids": [
          "stud@R6/studC",
          "s/3622s01@R0/snap_cyl@L8:I1"
        ],
        "residual": {
          "distance": 0.0,
          "axial_gap": 0.0,
          "alignment": 1.0,
          "roll_alignment": 1.0,
          "entry_face_gap": 0.0,
          "penetration": 28.0
        }
      },
      {
        "instances": [
          3,
          16
        ],
        "status": "potential",
        "kinds": [
          "stud",
          "stud_receptacle"
        ],
        "sources": [
          "ldcad_shadow",
          "heuristic"
        ],
        "confidence": [
          1.0,
          0.8
        ],
        "feature_ids": [
          "stud@R3/studC",
          "s/3004s01@R0/snap_cyl@L8:I0"
        ],
        "residual": {
          "distance": 0.0,
          "axial_gap": 0.0,
          "alignment": 1.0,
          "roll_alignment": 1.0,
          "entry_face_gap": 0.0,
          "penetration": 28.0
        }
      },
      {
        "instances": [
          5,
          16
        ],
        "status": "potential",
        "kinds": [
          "stud",
          "stud_receptacle"
        ],
        "sources": [
          "ldcad_shadow",
          "heuristic"
        ],
        "confidence": [
          1.0,
          0.8
        ],
        "feature_ids": [
          "stud@R12/studC",
          "s/3004s01@R0/snap_cyl@L8:I1"
        ],
        "residual": {
          "distance": 0.0,
          "axial_gap": 0.0,
          "alignment": 1.0,
          "roll_alignment": 1.0,
          "entry_face_gap": 0.0,
          "penetration": 28.0
        }
      },
      {
        "instances": [
          5,
          17
        ],
        "status": "potential",
        "kinds": [
          "stud",
          "stud_receptacle"
        ],
        "sources": [
          "ldcad_shadow",
          "heuristic"
        ],
        "confidence": [
          1.0,
          0.8
        ],
        "feature_ids": [
          "stud@R10/studC",
          "s/3009s01@R0/snap_cyl@L8:I1"
        ],
        "residual": {
          "distance": 0.0,
          "axial_gap": 0.0,
          "alignment": 1.0,
          "roll_alignment": 1.0,
          "entry_face_gap": 0.0,
          "penetration": 28.0
        }
      },
      {
        "instances": [
          5,
          17
        ],
        "status": "potential",
        "kinds": [
          "stud",
          "stud_receptacle"
        ],
        "sources": [
          "ldcad_shadow",
          "heuristic"
        ],
        "confidence": [
          1.0,
          0.8
        ],
        "feature_ids": [
          "stud@R11/studC",
          "s/3009s01@R0/snap_cyl@L8:I0"
        ],
        "residual": {
          "distance": 0.0,
          "axial_gap": 0.0,
          "alignment": 1.0,
          "roll_alignment": 1.0,
          "entry_face_gap": 0.0,
          "penetration": 28.0
        }
      },
      {
        "instances": [
          5,
          17
        ],
        "status": "potential",
        "kinds": [
          "stud",
          "stud_receptacle"
        ],
        "sources": [
          "ldcad_shadow",
          "heuristic"
        ],
        "confidence": [
          1.0,
          0.8
        ],
        "feature_ids": [
          "stud@R7/studC",
          "s/3009s01@R0/snap_cyl@L8:I4"
        ],
        "residual": {
          "distance": 0.0,
          "axial_gap": 0.0,
          "alignment": 1.0,
          "roll_alignment": 1.0,
          "entry_face_gap": 0.0,
          "penetration": 28.0
        }
      },
      {
        "instances": [
          5,
          17
        ],
        "status": "potential",
        "kinds": [
          "stud",
          "stud_receptacle"
        ],
        "sources": [
          "ldcad_shadow",
          "heuristic"
        ],
        "confidence": [
          1.0,
          0.8
        ],
        "feature_ids": [
          "stud@R8/studC",
          "s/3009s01@R0/snap_cyl@L8:I3"
        ],
        "residual": {
          "distance": 0.0,
          "axial_gap": 0.0,
          "alignment": 1.0,
          "roll_alignment": 1.0,
          "entry_face_gap": 0.0,
          "penetration": 28.0
        }
      },
      {
        "instances": [
          5,
          17
        ],
        "status": "potential",
        "kinds": [
          "stud",
          "stud_receptacle"
        ],
        "sources": [
          "ldcad_shadow",
          "heuristic"
        ],
        "confidence": [
          1.0,
          0.8
        ],
        "feature_ids": [
          "stud@R9/studC",
          "s/3009s01@R0/snap_cyl@L8:I2"
        ],
        "residual": {
          "distance": 0.0,
          "axial_gap": 0.0,
          "alignment": 1.0,
          "roll_alignment": 1.0,
          "entry_face_gap": 0.0,
          "penetration": 28.0
        }
      },
      {
        "instances": [
          6,
          13
        ],
        "status": "potential",
        "kinds": [
          "stud",
          "stud_receptacle"
        ],
        "sources": [
          "ldcad_shadow",
          "heuristic"
        ],
        "confidence": [
          1.0,
          0.8
        ],
        "feature_ids": [
          "stud@R9/studC",
          "s/3004s01@R0/snap_cyl@L8:I0"
        ],
        "residual": {
          "distance": 0.0,
          "axial_gap": 0.0,
          "alignment": 1.0,
          "roll_alignment": 1.0,
          "entry_face_gap": 0.0,
          "penetration": 28.0
        }
      },
      {
        "instances": [
          6,
          14
        ],
        "status": "potential",
        "kinds": [
          "stud",
          "stud_receptacle"
        ],
        "sources": [
          "ldcad_shadow",
          "heuristic"
        ],
        "confidence": [
          1.0,
          0.8
        ],
        "feature_ids": [
          "stud@R10/studC",
          "s/3008s01@R0/snap_cyl@L8:I7"
        ],
        "residual": {
          "distance": 0.0,
          "axial_gap": 0.0,
          "alignment": 1.0,
          "roll_alignment": 1.0,
          "entry_face_gap": 0.0,
          "penetration": 28.0
        }
      },
      {
        "instances": [
          6,
          14
        ],
        "status": "potential",
        "kinds": [
          "stud",
          "stud_receptacle"
        ],
        "sources": [
          "ldcad_shadow",
          "heuristic"
        ],
        "confidence": [
          1.0,
          0.8
        ],
        "feature_ids": [
          "stud@R11/studC",
          "s/3008s01@R0/snap_cyl@L8:I6"
        ],
        "residual": {
          "distance": 0.0,
          "axial_gap": 0.0,
          "alignment": 1.0,
          "roll_alignment": 1.0,
          "entry_face_gap": 0.0,
          "penetration": 28.0
        }
      },
      {
        "instances": [
          6,
          14
        ],
        "status": "potential",
        "kinds": [
          "stud",
          "stud_receptacle"
        ],
        "sources": [
          "ldcad_shadow",
          "heuristic"
        ],
        "confidence": [
          1.0,
          0.8
        ],
        "feature_ids": [
          "stud@R12/studC",
          "s/3008s01@R0/snap_cyl@L8:I5"
        ],
        "residual": {
          "distance": 0.0,
          "axial_gap": 0.0,
          "alignment": 1.0,
          "roll_alignment": 1.0,
          "entry_face_gap": 0.0,
          "penetration": 28.0
        }
      },
      {
        "instances": [
          6,
          14
        ],
        "status": "potential",
        "kinds": [
          "stud",
          "stud_receptacle"
        ],
        "sources": [
          "ldcad_shadow",
          "heuristic"
        ],
        "confidence": [
          1.0,
          0.8
        ],
        "feature_ids": [
          "stud@R13/studC",
          "s/3008s01@R0/snap_cyl@L8:I4"
        ],
        "residual": {
          "distance": 0.0,
          "axial_gap": 0.0,
          "alignment": 1.0,
          "roll_alignment": 1.0,
          "entry_face_gap": 0.0,
          "penetration": 28.0
        }
      },
      {
        "instances": [
          6,
          14
        ],
        "status": "potential",
        "kinds": [
          "stud",
          "stud_receptacle"
        ],
        "sources": [
          "ldcad_shadow",
          "heuristic"
        ],
        "confidence": [
          1.0,
          0.8
        ],
        "feature_ids": [
          "stud@R14/studC",
          "s/3008s01@R0/snap_cyl@L8:I3"
        ],
        "residual": {
          "distance": 0.0,
          "axial_gap": 0.0,
          "alignment": 1.0,
          "roll_alignment": 1.0,
          "entry_face_gap": 0.0,
          "penetration": 28.0
        }
      },
      {
        "instances": [
          6,
          14
        ],
        "status": "potential",
        "kinds": [
          "stud",
          "stud_receptacle"
        ],
        "sources": [
          "ldcad_shadow",
          "heuristic"
        ],
        "confidence": [
          1.0,
          0.8
        ],
        "feature_ids": [
          "stud@R15/studC",
          "s/3008s01@R0/snap_cyl@L8:I2"
        ],
        "residual": {
          "distance": 0.0,
          "axial_gap": 0.0,
          "alignment": 1.0,
          "roll_alignment": 1.0,
          "entry_face_gap": 0.0,
          "penetration": 28.0
        }
      },
      {
        "instances": [
          6,
          14
        ],
        "status": "potential",
        "kinds": [
          "stud",
          "stud_receptacle"
        ],
        "sources": [
          "ldcad_shadow",
          "heuristic"
        ],
        "confidence": [
          1.0,
          0.8
        ],
        "feature_ids": [
          "stud@R16/studC",
          "s/3008s01@R0/snap_cyl@L8:I1"
        ],
        "residual": {
          "distance": 0.0,
          "axial_gap": 0.0,
          "alignment": 1.0,
          "roll_alignment": 1.0,
          "entry_face_gap": 0.0,
          "penetration": 28.0
        }
      },
      {
        "instances": [
          7,
          14
        ],
        "status": "potential",
        "kinds": [
          "stud",
          "stud_receptacle"
        ],
        "sources": [
          "ldcad_shadow",
          "heuristic"
        ],
        "confidence": [
          1.0,
          0.8
        ],
        "feature_ids": [
          "stud@R5/studC",
          "s/3008s01@R0/snap_cyl@L8:I0"
        ],
        "residual": {
          "distance": 0.0,
          "axial_gap": 0.0,
          "alignment": 1.0,
          "roll_alignment": 1.0,
          "entry_face_gap": 0.0,
          "penetration": 28.0
        }
      },
      {
        "instances": [
          7,
          17
        ],
        "status": "potential",
        "kinds": [
          "stud",
          "stud_receptacle"
        ],
        "sources": [
          "ldcad_shadow",
          "heuristic"
        ],
        "confidence": [
          1.0,
          0.8
        ],
        "feature_ids": [
          "stud@R4/studC",
          "s/3009s01@R0/snap_cyl@L8:I5"
        ],
        "residual": {
          "distance": 0.0,
          "axial_gap": 0.0,
          "alignment": 1.0,
          "roll_alignment": 1.0,
          "entry_face_gap": 0.0,
          "penetration": 28.0
        }
      },
      {
        "instances": [
          7,
          18
        ],
        "status": "potential",
        "kinds": [
          "stud",
          "stud_receptacle"
        ],
        "sources": [
          "ldcad_shadow",
          "heuristic"
        ],
        "confidence": [
          1.0,
          0.8
        ],
        "feature_ids": [
          "stud@R3/studC",
          "s/3005s01@R0/snap_cyl@L8:I0"
        ],
        "residual": {
          "distance": 0.0,
          "axial_gap": 0.0,
          "alignment": 1.0,
          "roll_alignment": 1.0,
          "entry_face_gap": 0.0,
          "penetration": 28.0
        }
      },
      {
        "instances": [
          8,
          10
        ],
        "status": "potential",
        "kinds": [
          "stud",
          "stud_receptacle"
        ],
        "sources": [
          "ldcad_shadow",
          "heuristic"
        ],
        "confidence": [
          1.0,
          0.8
        ],
        "feature_ids": [
          "stud@R37/studC",
          "s/3004s01@R0/snap_cyl@L8:I1"
        ],
        "residual": {
          "distance": 0.0,
          "axial_gap": 0.0,
          "alignment": 1.0,
          "roll_alignment": 1.0,
          "entry_face_gap": 0.0,
          "penetration": 28.0
        }
      },
      {
        "instances": [
          8,
          10
        ],
        "status": "potential",
        "kinds": [
          "stud",
          "stud_receptacle"
        ],
        "sources": [
          "ldcad_shadow",
          "heuristic"
        ],
        "confidence": [
          1.0,
          0.8
        ],
        "feature_ids": [
          "stud@R38/studC",
          "s/3004s01@R0/snap_cyl@L8:I0"
        ],
        "residual": {
          "distance": 0.0,
          "axial_gap": 0.0,
          "alignment": 1.0,
          "roll_alignment": 1.0,
          "entry_face_gap": 0.0,
          "penetration": 28.0
        }
      },
      {
        "instances": [
          8,
          11
        ],
        "status": "potential",
        "kinds": [
          "stud",
          "stud_receptacle"
        ],
        "sources": [
          "ldcad_shadow",
          "heuristic"
        ],
        "confidence": [
          1.0,
          0.8
        ],
        "feature_ids": [
          "stud@R31/studC",
          "s/3008s01@R0/snap_cyl@L8:I5"
        ],
        "residual": {
          "distance": 0.0,
          "axial_gap": 0.0,
          "alignment": 1.0,
          "roll_alignment": 1.0,
          "entry_face_gap": 0.0,
          "penetration": 28.0
        }
      },
      {
        "instances": [
          8,
          11
        ],
        "status": "potential",
        "kinds": [
          "stud",
          "stud_receptacle"
        ],
        "sources": [
          "ldcad_shadow",
          "heuristic"
        ],
        "confidence": [
          1.0,
          0.8
        ],
        "feature_ids": [
          "stud@R32/studC",
          "s/3008s01@R0/snap_cyl@L8:I4"
        ],
        "residual": {
          "distance": 0.0,
          "axial_gap": 0.0,
          "alignment": 1.0,
          "roll_alignment": 1.0,
          "entry_face_gap": 0.0,
          "penetration": 28.0
        }
      },
      {
        "instances": [
          8,
          11
        ],
        "status": "potential",
        "kinds": [
          "stud",
          "stud_receptacle"
        ],
        "sources": [
          "ldcad_shadow",
          "heuristic"
        ],
        "confidence": [
          1.0,
          0.8
        ],
        "feature_ids": [
          "stud@R33/studC",
          "s/3008s01@R0/snap_cyl@L8:I3"
        ],
        "residual": {
          "distance": 0.0,
          "axial_gap": 0.0,
          "alignment": 1.0,
          "roll_alignment": 1.0,
          "entry_face_gap": 0.0,
          "penetration": 28.0
        }
      },
      {
        "instances": [
          8,
          11
        ],
        "status": "potential",
        "kinds": [
          "stud",
          "stud_receptacle"
        ],
        "sources": [
          "ldcad_shadow",
          "heuristic"
        ],
        "confidence": [
          1.0,
          0.8
        ],
        "feature_ids": [
          "stud@R34/studC",
          "s/3008s01@R0/snap_cyl@L8:I2"
        ],
        "residual": {
          "distance": 0.0,
          "axial_gap": 0.0,
          "alignment": 1.0,
          "roll_alignment": 1.0,
          "entry_face_gap": 0.0,
          "penetration": 28.0
        }
      },
      {
        "instances": [
          8,
          11
        ],
        "status": "potential",
        "kinds": [
          "stud",
          "stud_receptacle"
        ],
        "sources": [
          "ldcad_shadow",
          "heuristic"
        ],
        "confidence": [
          1.0,
          0.8
        ],
        "feature_ids": [
          "stud@R35/studC",
          "s/3008s01@R0/snap_cyl@L8:I1"
        ],
        "residual": {
          "distance": 0.0,
          "axial_gap": 0.0,
          "alignment": 1.0,
          "roll_alignment": 1.0,
          "entry_face_gap": 0.0,
          "penetration": 28.0
        }
      },
      {
        "instances": [
          8,
          11
        ],
        "status": "potential",
        "kinds": [
          "stud",
          "stud_receptacle"
        ],
        "sources": [
          "ldcad_shadow",
          "heuristic"
        ],
        "confidence": [
          1.0,
          0.8
        ],
        "feature_ids": [
          "stud@R36/studC",
          "s/3008s01@R0/snap_cyl@L8:I0"
        ],
        "residual": {
          "distance": 0.0,
          "axial_gap": 0.0,
          "alignment": 1.0,
          "roll_alignment": 1.0,
          "entry_face_gap": 0.0,
          "penetration": 28.0
        }
      },
      {
        "instances": [
          8,
          12
        ],
        "status": "potential",
        "kinds": [
          "stud",
          "stud_receptacle"
        ],
        "sources": [
          "ldcad_shadow",
          "heuristic"
        ],
        "confidence": [
          1.0,
          0.8
        ],
        "feature_ids": [
          "stud@R30/studC",
          "s/3008s01@R0/snap_cyl@L8:I7"
        ],
        "residual": {
          "distance": 0.0,
          "axial_gap": 0.0,
          "alignment": 1.0,
          "roll_alignment": 1.0,
          "entry_face_gap": 0.0,
          "penetration": 28.0
        }
      },
      {
        "instances": [
          8,
          50
        ],
        "status": "confirmed",
        "kinds": [
          "stud",
          "stud_receptacle"
        ],
        "sources": [
          "ldcad_shadow",
          "primitive"
        ],
        "confidence": [
          1.0,
          1.0
        ],
        "feature_ids": [
          "stud@R40/studC",
          "s/3001s01@R0/stud4@R0/stud4:socket:+1-1"
        ],
        "residual": {
          "distance": 0.0,
          "axial_gap": 0.0,
          "alignment": 1.0,
          "roll_alignment": 1.0,
          "entry_face_gap": 0.0,
          "penetration": 28.0
        }
      },
      {
        "instances": [
          8,
          50
        ],
        "status": "confirmed",
        "kinds": [
          "stud",
          "stud_receptacle"
        ],
        "sources": [
          "ldcad_shadow",
          "primitive"
        ],
        "confidence": [
          1.0,
          1.0
        ],
        "feature_ids": [
          "stud@R41/studC",
          "s/3001s01@R0/stud4@R0/stud4:socket:-1-1"
        ],
        "residual": {
          "distance": 0.0,
          "axial_gap": 0.0,
          "alignment": 1.0,
          "roll_alignment": 1.0,
          "entry_face_gap": 0.0,
          "penetration": 28.0
        }
      },
      {
        "instances": [
          8,
          50
        ],
        "status": "confirmed",
        "kinds": [
          "stud",
          "stud_receptacle"
        ],
        "sources": [
          "ldcad_shadow",
          "primitive"
        ],
        "confidence": [
          1.0,
          1.0
        ],
        "feature_ids": [
          "stud@R42/studC",
          "s/3001s01@R0/stud4@R1/stud4:socket:-1-1"
        ],
        "residual": {
          "distance": 0.0,
          "axial_gap": 0.0,
          "alignment": 1.0,
          "roll_alignment": 1.0,
          "entry_face_gap": 0.0,
          "penetration": 28.0
        }
      },
      {
        "instances": [
          8,
          50
        ],
        "status": "confirmed",
        "kinds": [
          "stud",
          "stud_receptacle"
        ],
        "sources": [
          "ldcad_shadow",
          "primitive"
        ],
        "confidence": [
          1.0,
          1.0
        ],
        "feature_ids": [
          "stud@R43/studC",
          "s/3001s01@R0/stud4@R2/stud4:socket:-1-1"
        ],
        "residual": {
          "distance": 0.0,
          "axial_gap": 0.0,
          "alignment": 1.0,
          "roll_alignment": 1.0,
          "entry_face_gap": 0.0,
          "penetration": 28.0
        }
      },
      {
        "instances": [
          8,
          50
        ],
        "status": "confirmed",
        "kinds": [
          "stud",
          "stud_receptacle"
        ],
        "sources": [
          "ldcad_shadow",
          "primitive"
        ],
        "confidence": [
          1.0,
          1.0
        ],
        "feature_ids": [
          "stud@R48/studC",
          "s/3001s01@R0/stud4@R0/stud4:socket:+1+1"
        ],
        "residual": {
          "distance": 0.0,
          "axial_gap": 0.0,
          "alignment": 1.0,
          "roll_alignment": 1.0,
          "entry_face_gap": 0.0,
          "penetration": 28.0
        }
      },
      {
        "instances": [
          8,
          50
        ],
        "status": "confirmed",
        "kinds": [
          "stud",
          "stud_receptacle"
        ],
        "sources": [
          "ldcad_shadow",
          "primitive"
        ],
        "confidence": [
          1.0,
          1.0
        ],
        "feature_ids": [
          "stud@R49/studC",
          "s/3001s01@R0/stud4@R0/stud4:socket:-1+1"
        ],
        "residual": {
          "distance": 0.0,
          "axial_gap": 0.0,
          "alignment": 1.0,
          "roll_alignment": 1.0,
          "entry_face_gap": 0.0,
          "penetration": 28.0
        }
      },
      {
        "instances": [
          8,
          50
        ],
        "status": "confirmed",
        "kinds": [
          "stud",
          "stud_receptacle"
        ],
        "sources": [
          "ldcad_shadow",
          "primitive"
        ],
        "confidence": [
          1.0,
          1.0
        ],
        "feature_ids": [
          "stud@R50/studC",
          "s/3001s01@R0/stud4@R1/stud4:socket:-1+1"
        ],
        "residual": {
          "distance": 0.0,
          "axial_gap": 0.0,
          "alignment": 1.0,
          "roll_alignment": 1.0,
          "entry_face_gap": 0.0,
          "penetration": 28.0
        }
      },
      {
        "instances": [
          8,
          50
        ],
        "status": "confirmed",
        "kinds": [
          "stud",
          "stud_receptacle"
        ],
        "sources": [
          "ldcad_shadow",
          "primitive"
        ],
        "confidence": [
          1.0,
          1.0
        ],
        "feature_ids": [
          "stud@R51/studC",
          "s/3001s01@R0/stud4@R2/stud4:socket:-1+1"
        ],
        "residual": {
          "distance": 0.0,
          "axial_gap": 0.0,
          "alignment": 1.0,
          "roll_alignment": 1.0,
          "entry_face_gap": 0.0,
          "penetration": 28.0
        }
      },
      {
        "instances": [
          9,
          11
        ],
        "status": "potential",
        "kinds": [
          "stud",
          "stud_receptacle"
        ],
        "sources": [
          "ldcad_shadow",
          "heuristic"
        ],
        "confidence": [
          1.0,
          0.8
        ],
        "feature_ids": [
          "stud@R11/studC",
          "s/3008s01@R0/snap_cyl@L8:I6"
        ],
        "residual": {
          "distance": 0.0,
          "axial_gap": 0.0,
          "alignment": 1.0,
          "roll_alignment": 1.0,
          "entry_face_gap": 0.0,
          "penetration": 28.0
        }
      },
      {
        "instances": [
          9,
          11
        ],
        "status": "potential",
        "kinds": [
          "stud",
          "stud_receptacle"
        ],
        "sources": [
          "ldcad_shadow",
          "heuristic"
        ],
        "confidence": [
          1.0,
          0.8
        ],
        "feature_ids": [
          "stud@R7/studC",
          "s/3008s01@R0/snap_cyl@L8:I7"
        ],
        "residual": {
          "distance": 0.0,
          "axial_gap": 0.0,
          "alignment": 1.0,
          "roll_alignment": 1.0,
          "entry_face_gap": 0.0,
          "penetration": 28.0
        }
      },
      {
        "instances": [
          9,
          13
        ],
        "status": "potential",
        "kinds": [
          "stud",
          "stud_receptacle"
        ],
        "sources": [
          "ldcad_shadow",
          "heuristic"
        ],
        "confidence": [
          1.0,
          0.8
        ],
        "feature_ids": [
          "stud@R8/studC",
          "s/3004s01@R0/snap_cyl@L8:I1"
        ],
        "residual": {
          "distance": 0.0,
          "axial_gap": 0.0,
          "alignment": 1.0,
          "roll_alignment": 1.0,
          "entry_face_gap": 0.0,
          "penetration": 28.0
        }
      },
      {
        "instances": [
          10,
          19
        ],
        "status": "potential",
        "kinds": [
          "stud",
          "stud_receptacle"
        ],
        "sources": [
          "ldcad_shadow",
          "heuristic"
        ],
        "confidence": [
          1.0,
          0.8
        ],
        "feature_ids": [
          "s/3004s01@R0/stud@R3/studC",
          "s/3008s01@R0/snap_cyl@L8:I1"
        ],
        "residual": {
          "distance": 0.0,
          "axial_gap": 0.0,
          "alignment": 1.0,
          "roll_alignment": 1.0,
          "entry_face_gap": 0.0,
          "penetration": 28.0
        }
      },
      {
        "instances": [
          10,
          19
        ],
        "status": "potential",
        "kinds": [
          "stud",
          "stud_receptacle"
        ],
        "sources": [
          "ldcad_shadow",
          "heuristic"
        ],
        "confidence": [
          1.0,
          0.8
        ],
        "feature_ids": [
          "s/3004s01@R0/stud@R4/studC",
          "s/3008s01@R0/snap_cyl@L8:I0"
        ],
        "residual": {
          "distance": 0.0,
          "axial_gap": 0.0,
          "alignment": 1.0,
          "roll_alignment": 1.0,
          "entry_face_gap": 0.0,
          "penetration": 28.0
        }
      },
      {
        "instances": [
          11,
          19
        ],
        "status": "potential",
        "kinds": [
          "stud",
          "stud_receptacle"
        ],
        "sources": [
          "ldcad_shadow",
          "heuristic"
        ],
        "confidence": [
          1.0,
          0.8
        ],
        "feature_ids": [
          "s/3008s01@R0/stug-1x8@R1/stud@R0/studC",
          "s/3008s01@R0/snap_cyl@L8:I2"
        ],
        "residual": {
          "distance": 0.0,
          "axial_gap": 0.0,
          "alignment": 1.0,
          "roll_alignment": 1.0,
          "entry_face_gap": 0.0,
          "penetration": 28.0
        }
      },
      {
        "instances": [
          11,
          19
        ],
        "status": "potential",
        "kinds": [
          "stud",
          "stud_receptacle"
        ],
        "sources": [
          "ldcad_shadow",
          "heuristic"
        ],
        "confidence": [
          1.0,
          0.8
        ],
        "feature_ids": [
          "s/3008s01@R0/stug-1x8@R1/stud@R1/studC",
          "s/3008s01@R0/snap_cyl@L8:I3"
        ],
        "residual": {
          "distance": 0.0,
          "axial_gap": 0.0,
          "alignment": 1.0,
          "roll_alignment": 1.0,
          "entry_face_gap": 0.0,
          "penetration": 28.0
        }
      },
      {
        "instances": [
          11,
          19
        ],
        "status": "potential",
        "kinds": [
          "stud",
          "stud_receptacle"
        ],
        "sources": [
          "ldcad_shadow",
          "heuristic"
        ],
        "confidence": [
          1.0,
          0.8
        ],
        "feature_ids": [
          "s/3008s01@R0/stug-1x8@R1/stud@R2/studC",
          "s/3008s01@R0/snap_cyl@L8:I4"
        ],
        "residual": {
          "distance": 0.0,
          "axial_gap": 0.0,
          "alignment": 1.0,
          "roll_alignment": 1.0,
          "entry_face_gap": 0.0,
          "penetration": 28.0
        }
      },
      {
        "instances": [
          11,
          19
        ],
        "status": "potential",
        "kinds": [
          "stud",
          "stud_receptacle"
        ],
        "sources": [
          "ldcad_shadow",
          "heuristic"
        ],
        "confidence": [
          1.0,
          0.8
        ],
        "feature_ids": [
          "s/3008s01@R0/stug-1x8@R1/stud@R3/studC",
          "s/3008s01@R0/snap_cyl@L8:I5"
        ],
        "residual": {
          "distance": 0.0,
          "axial_gap": 0.0,
          "alignment": 1.0,
          "roll_alignment": 1.0,
          "entry_face_gap": 0.0,
          "penetration": 28.0
        }
      },
      {
        "instances": [
          11,
          19
        ],
        "status": "potential",
        "kinds": [
          "stud",
          "stud_receptacle"
        ],
        "sources": [
          "ldcad_shadow",
          "heuristic"
        ],
        "confidence": [
          1.0,
          0.8
        ],
        "feature_ids": [
          "s/3008s01@R0/stug-1x8@R1/stud@R4/studC",
          "s/3008s01@R0/snap_cyl@L8:I6"
        ],
        "residual": {
          "distance": 0.0,
          "axial_gap": 0.0,
          "alignment": 1.0,
          "roll_alignment": 1.0,
          "entry_face_gap": 0.0,
          "penetration": 28.0
        }
      },
      {
        "instances": [
          11,
          19
        ],
        "status": "potential",
        "kinds": [
          "stud",
          "stud_receptacle"
        ],
        "sources": [
          "ldcad_shadow",
          "heuristic"
        ],
        "confidence": [
          1.0,
          0.8
        ],
        "feature_ids": [
          "s/3008s01@R0/stug-1x8@R1/stud@R5/studC",
          "s/3008s01@R0/snap_cyl@L8:I7"
        ],
        "residual": {
          "distance": 0.0,
          "axial_gap": 0.0,
          "alignment": 1.0,
          "roll_alignment": 1.0,
          "entry_face_gap": 0.0,
          "penetration": 28.0
        }
      },
      {
        "instances": [
          11,
          20
        ],
        "status": "potential",
        "kinds": [
          "stud",
          "stud_receptacle"
        ],
        "sources": [
          "ldcad_shadow",
          "heuristic"
        ],
        "confidence": [
          1.0,
          0.8
        ],
        "feature_ids": [
          "s/3008s01@R0/stug-1x8@R1/stud@R6/studC",
          "s/3004s01@R0/snap_cyl@L8:I0"
        ],
        "residual": {
          "distance": 0.0,
          "axial_gap": 0.0,
          "alignment": 1.0,
          "roll_alignment": 1.0,
          "entry_face_gap": 0.0,
          "penetration": 28.0
        }
      },
      {
        "instances": [
          11,
          20
        ],
        "status": "potential",
        "kinds": [
          "stud",
          "stud_receptacle"
        ],
        "sources": [
          "ldcad_shadow",
          "heuristic"
        ],
        "confidence": [
          1.0,
          0.8
        ],
        "feature_ids": [
          "s/3008s01@R0/stug-1x8@R1/stud@R7/studC",
          "s/3004s01@R0/snap_cyl@L8:I1"
        ],
        "residual": {
          "distance": 0.0,
          "axial_gap": 0.0,
          "alignment": 1.0,
          "roll_alignment": 1.0,
          "entry_face_gap": 0.0,
          "penetration": 28.0
        }
      },
      {
        "instances": [
          12,
          21
        ],
        "status": "potential",
        "kinds": [
          "stud",
          "stud_receptacle"
        ],
        "sources": [
          "ldcad_shadow",
          "heuristic"
        ],
        "confidence": [
          1.0,
          0.8
        ],
        "feature_ids": [
          "s/3008s01@R0/stug-1x8@R1/stud@R0/studC",
          "s/3008s01@R0/snap_cyl@L8:I0"
        ],
        "residual": {
          "distance": 0.0,
          "axial_gap": 0.0,
          "alignment": 1.0,
          "roll_alignment": 1.0,
          "entry_face_gap": 0.0,
          "penetration": 28.0
        }
      },
      {
        "instances": [
          12,
          21
        ],
        "status": "potential",
        "kinds": [
          "stud",
          "stud_receptacle"
        ],
        "sources": [
          "ldcad_shadow",
          "heuristic"
        ],
        "confidence": [
          1.0,
          0.8
        ],
        "feature_ids": [
          "s/3008s01@R0/stug-1x8@R1/stud@R1/studC",
          "s/3008s01@R0/snap_cyl@L8:I1"
        ],
        "residual": {
          "distance": 0.0,
          "axial_gap": 0.0,
          "alignment": 1.0,
          "roll_alignment": 1.0,
          "entry_face_gap": 0.0,
          "penetration": 28.0
        }
      },
      {
        "instances": [
          12,
          21
        ],
        "status": "potential",
        "kinds": [
          "stud",
          "stud_receptacle"
        ],
        "sources": [
          "ldcad_shadow",
          "heuristic"
        ],
        "confidence": [
          1.0,
          0.8
        ],
        "feature_ids": [
          "s/3008s01@R0/stug-1x8@R1/stud@R2/studC",
          "s/3008s01@R0/snap_cyl@L8:I2"
        ],
        "residual": {
          "distance": 0.0,
          "axial_gap": 0.0,
          "alignment": 1.0,
          "roll_alignment": 1.0,
          "entry_face_gap": 0.0,
          "penetration": 28.0
        }
      },
      {
        "instances": [
          12,
          21
        ],
        "status": "potential",
        "kinds": [
          "stud",
          "stud_receptacle"
        ],
        "sources": [
          "ldcad_shadow",
          "heuristic"
        ],
        "confidence": [
          1.0,
          0.8
        ],
        "feature_ids": [
          "s/3008s01@R0/stug-1x8@R1/stud@R3/studC",
          "s/3008s01@R0/snap_cyl@L8:I3"
        ],
        "residual": {
          "distance": 0.0,
          "axial_gap": 0.0,
          "alignment": 1.0,
          "roll_alignment": 1.0,
          "entry_face_gap": 0.0,
          "penetration": 28.0
        }
      },
      {
        "instances": [
          12,
          21
        ],
        "status": "potential",
        "kinds": [
          "stud",
          "stud_receptacle"
        ],
        "sources": [
          "ldcad_shadow",
          "heuristic"
        ],
        "confidence": [
          1.0,
          0.8
        ],
        "feature_ids": [
          "s/3008s01@R0/stug-1x8@R1/stud@R4/studC",
          "s/3008s01@R0/snap_cyl@L8:I4"
        ],
        "residual": {
          "distance": 0.0,
          "axial_gap": 0.0,
          "alignment": 1.0,
          "roll_alignment": 1.0,
          "entry_face_gap": 0.0,
          "penetration": 28.0
        }
      },
      {
        "instances": [
          12,
          21
        ],
        "status": "potential",
        "kinds": [
          "stud",
          "stud_receptacle"
        ],
        "sources": [
          "ldcad_shadow",
          "heuristic"
        ],
        "confidence": [
          1.0,
          0.8
        ],
        "feature_ids": [
          "s/3008s01@R0/stug-1x8@R1/stud@R5/studC",
          "s/3008s01@R0/snap_cyl@L8:I5"
        ],
        "residual": {
          "distance": 0.0,
          "axial_gap": 0.0,
          "alignment": 1.0,
          "roll_alignment": 1.0,
          "entry_face_gap": 0.0,
          "penetration": 28.0
        }
      },
      {
        "instances": [
          12,
          21
        ],
        "status": "potential",
        "kinds": [
          "stud",
          "stud_receptacle"
        ],
        "sources": [
          "ldcad_shadow",
          "heuristic"
        ],
        "confidence": [
          1.0,
          0.8
        ],
        "feature_ids": [
          "s/3008s01@R0/stug-1x8@R1/stud@R6/studC",
          "s/3008s01@R0/snap_cyl@L8:I6"
        ],
        "residual": {
          "distance": 0.0,
          "axial_gap": 0.0,
          "alignment": 1.0,
          "roll_alignment": 1.0,
          "entry_face_gap": 0.0,
          "penetration": 28.0
        }
      },
      {
        "instances": [
          12,
          21
        ],
        "status": "potential",
        "kinds": [
          "stud",
          "stud_receptacle"
        ],
        "sources": [
          "ldcad_shadow",
          "heuristic"
        ],
        "confidence": [
          1.0,
          0.8
        ],
        "feature_ids": [
          "s/3008s01@R0/stug-1x8@R1/stud@R7/studC",
          "s/3008s01@R0/snap_cyl@L8:I7"
        ],
        "residual": {
          "distance": 0.0,
          "axial_gap": 0.0,
          "alignment": 1.0,
          "roll_alignment": 1.0,
          "entry_face_gap": 0.0,
          "penetration": 28.0
        }
      },
      {
        "instances": [
          13,
          22
        ],
        "status": "potential",
        "kinds": [
          "stud",
          "stud_receptacle"
        ],
        "sources": [
          "ldcad_shadow",
          "heuristic"
        ],
        "confidence": [
          1.0,
          0.8
        ],
        "feature_ids": [
          "s/3004s01@R0/stud@R3/studC",
          "s/3008s01@R0/snap_cyl@L8:I7"
        ],
        "residual": {
          "distance": 0.0,
          "axial_gap": 0.0,
          "alignment": 1.0,
          "roll_alignment": 1.0,
          "entry_face_gap": 0.0,
          "penetration": 28.0
        }
      },
      {
        "instances": [
          13,
          22
        ],
        "status": "potential",
        "kinds": [
          "stud",
          "stud_receptacle"
        ],
        "sources": [
          "ldcad_shadow",
          "heuristic"
        ],
        "confidence": [
          1.0,
          0.8
        ],
        "feature_ids": [
          "s/3004s01@R0/stud@R4/studC",
          "s/3008s01@R0/snap_cyl@L8:I6"
        ],
        "residual": {
          "distance": 0.0,
          "axial_gap": 0.0,
          "alignment": 1.0,
          "roll_alignment": 1.0,
          "entry_face_gap": 0.0,
          "penetration": 28.0
        }
      },
      {
        "instances": [
          14,
          22
        ],
        "status": "potential",
        "kinds": [
          "stud",
          "stud_receptacle"
        ],
        "sources": [
          "ldcad_shadow",
          "heuristic"
        ],
        "confidence": [
          1.0,
          0.8
        ],
        "feature_ids": [
          "s/3008s01@R0/stug-1x8@R1/stud@R2/studC",
          "s/3008s01@R0/snap_cyl@L8:I0"
        ],
        "residual": {
          "distance": 0.0,
          "axial_gap": 0.0,
          "alignment": 1.0,
          "roll_alignment": 1.0,
          "entry_face_gap": 0.0,
          "penetration": 28.0
        }
      },
      {
        "instances": [
          14,
          22
        ],
        "status": "potential",
        "kinds": [
          "stud",
          "stud_receptacle"
        ],
        "sources": [
          "ldcad_shadow",
          "heuristic"
        ],
        "confidence": [
          1.0,
          0.8
        ],
        "feature_ids": [
          "s/3008s01@R0/stug-1x8@R1/stud@R3/studC",
          "s/3008s01@R0/snap_cyl@L8:I1"
        ],
        "residual": {
          "distance": 0.0,
          "axial_gap": 0.0,
          "alignment": 1.0,
          "roll_alignment": 1.0,
          "entry_face_gap": 0.0,
          "penetration": 28.0
        }
      },
      {
        "instances": [
          14,
          22
        ],
        "status": "potential",
        "kinds": [
          "stud",
          "stud_receptacle"
        ],
        "sources": [
          "ldcad_shadow",
          "heuristic"
        ],
        "confidence": [
          1.0,
          0.8
        ],
        "feature_ids": [
          "s/3008s01@R0/stug-1x8@R1/stud@R4/studC",
          "s/3008s01@R0/snap_cyl@L8:I2"
        ],
        "residual": {
          "distance": 0.0,
          "axial_gap": 0.0,
          "alignment": 1.0,
          "roll_alignment": 1.0,
          "entry_face_gap": 0.0,
          "penetration": 28.0
        }
      },
      {
        "instances": [
          14,
          22
        ],
        "status": "potential",
        "kinds": [
          "stud",
          "stud_receptacle"
        ],
        "sources": [
          "ldcad_shadow",
          "heuristic"
        ],
        "confidence": [
          1.0,
          0.8
        ],
        "feature_ids": [
          "s/3008s01@R0/stug-1x8@R1/stud@R5/studC",
          "s/3008s01@R0/snap_cyl@L8:I3"
        ],
        "residual": {
          "distance": 0.0,
          "axial_gap": 0.0,
          "alignment": 1.0,
          "roll_alignment": 1.0,
          "entry_face_gap": 0.0,
          "penetration": 28.0
        }
      },
      {
        "instances": [
          14,
          22
        ],
        "status": "potential",
        "kinds": [
          "stud",
          "stud_receptacle"
        ],
        "sources": [
          "ldcad_shadow",
          "heuristic"
        ],
        "confidence": [
          1.0,
          0.8
        ],
        "feature_ids": [
          "s/3008s01@R0/stug-1x8@R1/stud@R6/studC",
          "s/3008s01@R0/snap_cyl@L8:I4"
        ],
        "residual": {
          "distance": 0.0,
          "axial_gap": 0.0,
          "alignment": 1.0,
          "roll_alignment": 1.0,
          "entry_face_gap": 0.0,
          "penetration": 28.0
        }
      },
      {
        "instances": [
          14,
          22
        ],
        "status": "potential",
        "kinds": [
          "stud",
          "stud_receptacle"
        ],
        "sources": [
          "ldcad_shadow",
          "heuristic"
        ],
        "confidence": [
          1.0,
          0.8
        ],
        "feature_ids": [
          "s/3008s01@R0/stug-1x8@R1/stud@R7/studC",
          "s/3008s01@R0/snap_cyl@L8:I5"
        ],
        "residual": {
          "distance": 0.0,
          "axial_gap": 0.0,
          "alignment": 1.0,
          "roll_alignment": 1.0,
          "entry_face_gap": 0.0,
          "penetration": 28.0
        }
      },
      {
        "instances": [
          14,
          24
        ],
        "status": "potential",
        "kinds": [
          "stud",
          "stud_receptacle"
        ],
        "sources": [
          "ldcad_shadow",
          "heuristic"
        ],
        "confidence": [
          1.0,
          0.8
        ],
        "feature_ids": [
          "s/3008s01@R0/stug-1x8@R1/stud@R0/studC",
          "s/3622s01@R0/snap_cyl@L8:I1"
        ],
        "residual": {
          "distance": 0.0,
          "axial_gap": 0.0,
          "alignment": 1.0,
          "roll_alignment": 1.0,
          "entry_face_gap": 0.0,
          "penetration": 28.0
        }
      },
      {
        "instances": [
          14,
          24
        ],
        "status": "potential",
        "kinds": [
          "stud",
          "stud_receptacle"
        ],
        "sources": [
          "ldcad_shadow",
          "heuristic"
        ],
        "confidence": [
          1.0,
          0.8
        ],
        "feature_ids": [
          "s/3008s01@R0/stug-1x8@R1/stud@R1/studC",
          "s/3622s01@R0/snap_cyl@L8:I2"
        ],
        "residual": {
          "distance": 0.0,
          "axial_gap": 0.0,
          "alignment": 1.0,
          "roll_alignment": 1.0,
          "entry_face_gap": 0.0,
          "penetration": 28.0
        }
      },
      {
        "instances": [
          15,
          23
        ],
        "status": "potential",
        "kinds": [
          "stud",
          "stud_receptacle"
        ],
        "sources": [
          "ldcad_shadow",
          "heuristic"
        ],
        "confidence": [
          1.0,
          0.8
        ],
        "feature_ids": [
          "s/3622s01@R0/stug-1x3@R0/stud@R0/studC",
          "s/3622s01@R0/snap_cyl@L8:I0"
        ],
        "residual": {
          "distance": 0.0,
          "axial_gap": 0.0,
          "alignment": 1.0,
          "roll_alignment": 1.0,
          "entry_face_gap": 0.0,
          "penetration": 28.0
        }
      },
      {
        "instances": [
          15,
          23
        ],
        "status": "potential",
        "kinds": [
          "stud",
          "stud_receptacle"
        ],
        "sources": [
          "ldcad_shadow",
          "heuristic"
        ],
        "confidence": [
          1.0,
          0.8
        ],
        "feature_ids": [
          "s/3622s01@R0/stug-1x3@R0/stud@R1/studC",
          "s/3622s01@R0/snap_cyl@L8:I1"
        ],
        "residual": {
          "distance": 0.0,
          "axial_gap": 0.0,
          "alignment": 1.0,
          "roll_alignment": 1.0,
          "entry_face_gap": 0.0,
          "penetration": 28.0
        }
      },
      {
        "instances": [
          15,
          23
        ],
        "status": "potential",
        "kinds": [
          "stud",
          "stud_receptacle"
        ],
        "sources": [
          "ldcad_shadow",
          "heuristic"
        ],
        "confidence": [
          1.0,
          0.8
        ],
        "feature_ids": [
          "s/3622s01@R0/stug-1x3@R0/stud@R2/studC",
          "s/3622s01@R0/snap_cyl@L8:I2"
        ],
        "residual": {
          "distance": 0.0,
          "axial_gap": 0.0,
          "alignment": 1.0,
          "roll_alignment": 1.0,
          "entry_face_gap": 0.0,
          "penetration": 28.0
        }
      },
      {
        "instances": [
          16,
          25
        ],
        "status": "potential",
        "kinds": [
          "stud",
          "stud_receptacle"
        ],
        "sources": [
          "ldcad_shadow",
          "heuristic"
        ],
        "confidence": [
          1.0,
          0.8
        ],
        "feature_ids": [
          "s/3004s01@R0/stud@R3/studC",
          "s/3008s01@R0/snap_cyl@L8:I1"
        ],
        "residual": {
          "distance": 0.0,
          "axial_gap": 0.0,
          "alignment": 1.0,
          "roll_alignment": 1.0,
          "entry_face_gap": 0.0,
          "penetration": 28.0
        }
      },
      {
        "instances": [
          16,
          25
        ],
        "status": "potential",
        "kinds": [
          "stud",
          "stud_receptacle"
        ],
        "sources": [
          "ldcad_shadow",
          "heuristic"
        ],
        "confidence": [
          1.0,
          0.8
        ],
        "feature_ids": [
          "s/3004s01@R0/stud@R4/studC",
          "s/3008s01@R0/snap_cyl@L8:I0"
        ],
        "residual": {
          "distance": 0.0,
          "axial_gap": 0.0,
          "alignment": 1.0,
          "roll_alignment": 1.0,
          "entry_face_gap": 0.0,
          "penetration": 28.0
        }
      },
      {
        "instances": [
          17,
          25
        ],
        "status": "potential",
        "kinds": [
          "stud",
          "stud_receptacle"
        ],
        "sources": [
          "ldcad_shadow",
          "heuristic"
        ],
        "confidence": [
          1.0,
          0.8
        ],
        "feature_ids": [
          "s/3009s01@R0/stud@R10/studC",
          "s/3008s01@R0/snap_cyl@L8:I3"
        ],
        "residual": {
          "distance": 0.0,
          "axial_gap": 0.0,
          "alignment": 1.0,
          "roll_alignment": 1.0,
          "entry_face_gap": 0.0,
          "penetration": 28.0
        }
      },
      {
        "instances": [
          17,
          25
        ],
        "status": "potential",
        "kinds": [
          "stud",
          "stud_receptacle"
        ],
        "sources": [
          "ldcad_shadow",
          "heuristic"
        ],
        "confidence": [
          1.0,
          0.8
        ],
        "feature_ids": [
          "s/3009s01@R0/stud@R11/studC",
          "s/3008s01@R0/snap_cyl@L8:I2"
        ],
        "residual": {
          "distance": 0.0,
          "axial_gap": 0.0,
          "alignment": 1.0,
          "roll_alignment": 1.0,
          "entry_face_gap": 0.0,
          "penetration": 28.0
        }
      },
      {
        "instances": [
          17,
          25
        ],
        "status": "potential",
        "kinds": [
          "stud",
          "stud_receptacle"
        ],
        "sources": [
          "ldcad_shadow",
          "heuristic"
        ],
        "confidence": [
          1.0,
          0.8
        ],
        "feature_ids": [
          "s/3009s01@R0/stud@R6/studC",
          "s/3008s01@R0/snap_cyl@L8:I7"
        ],
        "residual": {
          "distance": 0.0,
          "axial_gap": 0.0,
          "alignment": 1.0,
          "roll_alignment": 1.0,
          "entry_face_gap": 0.0,
          "penetration": 28.0
        }
      },
      {
        "instances": [
          17,
          25
        ],
        "status": "potential",
        "kinds": [
          "stud",
          "stud_receptacle"
        ],
        "sources": [
          "ldcad_shadow",
          "heuristic"
        ],
        "confidence": [
          1.0,
          0.8
        ],
        "feature_ids": [
          "s/3009s01@R0/stud@R7/studC",
          "s/3008s01@R0/snap_cyl@L8:I6"
        ],
        "residual": {
          "distance": 0.0,
          "axial_gap": 0.0,
          "alignment": 1.0,
          "roll_alignment": 1.0,
          "entry_face_gap": 0.0,
          "penetration": 28.0
        }
      },
      {
        "instances": [
          17,
          25
        ],
        "status": "potential",
        "kinds": [
          "stud",
          "stud_receptacle"
        ],
        "sources": [
          "ldcad_shadow",
          "heuristic"
        ],
        "confidence": [
          1.0,
          0.8
        ],
        "feature_ids": [
          "s/3009s01@R0/stud@R8/studC",
          "s/3008s01@R0/snap_cyl@L8:I5"
        ],
        "residual": {
          "distance": 0.0,
          "axial_gap": 0.0,
          "alignment": 1.0,
          "roll_alignment": 1.0,
          "entry_face_gap": 0.0,
          "penetration": 28.0
        }
      },
      {
        "instances": [
          17,
          25
        ],
        "status": "potential",
        "kinds": [
          "stud",
          "stud_receptacle"
        ],
        "sources": [
          "ldcad_shadow",
          "heuristic"
        ],
        "confidence": [
          1.0,
          0.8
        ],
        "feature_ids": [
          "s/3009s01@R0/stud@R9/studC",
          "s/3008s01@R0/snap_cyl@L8:I4"
        ],
        "residual": {
          "distance": 0.0,
          "axial_gap": 0.0,
          "alignment": 1.0,
          "roll_alignment": 1.0,
          "entry_face_gap": 0.0,
          "penetration": 28.0
        }
      },
      {
        "instances": [
          18,
          24
        ],
        "status": "potential",
        "kinds": [
          "stud",
          "stud_receptacle"
        ],
        "sources": [
          "ldcad_shadow",
          "heuristic"
        ],
        "confidence": [
          1.0,
          0.8
        ],
        "feature_ids": [
          "s/3005s01@R0/stud@R0/studC",
          "s/3622s01@R0/snap_cyl@L8:I0"
        ],
        "residual": {
          "distance": 0.0,
          "axial_gap": 0.0,
          "alignment": 1.0,
          "roll_alignment": 1.0,
          "entry_face_gap": 0.0,
          "penetration": 28.0
        }
      },
      {
        "instances": [
          19,
          26
        ],
        "status": "potential",
        "kinds": [
          "stud",
          "stud_receptacle"
        ],
        "sources": [
          "ldcad_shadow",
          "heuristic"
        ],
        "confidence": [
          1.0,
          0.8
        ],
        "feature_ids": [
          "s/3008s01@R0/stug-1x8@R1/stud@R0/studC",
          "s/3004s01@R0/snap_cyl@L8:I0"
        ],
        "residual": {
          "distance": 0.0,
          "axial_gap": 0.0,
          "alignment": 1.0,
          "roll_alignment": 1.0,
          "entry_face_gap": 0.0,
          "penetration": 28.0
        }
      },
      {
        "instances": [
          19,
          26
        ],
        "status": "potential",
        "kinds": [
          "stud",
          "stud_receptacle"
        ],
        "sources": [
          "ldcad_shadow",
          "heuristic"
        ],
        "confidence": [
          1.0,
          0.8
        ],
        "feature_ids": [
          "s/3008s01@R0/stug-1x8@R1/stud@R1/studC",
          "s/3004s01@R0/snap_cyl@L8:I1"
        ],
        "residual": {
          "distance": 0.0,
          "axial_gap": 0.0,
          "alignment": 1.0,
          "roll_alignment": 1.0,
          "entry_face_gap": 0.0,
          "penetration": 28.0
        }
      },
      {
        "instances": [
          19,
          27
        ],
        "status": "potential",
        "kinds": [
          "stud",
          "stud_receptacle"
        ],
        "sources": [
          "ldcad_shadow",
          "heuristic"
        ],
        "confidence": [
          1.0,
          0.8
        ],
        "feature_ids": [
          "s/3008s01@R0/stug-1x8@R1/stud@R2/studC",
          "s/3008s01@R0/snap_cyl@L8:I0"
        ],
        "residual": {
          "distance": 0.0,
          "axial_gap": 0.0,
          "alignment": 1.0,
          "roll_alignment": 1.0,
          "entry_face_gap": 0.0,
          "penetration": 28.0
        }
      },
      {
        "instances": [
          19,
          27
        ],
        "status": "potential",
        "kinds": [
          "stud",
          "stud_receptacle"
        ],
        "sources": [
          "ldcad_shadow",
          "heuristic"
        ],
        "confidence": [
          1.0,
          0.8
        ],
        "feature_ids": [
          "s/3008s01@R0/stug-1x8@R1/stud@R3/studC",
          "s/3008s01@R0/snap_cyl@L8:I1"
        ],
        "residual": {
          "distance": 0.0,
          "axial_gap": 0.0,
          "alignment": 1.0,
          "roll_alignment": 1.0,
          "entry_face_gap": 0.0,
          "penetration": 28.0
        }
      },
      {
        "instances": [
          19,
          27
        ],
        "status": "potential",
        "kinds": [
          "stud",
          "stud_receptacle"
        ],
        "sources": [
          "ldcad_shadow",
          "heuristic"
        ],
        "confidence": [
          1.0,
          0.8
        ],
        "feature_ids": [
          "s/3008s01@R0/stug-1x8@R1/stud@R4/studC",
          "s/3008s01@R0/snap_cyl@L8:I2"
        ],
        "residual": {
          "distance": 0.0,
          "axial_gap": 0.0,
          "alignment": 1.0,
          "roll_alignment": 1.0,
          "entry_face_gap": 0.0,
          "penetration": 28.0
        }
      },
      {
        "instances": [
          19,
          27
        ],
        "status": "potential",
        "kinds": [
          "stud",
          "stud_receptacle"
        ],
        "sources": [
          "ldcad_shadow",
          "heuristic"
        ],
        "confidence": [
          1.0,
          0.8
        ],
        "feature_ids": [
          "s/3008s01@R0/stug-1x8@R1/stud@R5/studC",
          "s/3008s01@R0/snap_cyl@L8:I3"
        ],
        "residual": {
          "distance": 0.0,
          "axial_gap": 0.0,
          "alignment": 1.0,
          "roll_alignment": 1.0,
          "entry_face_gap": 0.0,
          "penetration": 28.0
        }
      },
      {
        "instances": [
          19,
          27
        ],
        "status": "potential",
        "kinds": [
          "stud",
          "stud_receptacle"
        ],
        "sources": [
          "ldcad_shadow",
          "heuristic"
        ],
        "confidence": [
          1.0,
          0.8
        ],
        "feature_ids": [
          "s/3008s01@R0/stug-1x8@R1/stud@R6/studC",
          "s/3008s01@R0/snap_cyl@L8:I4"
        ],
        "residual": {
          "distance": 0.0,
          "axial_gap": 0.0,
          "alignment": 1.0,
          "roll_alignment": 1.0,
          "entry_face_gap": 0.0,
          "penetration": 28.0
        }
      },
      {
        "instances": [
          19,
          27
        ],
        "status": "potential",
        "kinds": [
          "stud",
          "stud_receptacle"
        ],
        "sources": [
          "ldcad_shadow",
          "heuristic"
        ],
        "confidence": [
          1.0,
          0.8
        ],
        "feature_ids": [
          "s/3008s01@R0/stug-1x8@R1/stud@R7/studC",
          "s/3008s01@R0/snap_cyl@L8:I5"
        ],
        "residual": {
          "distance": 0.0,
          "axial_gap": 0.0,
          "alignment": 1.0,
          "roll_alignment": 1.0,
          "entry_face_gap": 0.0,
          "penetration": 28.0
        }
      },
      {
        "instances": [
          20,
          27
        ],
        "status": "potential",
        "kinds": [
          "stud",
          "stud_receptacle"
        ],
        "sources": [
          "ldcad_shadow",
          "heuristic"
        ],
        "confidence": [
          1.0,
          0.8
        ],
        "feature_ids": [
          "s/3004s01@R0/stud@R3/studC",
          "s/3008s01@R0/snap_cyl@L8:I7"
        ],
        "residual": {
          "distance": 0.0,
          "axial_gap": 0.0,
          "alignment": 1.0,
          "roll_alignment": 1.0,
          "entry_face_gap": 0.0,
          "penetration": 28.0
        }
      },
      {
        "instances": [
          20,
          27
        ],
        "status": "potential",
        "kinds": [
          "stud",
          "stud_receptacle"
        ],
        "sources": [
          "ldcad_shadow",
          "heuristic"
        ],
        "confidence": [
          1.0,
          0.8
        ],
        "feature_ids": [
          "s/3004s01@R0/stud@R4/studC",
          "s/3008s01@R0/snap_cyl@L8:I6"
        ],
        "residual": {
          "distance": 0.0,
          "axial_gap": 0.0,
          "alignment": 1.0,
          "roll_alignment": 1.0,
          "entry_face_gap": 0.0,
          "penetration": 28.0
        }
      },
      {
        "instances": [
          21,
          28
        ],
        "status": "potential",
        "kinds": [
          "stud",
          "stud_receptacle"
        ],
        "sources": [
          "ldcad_shadow",
          "heuristic"
        ],
        "confidence": [
          1.0,
          0.8
        ],
        "feature_ids": [
          "s/3008s01@R0/stug-1x8@R1/stud@R0/studC",
          "s/3008s01@R0/snap_cyl@L8:I0"
        ],
        "residual": {
          "distance": 0.0,
          "axial_gap": 0.0,
          "alignment": 1.0,
          "roll_alignment": 1.0,
          "entry_face_gap": 0.0,
          "penetration": 28.0
        }
      },
      {
        "instances": [
          21,
          28
        ],
        "status": "potential",
        "kinds": [
          "stud",
          "stud_receptacle"
        ],
        "sources": [
          "ldcad_shadow",
          "heuristic"
        ],
        "confidence": [
          1.0,
          0.8
        ],
        "feature_ids": [
          "s/3008s01@R0/stug-1x8@R1/stud@R1/studC",
          "s/3008s01@R0/snap_cyl@L8:I1"
        ],
        "residual": {
          "distance": 0.0,
          "axial_gap": 0.0,
          "alignment": 1.0,
          "roll_alignment": 1.0,
          "entry_face_gap": 0.0,
          "penetration": 28.0
        }
      },
      {
        "instances": [
          21,
          28
        ],
        "status": "potential",
        "kinds": [
          "stud",
          "stud_receptacle"
        ],
        "sources": [
          "ldcad_shadow",
          "heuristic"
        ],
        "confidence": [
          1.0,
          0.8
        ],
        "feature_ids": [
          "s/3008s01@R0/stug-1x8@R1/stud@R2/studC",
          "s/3008s01@R0/snap_cyl@L8:I2"
        ],
        "residual": {
          "distance": 0.0,
          "axial_gap": 0.0,
          "alignment": 1.0,
          "roll_alignment": 1.0,
          "entry_face_gap": 0.0,
          "penetration": 28.0
        }
      },
      {
        "instances": [
          21,
          28
        ],
        "status": "potential",
        "kinds": [
          "stud",
          "stud_receptacle"
        ],
        "sources": [
          "ldcad_shadow",
          "heuristic"
        ],
        "confidence": [
          1.0,
          0.8
        ],
        "feature_ids": [
          "s/3008s01@R0/stug-1x8@R1/stud@R3/studC",
          "s/3008s01@R0/snap_cyl@L8:I3"
        ],
        "residual": {
          "distance": 0.0,
          "axial_gap": 0.0,
          "alignment": 1.0,
          "roll_alignment": 1.0,
          "entry_face_gap": 0.0,
          "penetration": 28.0
        }
      },
      {
        "instances": [
          21,
          28
        ],
        "status": "potential",
        "kinds": [
          "stud",
          "stud_receptacle"
        ],
        "sources": [
          "ldcad_shadow",
          "heuristic"
        ],
        "confidence": [
          1.0,
          0.8
        ],
        "feature_ids": [
          "s/3008s01@R0/stug-1x8@R1/stud@R4/studC",
          "s/3008s01@R0/snap_cyl@L8:I4"
        ],
        "residual": {
          "distance": 0.0,
          "axial_gap": 0.0,
          "alignment": 1.0,
          "roll_alignment": 1.0,
          "entry_face_gap": 0.0,
          "penetration": 28.0
        }
      },
      {
        "instances": [
          21,
          28
        ],
        "status": "potential",
        "kinds": [
          "stud",
          "stud_receptacle"
        ],
        "sources": [
          "ldcad_shadow",
          "heuristic"
        ],
        "confidence": [
          1.0,
          0.8
        ],
        "feature_ids": [
          "s/3008s01@R0/stug-1x8@R1/stud@R5/studC",
          "s/3008s01@R0/snap_cyl@L8:I5"
        ],
        "residual": {
          "distance": 0.0,
          "axial_gap": 0.0,
          "alignment": 1.0,
          "roll_alignment": 1.0,
          "entry_face_gap": 0.0,
          "penetration": 28.0
        }
      },
      {
        "instances": [
          21,
          28
        ],
        "status": "potential",
        "kinds": [
          "stud",
          "stud_receptacle"
        ],
        "sources": [
          "ldcad_shadow",
          "heuristic"
        ],
        "confidence": [
          1.0,
          0.8
        ],
        "feature_ids": [
          "s/3008s01@R0/stug-1x8@R1/stud@R6/studC",
          "s/3008s01@R0/snap_cyl@L8:I6"
        ],
        "residual": {
          "distance": 0.0,
          "axial_gap": 0.0,
          "alignment": 1.0,
          "roll_alignment": 1.0,
          "entry_face_gap": 0.0,
          "penetration": 28.0
        }
      },
      {
        "instances": [
          21,
          28
        ],
        "status": "potential",
        "kinds": [
          "stud",
          "stud_receptacle"
        ],
        "sources": [
          "ldcad_shadow",
          "heuristic"
        ],
        "confidence": [
          1.0,
          0.8
        ],
        "feature_ids": [
          "s/3008s01@R0/stug-1x8@R1/stud@R7/studC",
          "s/3008s01@R0/snap_cyl@L8:I7"
        ],
        "residual": {
          "distance": 0.0,
          "axial_gap": 0.0,
          "alignment": 1.0,
          "roll_alignment": 1.0,
          "entry_face_gap": 0.0,
          "penetration": 28.0
        }
      },
      {
        "instances": [
          22,
          29
        ],
        "status": "potential",
        "kinds": [
          "stud",
          "stud_receptacle"
        ],
        "sources": [
          "ldcad_shadow",
          "heuristic"
        ],
        "confidence": [
          1.0,
          0.8
        ],
        "feature_ids": [
          "s/3008s01@R0/stug-1x8@R1/stud@R6/studC",
          "s/3004s01@R0/snap_cyl@L8:I0"
        ],
        "residual": {
          "distance": 0.0,
          "axial_gap": 0.0,
          "alignment": 1.0,
          "roll_alignment": 1.0,
          "entry_face_gap": 0.0,
          "penetration": 28.0
        }
      },
      {
        "instances": [
          22,
          29
        ],
        "status": "potential",
        "kinds": [
          "stud",
          "stud_receptacle"
        ],
        "sources": [
          "ldcad_shadow",
          "heuristic"
        ],
        "confidence": [
          1.0,
          0.8
        ],
        "feature_ids": [
          "s/3008s01@R0/stug-1x8@R1/stud@R7/studC",
          "s/3004s01@R0/snap_cyl@L8:I1"
        ],
        "residual": {
          "distance": 0.0,
          "axial_gap": 0.0,
          "alignment": 1.0,
          "roll_alignment": 1.0,
          "entry_face_gap": 0.0,
          "penetration": 28.0
        }
      },
      {
        "instances": [
          22,
          30
        ],
        "status": "potential",
        "kinds": [
          "stud",
          "stud_receptacle"
        ],
        "sources": [
          "ldcad_shadow",
          "heuristic"
        ],
        "confidence": [
          1.0,
          0.8
        ],
        "feature_ids": [
          "s/3008s01@R0/stug-1x8@R1/stud@R0/studC",
          "s/3008s01@R0/snap_cyl@L8:I2"
        ],
        "residual": {
          "distance": 0.0,
          "axial_gap": 0.0,
          "alignment": 1.0,
          "roll_alignment": 1.0,
          "entry_face_gap": 0.0,
          "penetration": 28.0
        }
      },
      {
        "instances": [
          22,
          30
        ],
        "status": "potential",
        "kinds": [
          "stud",
          "stud_receptacle"
        ],
        "sources": [
          "ldcad_shadow",
          "heuristic"
        ],
        "confidence": [
          1.0,
          0.8
        ],
        "feature_ids": [
          "s/3008s01@R0/stug-1x8@R1/stud@R1/studC",
          "s/3008s01@R0/snap_cyl@L8:I3"
        ],
        "residual": {
          "distance": 0.0,
          "axial_gap": 0.0,
          "alignment": 1.0,
          "roll_alignment": 1.0,
          "entry_face_gap": 0.0,
          "penetration": 28.0
        }
      },
      {
        "instances": [
          22,
          30
        ],
        "status": "potential",
        "kinds": [
          "stud",
          "stud_receptacle"
        ],
        "sources": [
          "ldcad_shadow",
          "heuristic"
        ],
        "confidence": [
          1.0,
          0.8
        ],
        "feature_ids": [
          "s/3008s01@R0/stug-1x8@R1/stud@R2/studC",
          "s/3008s01@R0/snap_cyl@L8:I4"
        ],
        "residual": {
          "distance": 0.0,
          "axial_gap": 0.0,
          "alignment": 1.0,
          "roll_alignment": 1.0,
          "entry_face_gap": 0.0,
          "penetration": 28.0
        }
      },
      {
        "instances": [
          22,
          30
        ],
        "status": "potential",
        "kinds": [
          "stud",
          "stud_receptacle"
        ],
        "sources": [
          "ldcad_shadow",
          "heuristic"
        ],
        "confidence": [
          1.0,
          0.8
        ],
        "feature_ids": [
          "s/3008s01@R0/stug-1x8@R1/stud@R3/studC",
          "s/3008s01@R0/snap_cyl@L8:I5"
        ],
        "residual": {
          "distance": 0.0,
          "axial_gap": 0.0,
          "alignment": 1.0,
          "roll_alignment": 1.0,
          "entry_face_gap": 0.0,
          "penetration": 28.0
        }
      },
      {
        "instances": [
          22,
          30
        ],
        "status": "potential",
        "kinds": [
          "stud",
          "stud_receptacle"
        ],
        "sources": [
          "ldcad_shadow",
          "heuristic"
        ],
        "confidence": [
          1.0,
          0.8
        ],
        "feature_ids": [
          "s/3008s01@R0/stug-1x8@R1/stud@R4/studC",
          "s/3008s01@R0/snap_cyl@L8:I6"
        ],
        "residual": {
          "distance": 0.0,
          "axial_gap": 0.0,
          "alignment": 1.0,
          "roll_alignment": 1.0,
          "entry_face_gap": 0.0,
          "penetration": 28.0
        }
      },
      {
        "instances": [
          22,
          30
        ],
        "status": "potential",
        "kinds": [
          "stud",
          "stud_receptacle"
        ],
        "sources": [
          "ldcad_shadow",
          "heuristic"
        ],
        "confidence": [
          1.0,
          0.8
        ],
        "feature_ids": [
          "s/3008s01@R0/stug-1x8@R1/stud@R5/studC",
          "s/3008s01@R0/snap_cyl@L8:I7"
        ],
        "residual": {
          "distance": 0.0,
          "axial_gap": 0.0,
          "alignment": 1.0,
          "roll_alignment": 1.0,
          "entry_face_gap": 0.0,
          "penetration": 28.0
        }
      },
      {
        "instances": [
          23,
          31
        ],
        "status": "potential",
        "kinds": [
          "stud",
          "stud_receptacle"
        ],
        "sources": [
          "ldcad_shadow",
          "heuristic"
        ],
        "confidence": [
          1.0,
          0.8
        ],
        "feature_ids": [
          "s/3622s01@R0/stug-1x3@R0/stud@R0/studC",
          "s/3622s01@R0/snap_cyl@L8:I0"
        ],
        "residual": {
          "distance": 0.0,
          "axial_gap": 0.0,
          "alignment": 1.0,
          "roll_alignment": 1.0,
          "entry_face_gap": 0.0,
          "penetration": 28.0
        }
      },
      {
        "instances": [
          23,
          31
        ],
        "status": "potential",
        "kinds": [
          "stud",
          "stud_receptacle"
        ],
        "sources": [
          "ldcad_shadow",
          "heuristic"
        ],
        "confidence": [
          1.0,
          0.8
        ],
        "feature_ids": [
          "s/3622s01@R0/stug-1x3@R0/stud@R1/studC",
          "s/3622s01@R0/snap_cyl@L8:I1"
        ],
        "residual": {
          "distance": 0.0,
          "axial_gap": 0.0,
          "alignment": 1.0,
          "roll_alignment": 1.0,
          "entry_face_gap": 0.0,
          "penetration": 28.0
        }
      },
      {
        "instances": [
          23,
          31
        ],
        "status": "potential",
        "kinds": [
          "stud",
          "stud_receptacle"
        ],
        "sources": [
          "ldcad_shadow",
          "heuristic"
        ],
        "confidence": [
          1.0,
          0.8
        ],
        "feature_ids": [
          "s/3622s01@R0/stug-1x3@R0/stud@R2/studC",
          "s/3622s01@R0/snap_cyl@L8:I2"
        ],
        "residual": {
          "distance": 0.0,
          "axial_gap": 0.0,
          "alignment": 1.0,
          "roll_alignment": 1.0,
          "entry_face_gap": 0.0,
          "penetration": 28.0
        }
      },
      {
        "instances": [
          24,
          30
        ],
        "status": "potential",
        "kinds": [
          "stud",
          "stud_receptacle"
        ],
        "sources": [
          "ldcad_shadow",
          "heuristic"
        ],
        "confidence": [
          1.0,
          0.8
        ],
        "feature_ids": [
          "s/3622s01@R0/stug-1x3@R0/stud@R1/studC",
          "s/3008s01@R0/snap_cyl@L8:I0"
        ],
        "residual": {
          "distance": 0.0,
          "axial_gap": 0.0,
          "alignment": 1.0,
          "roll_alignment": 1.0,
          "entry_face_gap": 0.0,
          "penetration": 28.0
        }
      },
      {
        "instances": [
          24,
          30
        ],
        "status": "potential",
        "kinds": [
          "stud",
          "stud_receptacle"
        ],
        "sources": [
          "ldcad_shadow",
          "heuristic"
        ],
        "confidence": [
          1.0,
          0.8
        ],
        "feature_ids": [
          "s/3622s01@R0/stug-1x3@R0/stud@R2/studC",
          "s/3008s01@R0/snap_cyl@L8:I1"
        ],
        "residual": {
          "distance": 0.0,
          "axial_gap": 0.0,
          "alignment": 1.0,
          "roll_alignment": 1.0,
          "entry_face_gap": 0.0,
          "penetration": 28.0
        }
      },
      {
        "instances": [
          24,
          34
        ],
        "status": "potential",
        "kinds": [
          "stud",
          "stud_receptacle"
        ],
        "sources": [
          "ldcad_shadow",
          "heuristic"
        ],
        "confidence": [
          1.0,
          0.8
        ],
        "feature_ids": [
          "s/3622s01@R0/stug-1x3@R0/stud@R0/studC",
          "s/3005s01@R0/snap_cyl@L8:I0"
        ],
        "residual": {
          "distance": 0.0,
          "axial_gap": 0.0,
          "alignment": 1.0,
          "roll_alignment": 1.0,
          "entry_face_gap": 0.0,
          "penetration": 28.0
        }
      },
      {
        "instances": [
          25,
          32
        ],
        "status": "potential",
        "kinds": [
          "stud",
          "stud_receptacle"
        ],
        "sources": [
          "ldcad_shadow",
          "heuristic"
        ],
        "confidence": [
          1.0,
          0.8
        ],
        "feature_ids": [
          "s/3008s01@R0/stug-1x8@R1/stud@R0/studC",
          "s/3004s01@R0/snap_cyl@L8:I0"
        ],
        "residual": {
          "distance": 0.0,
          "axial_gap": 0.0,
          "alignment": 1.0,
          "roll_alignment": 1.0,
          "entry_face_gap": 0.0,
          "penetration": 28.0
        }
      },
      {
        "instances": [
          25,
          32
        ],
        "status": "potential",
        "kinds": [
          "stud",
          "stud_receptacle"
        ],
        "sources": [
          "ldcad_shadow",
          "heuristic"
        ],
        "confidence": [
          1.0,
          0.8
        ],
        "feature_ids": [
          "s/3008s01@R0/stug-1x8@R1/stud@R1/studC",
          "s/3004s01@R0/snap_cyl@L8:I1"
        ],
        "residual": {
          "distance": 0.0,
          "axial_gap": 0.0,
          "alignment": 1.0,
          "roll_alignment": 1.0,
          "entry_face_gap": 0.0,
          "penetration": 28.0
        }
      },
      {
        "instances": [
          25,
          33
        ],
        "status": "potential",
        "kinds": [
          "stud",
          "stud_receptacle"
        ],
        "sources": [
          "ldcad_shadow",
          "heuristic"
        ],
        "confidence": [
          1.0,
          0.8
        ],
        "feature_ids": [
          "s/3008s01@R0/stug-1x8@R1/stud@R2/studC",
          "s/3009s01@R0/snap_cyl@L8:I0"
        ],
        "residual": {
          "distance": 0.0,
          "axial_gap": 0.0,
          "alignment": 1.0,
          "roll_alignment": 1.0,
          "entry_face_gap": 0.0,
          "penetration": 28.0
        }
      },
      {
        "instances": [
          25,
          33
        ],
        "status": "potential",
        "kinds": [
          "stud",
          "stud_receptacle"
        ],
        "sources": [
          "ldcad_shadow",
          "heuristic"
        ],
        "confidence": [
          1.0,
          0.8
        ],
        "feature_ids": [
          "s/3008s01@R0/stug-1x8@R1/stud@R3/studC",
          "s/3009s01@R0/snap_cyl@L8:I1"
        ],
        "residual": {
          "distance": 0.0,
          "axial_gap": 0.0,
          "alignment": 1.0,
          "roll_alignment": 1.0,
          "entry_face_gap": 0.0,
          "penetration": 28.0
        }
      },
      {
        "instances": [
          25,
          33
        ],
        "status": "potential",
        "kinds": [
          "stud",
          "stud_receptacle"
        ],
        "sources": [
          "ldcad_shadow",
          "heuristic"
        ],
        "confidence": [
          1.0,
          0.8
        ],
        "feature_ids": [
          "s/3008s01@R0/stug-1x8@R1/stud@R4/studC",
          "s/3009s01@R0/snap_cyl@L8:I2"
        ],
        "residual": {
          "distance": 0.0,
          "axial_gap": 0.0,
          "alignment": 1.0,
          "roll_alignment": 1.0,
          "entry_face_gap": 0.0,
          "penetration": 28.0
        }
      },
      {
        "instances": [
          25,
          33
        ],
        "status": "potential",
        "kinds": [
          "stud",
          "stud_receptacle"
        ],
        "sources": [
          "ldcad_shadow",
          "heuristic"
        ],
        "confidence": [
          1.0,
          0.8
        ],
        "feature_ids": [
          "s/3008s01@R0/stug-1x8@R1/stud@R5/studC",
          "s/3009s01@R0/snap_cyl@L8:I3"
        ],
        "residual": {
          "distance": 0.0,
          "axial_gap": 0.0,
          "alignment": 1.0,
          "roll_alignment": 1.0,
          "entry_face_gap": 0.0,
          "penetration": 28.0
        }
      },
      {
        "instances": [
          25,
          33
        ],
        "status": "potential",
        "kinds": [
          "stud",
          "stud_receptacle"
        ],
        "sources": [
          "ldcad_shadow",
          "heuristic"
        ],
        "confidence": [
          1.0,
          0.8
        ],
        "feature_ids": [
          "s/3008s01@R0/stug-1x8@R1/stud@R6/studC",
          "s/3009s01@R0/snap_cyl@L8:I4"
        ],
        "residual": {
          "distance": 0.0,
          "axial_gap": 0.0,
          "alignment": 1.0,
          "roll_alignment": 1.0,
          "entry_face_gap": 0.0,
          "penetration": 28.0
        }
      },
      {
        "instances": [
          25,
          33
        ],
        "status": "potential",
        "kinds": [
          "stud",
          "stud_receptacle"
        ],
        "sources": [
          "ldcad_shadow",
          "heuristic"
        ],
        "confidence": [
          1.0,
          0.8
        ],
        "feature_ids": [
          "s/3008s01@R0/stug-1x8@R1/stud@R7/studC",
          "s/3009s01@R0/snap_cyl@L8:I5"
        ],
        "residual": {
          "distance": 0.0,
          "axial_gap": 0.0,
          "alignment": 1.0,
          "roll_alignment": 1.0,
          "entry_face_gap": 0.0,
          "penetration": 28.0
        }
      },
      {
        "instances": [
          26,
          35
        ],
        "status": "confirmed",
        "kinds": [
          "stud",
          "stud_receptacle"
        ],
        "sources": [
          "ldcad_shadow",
          "ldcad_shadow"
        ],
        "confidence": [
          1.0,
          1.0
        ],
        "feature_ids": [
          "s/3004s01@R0/stud@R3/studC",
          "snap_cyl@L8:I5"
        ],
        "residual": {
          "distance": 0.0,
          "axial_gap": 0.0,
          "alignment": 1.0,
          "roll_alignment": 1.0,
          "entry_face_gap": 0.0,
          "penetration": 12.0
        }
      },
      {
        "instances": [
          26,
          35
        ],
        "status": "confirmed",
        "kinds": [
          "stud",
          "stud_receptacle"
        ],
        "sources": [
          "ldcad_shadow",
          "ldcad_shadow"
        ],
        "confidence": [
          1.0,
          1.0
        ],
        "feature_ids": [
          "s/3004s01@R0/stud@R4/studC",
          "snap_cyl@L8:I3"
        ],
        "residual": {
          "distance": 0.0,
          "axial_gap": 0.0,
          "alignment": 1.0,
          "roll_alignment": 1.0,
          "entry_face_gap": 0.0,
          "penetration": 12.0
        }
      },
      {
        "instances": [
          27,
          35
        ],
        "status": "confirmed",
        "kinds": [
          "stud",
          "stud_receptacle"
        ],
        "sources": [
          "ldcad_shadow",
          "ldcad_shadow"
        ],
        "confidence": [
          1.0,
          1.0
        ],
        "feature_ids": [
          "s/3008s01@R0/stug-1x8@R1/stud@R0/studC",
          "snap_cyl@L8:I7"
        ],
        "residual": {
          "distance": 0.0,
          "axial_gap": 0.0,
          "alignment": 1.0,
          "roll_alignment": 1.0,
          "entry_face_gap": 0.0,
          "penetration": 12.0
        }
      },
      {
        "instances": [
          27,
          35
        ],
        "status": "confirmed",
        "kinds": [
          "stud",
          "stud_receptacle"
        ],
        "sources": [
          "ldcad_shadow",
          "ldcad_shadow"
        ],
        "confidence": [
          1.0,
          1.0
        ],
        "feature_ids": [
          "s/3008s01@R0/stug-1x8@R1/stud@R1/studC",
          "snap_cyl@L8:I9"
        ],
        "residual": {
          "distance": 0.0,
          "axial_gap": 0.0,
          "alignment": 1.0,
          "roll_alignment": 1.0,
          "entry_face_gap": 0.0,
          "penetration": 12.0
        }
      },
      {
        "instances": [
          27,
          35
        ],
        "status": "confirmed",
        "kinds": [
          "stud",
          "stud_receptacle"
        ],
        "sources": [
          "ldcad_shadow",
          "ldcad_shadow"
        ],
        "confidence": [
          1.0,
          1.0
        ],
        "feature_ids": [
          "s/3008s01@R0/stug-1x8@R1/stud@R2/studC",
          "snap_cyl@L8:I11"
        ],
        "residual": {
          "distance": 0.0,
          "axial_gap": 0.0,
          "alignment": 1.0,
          "roll_alignment": 1.0,
          "entry_face_gap": 0.0,
          "penetration": 12.0
        }
      },
      {
        "instances": [
          27,
          35
        ],
        "status": "confirmed",
        "kinds": [
          "stud",
          "stud_receptacle"
        ],
        "sources": [
          "ldcad_shadow",
          "ldcad_shadow"
        ],
        "confidence": [
          1.0,
          1.0
        ],
        "feature_ids": [
          "s/3008s01@R0/stug-1x8@R1/stud@R3/studC",
          "snap_cyl@L8:I13"
        ],
        "residual": {
          "distance": 0.0,
          "axial_gap": 0.0,
          "alignment": 1.0,
          "roll_alignment": 1.0,
          "entry_face_gap": 0.0,
          "penetration": 12.0
        }
      },
      {
        "instances": [
          27,
          35
        ],
        "status": "confirmed",
        "kinds": [
          "stud",
          "stud_receptacle"
        ],
        "sources": [
          "ldcad_shadow",
          "ldcad_shadow"
        ],
        "confidence": [
          1.0,
          1.0
        ],
        "feature_ids": [
          "s/3008s01@R0/stug-1x8@R1/stud@R4/studC",
          "snap_cyl@L8:I15"
        ],
        "residual": {
          "distance": 0.0,
          "axial_gap": 0.0,
          "alignment": 1.0,
          "roll_alignment": 1.0,
          "entry_face_gap": 0.0,
          "penetration": 12.0
        }
      },
      {
        "instances": [
          27,
          36
        ],
        "status": "confirmed",
        "kinds": [
          "stud",
          "stud_receptacle"
        ],
        "sources": [
          "ldcad_shadow",
          "ldcad_shadow"
        ],
        "confidence": [
          1.0,
          1.0
        ],
        "feature_ids": [
          "s/3008s01@R0/stug-1x8@R1/stud@R5/studC",
          "snap_cyl@L8:I1"
        ],
        "residual": {
          "distance": 0.0,
          "axial_gap": 0.0,
          "alignment": 1.0,
          "roll_alignment": 1.0,
          "entry_face_gap": 0.0,
          "penetration": 12.0
        }
      },
      {
        "instances": [
          27,
          36
        ],
        "status": "confirmed",
        "kinds": [
          "stud",
          "stud_receptacle"
        ],
        "sources": [
          "ldcad_shadow",
          "ldcad_shadow"
        ],
        "confidence": [
          1.0,
          1.0
        ],
        "feature_ids": [
          "s/3008s01@R0/stug-1x8@R1/stud@R6/studC",
          "snap_cyl@L8:I3"
        ],
        "residual": {
          "distance": 0.0,
          "axial_gap": 0.0,
          "alignment": 1.0,
          "roll_alignment": 1.0,
          "entry_face_gap": 0.0,
          "penetration": 12.0
        }
      },
      {
        "instances": [
          27,
          36
        ],
        "status": "confirmed",
        "kinds": [
          "stud",
          "stud_receptacle"
        ],
        "sources": [
          "ldcad_shadow",
          "ldcad_shadow"
        ],
        "confidence": [
          1.0,
          1.0
        ],
        "feature_ids": [
          "s/3008s01@R0/stug-1x8@R1/stud@R7/studC",
          "snap_cyl@L8:I5"
        ],
        "residual": {
          "distance": 0.0,
          "axial_gap": 0.0,
          "alignment": 1.0,
          "roll_alignment": 1.0,
          "entry_face_gap": 0.0,
          "penetration": 12.0
        }
      },
      {
        "instances": [
          28,
          39
        ],
        "status": "confirmed",
        "kinds": [
          "stud",
          "stud_receptacle"
        ],
        "sources": [
          "ldcad_shadow",
          "ldcad_shadow"
        ],
        "confidence": [
          1.0,
          1.0
        ],
        "feature_ids": [
          "s/3008s01@R0/stug-1x8@R1/stud@R0/studC",
          "snap_cyl@L8:I1"
        ],
        "residual": {
          "distance": 0.0,
          "axial_gap": 0.0,
          "alignment": 1.0,
          "roll_alignment": 1.0,
          "entry_face_gap": 0.0,
          "penetration": 12.0
        }
      },
      {
        "instances": [
          28,
          39
        ],
        "status": "confirmed",
        "kinds": [
          "stud",
          "stud_receptacle"
        ],
        "sources": [
          "ldcad_shadow",
          "ldcad_shadow"
        ],
        "confidence": [
          1.0,
          1.0
        ],
        "feature_ids": [
          "s/3008s01@R0/stug-1x8@R1/stud@R1/studC",
          "snap_cyl@L8:I3"
        ],
        "residual": {
          "distance": 0.0,
          "axial_gap": 0.0,
          "alignment": 1.0,
          "roll_alignment": 1.0,
          "entry_face_gap": 0.0,
          "penetration": 12.0
        }
      },
      {
        "instances": [
          28,
          39
        ],
        "status": "confirmed",
        "kinds": [
          "stud",
          "stud_receptacle"
        ],
        "sources": [
          "ldcad_shadow",
          "ldcad_shadow"
        ],
        "confidence": [
          1.0,
          1.0
        ],
        "feature_ids": [
          "s/3008s01@R0/stug-1x8@R1/stud@R2/studC",
          "snap_cyl@L8:I5"
        ],
        "residual": {
          "distance": 0.0,
          "axial_gap": 0.0,
          "alignment": 1.0,
          "roll_alignment": 1.0,
          "entry_face_gap": 0.0,
          "penetration": 12.0
        }
      },
      {
        "instances": [
          28,
          39
        ],
        "status": "confirmed",
        "kinds": [
          "stud",
          "stud_receptacle"
        ],
        "sources": [
          "ldcad_shadow",
          "ldcad_shadow"
        ],
        "confidence": [
          1.0,
          1.0
        ],
        "feature_ids": [
          "s/3008s01@R0/stug-1x8@R1/stud@R3/studC",
          "snap_cyl@L8:I7"
        ],
        "residual": {
          "distance": 0.0,
          "axial_gap": 0.0,
          "alignment": 1.0,
          "roll_alignment": 1.0,
          "entry_face_gap": 0.0,
          "penetration": 12.0
        }
      },
      {
        "instances": [
          28,
          39
        ],
        "status": "confirmed",
        "kinds": [
          "stud",
          "stud_receptacle"
        ],
        "sources": [
          "ldcad_shadow",
          "ldcad_shadow"
        ],
        "confidence": [
          1.0,
          1.0
        ],
        "feature_ids": [
          "s/3008s01@R0/stug-1x8@R1/stud@R4/studC",
          "snap_cyl@L8:I9"
        ],
        "residual": {
          "distance": 0.0,
          "axial_gap": 0.0,
          "alignment": 1.0,
          "roll_alignment": 1.0,
          "entry_face_gap": 0.0,
          "penetration": 12.0
        }
      },
      {
        "instances": [
          28,
          39
        ],
        "status": "confirmed",
        "kinds": [
          "stud",
          "stud_receptacle"
        ],
        "sources": [
          "ldcad_shadow",
          "ldcad_shadow"
        ],
        "confidence": [
          1.0,
          1.0
        ],
        "feature_ids": [
          "s/3008s01@R0/stug-1x8@R1/stud@R5/studC",
          "snap_cyl@L8:I11"
        ],
        "residual": {
          "distance": 0.0,
          "axial_gap": 0.0,
          "alignment": 1.0,
          "roll_alignment": 1.0,
          "entry_face_gap": 0.0,
          "penetration": 12.0
        }
      },
      {
        "instances": [
          28,
          39
        ],
        "status": "confirmed",
        "kinds": [
          "stud",
          "stud_receptacle"
        ],
        "sources": [
          "ldcad_shadow",
          "ldcad_shadow"
        ],
        "confidence": [
          1.0,
          1.0
        ],
        "feature_ids": [
          "s/3008s01@R0/stug-1x8@R1/stud@R6/studC",
          "snap_cyl@L8:I13"
        ],
        "residual": {
          "distance": 0.0,
          "axial_gap": 0.0,
          "alignment": 1.0,
          "roll_alignment": 1.0,
          "entry_face_gap": 0.0,
          "penetration": 12.0
        }
      },
      {
        "instances": [
          28,
          39
        ],
        "status": "confirmed",
        "kinds": [
          "stud",
          "stud_receptacle"
        ],
        "sources": [
          "ldcad_shadow",
          "ldcad_shadow"
        ],
        "confidence": [
          1.0,
          1.0
        ],
        "feature_ids": [
          "s/3008s01@R0/stug-1x8@R1/stud@R7/studC",
          "snap_cyl@L8:I15"
        ],
        "residual": {
          "distance": 0.0,
          "axial_gap": 0.0,
          "alignment": 1.0,
          "roll_alignment": 1.0,
          "entry_face_gap": 0.0,
          "penetration": 12.0
        }
      },
      {
        "instances": [
          29,
          41
        ],
        "status": "confirmed",
        "kinds": [
          "stud",
          "stud_receptacle"
        ],
        "sources": [
          "ldcad_shadow",
          "ldcad_shadow"
        ],
        "confidence": [
          1.0,
          1.0
        ],
        "feature_ids": [
          "s/3004s01@R0/stud@R3/studC",
          "snap_cyl@L8:I14"
        ],
        "residual": {
          "distance": 0.0,
          "axial_gap": 0.0,
          "alignment": 1.0,
          "roll_alignment": 1.0,
          "entry_face_gap": 0.0,
          "penetration": 12.0
        }
      },
      {
        "instances": [
          29,
          41
        ],
        "status": "confirmed",
        "kinds": [
          "stud",
          "stud_receptacle"
        ],
        "sources": [
          "ldcad_shadow",
          "ldcad_shadow"
        ],
        "confidence": [
          1.0,
          1.0
        ],
        "feature_ids": [
          "s/3004s01@R0/stud@R4/studC",
          "snap_cyl@L8:I12"
        ],
        "residual": {
          "distance": 0.0,
          "axial_gap": 0.0,
          "alignment": 1.0,
          "roll_alignment": 1.0,
          "entry_face_gap": 0.0,
          "penetration": 12.0
        }
      },
      {
        "instances": [
          30,
          41
        ],
        "status": "confirmed",
        "kinds": [
          "stud",
          "stud_receptacle"
        ],
        "sources": [
          "ldcad_shadow",
          "ldcad_shadow"
        ],
        "confidence": [
          1.0,
          1.0
        ],
        "feature_ids": [
          "s/3008s01@R0/stug-1x8@R1/stud@R2/studC",
          "snap_cyl@L8:I0"
        ],
        "residual": {
          "distance": 0.0,
          "axial_gap": 0.0,
          "alignment": 1.0,
          "roll_alignment": 1.0,
          "entry_face_gap": 0.0,
          "penetration": 12.0
        }
      },
      {
        "instances": [
          30,
          41
        ],
        "status": "confirmed",
        "kinds": [
          "stud",
          "stud_receptacle"
        ],
        "sources": [
          "ldcad_shadow",
          "ldcad_shadow"
        ],
        "confidence": [
          1.0,
          1.0
        ],
        "feature_ids": [
          "s/3008s01@R0/stug-1x8@R1/stud@R3/studC",
          "snap_cyl@L8:I2"
        ],
        "residual": {
          "distance": 0.0,
          "axial_gap": 0.0,
          "alignment": 1.0,
          "roll_alignment": 1.0,
          "entry_face_gap": 0.0,
          "penetration": 12.0
        }
      },
      {
        "instances": [
          30,
          41
        ],
        "status": "confirmed",
        "kinds": [
          "stud",
          "stud_receptacle"
        ],
        "sources": [
          "ldcad_shadow",
          "ldcad_shadow"
        ],
        "confidence": [
          1.0,
          1.0
        ],
        "feature_ids": [
          "s/3008s01@R0/stug-1x8@R1/stud@R4/studC",
          "snap_cyl@L8:I4"
        ],
        "residual": {
          "distance": 0.0,
          "axial_gap": 0.0,
          "alignment": 1.0,
          "roll_alignment": 1.0,
          "entry_face_gap": 0.0,
          "penetration": 12.0
        }
      },
      {
        "instances": [
          30,
          41
        ],
        "status": "confirmed",
        "kinds": [
          "stud",
          "stud_receptacle"
        ],
        "sources": [
          "ldcad_shadow",
          "ldcad_shadow"
        ],
        "confidence": [
          1.0,
          1.0
        ],
        "feature_ids": [
          "s/3008s01@R0/stug-1x8@R1/stud@R5/studC",
          "snap_cyl@L8:I6"
        ],
        "residual": {
          "distance": 0.0,
          "axial_gap": 0.0,
          "alignment": 1.0,
          "roll_alignment": 1.0,
          "entry_face_gap": 0.0,
          "penetration": 12.0
        }
      },
      {
        "instances": [
          30,
          41
        ],
        "status": "confirmed",
        "kinds": [
          "stud",
          "stud_receptacle"
        ],
        "sources": [
          "ldcad_shadow",
          "ldcad_shadow"
        ],
        "confidence": [
          1.0,
          1.0
        ],
        "feature_ids": [
          "s/3008s01@R0/stug-1x8@R1/stud@R6/studC",
          "snap_cyl@L8:I8"
        ],
        "residual": {
          "distance": 0.0,
          "axial_gap": 0.0,
          "alignment": 1.0,
          "roll_alignment": 1.0,
          "entry_face_gap": 0.0,
          "penetration": 12.0
        }
      },
      {
        "instances": [
          30,
          41
        ],
        "status": "confirmed",
        "kinds": [
          "stud",
          "stud_receptacle"
        ],
        "sources": [
          "ldcad_shadow",
          "ldcad_shadow"
        ],
        "confidence": [
          1.0,
          1.0
        ],
        "feature_ids": [
          "s/3008s01@R0/stug-1x8@R1/stud@R7/studC",
          "snap_cyl@L8:I10"
        ],
        "residual": {
          "distance": 0.0,
          "axial_gap": 0.0,
          "alignment": 1.0,
          "roll_alignment": 1.0,
          "entry_face_gap": 0.0,
          "penetration": 12.0
        }
      },
      {
        "instances": [
          30,
          42
        ],
        "status": "confirmed",
        "kinds": [
          "stud",
          "stud_receptacle"
        ],
        "sources": [
          "ldcad_shadow",
          "ldcad_shadow"
        ],
        "confidence": [
          1.0,
          1.0
        ],
        "feature_ids": [
          "s/3008s01@R0/stug-1x8@R1/stud@R0/studC",
          "snap_cyl@L9:I1"
        ],
        "residual": {
          "distance": 0.0,
          "axial_gap": 0.0,
          "alignment": 1.0,
          "roll_alignment": 1.0,
          "entry_face_gap": 0.0,
          "penetration": 12.0
        }
      },
      {
        "instances": [
          30,
          42
        ],
        "status": "confirmed",
        "kinds": [
          "stud",
          "stud_receptacle"
        ],
        "sources": [
          "ldcad_shadow",
          "ldcad_shadow"
        ],
        "confidence": [
          1.0,
          1.0
        ],
        "feature_ids": [
          "s/3008s01@R0/stug-1x8@R1/stud@R1/studC",
          "snap_cyl@L9:I0"
        ],
        "residual": {
          "distance": 0.0,
          "axial_gap": 0.0,
          "alignment": 1.0,
          "roll_alignment": 1.0,
          "entry_face_gap": 0.0,
          "penetration": 12.0
        }
      },
      {
        "instances": [
          31,
          37
        ],
        "status": "confirmed",
        "kinds": [
          "stud",
          "stud_receptacle"
        ],
        "sources": [
          "ldcad_shadow",
          "ldcad_shadow"
        ],
        "confidence": [
          1.0,
          1.0
        ],
        "feature_ids": [
          "s/3622s01@R0/stug-1x3@R0/stud@R0/studC",
          "snap_cyl@L8:I2"
        ],
        "residual": {
          "distance": 0.0,
          "axial_gap": 0.0,
          "alignment": 1.0,
          "roll_alignment": 1.0,
          "entry_face_gap": 0.0,
          "penetration": 12.0
        }
      },
      {
        "instances": [
          31,
          40
        ],
        "status": "confirmed",
        "kinds": [
          "stud",
          "stud_receptacle"
        ],
        "sources": [
          "ldcad_shadow",
          "ldcad_shadow"
        ],
        "confidence": [
          1.0,
          1.0
        ],
        "feature_ids": [
          "s/3622s01@R0/stug-1x3@R0/stud@R1/studC",
          "snap_cyl@L9:I3"
        ],
        "residual": {
          "distance": 0.0,
          "axial_gap": 0.0,
          "alignment": 1.0,
          "roll_alignment": 1.0,
          "entry_face_gap": 0.0,
          "penetration": 12.0
        }
      },
      {
        "instances": [
          31,
          40
        ],
        "status": "confirmed",
        "kinds": [
          "stud",
          "stud_receptacle"
        ],
        "sources": [
          "ldcad_shadow",
          "ldcad_shadow"
        ],
        "confidence": [
          1.0,
          1.0
        ],
        "feature_ids": [
          "s/3622s01@R0/stug-1x3@R0/stud@R2/studC",
          "snap_cyl@L9:I2"
        ],
        "residual": {
          "distance": 0.0,
          "axial_gap": 0.0,
          "alignment": 1.0,
          "roll_alignment": 1.0,
          "entry_face_gap": 0.0,
          "penetration": 12.0
        }
      },
      {
        "instances": [
          32,
          37
        ],
        "status": "confirmed",
        "kinds": [
          "stud",
          "stud_receptacle"
        ],
        "sources": [
          "ldcad_shadow",
          "ldcad_shadow"
        ],
        "confidence": [
          1.0,
          1.0
        ],
        "feature_ids": [
          "s/3004s01@R0/stud@R3/studC",
          "snap_cyl@L8:I6"
        ],
        "residual": {
          "distance": 0.0,
          "axial_gap": 0.0,
          "alignment": 1.0,
          "roll_alignment": 1.0,
          "entry_face_gap": 0.0,
          "penetration": 12.0
        }
      },
      {
        "instances": [
          32,
          37
        ],
        "status": "confirmed",
        "kinds": [
          "stud",
          "stud_receptacle"
        ],
        "sources": [
          "ldcad_shadow",
          "ldcad_shadow"
        ],
        "confidence": [
          1.0,
          1.0
        ],
        "feature_ids": [
          "s/3004s01@R0/stud@R4/studC",
          "snap_cyl@L8:I4"
        ],
        "residual": {
          "distance": 0.0,
          "axial_gap": 0.0,
          "alignment": 1.0,
          "roll_alignment": 1.0,
          "entry_face_gap": 0.0,
          "penetration": 12.0
        }
      },
      {
        "instances": [
          33,
          37
        ],
        "status": "confirmed",
        "kinds": [
          "stud",
          "stud_receptacle"
        ],
        "sources": [
          "ldcad_shadow",
          "ldcad_shadow"
        ],
        "confidence": [
          1.0,
          1.0
        ],
        "feature_ids": [
          "s/3009s01@R0/stud@R10/studC",
          "snap_cyl@L8:I10"
        ],
        "residual": {
          "distance": 0.0,
          "axial_gap": 0.0,
          "alignment": 1.0,
          "roll_alignment": 1.0,
          "entry_face_gap": 0.0,
          "penetration": 12.0
        }
      },
      {
        "instances": [
          33,
          37
        ],
        "status": "confirmed",
        "kinds": [
          "stud",
          "stud_receptacle"
        ],
        "sources": [
          "ldcad_shadow",
          "ldcad_shadow"
        ],
        "confidence": [
          1.0,
          1.0
        ],
        "feature_ids": [
          "s/3009s01@R0/stud@R11/studC",
          "snap_cyl@L8:I8"
        ],
        "residual": {
          "distance": 0.0,
          "axial_gap": 0.0,
          "alignment": 1.0,
          "roll_alignment": 1.0,
          "entry_face_gap": 0.0,
          "penetration": 12.0
        }
      },
      {
        "instances": [
          33,
          37
        ],
        "status": "confirmed",
        "kinds": [
          "stud",
          "stud_receptacle"
        ],
        "sources": [
          "ldcad_shadow",
          "ldcad_shadow"
        ],
        "confidence": [
          1.0,
          1.0
        ],
        "feature_ids": [
          "s/3009s01@R0/stud@R8/studC",
          "snap_cyl@L8:I14"
        ],
        "residual": {
          "distance": 0.0,
          "axial_gap": 0.0,
          "alignment": 1.0,
          "roll_alignment": 1.0,
          "entry_face_gap": 0.0,
          "penetration": 12.0
        }
      },
      {
        "instances": [
          33,
          37
        ],
        "status": "confirmed",
        "kinds": [
          "stud",
          "stud_receptacle"
        ],
        "sources": [
          "ldcad_shadow",
          "ldcad_shadow"
        ],
        "confidence": [
          1.0,
          1.0
        ],
        "feature_ids": [
          "s/3009s01@R0/stud@R9/studC",
          "snap_cyl@L8:I12"
        ],
        "residual": {
          "distance": 0.0,
          "axial_gap": 0.0,
          "alignment": 1.0,
          "roll_alignment": 1.0,
          "entry_face_gap": 0.0,
          "penetration": 12.0
        }
      },
      {
        "instances": [
          33,
          38
        ],
        "status": "confirmed",
        "kinds": [
          "stud",
          "stud_receptacle"
        ],
        "sources": [
          "ldcad_shadow",
          "ldcad_shadow"
        ],
        "confidence": [
          1.0,
          1.0
        ],
        "feature_ids": [
          "s/3009s01@R0/stud@R6/studC",
          "snap_cyl@L8:I2"
        ],
        "residual": {
          "distance": 0.0,
          "axial_gap": 0.0,
          "alignment": 1.0,
          "roll_alignment": 1.0,
          "entry_face_gap": 0.0,
          "penetration": 12.0
        }
      },
      {
        "instances": [
          33,
          38
        ],
        "status": "confirmed",
        "kinds": [
          "stud",
          "stud_receptacle"
        ],
        "sources": [
          "ldcad_shadow",
          "ldcad_shadow"
        ],
        "confidence": [
          1.0,
          1.0
        ],
        "feature_ids": [
          "s/3009s01@R0/stud@R7/studC",
          "snap_cyl@L8:I0"
        ],
        "residual": {
          "distance": 0.0,
          "axial_gap": 0.0,
          "alignment": 1.0,
          "roll_alignment": 1.0,
          "entry_face_gap": 0.0,
          "penetration": 12.0
        }
      },
      {
        "instances": [
          34,
          38
        ],
        "status": "confirmed",
        "kinds": [
          "stud",
          "stud_receptacle"
        ],
        "sources": [
          "ldcad_shadow",
          "ldcad_shadow"
        ],
        "confidence": [
          1.0,
          1.0
        ],
        "feature_ids": [
          "s/3005s01@R0/stud@R0/studC",
          "snap_cyl@L8:I4"
        ],
        "residual": {
          "distance": 0.0,
          "axial_gap": 0.0,
          "alignment": 1.0,
          "roll_alignment": 1.0,
          "entry_face_gap": 0.0,
          "penetration": 12.0
        }
      },
      {
        "instances": [
          35,
          43
        ],
        "status": "confirmed",
        "kinds": [
          "stud",
          "stud_receptacle"
        ],
        "sources": [
          "ldcad_shadow",
          "ldcad_shadow"
        ],
        "confidence": [
          1.0,
          1.0
        ],
        "feature_ids": [
          "stud@R10/studC",
          "snap_cyl@L8:I37"
        ],
        "residual": {
          "distance": 0.0,
          "axial_gap": 0.0,
          "alignment": 1.0,
          "roll_alignment": 1.0,
          "entry_face_gap": 0.0,
          "penetration": 12.0
        }
      },
      {
        "instances": [
          35,
          43
        ],
        "status": "confirmed",
        "kinds": [
          "stud",
          "stud_receptacle"
        ],
        "sources": [
          "ldcad_shadow",
          "ldcad_shadow"
        ],
        "confidence": [
          1.0,
          1.0
        ],
        "feature_ids": [
          "stud@R11/studC",
          "snap_cyl@L8:I31"
        ],
        "residual": {
          "distance": 0.0,
          "axial_gap": 0.0,
          "alignment": 1.0,
          "roll_alignment": 1.0,
          "entry_face_gap": 0.0,
          "penetration": 12.0
        }
      },
      {
        "instances": [
          35,
          43
        ],
        "status": "confirmed",
        "kinds": [
          "stud",
          "stud_receptacle"
        ],
        "sources": [
          "ldcad_shadow",
          "ldcad_shadow"
        ],
        "confidence": [
          1.0,
          1.0
        ],
        "feature_ids": [
          "stud@R12/studC",
          "snap_cyl@L8:I25"
        ],
        "residual": {
          "distance": 0.0,
          "axial_gap": 0.0,
          "alignment": 1.0,
          "roll_alignment": 1.0,
          "entry_face_gap": 0.0,
          "penetration": 12.0
        }
      },
      {
        "instances": [
          35,
          43
        ],
        "status": "confirmed",
        "kinds": [
          "stud",
          "stud_receptacle"
        ],
        "sources": [
          "ldcad_shadow",
          "ldcad_shadow"
        ],
        "confidence": [
          1.0,
          1.0
        ],
        "feature_ids": [
          "stud@R13/studC",
          "snap_cyl@L8:I19"
        ],
        "residual": {
          "distance": 0.0,
          "axial_gap": 0.0,
          "alignment": 1.0,
          "roll_alignment": 1.0,
          "entry_face_gap": 0.0,
          "penetration": 12.0
        }
      },
      {
        "instances": [
          35,
          43
        ],
        "status": "confirmed",
        "kinds": [
          "stud",
          "stud_receptacle"
        ],
        "sources": [
          "ldcad_shadow",
          "ldcad_shadow"
        ],
        "confidence": [
          1.0,
          1.0
        ],
        "feature_ids": [
          "stud@R14/studC",
          "snap_cyl@L8:I13"
        ],
        "residual": {
          "distance": 0.0,
          "axial_gap": 0.0,
          "alignment": 1.0,
          "roll_alignment": 1.0,
          "entry_face_gap": 0.0,
          "penetration": 12.0
        }
      },
      {
        "instances": [
          35,
          43
        ],
        "status": "confirmed",
        "kinds": [
          "stud",
          "stud_receptacle"
        ],
        "sources": [
          "ldcad_shadow",
          "ldcad_shadow"
        ],
        "confidence": [
          1.0,
          1.0
        ],
        "feature_ids": [
          "stud@R15/studC",
          "snap_cyl@L8:I7"
        ],
        "residual": {
          "distance": 0.0,
          "axial_gap": 0.0,
          "alignment": 1.0,
          "roll_alignment": 1.0,
          "entry_face_gap": 0.0,
          "penetration": 12.0
        }
      },
      {
        "instances": [
          35,
          43
        ],
        "status": "confirmed",
        "kinds": [
          "stud",
          "stud_receptacle"
        ],
        "sources": [
          "ldcad_shadow",
          "ldcad_shadow"
        ],
        "confidence": [
          1.0,
          1.0
        ],
        "feature_ids": [
          "stud@R16/studC",
          "snap_cyl@L8:I1"
        ],
        "residual": {
          "distance": 0.0,
          "axial_gap": 0.0,
          "alignment": 1.0,
          "roll_alignment": 1.0,
          "entry_face_gap": 0.0,
          "penetration": 12.0
        }
      },
      {
        "instances": [
          35,
          43
        ],
        "status": "confirmed",
        "kinds": [
          "stud",
          "stud_receptacle"
        ],
        "sources": [
          "ldcad_shadow",
          "ldcad_shadow"
        ],
        "confidence": [
          1.0,
          1.0
        ],
        "feature_ids": [
          "stud@R17/studC",
          "snap_cyl@L8:I42"
        ],
        "residual": {
          "distance": 0.0,
          "axial_gap": 0.0,
          "alignment": 1.0,
          "roll_alignment": 1.0,
          "entry_face_gap": 0.0,
          "penetration": 12.0
        }
      },
      {
        "instances": [
          35,
          43
        ],
        "status": "confirmed",
        "kinds": [
          "stud",
          "stud_receptacle"
        ],
        "sources": [
          "ldcad_shadow",
          "ldcad_shadow"
        ],
        "confidence": [
          1.0,
          1.0
        ],
        "feature_ids": [
          "stud@R18/studC",
          "snap_cyl@L8:I36"
        ],
        "residual": {
          "distance": 0.0,
          "axial_gap": 0.0,
          "alignment": 1.0,
          "roll_alignment": 1.0,
          "entry_face_gap": 0.0,
          "penetration": 12.0
        }
      },
      {
        "instances": [
          35,
          43
        ],
        "status": "confirmed",
        "kinds": [
          "stud",
          "stud_receptacle"
        ],
        "sources": [
          "ldcad_shadow",
          "ldcad_shadow"
        ],
        "confidence": [
          1.0,
          1.0
        ],
        "feature_ids": [
          "stud@R19/studC",
          "snap_cyl@L8:I30"
        ],
        "residual": {
          "distance": 0.0,
          "axial_gap": 0.0,
          "alignment": 1.0,
          "roll_alignment": 1.0,
          "entry_face_gap": 0.0,
          "penetration": 12.0
        }
      },
      {
        "instances": [
          35,
          43
        ],
        "status": "confirmed",
        "kinds": [
          "stud",
          "stud_receptacle"
        ],
        "sources": [
          "ldcad_shadow",
          "ldcad_shadow"
        ],
        "confidence": [
          1.0,
          1.0
        ],
        "feature_ids": [
          "stud@R20/studC",
          "snap_cyl@L8:I24"
        ],
        "residual": {
          "distance": 0.0,
          "axial_gap": 0.0,
          "alignment": 1.0,
          "roll_alignment": 1.0,
          "entry_face_gap": 0.0,
          "penetration": 12.0
        }
      },
      {
        "instances": [
          35,
          43
        ],
        "status": "confirmed",
        "kinds": [
          "stud",
          "stud_receptacle"
        ],
        "sources": [
          "ldcad_shadow",
          "ldcad_shadow"
        ],
        "confidence": [
          1.0,
          1.0
        ],
        "feature_ids": [
          "stud@R21/studC",
          "snap_cyl@L8:I18"
        ],
        "residual": {
          "distance": 0.0,
          "axial_gap": 0.0,
          "alignment": 1.0,
          "roll_alignment": 1.0,
          "entry_face_gap": 0.0,
          "penetration": 12.0
        }
      },
      {
        "instances": [
          35,
          43
        ],
        "status": "confirmed",
        "kinds": [
          "stud",
          "stud_receptacle"
        ],
        "sources": [
          "ldcad_shadow",
          "ldcad_shadow"
        ],
        "confidence": [
          1.0,
          1.0
        ],
        "feature_ids": [
          "stud@R22/studC",
          "snap_cyl@L8:I12"
        ],
        "residual": {
          "distance": 0.0,
          "axial_gap": 0.0,
          "alignment": 1.0,
          "roll_alignment": 1.0,
          "entry_face_gap": 0.0,
          "penetration": 12.0
        }
      },
      {
        "instances": [
          35,
          43
        ],
        "status": "confirmed",
        "kinds": [
          "stud",
          "stud_receptacle"
        ],
        "sources": [
          "ldcad_shadow",
          "ldcad_shadow"
        ],
        "confidence": [
          1.0,
          1.0
        ],
        "feature_ids": [
          "stud@R23/studC",
          "snap_cyl@L8:I6"
        ],
        "residual": {
          "distance": 0.0,
          "axial_gap": 0.0,
          "alignment": 1.0,
          "roll_alignment": 1.0,
          "entry_face_gap": 0.0,
          "penetration": 12.0
        }
      },
      {
        "instances": [
          35,
          43
        ],
        "status": "confirmed",
        "kinds": [
          "stud",
          "stud_receptacle"
        ],
        "sources": [
          "ldcad_shadow",
          "ldcad_shadow"
        ],
        "confidence": [
          1.0,
          1.0
        ],
        "feature_ids": [
          "stud@R24/studC",
          "snap_cyl@L8:I0"
        ],
        "residual": {
          "distance": 0.0,
          "axial_gap": 0.0,
          "alignment": 1.0,
          "roll_alignment": 1.0,
          "entry_face_gap": 0.0,
          "penetration": 12.0
        }
      },
      {
        "instances": [
          35,
          43
        ],
        "status": "confirmed",
        "kinds": [
          "stud",
          "stud_receptacle"
        ],
        "sources": [
          "ldcad_shadow",
          "ldcad_shadow"
        ],
        "confidence": [
          1.0,
          1.0
        ],
        "feature_ids": [
          "stud@R9/studC",
          "snap_cyl@L8:I43"
        ],
        "residual": {
          "distance": 0.0,
          "axial_gap": 0.0,
          "alignment": 1.0,
          "roll_alignment": 1.0,
          "entry_face_gap": 0.0,
          "penetration": 12.0
        }
      },
      {
        "instances": [
          36,
          43
        ],
        "status": "confirmed",
        "kinds": [
          "stud",
          "stud_receptacle"
        ],
        "sources": [
          "ldcad_shadow",
          "ldcad_shadow"
        ],
        "confidence": [
          1.0,
          1.0
        ],
        "feature_ids": [
          "stud@R10/studC",
          "snap_cyl@L8:I60"
        ],
        "residual": {
          "distance": 0.0,
          "axial_gap": 0.0,
          "alignment": 1.0,
          "roll_alignment": 1.0,
          "entry_face_gap": 0.0,
          "penetration": 12.0
        }
      },
      {
        "instances": [
          36,
          43
        ],
        "status": "confirmed",
        "kinds": [
          "stud",
          "stud_receptacle"
        ],
        "sources": [
          "ldcad_shadow",
          "ldcad_shadow"
        ],
        "confidence": [
          1.0,
          1.0
        ],
        "feature_ids": [
          "stud@R11/studC",
          "snap_cyl@L8:I54"
        ],
        "residual": {
          "distance": 0.0,
          "axial_gap": 0.0,
          "alignment": 1.0,
          "roll_alignment": 1.0,
          "entry_face_gap": 0.0,
          "penetration": 12.0
        }
      },
      {
        "instances": [
          36,
          43
        ],
        "status": "confirmed",
        "kinds": [
          "stud",
          "stud_receptacle"
        ],
        "sources": [
          "ldcad_shadow",
          "ldcad_shadow"
        ],
        "confidence": [
          1.0,
          1.0
        ],
        "feature_ids": [
          "stud@R12/studC",
          "snap_cyl@L8:I48"
        ],
        "residual": {
          "distance": 0.0,
          "axial_gap": 0.0,
          "alignment": 1.0,
          "roll_alignment": 1.0,
          "entry_face_gap": 0.0,
          "penetration": 12.0
        }
      },
      {
        "instances": [
          36,
          43
        ],
        "status": "confirmed",
        "kinds": [
          "stud",
          "stud_receptacle"
        ],
        "sources": [
          "ldcad_shadow",
          "ldcad_shadow"
        ],
        "confidence": [
          1.0,
          1.0
        ],
        "feature_ids": [
          "stud@R5/studC",
          "snap_cyl@L8:I67"
        ],
        "residual": {
          "distance": 0.0,
          "axial_gap": 0.0,
          "alignment": 1.0,
          "roll_alignment": 1.0,
          "entry_face_gap": 0.0,
          "penetration": 12.0
        }
      },
      {
        "instances": [
          36,
          43
        ],
        "status": "confirmed",
        "kinds": [
          "stud",
          "stud_receptacle"
        ],
        "sources": [
          "ldcad_shadow",
          "ldcad_shadow"
        ],
        "confidence": [
          1.0,
          1.0
        ],
        "feature_ids": [
          "stud@R6/studC",
          "snap_cyl@L8:I61"
        ],
        "residual": {
          "distance": 0.0,
          "axial_gap": 0.0,
          "alignment": 1.0,
          "roll_alignment": 1.0,
          "entry_face_gap": 0.0,
          "penetration": 12.0
        }
      },
      {
        "instances": [
          36,
          43
        ],
        "status": "confirmed",
        "kinds": [
          "stud",
          "stud_receptacle"
        ],
        "sources": [
          "ldcad_shadow",
          "ldcad_shadow"
        ],
        "confidence": [
          1.0,
          1.0
        ],
        "feature_ids": [
          "stud@R7/studC",
          "snap_cyl@L8:I55"
        ],
        "residual": {
          "distance": 0.0,
          "axial_gap": 0.0,
          "alignment": 1.0,
          "roll_alignment": 1.0,
          "entry_face_gap": 0.0,
          "penetration": 12.0
        }
      },
      {
        "instances": [
          36,
          43
        ],
        "status": "confirmed",
        "kinds": [
          "stud",
          "stud_receptacle"
        ],
        "sources": [
          "ldcad_shadow",
          "ldcad_shadow"
        ],
        "confidence": [
          1.0,
          1.0
        ],
        "feature_ids": [
          "stud@R8/studC",
          "snap_cyl@L8:I49"
        ],
        "residual": {
          "distance": 0.0,
          "axial_gap": 0.0,
          "alignment": 1.0,
          "roll_alignment": 1.0,
          "entry_face_gap": 0.0,
          "penetration": 12.0
        }
      },
      {
        "instances": [
          36,
          43
        ],
        "status": "confirmed",
        "kinds": [
          "stud",
          "stud_receptacle"
        ],
        "sources": [
          "ldcad_shadow",
          "ldcad_shadow"
        ],
        "confidence": [
          1.0,
          1.0
        ],
        "feature_ids": [
          "stud@R9/studC",
          "snap_cyl@L8:I66"
        ],
        "residual": {
          "distance": 0.0,
          "axial_gap": 0.0,
          "alignment": 1.0,
          "roll_alignment": 1.0,
          "entry_face_gap": 0.0,
          "penetration": 12.0
        }
      },
      {
        "instances": [
          37,
          45
        ],
        "status": "confirmed",
        "kinds": [
          "stud",
          "stud_receptacle"
        ],
        "sources": [
          "ldcad_shadow",
          "ldcad_shadow"
        ],
        "confidence": [
          1.0,
          1.0
        ],
        "feature_ids": [
          "stud@R10/studC",
          "snap_cyl@L8:I13"
        ],
        "residual": {
          "distance": 0.0,
          "axial_gap": 0.0,
          "alignment": 1.0,
          "roll_alignment": 1.0,
          "entry_face_gap": 0.0,
          "penetration": 12.0
        }
      },
      {
        "instances": [
          37,
          45
        ],
        "status": "confirmed",
        "kinds": [
          "stud",
          "stud_receptacle"
        ],
        "sources": [
          "ldcad_shadow",
          "ldcad_shadow"
        ],
        "confidence": [
          1.0,
          1.0
        ],
        "feature_ids": [
          "stud@R11/studC",
          "snap_cyl@L8:I11"
        ],
        "residual": {
          "distance": 0.0,
          "axial_gap": 0.0,
          "alignment": 1.0,
          "roll_alignment": 1.0,
          "entry_face_gap": 0.0,
          "penetration": 12.0
        }
      },
      {
        "instances": [
          37,
          45
        ],
        "status": "confirmed",
        "kinds": [
          "stud",
          "stud_receptacle"
        ],
        "sources": [
          "ldcad_shadow",
          "ldcad_shadow"
        ],
        "confidence": [
          1.0,
          1.0
        ],
        "feature_ids": [
          "stud@R12/studC",
          "snap_cyl@L8:I9"
        ],
        "residual": {
          "distance": 0.0,
          "axial_gap": 0.0,
          "alignment": 1.0,
          "roll_alignment": 1.0,
          "entry_face_gap": 0.0,
          "penetration": 12.0
        }
      },
      {
        "instances": [
          37,
          45
        ],
        "status": "confirmed",
        "kinds": [
          "stud",
          "stud_receptacle"
        ],
        "sources": [
          "ldcad_shadow",
          "ldcad_shadow"
        ],
        "confidence": [
          1.0,
          1.0
        ],
        "feature_ids": [
          "stud@R13/studC",
          "snap_cyl@L8:I7"
        ],
        "residual": {
          "distance": 0.0,
          "axial_gap": 0.0,
          "alignment": 1.0,
          "roll_alignment": 1.0,
          "entry_face_gap": 0.0,
          "penetration": 12.0
        }
      },
      {
        "instances": [
          37,
          45
        ],
        "status": "confirmed",
        "kinds": [
          "stud",
          "stud_receptacle"
        ],
        "sources": [
          "ldcad_shadow",
          "ldcad_shadow"
        ],
        "confidence": [
          1.0,
          1.0
        ],
        "feature_ids": [
          "stud@R14/studC",
          "snap_cyl@L8:I5"
        ],
        "residual": {
          "distance": 0.0,
          "axial_gap": 0.0,
          "alignment": 1.0,
          "roll_alignment": 1.0,
          "entry_face_gap": 0.0,
          "penetration": 12.0
        }
      },
      {
        "instances": [
          37,
          45
        ],
        "status": "confirmed",
        "kinds": [
          "stud",
          "stud_receptacle"
        ],
        "sources": [
          "ldcad_shadow",
          "ldcad_shadow"
        ],
        "confidence": [
          1.0,
          1.0
        ],
        "feature_ids": [
          "stud@R15/studC",
          "snap_cyl@L8:I3"
        ],
        "residual": {
          "distance": 0.0,
          "axial_gap": 0.0,
          "alignment": 1.0,
          "roll_alignment": 1.0,
          "entry_face_gap": 0.0,
          "penetration": 12.0
        }
      },
      {
        "instances": [
          37,
          45
        ],
        "status": "confirmed",
        "kinds": [
          "stud",
          "stud_receptacle"
        ],
        "sources": [
          "ldcad_shadow",
          "ldcad_shadow"
        ],
        "confidence": [
          1.0,
          1.0
        ],
        "feature_ids": [
          "stud@R16/studC",
          "snap_cyl@L8:I1"
        ],
        "residual": {
          "distance": 0.0,
          "axial_gap": 0.0,
          "alignment": 1.0,
          "roll_alignment": 1.0,
          "entry_face_gap": 0.0,
          "penetration": 12.0
        }
      },
      {
        "instances": [
          37,
          45
        ],
        "status": "confirmed",
        "kinds": [
          "stud",
          "stud_receptacle"
        ],
        "sources": [
          "ldcad_shadow",
          "ldcad_shadow"
        ],
        "confidence": [
          1.0,
          1.0
        ],
        "feature_ids": [
          "stud@R17/studC",
          "snap_cyl@L8:I14"
        ],
        "residual": {
          "distance": 0.0,
          "axial_gap": 0.0,
          "alignment": 1.0,
          "roll_alignment": 1.0,
          "entry_face_gap": 0.0,
          "penetration": 12.0
        }
      },
      {
        "instances": [
          37,
          45
        ],
        "status": "confirmed",
        "kinds": [
          "stud",
          "stud_receptacle"
        ],
        "sources": [
          "ldcad_shadow",
          "ldcad_shadow"
        ],
        "confidence": [
          1.0,
          1.0
        ],
        "feature_ids": [
          "stud@R18/studC",
          "snap_cyl@L8:I12"
        ],
        "residual": {
          "distance": 0.0,
          "axial_gap": 0.0,
          "alignment": 1.0,
          "roll_alignment": 1.0,
          "entry_face_gap": 0.0,
          "penetration": 12.0
        }
      },
      {
        "instances": [
          37,
          45
        ],
        "status": "confirmed",
        "kinds": [
          "stud",
          "stud_receptacle"
        ],
        "sources": [
          "ldcad_shadow",
          "ldcad_shadow"
        ],
        "confidence": [
          1.0,
          1.0
        ],
        "feature_ids": [
          "stud@R19/studC",
          "snap_cyl@L8:I10"
        ],
        "residual": {
          "distance": 0.0,
          "axial_gap": 0.0,
          "alignment": 1.0,
          "roll_alignment": 1.0,
          "entry_face_gap": 0.0,
          "penetration": 12.0
        }
      },
      {
        "instances": [
          37,
          45
        ],
        "status": "confirmed",
        "kinds": [
          "stud",
          "stud_receptacle"
        ],
        "sources": [
          "ldcad_shadow",
          "ldcad_shadow"
        ],
        "confidence": [
          1.0,
          1.0
        ],
        "feature_ids": [
          "stud@R20/studC",
          "snap_cyl@L8:I8"
        ],
        "residual": {
          "distance": 0.0,
          "axial_gap": 0.0,
          "alignment": 1.0,
          "roll_alignment": 1.0,
          "entry_face_gap": 0.0,
          "penetration": 12.0
        }
      },
      {
        "instances": [
          37,
          45
        ],
        "status": "confirmed",
        "kinds": [
          "stud",
          "stud_receptacle"
        ],
        "sources": [
          "ldcad_shadow",
          "ldcad_shadow"
        ],
        "confidence": [
          1.0,
          1.0
        ],
        "feature_ids": [
          "stud@R21/studC",
          "snap_cyl@L8:I6"
        ],
        "residual": {
          "distance": 0.0,
          "axial_gap": 0.0,
          "alignment": 1.0,
          "roll_alignment": 1.0,
          "entry_face_gap": 0.0,
          "penetration": 12.0
        }
      },
      {
        "instances": [
          37,
          45
        ],
        "status": "confirmed",
        "kinds": [
          "stud",
          "stud_receptacle"
        ],
        "sources": [
          "ldcad_shadow",
          "ldcad_shadow"
        ],
        "confidence": [
          1.0,
          1.0
        ],
        "feature_ids": [
          "stud@R22/studC",
          "snap_cyl@L8:I4"
        ],
        "residual": {
          "distance": 0.0,
          "axial_gap": 0.0,
          "alignment": 1.0,
          "roll_alignment": 1.0,
          "entry_face_gap": 0.0,
          "penetration": 12.0
        }
      },
      {
        "instances": [
          37,
          45
        ],
        "status": "confirmed",
        "kinds": [
          "stud",
          "stud_receptacle"
        ],
        "sources": [
          "ldcad_shadow",
          "ldcad_shadow"
        ],
        "confidence": [
          1.0,
          1.0
        ],
        "feature_ids": [
          "stud@R23/studC",
          "snap_cyl@L8:I2"
        ],
        "residual": {
          "distance": 0.0,
          "axial_gap": 0.0,
          "alignment": 1.0,
          "roll_alignment": 1.0,
          "entry_face_gap": 0.0,
          "penetration": 12.0
        }
      },
      {
        "instances": [
          37,
          45
        ],
        "status": "confirmed",
        "kinds": [
          "stud",
          "stud_receptacle"
        ],
        "sources": [
          "ldcad_shadow",
          "ldcad_shadow"
        ],
        "confidence": [
          1.0,
          1.0
        ],
        "feature_ids": [
          "stud@R24/studC",
          "snap_cyl@L8:I0"
        ],
        "residual": {
          "distance": 0.0,
          "axial_gap": 0.0,
          "alignment": 1.0,
          "roll_alignment": 1.0,
          "entry_face_gap": 0.0,
          "penetration": 12.0
        }
      },
      {
        "instances": [
          37,
          45
        ],
        "status": "confirmed",
        "kinds": [
          "stud",
          "stud_receptacle"
        ],
        "sources": [
          "ldcad_shadow",
          "ldcad_shadow"
        ],
        "confidence": [
          1.0,
          1.0
        ],
        "feature_ids": [
          "stud@R9/studC",
          "snap_cyl@L8:I15"
        ],
        "residual": {
          "distance": 0.0,
          "axial_gap": 0.0,
          "alignment": 1.0,
          "roll_alignment": 1.0,
          "entry_face_gap": 0.0,
          "penetration": 12.0
        }
      },
      {
        "instances": [
          38,
          46
        ],
        "status": "confirmed",
        "kinds": [
          "stud",
          "stud_receptacle"
        ],
        "sources": [
          "ldcad_shadow",
          "ldcad_shadow"
        ],
        "confidence": [
          1.0,
          1.0
        ],
        "feature_ids": [
          "stud@R10/studC",
          "snap_cyl@L8:I4"
        ],
        "residual": {
          "distance": 0.0,
          "axial_gap": 0.0,
          "alignment": 1.0,
          "roll_alignment": 1.0,
          "entry_face_gap": 0.0,
          "penetration": 12.0
        }
      },
      {
        "instances": [
          38,
          46
        ],
        "status": "confirmed",
        "kinds": [
          "stud",
          "stud_receptacle"
        ],
        "sources": [
          "ldcad_shadow",
          "ldcad_shadow"
        ],
        "confidence": [
          1.0,
          1.0
        ],
        "feature_ids": [
          "stud@R11/studC",
          "snap_cyl@L8:I2"
        ],
        "residual": {
          "distance": 0.0,
          "axial_gap": 0.0,
          "alignment": 1.0,
          "roll_alignment": 1.0,
          "entry_face_gap": 0.0,
          "penetration": 12.0
        }
      },
      {
        "instances": [
          38,
          46
        ],
        "status": "confirmed",
        "kinds": [
          "stud",
          "stud_receptacle"
        ],
        "sources": [
          "ldcad_shadow",
          "ldcad_shadow"
        ],
        "confidence": [
          1.0,
          1.0
        ],
        "feature_ids": [
          "stud@R12/studC",
          "snap_cyl@L8:I0"
        ],
        "residual": {
          "distance": 0.0,
          "axial_gap": 0.0,
          "alignment": 1.0,
          "roll_alignment": 1.0,
          "entry_face_gap": 0.0,
          "penetration": 12.0
        }
      },
      {
        "instances": [
          38,
          46
        ],
        "status": "confirmed",
        "kinds": [
          "stud",
          "stud_receptacle"
        ],
        "sources": [
          "ldcad_shadow",
          "ldcad_shadow"
        ],
        "confidence": [
          1.0,
          1.0
        ],
        "feature_ids": [
          "stud@R5/studC",
          "snap_cyl@L8:I7"
        ],
        "residual": {
          "distance": 0.0,
          "axial_gap": 0.0,
          "alignment": 1.0,
          "roll_alignment": 1.0,
          "entry_face_gap": 0.0,
          "penetration": 12.0
        }
      },
      {
        "instances": [
          38,
          46
        ],
        "status": "confirmed",
        "kinds": [
          "stud",
          "stud_receptacle"
        ],
        "sources": [
          "ldcad_shadow",
          "ldcad_shadow"
        ],
        "confidence": [
          1.0,
          1.0
        ],
        "feature_ids": [
          "stud@R6/studC",
          "snap_cyl@L8:I5"
        ],
        "residual": {
          "distance": 0.0,
          "axial_gap": 0.0,
          "alignment": 1.0,
          "roll_alignment": 1.0,
          "entry_face_gap": 0.0,
          "penetration": 12.0
        }
      },
      {
        "instances": [
          38,
          46
        ],
        "status": "confirmed",
        "kinds": [
          "stud",
          "stud_receptacle"
        ],
        "sources": [
          "ldcad_shadow",
          "ldcad_shadow"
        ],
        "confidence": [
          1.0,
          1.0
        ],
        "feature_ids": [
          "stud@R7/studC",
          "snap_cyl@L8:I3"
        ],
        "residual": {
          "distance": 0.0,
          "axial_gap": 0.0,
          "alignment": 1.0,
          "roll_alignment": 1.0,
          "entry_face_gap": 0.0,
          "penetration": 12.0
        }
      },
      {
        "instances": [
          38,
          46
        ],
        "status": "confirmed",
        "kinds": [
          "stud",
          "stud_receptacle"
        ],
        "sources": [
          "ldcad_shadow",
          "ldcad_shadow"
        ],
        "confidence": [
          1.0,
          1.0
        ],
        "feature_ids": [
          "stud@R8/studC",
          "snap_cyl@L8:I1"
        ],
        "residual": {
          "distance": 0.0,
          "axial_gap": 0.0,
          "alignment": 1.0,
          "roll_alignment": 1.0,
          "entry_face_gap": 0.0,
          "penetration": 12.0
        }
      },
      {
        "instances": [
          38,
          46
        ],
        "status": "confirmed",
        "kinds": [
          "stud",
          "stud_receptacle"
        ],
        "sources": [
          "ldcad_shadow",
          "ldcad_shadow"
        ],
        "confidence": [
          1.0,
          1.0
        ],
        "feature_ids": [
          "stud@R9/studC",
          "snap_cyl@L8:I6"
        ],
        "residual": {
          "distance": 0.0,
          "axial_gap": 0.0,
          "alignment": 1.0,
          "roll_alignment": 1.0,
          "entry_face_gap": 0.0,
          "penetration": 12.0
        }
      },
      {
        "instances": [
          39,
          43
        ],
        "status": "confirmed",
        "kinds": [
          "stud",
          "stud_receptacle"
        ],
        "sources": [
          "ldcad_shadow",
          "ldcad_shadow"
        ],
        "confidence": [
          1.0,
          1.0
        ],
        "feature_ids": [
          "stud@R10/studC",
          "snap_cyl@L8:I9"
        ],
        "residual": {
          "distance": 0.0,
          "axial_gap": 0.0,
          "alignment": 1.0,
          "roll_alignment": 1.0,
          "entry_face_gap": 0.0,
          "penetration": 12.0
        }
      },
      {
        "instances": [
          39,
          43
        ],
        "status": "confirmed",
        "kinds": [
          "stud",
          "stud_receptacle"
        ],
        "sources": [
          "ldcad_shadow",
          "ldcad_shadow"
        ],
        "confidence": [
          1.0,
          1.0
        ],
        "feature_ids": [
          "stud@R11/studC",
          "snap_cyl@L8:I10"
        ],
        "residual": {
          "distance": 0.0,
          "axial_gap": 0.0,
          "alignment": 1.0,
          "roll_alignment": 1.0,
          "entry_face_gap": 0.0,
          "penetration": 12.0
        }
      },
      {
        "instances": [
          39,
          43
        ],
        "status": "confirmed",
        "kinds": [
          "stud",
          "stud_receptacle"
        ],
        "sources": [
          "ldcad_shadow",
          "ldcad_shadow"
        ],
        "confidence": [
          1.0,
          1.0
        ],
        "feature_ids": [
          "stud@R12/studC",
          "snap_cyl@L8:I11"
        ],
        "residual": {
          "distance": 0.0,
          "axial_gap": 0.0,
          "alignment": 1.0,
          "roll_alignment": 1.0,
          "entry_face_gap": 0.0,
          "penetration": 12.0
        }
      },
      {
        "instances": [
          39,
          43
        ],
        "status": "confirmed",
        "kinds": [
          "stud",
          "stud_receptacle"
        ],
        "sources": [
          "ldcad_shadow",
          "ldcad_shadow"
        ],
        "confidence": [
          1.0,
          1.0
        ],
        "feature_ids": [
          "stud@R17/studC",
          "snap_cyl@L8:I2"
        ],
        "residual": {
          "distance": 0.0,
          "axial_gap": 0.0,
          "alignment": 1.0,
          "roll_alignment": 1.0,
          "entry_face_gap": 0.0,
          "penetration": 12.0
        }
      },
      {
        "instances": [
          39,
          43
        ],
        "status": "confirmed",
        "kinds": [
          "stud",
          "stud_receptacle"
        ],
        "sources": [
          "ldcad_shadow",
          "ldcad_shadow"
        ],
        "confidence": [
          1.0,
          1.0
        ],
        "feature_ids": [
          "stud@R18/studC",
          "snap_cyl@L8:I3"
        ],
        "residual": {
          "distance": 0.0,
          "axial_gap": 0.0,
          "alignment": 1.0,
          "roll_alignment": 1.0,
          "entry_face_gap": 0.0,
          "penetration": 12.0
        }
      },
      {
        "instances": [
          39,
          43
        ],
        "status": "confirmed",
        "kinds": [
          "stud",
          "stud_receptacle"
        ],
        "sources": [
          "ldcad_shadow",
          "ldcad_shadow"
        ],
        "confidence": [
          1.0,
          1.0
        ],
        "feature_ids": [
          "stud@R19/studC",
          "snap_cyl@L8:I4"
        ],
        "residual": {
          "distance": 0.0,
          "axial_gap": 0.0,
          "alignment": 1.0,
          "roll_alignment": 1.0,
          "entry_face_gap": 0.0,
          "penetration": 12.0
        }
      },
      {
        "instances": [
          39,
          43
        ],
        "status": "confirmed",
        "kinds": [
          "stud",
          "stud_receptacle"
        ],
        "sources": [
          "ldcad_shadow",
          "ldcad_shadow"
        ],
        "confidence": [
          1.0,
          1.0
        ],
        "feature_ids": [
          "stud@R20/studC",
          "snap_cyl@L8:I5"
        ],
        "residual": {
          "distance": 0.0,
          "axial_gap": 0.0,
          "alignment": 1.0,
          "roll_alignment": 1.0,
          "entry_face_gap": 0.0,
          "penetration": 12.0
        }
      },
      {
        "instances": [
          39,
          43
        ],
        "status": "confirmed",
        "kinds": [
          "stud",
          "stud_receptacle"
        ],
        "sources": [
          "ldcad_shadow",
          "ldcad_shadow"
        ],
        "confidence": [
          1.0,
          1.0
        ],
        "feature_ids": [
          "stud@R9/studC",
          "snap_cyl@L8:I8"
        ],
        "residual": {
          "distance": 0.0,
          "axial_gap": 0.0,
          "alignment": 1.0,
          "roll_alignment": 1.0,
          "entry_face_gap": 0.0,
          "penetration": 12.0
        }
      },
      {
        "instances": [
          39,
          44
        ],
        "status": "confirmed",
        "kinds": [
          "stud",
          "stud_receptacle"
        ],
        "sources": [
          "ldcad_shadow",
          "ldcad_shadow"
        ],
        "confidence": [
          1.0,
          1.0
        ],
        "feature_ids": [
          "stud@R13/studC",
          "snap_cyl@L8:I6"
        ],
        "residual": {
          "distance": 0.0,
          "axial_gap": 0.0,
          "alignment": 1.0,
          "roll_alignment": 1.0,
          "entry_face_gap": 0.0,
          "penetration": 12.0
        }
      },
      {
        "instances": [
          39,
          44
        ],
        "status": "confirmed",
        "kinds": [
          "stud",
          "stud_receptacle"
        ],
        "sources": [
          "ldcad_shadow",
          "ldcad_shadow"
        ],
        "confidence": [
          1.0,
          1.0
        ],
        "feature_ids": [
          "stud@R14/studC",
          "snap_cyl@L8:I7"
        ],
        "residual": {
          "distance": 0.0,
          "axial_gap": 0.0,
          "alignment": 1.0,
          "roll_alignment": 1.0,
          "entry_face_gap": 0.0,
          "penetration": 12.0
        }
      },
      {
        "instances": [
          39,
          44
        ],
        "status": "confirmed",
        "kinds": [
          "stud",
          "stud_receptacle"
        ],
        "sources": [
          "ldcad_shadow",
          "ldcad_shadow"
        ],
        "confidence": [
          1.0,
          1.0
        ],
        "feature_ids": [
          "stud@R15/studC",
          "snap_cyl@L8:I8"
        ],
        "residual": {
          "distance": 0.0,
          "axial_gap": 0.0,
          "alignment": 1.0,
          "roll_alignment": 1.0,
          "entry_face_gap": 0.0,
          "penetration": 12.0
        }
      },
      {
        "instances": [
          39,
          44
        ],
        "status": "confirmed",
        "kinds": [
          "stud",
          "stud_receptacle"
        ],
        "sources": [
          "ldcad_shadow",
          "ldcad_shadow"
        ],
        "confidence": [
          1.0,
          1.0
        ],
        "feature_ids": [
          "stud@R16/studC",
          "snap_cyl@L8:I9"
        ],
        "residual": {
          "distance": 0.0,
          "axial_gap": 0.0,
          "alignment": 1.0,
          "roll_alignment": 1.0,
          "entry_face_gap": 0.0,
          "penetration": 12.0
        }
      },
      {
        "instances": [
          39,
          44
        ],
        "status": "confirmed",
        "kinds": [
          "stud",
          "stud_receptacle"
        ],
        "sources": [
          "ldcad_shadow",
          "ldcad_shadow"
        ],
        "confidence": [
          1.0,
          1.0
        ],
        "feature_ids": [
          "stud@R21/studC",
          "snap_cyl@L8:I0"
        ],
        "residual": {
          "distance": 0.0,
          "axial_gap": 0.0,
          "alignment": 1.0,
          "roll_alignment": 1.0,
          "entry_face_gap": 0.0,
          "penetration": 12.0
        }
      },
      {
        "instances": [
          39,
          44
        ],
        "status": "confirmed",
        "kinds": [
          "stud",
          "stud_receptacle"
        ],
        "sources": [
          "ldcad_shadow",
          "ldcad_shadow"
        ],
        "confidence": [
          1.0,
          1.0
        ],
        "feature_ids": [
          "stud@R22/studC",
          "snap_cyl@L8:I1"
        ],
        "residual": {
          "distance": 0.0,
          "axial_gap": 0.0,
          "alignment": 1.0,
          "roll_alignment": 1.0,
          "entry_face_gap": 0.0,
          "penetration": 12.0
        }
      },
      {
        "instances": [
          39,
          44
        ],
        "status": "confirmed",
        "kinds": [
          "stud",
          "stud_receptacle"
        ],
        "sources": [
          "ldcad_shadow",
          "ldcad_shadow"
        ],
        "confidence": [
          1.0,
          1.0
        ],
        "feature_ids": [
          "stud@R23/studC",
          "snap_cyl@L8:I2"
        ],
        "residual": {
          "distance": 0.0,
          "axial_gap": 0.0,
          "alignment": 1.0,
          "roll_alignment": 1.0,
          "entry_face_gap": 0.0,
          "penetration": 12.0
        }
      },
      {
        "instances": [
          39,
          44
        ],
        "status": "confirmed",
        "kinds": [
          "stud",
          "stud_receptacle"
        ],
        "sources": [
          "ldcad_shadow",
          "ldcad_shadow"
        ],
        "confidence": [
          1.0,
          1.0
        ],
        "feature_ids": [
          "stud@R24/studC",
          "snap_cyl@L8:I3"
        ],
        "residual": {
          "distance": 0.0,
          "axial_gap": 0.0,
          "alignment": 1.0,
          "roll_alignment": 1.0,
          "entry_face_gap": 0.0,
          "penetration": 12.0
        }
      },
      {
        "instances": [
          40,
          44
        ],
        "status": "confirmed",
        "kinds": [
          "stud",
          "stud_receptacle"
        ],
        "sources": [
          "ldcad_shadow",
          "ldcad_shadow"
        ],
        "confidence": [
          1.0,
          1.0
        ],
        "feature_ids": [
          "stud@R3/studC",
          "snap_cyl@L8:I11"
        ],
        "residual": {
          "distance": 0.0,
          "axial_gap": 0.0,
          "alignment": 1.0,
          "roll_alignment": 1.0,
          "entry_face_gap": 0.0,
          "penetration": 12.0
        }
      },
      {
        "instances": [
          40,
          44
        ],
        "status": "confirmed",
        "kinds": [
          "stud",
          "stud_receptacle"
        ],
        "sources": [
          "ldcad_shadow",
          "ldcad_shadow"
        ],
        "confidence": [
          1.0,
          1.0
        ],
        "feature_ids": [
          "stud@R4/studC",
          "snap_cyl@L8:I5"
        ],
        "residual": {
          "distance": 0.0,
          "axial_gap": 0.0,
          "alignment": 1.0,
          "roll_alignment": 1.0,
          "entry_face_gap": 0.0,
          "penetration": 12.0
        }
      },
      {
        "instances": [
          40,
          44
        ],
        "status": "confirmed",
        "kinds": [
          "stud",
          "stud_receptacle"
        ],
        "sources": [
          "ldcad_shadow",
          "ldcad_shadow"
        ],
        "confidence": [
          1.0,
          1.0
        ],
        "feature_ids": [
          "stud@R5/studC",
          "snap_cyl@L8:I10"
        ],
        "residual": {
          "distance": 0.0,
          "axial_gap": 0.0,
          "alignment": 1.0,
          "roll_alignment": 1.0,
          "entry_face_gap": 0.0,
          "penetration": 12.0
        }
      },
      {
        "instances": [
          40,
          44
        ],
        "status": "confirmed",
        "kinds": [
          "stud",
          "stud_receptacle"
        ],
        "sources": [
          "ldcad_shadow",
          "ldcad_shadow"
        ],
        "confidence": [
          1.0,
          1.0
        ],
        "feature_ids": [
          "stud@R6/studC",
          "snap_cyl@L8:I4"
        ],
        "residual": {
          "distance": 0.0,
          "axial_gap": 0.0,
          "alignment": 1.0,
          "roll_alignment": 1.0,
          "entry_face_gap": 0.0,
          "penetration": 12.0
        }
      },
      {
        "instances": [
          41,
          43
        ],
        "status": "confirmed",
        "kinds": [
          "stud",
          "stud_receptacle"
        ],
        "sources": [
          "ldcad_shadow",
          "ldcad_shadow"
        ],
        "confidence": [
          1.0,
          1.0
        ],
        "feature_ids": [
          "stud@R10/studC",
          "snap_cyl@L8:I69"
        ],
        "residual": {
          "distance": 0.0,
          "axial_gap": 0.0,
          "alignment": 1.0,
          "roll_alignment": 1.0,
          "entry_face_gap": 0.0,
          "penetration": 12.0
        }
      },
      {
        "instances": [
          41,
          43
        ],
        "status": "confirmed",
        "kinds": [
          "stud",
          "stud_receptacle"
        ],
        "sources": [
          "ldcad_shadow",
          "ldcad_shadow"
        ],
        "confidence": [
          1.0,
          1.0
        ],
        "feature_ids": [
          "stud@R11/studC",
          "snap_cyl@L8:I70"
        ],
        "residual": {
          "distance": 0.0,
          "axial_gap": 0.0,
          "alignment": 1.0,
          "roll_alignment": 1.0,
          "entry_face_gap": 0.0,
          "penetration": 12.0
        }
      },
      {
        "instances": [
          41,
          43
        ],
        "status": "confirmed",
        "kinds": [
          "stud",
          "stud_receptacle"
        ],
        "sources": [
          "ldcad_shadow",
          "ldcad_shadow"
        ],
        "confidence": [
          1.0,
          1.0
        ],
        "feature_ids": [
          "stud@R12/studC",
          "snap_cyl@L8:I71"
        ],
        "residual": {
          "distance": 0.0,
          "axial_gap": 0.0,
          "alignment": 1.0,
          "roll_alignment": 1.0,
          "entry_face_gap": 0.0,
          "penetration": 12.0
        }
      },
      {
        "instances": [
          41,
          43
        ],
        "status": "confirmed",
        "kinds": [
          "stud",
          "stud_receptacle"
        ],
        "sources": [
          "ldcad_shadow",
          "ldcad_shadow"
        ],
        "confidence": [
          1.0,
          1.0
        ],
        "feature_ids": [
          "stud@R17/studC",
          "snap_cyl@L8:I62"
        ],
        "residual": {
          "distance": 0.0,
          "axial_gap": 0.0,
          "alignment": 1.0,
          "roll_alignment": 1.0,
          "entry_face_gap": 0.0,
          "penetration": 12.0
        }
      },
      {
        "instances": [
          41,
          43
        ],
        "status": "confirmed",
        "kinds": [
          "stud",
          "stud_receptacle"
        ],
        "sources": [
          "ldcad_shadow",
          "ldcad_shadow"
        ],
        "confidence": [
          1.0,
          1.0
        ],
        "feature_ids": [
          "stud@R18/studC",
          "snap_cyl@L8:I63"
        ],
        "residual": {
          "distance": 0.0,
          "axial_gap": 0.0,
          "alignment": 1.0,
          "roll_alignment": 1.0,
          "entry_face_gap": 0.0,
          "penetration": 12.0
        }
      },
      {
        "instances": [
          41,
          43
        ],
        "status": "confirmed",
        "kinds": [
          "stud",
          "stud_receptacle"
        ],
        "sources": [
          "ldcad_shadow",
          "ldcad_shadow"
        ],
        "confidence": [
          1.0,
          1.0
        ],
        "feature_ids": [
          "stud@R19/studC",
          "snap_cyl@L8:I64"
        ],
        "residual": {
          "distance": 0.0,
          "axial_gap": 0.0,
          "alignment": 1.0,
          "roll_alignment": 1.0,
          "entry_face_gap": 0.0,
          "penetration": 12.0
        }
      },
      {
        "instances": [
          41,
          43
        ],
        "status": "confirmed",
        "kinds": [
          "stud",
          "stud_receptacle"
        ],
        "sources": [
          "ldcad_shadow",
          "ldcad_shadow"
        ],
        "confidence": [
          1.0,
          1.0
        ],
        "feature_ids": [
          "stud@R20/studC",
          "snap_cyl@L8:I65"
        ],
        "residual": {
          "distance": 0.0,
          "axial_gap": 0.0,
          "alignment": 1.0,
          "roll_alignment": 1.0,
          "entry_face_gap": 0.0,
          "penetration": 12.0
        }
      },
      {
        "instances": [
          41,
          43
        ],
        "status": "confirmed",
        "kinds": [
          "stud",
          "stud_receptacle"
        ],
        "sources": [
          "ldcad_shadow",
          "ldcad_shadow"
        ],
        "confidence": [
          1.0,
          1.0
        ],
        "feature_ids": [
          "stud@R9/studC",
          "snap_cyl@L8:I68"
        ],
        "residual": {
          "distance": 0.0,
          "axial_gap": 0.0,
          "alignment": 1.0,
          "roll_alignment": 1.0,
          "entry_face_gap": 0.0,
          "penetration": 12.0
        }
      },
      {
        "instances": [
          41,
          44
        ],
        "status": "confirmed",
        "kinds": [
          "stud",
          "stud_receptacle"
        ],
        "sources": [
          "ldcad_shadow",
          "ldcad_shadow"
        ],
        "confidence": [
          1.0,
          1.0
        ],
        "feature_ids": [
          "stud@R13/studC",
          "snap_cyl@L8:I66"
        ],
        "residual": {
          "distance": 0.0,
          "axial_gap": 0.0,
          "alignment": 1.0,
          "roll_alignment": 1.0,
          "entry_face_gap": 0.0,
          "penetration": 12.0
        }
      },
      {
        "instances": [
          41,
          44
        ],
        "status": "confirmed",
        "kinds": [
          "stud",
          "stud_receptacle"
        ],
        "sources": [
          "ldcad_shadow",
          "ldcad_shadow"
        ],
        "confidence": [
          1.0,
          1.0
        ],
        "feature_ids": [
          "stud@R14/studC",
          "snap_cyl@L8:I67"
        ],
        "residual": {
          "distance": 0.0,
          "axial_gap": 0.0,
          "alignment": 1.0,
          "roll_alignment": 1.0,
          "entry_face_gap": 0.0,
          "penetration": 12.0
        }
      },
      {
        "instances": [
          41,
          44
        ],
        "status": "confirmed",
        "kinds": [
          "stud",
          "stud_receptacle"
        ],
        "sources": [
          "ldcad_shadow",
          "ldcad_shadow"
        ],
        "confidence": [
          1.0,
          1.0
        ],
        "feature_ids": [
          "stud@R15/studC",
          "snap_cyl@L8:I68"
        ],
        "residual": {
          "distance": 0.0,
          "axial_gap": 0.0,
          "alignment": 1.0,
          "roll_alignment": 1.0,
          "entry_face_gap": 0.0,
          "penetration": 12.0
        }
      },
      {
        "instances": [
          41,
          44
        ],
        "status": "confirmed",
        "kinds": [
          "stud",
          "stud_receptacle"
        ],
        "sources": [
          "ldcad_shadow",
          "ldcad_shadow"
        ],
        "confidence": [
          1.0,
          1.0
        ],
        "feature_ids": [
          "stud@R16/studC",
          "snap_cyl@L8:I69"
        ],
        "residual": {
          "distance": 0.0,
          "axial_gap": 0.0,
          "alignment": 1.0,
          "roll_alignment": 1.0,
          "entry_face_gap": 0.0,
          "penetration": 12.0
        }
      },
      {
        "instances": [
          41,
          44
        ],
        "status": "confirmed",
        "kinds": [
          "stud",
          "stud_receptacle"
        ],
        "sources": [
          "ldcad_shadow",
          "ldcad_shadow"
        ],
        "confidence": [
          1.0,
          1.0
        ],
        "feature_ids": [
          "stud@R21/studC",
          "snap_cyl@L8:I60"
        ],
        "residual": {
          "distance": 0.0,
          "axial_gap": 0.0,
          "alignment": 1.0,
          "roll_alignment": 1.0,
          "entry_face_gap": 0.0,
          "penetration": 12.0
        }
      },
      {
        "instances": [
          41,
          44
        ],
        "status": "confirmed",
        "kinds": [
          "stud",
          "stud_receptacle"
        ],
        "sources": [
          "ldcad_shadow",
          "ldcad_shadow"
        ],
        "confidence": [
          1.0,
          1.0
        ],
        "feature_ids": [
          "stud@R22/studC",
          "snap_cyl@L8:I61"
        ],
        "residual": {
          "distance": 0.0,
          "axial_gap": 0.0,
          "alignment": 1.0,
          "roll_alignment": 1.0,
          "entry_face_gap": 0.0,
          "penetration": 12.0
        }
      },
      {
        "instances": [
          41,
          44
        ],
        "status": "confirmed",
        "kinds": [
          "stud",
          "stud_receptacle"
        ],
        "sources": [
          "ldcad_shadow",
          "ldcad_shadow"
        ],
        "confidence": [
          1.0,
          1.0
        ],
        "feature_ids": [
          "stud@R23/studC",
          "snap_cyl@L8:I62"
        ],
        "residual": {
          "distance": 0.0,
          "axial_gap": 0.0,
          "alignment": 1.0,
          "roll_alignment": 1.0,
          "entry_face_gap": 0.0,
          "penetration": 12.0
        }
      },
      {
        "instances": [
          41,
          44
        ],
        "status": "confirmed",
        "kinds": [
          "stud",
          "stud_receptacle"
        ],
        "sources": [
          "ldcad_shadow",
          "ldcad_shadow"
        ],
        "confidence": [
          1.0,
          1.0
        ],
        "feature_ids": [
          "stud@R24/studC",
          "snap_cyl@L8:I63"
        ],
        "residual": {
          "distance": 0.0,
          "axial_gap": 0.0,
          "alignment": 1.0,
          "roll_alignment": 1.0,
          "entry_face_gap": 0.0,
          "penetration": 12.0
        }
      },
      {
        "instances": [
          42,
          44
        ],
        "status": "confirmed",
        "kinds": [
          "stud",
          "stud_receptacle"
        ],
        "sources": [
          "ldcad_shadow",
          "ldcad_shadow"
        ],
        "confidence": [
          1.0,
          1.0
        ],
        "feature_ids": [
          "stud@R3/studC",
          "snap_cyl@L8:I71"
        ],
        "residual": {
          "distance": 0.0,
          "axial_gap": 0.0,
          "alignment": 1.0,
          "roll_alignment": 1.0,
          "entry_face_gap": 0.0,
          "penetration": 12.0
        }
      },
      {
        "instances": [
          42,
          44
        ],
        "status": "confirmed",
        "kinds": [
          "stud",
          "stud_receptacle"
        ],
        "sources": [
          "ldcad_shadow",
          "ldcad_shadow"
        ],
        "confidence": [
          1.0,
          1.0
        ],
        "feature_ids": [
          "stud@R4/studC",
          "snap_cyl@L8:I65"
        ],
        "residual": {
          "distance": 0.0,
          "axial_gap": 0.0,
          "alignment": 1.0,
          "roll_alignment": 1.0,
          "entry_face_gap": 0.0,
          "penetration": 12.0
        }
      },
      {
        "instances": [
          42,
          44
        ],
        "status": "confirmed",
        "kinds": [
          "stud",
          "stud_receptacle"
        ],
        "sources": [
          "ldcad_shadow",
          "ldcad_shadow"
        ],
        "confidence": [
          1.0,
          1.0
        ],
        "feature_ids": [
          "stud@R5/studC",
          "snap_cyl@L8:I70"
        ],
        "residual": {
          "distance": 0.0,
          "axial_gap": 0.0,
          "alignment": 1.0,
          "roll_alignment": 1.0,
          "entry_face_gap": 0.0,
          "penetration": 12.0
        }
      },
      {
        "instances": [
          42,
          44
        ],
        "status": "confirmed",
        "kinds": [
          "stud",
          "stud_receptacle"
        ],
        "sources": [
          "ldcad_shadow",
          "ldcad_shadow"
        ],
        "confidence": [
          1.0,
          1.0
        ],
        "feature_ids": [
          "stud@R6/studC",
          "snap_cyl@L8:I64"
        ],
        "residual": {
          "distance": 0.0,
          "axial_gap": 0.0,
          "alignment": 1.0,
          "roll_alignment": 1.0,
          "entry_face_gap": 0.0,
          "penetration": 12.0
        }
      },
      {
        "instances": [
          47,
          49
        ],
        "status": "confirmed",
        "kinds": [
          "stud_receptacle",
          "stud"
        ],
        "sources": [
          "primitive",
          "ldcad_shadow"
        ],
        "confidence": [
          1.0,
          1.0
        ],
        "feature_ids": [
          "s/3003s01@R0/s/3003s02@R0/stud4@R0/stud4:socket:+1+1",
          "stud@R11/studC"
        ],
        "residual": {
          "distance": 0.0,
          "axial_gap": 0.0,
          "alignment": 1.0,
          "roll_alignment": 1.0,
          "entry_face_gap": 0.0,
          "penetration": 28.0
        }
      },
      {
        "instances": [
          47,
          49
        ],
        "status": "confirmed",
        "kinds": [
          "stud_receptacle",
          "stud"
        ],
        "sources": [
          "primitive",
          "ldcad_shadow"
        ],
        "confidence": [
          1.0,
          1.0
        ],
        "feature_ids": [
          "s/3003s01@R0/s/3003s02@R0/stud4@R0/stud4:socket:+1-1",
          "stud@R7/studC"
        ],
        "residual": {
          "distance": 0.0,
          "axial_gap": 0.0,
          "alignment": 1.0,
          "roll_alignment": 1.0,
          "entry_face_gap": 0.0,
          "penetration": 28.0
        }
      },
      {
        "instances": [
          47,
          49
        ],
        "status": "confirmed",
        "kinds": [
          "stud_receptacle",
          "stud"
        ],
        "sources": [
          "primitive",
          "ldcad_shadow"
        ],
        "confidence": [
          1.0,
          1.0
        ],
        "feature_ids": [
          "s/3003s01@R0/s/3003s02@R0/stud4@R0/stud4:socket:-1+1",
          "stud@R12/studC"
        ],
        "residual": {
          "distance": 0.0,
          "axial_gap": 0.0,
          "alignment": 1.0,
          "roll_alignment": 1.0,
          "entry_face_gap": 0.0,
          "penetration": 28.0
        }
      },
      {
        "instances": [
          47,
          49
        ],
        "status": "confirmed",
        "kinds": [
          "stud_receptacle",
          "stud"
        ],
        "sources": [
          "primitive",
          "ldcad_shadow"
        ],
        "confidence": [
          1.0,
          1.0
        ],
        "feature_ids": [
          "s/3003s01@R0/s/3003s02@R0/stud4@R0/stud4:socket:-1-1",
          "stud@R8/studC"
        ],
        "residual": {
          "distance": 0.0,
          "axial_gap": 0.0,
          "alignment": 1.0,
          "roll_alignment": 1.0,
          "entry_face_gap": 0.0,
          "penetration": 28.0
        }
      },
      {
        "instances": [
          48,
          49
        ],
        "status": "confirmed",
        "kinds": [
          "stud_receptacle",
          "stud"
        ],
        "sources": [
          "primitive",
          "ldcad_shadow"
        ],
        "confidence": [
          1.0,
          1.0
        ],
        "feature_ids": [
          "s/3003s01@R0/s/3003s02@R0/stud4@R0/stud4:socket:+1+1",
          "stud@R9/studC"
        ],
        "residual": {
          "distance": 0.0,
          "axial_gap": 0.0,
          "alignment": 1.0,
          "roll_alignment": 1.0,
          "entry_face_gap": 0.0,
          "penetration": 28.0
        }
      },
      {
        "instances": [
          48,
          49
        ],
        "status": "confirmed",
        "kinds": [
          "stud_receptacle",
          "stud"
        ],
        "sources": [
          "primitive",
          "ldcad_shadow"
        ],
        "confidence": [
          1.0,
          1.0
        ],
        "feature_ids": [
          "s/3003s01@R0/s/3003s02@R0/stud4@R0/stud4:socket:+1-1",
          "stud@R5/studC"
        ],
        "residual": {
          "distance": 0.0,
          "axial_gap": 0.0,
          "alignment": 1.0,
          "roll_alignment": 1.0,
          "entry_face_gap": 0.0,
          "penetration": 28.0
        }
      },
      {
        "instances": [
          48,
          49
        ],
        "status": "confirmed",
        "kinds": [
          "stud_receptacle",
          "stud"
        ],
        "sources": [
          "primitive",
          "ldcad_shadow"
        ],
        "confidence": [
          1.0,
          1.0
        ],
        "feature_ids": [
          "s/3003s01@R0/s/3003s02@R0/stud4@R0/stud4:socket:-1+1",
          "stud@R10/studC"
        ],
        "residual": {
          "distance": 0.0,
          "axial_gap": 0.0,
          "alignment": 1.0,
          "roll_alignment": 1.0,
          "entry_face_gap": 0.0,
          "penetration": 28.0
        }
      },
      {
        "instances": [
          48,
          49
        ],
        "status": "confirmed",
        "kinds": [
          "stud_receptacle",
          "stud"
        ],
        "sources": [
          "primitive",
          "ldcad_shadow"
        ],
        "confidence": [
          1.0,
          1.0
        ],
        "feature_ids": [
          "s/3003s01@R0/s/3003s02@R0/stud4@R0/stud4:socket:-1-1",
          "stud@R6/studC"
        ],
        "residual": {
          "distance": 0.0,
          "axial_gap": 0.0,
          "alignment": 1.0,
          "roll_alignment": 1.0,
          "entry_face_gap": 0.0,
          "penetration": 28.0
        }
      },
      {
        "instances": [
          49,
          50
        ],
        "status": "confirmed",
        "kinds": [
          "stud_receptacle",
          "stud"
        ],
        "sources": [
          "ldcad_shadow",
          "ldcad_shadow"
        ],
        "confidence": [
          1.0,
          1.0
        ],
        "feature_ids": [
          "snap_cyl@L8:I0",
          "s/3001s01@R0/stud@R12/studC"
        ],
        "residual": {
          "distance": 0.0,
          "axial_gap": 0.0,
          "alignment": 1.0,
          "roll_alignment": 1.0,
          "entry_face_gap": 0.0,
          "penetration": 12.0
        }
      },
      {
        "instances": [
          49,
          50
        ],
        "status": "confirmed",
        "kinds": [
          "stud_receptacle",
          "stud"
        ],
        "sources": [
          "ldcad_shadow",
          "ldcad_shadow"
        ],
        "confidence": [
          1.0,
          1.0
        ],
        "feature_ids": [
          "snap_cyl@L8:I1",
          "s/3001s01@R0/stud@R8/studC"
        ],
        "residual": {
          "distance": 0.0,
          "axial_gap": 0.0,
          "alignment": 1.0,
          "roll_alignment": 1.0,
          "entry_face_gap": 0.0,
          "penetration": 12.0
        }
      },
      {
        "instances": [
          49,
          50
        ],
        "status": "confirmed",
        "kinds": [
          "stud_receptacle",
          "stud"
        ],
        "sources": [
          "ldcad_shadow",
          "ldcad_shadow"
        ],
        "confidence": [
          1.0,
          1.0
        ],
        "feature_ids": [
          "snap_cyl@L8:I2",
          "s/3001s01@R0/stud@R11/studC"
        ],
        "residual": {
          "distance": 0.0,
          "axial_gap": 0.0,
          "alignment": 1.0,
          "roll_alignment": 1.0,
          "entry_face_gap": 0.0,
          "penetration": 12.0
        }
      },
      {
        "instances": [
          49,
          50
        ],
        "status": "confirmed",
        "kinds": [
          "stud_receptacle",
          "stud"
        ],
        "sources": [
          "ldcad_shadow",
          "ldcad_shadow"
        ],
        "confidence": [
          1.0,
          1.0
        ],
        "feature_ids": [
          "snap_cyl@L8:I3",
          "s/3001s01@R0/stud@R7/studC"
        ],
        "residual": {
          "distance": 0.0,
          "axial_gap": 0.0,
          "alignment": 1.0,
          "roll_alignment": 1.0,
          "entry_face_gap": 0.0,
          "penetration": 12.0
        }
      },
      {
        "instances": [
          49,
          50
        ],
        "status": "confirmed",
        "kinds": [
          "stud_receptacle",
          "stud"
        ],
        "sources": [
          "ldcad_shadow",
          "ldcad_shadow"
        ],
        "confidence": [
          1.0,
          1.0
        ],
        "feature_ids": [
          "snap_cyl@L8:I4",
          "s/3001s01@R0/stud@R10/studC"
        ],
        "residual": {
          "distance": 0.0,
          "axial_gap": 0.0,
          "alignment": 1.0,
          "roll_alignment": 1.0,
          "entry_face_gap": 0.0,
          "penetration": 12.0
        }
      },
      {
        "instances": [
          49,
          50
        ],
        "status": "confirmed",
        "kinds": [
          "stud_receptacle",
          "stud"
        ],
        "sources": [
          "ldcad_shadow",
          "ldcad_shadow"
        ],
        "confidence": [
          1.0,
          1.0
        ],
        "feature_ids": [
          "snap_cyl@L8:I5",
          "s/3001s01@R0/stud@R6/studC"
        ],
        "residual": {
          "distance": 0.0,
          "axial_gap": 0.0,
          "alignment": 1.0,
          "roll_alignment": 1.0,
          "entry_face_gap": 0.0,
          "penetration": 12.0
        }
      },
      {
        "instances": [
          49,
          50
        ],
        "status": "confirmed",
        "kinds": [
          "stud_receptacle",
          "stud"
        ],
        "sources": [
          "ldcad_shadow",
          "ldcad_shadow"
        ],
        "confidence": [
          1.0,
          1.0
        ],
        "feature_ids": [
          "snap_cyl@L8:I6",
          "s/3001s01@R0/stud@R9/studC"
        ],
        "residual": {
          "distance": 0.0,
          "axial_gap": 0.0,
          "alignment": 1.0,
          "roll_alignment": 1.0,
          "entry_face_gap": 0.0,
          "penetration": 12.0
        }
      },
      {
        "instances": [
          49,
          50
        ],
        "status": "confirmed",
        "kinds": [
          "stud_receptacle",
          "stud"
        ],
        "sources": [
          "ldcad_shadow",
          "ldcad_shadow"
        ],
        "confidence": [
          1.0,
          1.0
        ],
        "feature_ids": [
          "snap_cyl@L8:I7",
          "s/3001s01@R0/stud@R5/studC"
        ],
        "residual": {
          "distance": 0.0,
          "axial_gap": 0.0,
          "alignment": 1.0,
          "roll_alignment": 1.0,
          "entry_face_gap": 0.0,
          "penetration": 12.0
        }
      }
    ],
    "contacts_truncated": false,
    "confirmed_components": [
      [
        0,
        1,
        2,
        3,
        4,
        5,
        6,
        7,
        8,
        9,
        47,
        48,
        49,
        50
      ],
      [
        10
      ],
      [
        11
      ],
      [
        12
      ],
      [
        13
      ],
      [
        14
      ],
      [
        15
      ],
      [
        16
      ],
      [
        17
      ],
      [
        18
      ],
      [
        19
      ],
      [
        20
      ],
      [
        21
      ],
      [
        22
      ],
      [
        23
      ],
      [
        24
      ],
      [
        25
      ],
      [
        26,
        27,
        28,
        29,
        30,
        31,
        32,
        33,
        34,
        35,
        36,
        37,
        38,
        39,
        40,
        41,
        42,
        43,
        44,
        45,
        46
      ]
    ],
    "optimistic_components": [
      [
        0,
        1,
        2,
        3,
        4,
        5,
        6,
        7,
        8,
        9,
        10,
        11,
        12,
        13,
        14,
        15,
        16,
        17,
        18,
        19,
        20,
        21,
        22,
        23,
        24,
        25,
        26,
        27,
        28,
        29,
        30,
        31,
        32,
        33,
        34,
        35,
        36,
        37,
        38,
        39,
        40,
        41,
        42,
        43,
        44,
        45,
        46,
        47,
        48,
        49,
        50
      ]
    ],
    "optimistic_component_count": 1,
    "confirmed_component_count": 18,
    "components_truncated": false,
    "overlap_candidate_count": 76,
    "overlaps": [
      {
        "instances": [
          35,
          43
        ],
        "depths": [
          160.0,
          4.0,
          40.0
        ],
        "status": "review_oriented_bounds",
        "body_penetration": null,
        "connection_count": 16
      },
      {
        "instances": [
          35,
          26
        ],
        "depths": [
          40.0,
          4.0,
          20.0
        ],
        "status": "stud_zone_overlap_review_connections",
        "body_penetration": null,
        "connection_count": 2
      },
      {
        "instances": [
          35,
          27
        ],
        "depths": [
          100.0,
          4.0,
          20.0
        ],
        "status": "stud_zone_overlap_review_connections",
        "body_penetration": null,
        "connection_count": 5
      },
      {
        "instances": [
          37,
          45
        ],
        "depths": [
          160.0,
          4.0,
          40.0
        ],
        "status": "stud_zone_overlap_review_connections",
        "body_penetration": null,
        "connection_count": 16
      },
      {
        "instances": [
          37,
          31
        ],
        "depths": [
          20.0,
          4.0,
          20.0
        ],
        "status": "stud_zone_overlap_review_connections",
        "body_penetration": null,
        "connection_count": 1
      },
      {
        "instances": [
          37,
          32
        ],
        "depths": [
          40.0,
          4.0,
          20.0
        ],
        "status": "stud_zone_overlap_review_connections",
        "body_penetration": null,
        "connection_count": 2
      },
      {
        "instances": [
          37,
          33
        ],
        "depths": [
          80.0,
          4.0,
          20.0
        ],
        "status": "stud_zone_overlap_review_connections",
        "body_penetration": null,
        "connection_count": 4
      },
      {
        "instances": [
          39,
          43
        ],
        "depths": [
          40.0,
          4.0,
          80.0
        ],
        "status": "review_oriented_bounds",
        "body_penetration": null,
        "connection_count": 8
      },
      {
        "instances": [
          39,
          44
        ],
        "depths": [
          40.0,
          4.0,
          80.0
        ],
        "status": "review_oriented_bounds",
        "body_penetration": null,
        "connection_count": 8
      },
      {
        "instances": [
          39,
          28
        ],
        "depths": [
          20.0,
          4.0,
          160.0
        ],
        "status": "stud_zone_overlap_review_connections",
        "body_penetration": null,
        "connection_count": 8
      },
      {
        "instances": [
          40,
          44
        ],
        "depths": [
          40.0,
          4.0,
          40.0
        ],
        "status": "review_oriented_bounds",
        "body_penetration": null,
        "connection_count": 4
      },
      {
        "instances": [
          40,
          31
        ],
        "depths": [
          20.0,
          4.0,
          40.0
        ],
        "status": "stud_zone_overlap_review_connections",
        "body_penetration": null,
        "connection_count": 2
      },
      {
        "instances": [
          43,
          36
        ],
        "depths": [
          80.0,
          4.0,
          40.0
        ],
        "status": "review_oriented_bounds",
        "body_penetration": null,
        "connection_count": 8
      },
      {
        "instances": [
          43,
          41
        ],
        "depths": [
          40.0,
          4.0,
          80.0
        ],
        "status": "review_oriented_bounds",
        "body_penetration": null,
        "connection_count": 8
      },
      {
        "instances": [
          44,
          41
        ],
        "depths": [
          40.0,
          4.0,
          80.0
        ],
        "status": "review_oriented_bounds",
        "body_penetration": null,
        "connection_count": 8
      },
      {
        "instances": [
          44,
          42
        ],
        "depths": [
          40.0,
          4.0,
          40.0
        ],
        "status": "review_oriented_bounds",
        "body_penetration": null,
        "connection_count": 4
      },
      {
        "instances": [
          0,
          2
        ],
        "depths": [
          40.0,
          4.0,
          160.0
        ],
        "status": "review_oriented_bounds",
        "body_penetration": null,
        "connection_count": 16
      },
      {
        "instances": [
          0,
          3
        ],
        "depths": [
          40.0,
          4.0,
          40.0
        ],
        "status": "review_oriented_bounds",
        "body_penetration": null,
        "connection_count": 4
      },
      {
        "instances": [
          0,
          8
        ],
        "depths": [
          120.0,
          4.0,
          40.0
        ],
        "status": "review_oriented_bounds",
        "body_penetration": null,
        "connection_count": 12
      },
      {
        "instances": [
          0,
          4
        ],
        "depths": [
          80.0,
          4.0,
          160.0
        ],
        "status": "review_oriented_bounds",
        "body_penetration": null,
        "connection_count": 32
      },
      {
        "instances": [
          0,
          5
        ],
        "depths": [
          80.0,
          4.0,
          40.0
        ],
        "status": "review_oriented_bounds",
        "body_penetration": null,
        "connection_count": 8
      },
      {
        "instances": [
          2,
          12
        ],
        "depths": [
          20.0,
          4.0,
          140.0
        ],
        "status": "stud_zone_overlap_review_connections",
        "body_penetration": null,
        "connection_count": 7
      },
      {
        "instances": [
          2,
          15
        ],
        "depths": [
          20.0,
          4.0,
          20.0
        ],
        "status": "stud_zone_overlap_review_connections",
        "body_penetration": null,
        "connection_count": 1
      },
      {
        "instances": [
          3,
          15
        ],
        "depths": [
          20.0,
          4.0,
          40.0
        ],
        "status": "stud_zone_overlap_review_connections",
        "body_penetration": null,
        "connection_count": 2
      },
      {
        "instances": [
          3,
          16
        ],
        "depths": [
          20.0,
          4.0,
          20.0
        ],
        "status": "stud_zone_overlap_review_connections",
        "body_penetration": null,
        "connection_count": 1
      },
      {
        "instances": [
          8,
          10
        ],
        "depths": [
          40.0,
          4.0,
          20.0
        ],
        "status": "review_oriented_bounds",
        "body_penetration": null,
        "connection_count": 2
      },
      {
        "instances": [
          8,
          12
        ],
        "depths": [
          20.0,
          4.0,
          20.0
        ],
        "status": "review_oriented_bounds",
        "body_penetration": null,
        "connection_count": 1
      },
      {
        "instances": [
          8,
          11
        ],
        "depths": [
          120.0,
          4.0,
          20.0
        ],
        "status": "review_oriented_bounds",
        "body_penetration": null,
        "connection_count": 6
      },
      {
        "instances": [
          8,
          50
        ],
        "depths": [
          80.0,
          4.0,
          40.0
        ],
        "status": "review_oriented_bounds",
        "body_penetration": null,
        "connection_count": 8
      },
      {
        "instances": [
          8,
          1
        ],
        "depths": [
          40.0,
          4.0,
          40.0
        ],
        "status": "review_oriented_bounds",
        "body_penetration": null,
        "connection_count": 4
      },
      {
        "instances": [
          10,
          19
        ],
        "depths": [
          40.0,
          4.0,
          20.0
        ],
        "status": "stud_zone_overlap_review_connections",
        "body_penetration": null,
        "connection_count": 2
      },
      {
        "instances": [
          12,
          21
        ],
        "depths": [
          20.0,
          4.0,
          160.0
        ],
        "status": "stud_zone_overlap_review_connections",
        "body_penetration": null,
        "connection_count": 8
      },
      {
        "instances": [
          15,
          23
        ],
        "depths": [
          20.0,
          4.0,
          60.0
        ],
        "status": "stud_zone_overlap_review_connections",
        "body_penetration": null,
        "connection_count": 3
      },
      {
        "instances": [
          19,
          26
        ],
        "depths": [
          40.0,
          4.0,
          20.0
        ],
        "status": "stud_zone_overlap_review_connections",
        "body_penetration": null,
        "connection_count": 2
      },
      {
        "instances": [
          19,
          11
        ],
        "depths": [
          120.0,
          4.0,
          20.0
        ],
        "status": "stud_zone_overlap_review_connections",
        "body_penetration": null,
        "connection_count": 6
      },
      {
        "instances": [
          19,
          27
        ],
        "depths": [
          120.0,
          4.0,
          20.0
        ],
        "status": "stud_zone_overlap_review_connections",
        "body_penetration": null,
        "connection_count": 6
      },
      {
        "instances": [
          21,
          28
        ],
        "depths": [
          20.0,
          4.0,
          160.0
        ],
        "status": "stud_zone_overlap_review_connections",
        "body_penetration": null,
        "connection_count": 8
      },
      {
        "instances": [
          23,
          31
        ],
        "depths": [
          20.0,
          4.0,
          60.0
        ],
        "status": "stud_zone_overlap_review_connections",
        "body_penetration": null,
        "connection_count": 3
      },
      {
        "instances": [
          16,
          25
        ],
        "depths": [
          40.0,
          4.0,
          20.0
        ],
        "status": "stud_zone_overlap_review_connections",
        "body_penetration": null,
        "connection_count": 2
      },
      {
        "instances": [
          16,
          5
        ],
        "depths": [
          20.0,
          4.0,
          20.0
        ],
        "status": "stud_zone_overlap_review_connections",
        "body_penetration": null,
        "connection_count": 1
      },
      {
        "instances": [
          25,
          32
        ],
        "depths": [
          40.0,
          4.0,
          20.0
        ],
        "status": "stud_zone_overlap_review_connections",
        "body_penetration": null,
        "connection_count": 2
      },
      {
        "instances": [
          25,
          17
        ],
        "depths": [
          120.0,
          4.0,
          20.0
        ],
        "status": "stud_zone_overlap_review_connections",
        "body_penetration": null,
        "connection_count": 6
      },
      {
        "instances": [
          25,
          33
        ],
        "depths": [
          120.0,
          4.0,
          20.0
        ],
        "status": "stud_zone_overlap_review_connections",
        "body_penetration": null,
        "connection_count": 6
      },
      {
        "instances": [
          4,
          1
        ],
        "depths": [
          40.0,
          4.0,
          160.0
        ],
        "status": "review_oriented_bounds",
        "body_penetration": null,
        "connection_count": 16
      },
      {
        "instances": [
          5,
          17
        ],
        "depths": [
          100.0,
          4.0,
          20.0
        ],
        "status": "stud_zone_overlap_review_connections",
        "body_penetration": null,
        "connection_count": 5
      },
      {
        "instances": [
          5,
          1
        ],
        "depths": [
          40.0,
          4.0,
          40.0
        ],
        "status": "review_oriented_bounds",
        "body_penetration": null,
        "connection_count": 4
      },
      {
        "instances": [
          11,
          9
        ],
        "depths": [
          40.0,
          4.0,
          20.0
        ],
        "status": "stud_zone_overlap_review_connections",
        "body_penetration": null,
        "connection_count": 2
      },
      {
        "instances": [
          11,
          20
        ],
        "depths": [
          40.0,
          4.0,
          20.0
        ],
        "status": "stud_zone_overlap_review_connections",
        "body_penetration": null,
        "connection_count": 2
      },
      {
        "instances": [
          27,
          36
        ],
        "depths": [
          60.0,
          4.0,
          20.0
        ],
        "status": "stud_zone_overlap_review_connections",
        "body_penetration": null,
        "connection_count": 3
      },
      {
        "instances": [
          27,
          20
        ],
        "depths": [
          40.0,
          4.0,
          20.0
        ],
        "status": "stud_zone_overlap_review_connections",
        "body_penetration": null,
        "connection_count": 2
      },
      {
        "instances": [
          17,
          7
        ],
        "depths": [
          20.0,
          4.0,
          20.0
        ],
        "status": "stud_zone_overlap_review_connections",
        "body_penetration": null,
        "connection_count": 1
      },
      {
        "instances": [
          33,
          38
        ],
        "depths": [
          40.0,
          4.0,
          20.0
        ],
        "status": "stud_zone_overlap_review_connections",
        "body_penetration": null,
        "connection_count": 2
      },
      {
        "instances": [
          47,
          49
        ],
        "depths": [
          40.0,
          4.0,
          40.0
        ],
        "status": "review_oriented_bounds",
        "body_penetration": null,
        "connection_count": 4
      },
      {
        "instances": [
          49,
          50
        ],
        "depths": [
          80.0,
          4.0,
          40.0
        ],
        "status": "stud_zone_overlap_review_connections",
        "body_penetration": null,
        "connection_count": 8
      },
      {
        "instances": [
          49,
          48
        ],
        "depths": [
          40.0,
          4.0,
          40.0
        ],
        "status": "review_oriented_bounds",
        "body_penetration": null,
        "connection_count": 4
      },
      {
        "instances": [
          1,
          6
        ],
        "depths": [
          40.0,
          4.0,
          160.0
        ],
        "status": "review_oriented_bounds",
        "body_penetration": null,
        "connection_count": 16
      },
      {
        "instances": [
          1,
          7
        ],
        "depths": [
          40.0,
          4.0,
          40.0
        ],
        "status": "review_oriented_bounds",
        "body_penetration": null,
        "connection_count": 4
      },
      {
        "instances": [
          1,
          9
        ],
        "depths": [
          40.0,
          4.0,
          40.0
        ],
        "status": "review_oriented_bounds",
        "body_penetration": null,
        "connection_count": 4
      },
      {
        "instances": [
          38,
          46
        ],
        "depths": [
          80.0,
          4.0,
          40.0
        ],
        "status": "stud_zone_overlap_review_connections",
        "body_penetration": null,
        "connection_count": 8
      },
      {
        "instances": [
          38,
          34
        ],
        "depths": [
          20.0,
          4.0,
          20.0
        ],
        "status": "stud_zone_overlap_review_connections",
        "body_penetration": null,
        "connection_count": 1
      },
      {
        "instances": [
          6,
          13
        ],
        "depths": [
          20.0,
          4.0,
          20.0
        ],
        "status": "stud_zone_overlap_review_connections",
        "body_penetration": null,
        "connection_count": 1
      },
      {
        "instances": [
          6,
          14
        ],
        "depths": [
          20.0,
          4.0,
          140.0
        ],
        "status": "stud_zone_overlap_review_connections",
        "body_penetration": null,
        "connection_count": 7
      },
      {
        "instances": [
          7,
          14
        ],
        "depths": [
          20.0,
          4.0,
          20.0
        ],
        "status": "stud_zone_overlap_review_connections",
        "body_penetration": null,
        "connection_count": 1
      },
      {
        "instances": [
          7,
          18
        ],
        "depths": [
          20.0,
          4.0,
          20.0
        ],
        "status": "stud_zone_overlap_review_connections",
        "body_penetration": null,
        "connection_count": 1
      },
      {
        "instances": [
          9,
          13
        ],
        "depths": [
          20.0,
          4.0,
          20.0
        ],
        "status": "stud_zone_overlap_review_connections",
        "body_penetration": null,
        "connection_count": 1
      },
      {
        "instances": [
          13,
          22
        ],
        "depths": [
          20.0,
          4.0,
          40.0
        ],
        "status": "stud_zone_overlap_review_connections",
        "body_penetration": null,
        "connection_count": 2
      },
      {
        "instances": [
          14,
          22
        ],
        "depths": [
          20.0,
          4.0,
          120.0
        ],
        "status": "stud_zone_overlap_review_connections",
        "body_penetration": null,
        "connection_count": 6
      },
      {
        "instances": [
          14,
          24
        ],
        "depths": [
          20.0,
          4.0,
          40.0
        ],
        "status": "stud_zone_overlap_review_connections",
        "body_penetration": null,
        "connection_count": 2
      },
      {
        "instances": [
          18,
          24
        ],
        "depths": [
          20.0,
          4.0,
          20.0
        ],
        "status": "stud_zone_overlap_review_connections",
        "body_penetration": null,
        "connection_count": 1
      },
      {
        "instances": [
          22,
          29
        ],
        "depths": [
          20.0,
          4.0,
          40.0
        ],
        "status": "stud_zone_overlap_review_connections",
        "body_penetration": null,
        "connection_count": 2
      },
      {
        "instances": [
          22,
          30
        ],
        "depths": [
          20.0,
          4.0,
          120.0
        ],
        "status": "stud_zone_overlap_review_connections",
        "body_penetration": null,
        "connection_count": 6
      },
      {
        "instances": [
          24,
          30
        ],
        "depths": [
          20.0,
          4.0,
          40.0
        ],
        "status": "stud_zone_overlap_review_connections",
        "body_penetration": null,
        "connection_count": 2
      },
      {
        "instances": [
          24,
          34
        ],
        "depths": [
          20.0,
          4.0,
          20.0
        ],
        "status": "stud_zone_overlap_review_connections",
        "body_penetration": null,
        "connection_count": 1
      },
      {
        "instances": [
          29,
          41
        ],
        "depths": [
          20.0,
          4.0,
          40.0
        ],
        "status": "stud_zone_overlap_review_connections",
        "body_penetration": null,
        "connection_count": 2
      },
      {
        "instances": [
          30,
          41
        ],
        "depths": [
          20.0,
          4.0,
          120.0
        ],
        "status": "stud_zone_overlap_review_connections",
        "body_penetration": null,
        "connection_count": 6
      },
      {
        "instances": [
          30,
          42
        ],
        "depths": [
          20.0,
          4.0,
          40.0
        ],
        "status": "stud_zone_overlap_review_connections",
        "body_penetration": null,
        "connection_count": 2
      }
    ],
    "overlaps_truncated": false,
    "diagnostics": [
      {
        "code": "coverage.collision_review",
        "severity": "warning",
        "message": "Some parts lack rectangular body checks; oriented bounds refine candidates, while remaining overlaps require material review.",
        "line_number": null,
        "section": null
      }
    ],
    "limitations": [
      "AABB candidates do not prove collisions; stud/socket bounding boxes normally overlap.",
      "Connector matches, including 'confirmed', are computational evidence, not buildability certification.",
      "No material intersection, clutch strength, stability, legal connection stress, or real colour availability proof."
    ]
  }
}
