{
  "file": "output/tidal-observatory.mpd",
  "section": "tidal-dome-roof.ldr",
  "profile": "syntax",
  "checks_passed": true,
  "physical_validity": "not_proven",
  "diagnostics": [
    {
      "code": "assembly.disconnected_evidence",
      "severity": "warning",
      "message": "Connection analysis finds multiple groups. Investigate floating parts, missing connector metadata, or intentional separate objects.",
      "line_number": null,
      "section": null,
      "component_count": 6
    },
    {
      "code": "coverage.collision_review",
      "severity": "warning",
      "message": "Some parts lack rectangular body checks; oriented bounds refine candidates, while remaining overlaps require material review.",
      "line_number": null,
      "section": null
    }
  ],
  "geometry": {
    "complete": true,
    "connection_coverage": {
      "complete": 118,
      "partial": 0,
      "none": 0
    },
    "collision_method": "AABB broad phase, oriented bounds separation, curated rectangular body SAT",
    "physical_validity": "not_proven",
    "bounds": {
      "min": [
        -280.0,
        -212.0,
        -200.0
      ],
      "max": [
        280.0,
        16.0,
        200.0
      ]
    },
    "occurrence_count": 118,
    "detail": "full",
    "instance_offset": 0,
    "instances": [
      {
        "index": 0,
        "part": "3028.dat",
        "description": "Plate 6 x 12",
        "colour": {
          "code": 72,
          "name": null,
          "rgb": null,
          "alpha": null,
          "colour_attributes": null
        },
        "position": [
          -160.0,
          8.0,
          -140.0
        ],
        "matrix": [
          [
            1.0,
            0.0,
            0.0
          ],
          [
            0.0,
            1.0,
            0.0
          ],
          [
            0.0,
            0.0,
            1.0
          ]
        ],
        "bounds": {
          "min": [
            -280.0,
            4.0,
            -200.0
          ],
          "max": [
            -40.0,
            16.0,
            -80.0
          ]
        },
        "section": "tidal-dome-roof.ldr",
        "line_number": 3142,
        "source_path": [
          null,
          3142
        ],
        "step": 1,
        "body_profile": false,
        "connector_count": 144,
        "placement_path": [
          0,
          0
        ],
        "connection_metadata": {
          "coverage": "complete",
          "source_count": 3,
          "recognized_record_count": 2,
          "unsupported_record_count": 0,
          "invalid_record_count": 0,
          "diagnostics": []
        }
      },
      {
        "index": 1,
        "part": "3028.dat",
        "description": "Plate 6 x 12",
        "colour": {
          "code": 72,
          "name": null,
          "rgb": null,
          "alpha": null,
          "colour_attributes": null
        },
        "position": [
          80.0,
          8.0,
          -140.0
        ],
        "matrix": [
          [
            1.0,
            0.0,
            0.0
          ],
          [
            0.0,
            1.0,
            0.0
          ],
          [
            0.0,
            0.0,
            1.0
          ]
        ],
        "bounds": {
          "min": [
            -40.0,
            4.0,
            -200.0
          ],
          "max": [
            200.0,
            16.0,
            -80.0
          ]
        },
        "section": "tidal-dome-roof.ldr",
        "line_number": 3144,
        "source_path": [
          null,
          3144
        ],
        "step": 1,
        "body_profile": false,
        "connector_count": 144,
        "placement_path": [
          0,
          1
        ],
        "connection_metadata": {
          "coverage": "complete",
          "source_count": 3,
          "recognized_record_count": 2,
          "unsupported_record_count": 0,
          "invalid_record_count": 0,
          "diagnostics": []
        }
      },
      {
        "index": 2,
        "part": "3029.dat",
        "description": "Plate 4 x 12",
        "colour": {
          "code": 72,
          "name": null,
          "rgb": null,
          "alpha": null,
          "colour_attributes": null
        },
        "position": [
          240.0,
          8.0,
          -80.0
        ],
        "matrix": [
          [
            0.0,
            0.0,
            1.0
          ],
          [
            0.0,
            1.0,
            0.0
          ],
          [
            -1.0,
            0.0,
            0.0
          ]
        ],
        "bounds": {
          "min": [
            200.0,
            4.0,
            -200.0
          ],
          "max": [
            280.0,
            16.0,
            40.0
          ]
        },
        "section": "tidal-dome-roof.ldr",
        "line_number": 3146,
        "source_path": [
          null,
          3146
        ],
        "step": 1,
        "body_profile": false,
        "connector_count": 96,
        "placement_path": [
          0,
          2
        ],
        "connection_metadata": {
          "coverage": "complete",
          "source_count": 3,
          "recognized_record_count": 2,
          "unsupported_record_count": 0,
          "invalid_record_count": 0,
          "diagnostics": []
        }
      },
      {
        "index": 3,
        "part": "3028.dat",
        "description": "Plate 6 x 12",
        "colour": {
          "code": 72,
          "name": null,
          "rgb": null,
          "alpha": null,
          "colour_attributes": null
        },
        "position": [
          -160.0,
          8.0,
          -20.0
        ],
        "matrix": [
          [
            1.0,
            0.0,
            0.0
          ],
          [
            0.0,
            1.0,
            0.0
          ],
          [
            0.0,
            0.0,
            1.0
          ]
        ],
        "bounds": {
          "min": [
            -280.0,
            4.0,
            -80.0
          ],
          "max": [
            -40.0,
            16.0,
            40.0
          ]
        },
        "section": "tidal-dome-roof.ldr",
        "line_number": 3148,
        "source_path": [
          null,
          3148
        ],
        "step": 1,
        "body_profile": false,
        "connector_count": 144,
        "placement_path": [
          0,
          3
        ],
        "connection_metadata": {
          "coverage": "complete",
          "source_count": 3,
          "recognized_record_count": 2,
          "unsupported_record_count": 0,
          "invalid_record_count": 0,
          "diagnostics": []
        }
      },
      {
        "index": 4,
        "part": "3028.dat",
        "description": "Plate 6 x 12",
        "colour": {
          "code": 72,
          "name": null,
          "rgb": null,
          "alpha": null,
          "colour_attributes": null
        },
        "position": [
          80.0,
          8.0,
          -20.0
        ],
        "matrix": [
          [
            1.0,
            0.0,
            0.0
          ],
          [
            0.0,
            1.0,
            0.0
          ],
          [
            0.0,
            0.0,
            1.0
          ]
        ],
        "bounds": {
          "min": [
            -40.0,
            4.0,
            -80.0
          ],
          "max": [
            200.0,
            16.0,
            40.0
          ]
        },
        "section": "tidal-dome-roof.ldr",
        "line_number": 3150,
        "source_path": [
          null,
          3150
        ],
        "step": 1,
        "body_profile": false,
        "connector_count": 144,
        "placement_path": [
          0,
          4
        ],
        "connection_metadata": {
          "coverage": "complete",
          "source_count": 3,
          "recognized_record_count": 2,
          "unsupported_record_count": 0,
          "invalid_record_count": 0,
          "diagnostics": []
        }
      },
      {
        "index": 5,
        "part": "3028.dat",
        "description": "Plate 6 x 12",
        "colour": {
          "code": 72,
          "name": null,
          "rgb": null,
          "alpha": null,
          "colour_attributes": null
        },
        "position": [
          -160.0,
          8.0,
          100.0
        ],
        "matrix": [
          [
            1.0,
            0.0,
            0.0
          ],
          [
            0.0,
            1.0,
            0.0
          ],
          [
            0.0,
            0.0,
            1.0
          ]
        ],
        "bounds": {
          "min": [
            -280.0,
            4.0,
            40.0
          ],
          "max": [
            -40.0,
            16.0,
            160.0
          ]
        },
        "section": "tidal-dome-roof.ldr",
        "line_number": 3152,
        "source_path": [
          null,
          3152
        ],
        "step": 1,
        "body_profile": false,
        "connector_count": 144,
        "placement_path": [
          0,
          5
        ],
        "connection_metadata": {
          "coverage": "complete",
          "source_count": 3,
          "recognized_record_count": 2,
          "unsupported_record_count": 0,
          "invalid_record_count": 0,
          "diagnostics": []
        }
      },
      {
        "index": 6,
        "part": "3028.dat",
        "description": "Plate 6 x 12",
        "colour": {
          "code": 72,
          "name": null,
          "rgb": null,
          "alpha": null,
          "colour_attributes": null
        },
        "position": [
          80.0,
          8.0,
          100.0
        ],
        "matrix": [
          [
            1.0,
            0.0,
            0.0
          ],
          [
            0.0,
            1.0,
            0.0
          ],
          [
            0.0,
            0.0,
            1.0
          ]
        ],
        "bounds": {
          "min": [
            -40.0,
            4.0,
            40.0
          ],
          "max": [
            200.0,
            16.0,
            160.0
          ]
        },
        "section": "tidal-dome-roof.ldr",
        "line_number": 3154,
        "source_path": [
          null,
          3154
        ],
        "step": 1,
        "body_profile": false,
        "connector_count": 144,
        "placement_path": [
          0,
          6
        ],
        "connection_metadata": {
          "coverage": "complete",
          "source_count": 3,
          "recognized_record_count": 2,
          "unsupported_record_count": 0,
          "invalid_record_count": 0,
          "diagnostics": []
        }
      },
      {
        "index": 7,
        "part": "3035.dat",
        "description": "Plate 4 x 8",
        "colour": {
          "code": 72,
          "name": null,
          "rgb": null,
          "alpha": null,
          "colour_attributes": null
        },
        "position": [
          240.0,
          8.0,
          120.0
        ],
        "matrix": [
          [
            0.0,
            0.0,
            1.0
          ],
          [
            0.0,
            1.0,
            0.0
          ],
          [
            -1.0,
            0.0,
            0.0
          ]
        ],
        "bounds": {
          "min": [
            200.0,
            4.0,
            40.0
          ],
          "max": [
            280.0,
            16.0,
            200.0
          ]
        },
        "section": "tidal-dome-roof.ldr",
        "line_number": 3156,
        "source_path": [
          null,
          3156
        ],
        "step": 1,
        "body_profile": false,
        "connector_count": 64,
        "placement_path": [
          0,
          7
        ],
        "connection_metadata": {
          "coverage": "complete",
          "source_count": 3,
          "recognized_record_count": 2,
          "unsupported_record_count": 0,
          "invalid_record_count": 0,
          "diagnostics": []
        }
      },
      {
        "index": 8,
        "part": "3034.dat",
        "description": "Plate 2 x 8",
        "colour": {
          "code": 72,
          "name": null,
          "rgb": null,
          "alpha": null,
          "colour_attributes": null
        },
        "position": [
          -200.0,
          8.0,
          180.0
        ],
        "matrix": [
          [
            1.0,
            0.0,
            0.0
          ],
          [
            0.0,
            1.0,
            0.0
          ],
          [
            0.0,
            0.0,
            1.0
          ]
        ],
        "bounds": {
          "min": [
            -280.0,
            4.0,
            160.0
          ],
          "max": [
            -120.0,
            16.0,
            200.0
          ]
        },
        "section": "tidal-dome-roof.ldr",
        "line_number": 3158,
        "source_path": [
          null,
          3158
        ],
        "step": 1,
        "body_profile": true,
        "connector_count": 32,
        "placement_path": [
          0,
          8
        ],
        "connection_metadata": {
          "coverage": "complete",
          "source_count": 3,
          "recognized_record_count": 2,
          "unsupported_record_count": 0,
          "invalid_record_count": 0,
          "diagnostics": []
        }
      },
      {
        "index": 9,
        "part": "3034.dat",
        "description": "Plate 2 x 8",
        "colour": {
          "code": 72,
          "name": null,
          "rgb": null,
          "alpha": null,
          "colour_attributes": null
        },
        "position": [
          -40.0,
          8.0,
          180.0
        ],
        "matrix": [
          [
            1.0,
            0.0,
            0.0
          ],
          [
            0.0,
            1.0,
            0.0
          ],
          [
            0.0,
            0.0,
            1.0
          ]
        ],
        "bounds": {
          "min": [
            -120.0,
            4.0,
            160.0
          ],
          "max": [
            40.0,
            16.0,
            200.0
          ]
        },
        "section": "tidal-dome-roof.ldr",
        "line_number": 3160,
        "source_path": [
          null,
          3160
        ],
        "step": 1,
        "body_profile": true,
        "connector_count": 32,
        "placement_path": [
          0,
          9
        ],
        "connection_metadata": {
          "coverage": "complete",
          "source_count": 3,
          "recognized_record_count": 2,
          "unsupported_record_count": 0,
          "invalid_record_count": 0,
          "diagnostics": []
        }
      },
      {
        "index": 10,
        "part": "3034.dat",
        "description": "Plate 2 x 8",
        "colour": {
          "code": 72,
          "name": null,
          "rgb": null,
          "alpha": null,
          "colour_attributes": null
        },
        "position": [
          120.0,
          8.0,
          180.0
        ],
        "matrix": [
          [
            1.0,
            0.0,
            0.0
          ],
          [
            0.0,
            1.0,
            0.0
          ],
          [
            0.0,
            0.0,
            1.0
          ]
        ],
        "bounds": {
          "min": [
            40.0,
            4.0,
            160.0
          ],
          "max": [
            200.0,
            16.0,
            200.0
          ]
        },
        "section": "tidal-dome-roof.ldr",
        "line_number": 3162,
        "source_path": [
          null,
          3162
        ],
        "step": 1,
        "body_profile": true,
        "connector_count": 32,
        "placement_path": [
          0,
          10
        ],
        "connection_metadata": {
          "coverage": "complete",
          "source_count": 3,
          "recognized_record_count": 2,
          "unsupported_record_count": 0,
          "invalid_record_count": 0,
          "diagnostics": []
        }
      },
      {
        "index": 11,
        "part": "3022.dat",
        "description": "Plate 2 x 2",
        "colour": {
          "code": 320,
          "name": null,
          "rgb": null,
          "alpha": null,
          "colour_attributes": null
        },
        "position": [
          -260.0,
          0.0,
          -180.0
        ],
        "matrix": [
          [
            1.0,
            0.0,
            0.0
          ],
          [
            0.0,
            1.0,
            0.0
          ],
          [
            0.0,
            0.0,
            1.0
          ]
        ],
        "bounds": {
          "min": [
            -280.0,
            -4.0,
            -200.0
          ],
          "max": [
            -240.0,
            8.0,
            -160.0
          ]
        },
        "section": "tidal-dome-roof.ldr",
        "line_number": 3165,
        "source_path": [
          null,
          3165
        ],
        "step": 1,
        "body_profile": true,
        "connector_count": 9,
        "placement_path": [
          0,
          11
        ],
        "connection_metadata": {
          "coverage": "complete",
          "source_count": 3,
          "recognized_record_count": 3,
          "unsupported_record_count": 0,
          "invalid_record_count": 0,
          "diagnostics": []
        }
      },
      {
        "index": 12,
        "part": "3034.dat",
        "description": "Plate 2 x 8",
        "colour": {
          "code": 320,
          "name": null,
          "rgb": null,
          "alpha": null,
          "colour_attributes": null
        },
        "position": [
          -260.0,
          0.0,
          -80.0
        ],
        "matrix": [
          [
            0.0,
            0.0,
            1.0
          ],
          [
            0.0,
            1.0,
            0.0
          ],
          [
            -1.0,
            0.0,
            0.0
          ]
        ],
        "bounds": {
          "min": [
            -280.0,
            -4.0,
            -160.0
          ],
          "max": [
            -240.0,
            8.0,
            0.0
          ]
        },
        "section": "tidal-dome-roof.ldr",
        "line_number": 3167,
        "source_path": [
          null,
          3167
        ],
        "step": 1,
        "body_profile": true,
        "connector_count": 32,
        "placement_path": [
          0,
          12
        ],
        "connection_metadata": {
          "coverage": "complete",
          "source_count": 3,
          "recognized_record_count": 2,
          "unsupported_record_count": 0,
          "invalid_record_count": 0,
          "diagnostics": []
        }
      },
      {
        "index": 13,
        "part": "3034.dat",
        "description": "Plate 2 x 8",
        "colour": {
          "code": 320,
          "name": null,
          "rgb": null,
          "alpha": null,
          "colour_attributes": null
        },
        "position": [
          -260.0,
          0.0,
          80.0
        ],
        "matrix": [
          [
            0.0,
            0.0,
            1.0
          ],
          [
            0.0,
            1.0,
            0.0
          ],
          [
            -1.0,
            0.0,
            0.0
          ]
        ],
        "bounds": {
          "min": [
            -280.0,
            -4.0,
            0.0
          ],
          "max": [
            -240.0,
            8.0,
            160.0
          ]
        },
        "section": "tidal-dome-roof.ldr",
        "line_number": 3169,
        "source_path": [
          null,
          3169
        ],
        "step": 1,
        "body_profile": true,
        "connector_count": 32,
        "placement_path": [
          0,
          13
        ],
        "connection_metadata": {
          "coverage": "complete",
          "source_count": 3,
          "recognized_record_count": 2,
          "unsupported_record_count": 0,
          "invalid_record_count": 0,
          "diagnostics": []
        }
      },
      {
        "index": 14,
        "part": "3022.dat",
        "description": "Plate 2 x 2",
        "colour": {
          "code": 320,
          "name": null,
          "rgb": null,
          "alpha": null,
          "colour_attributes": null
        },
        "position": [
          -260.0,
          0.0,
          180.0
        ],
        "matrix": [
          [
            1.0,
            0.0,
            0.0
          ],
          [
            0.0,
            1.0,
            0.0
          ],
          [
            0.0,
            0.0,
            1.0
          ]
        ],
        "bounds": {
          "min": [
            -280.0,
            -4.0,
            160.0
          ],
          "max": [
            -240.0,
            8.0,
            200.0
          ]
        },
        "section": "tidal-dome-roof.ldr",
        "line_number": 3171,
        "source_path": [
          null,
          3171
        ],
        "step": 1,
        "body_profile": true,
        "connector_count": 9,
        "placement_path": [
          0,
          14
        ],
        "connection_metadata": {
          "coverage": "complete",
          "source_count": 3,
          "recognized_record_count": 3,
          "unsupported_record_count": 0,
          "invalid_record_count": 0,
          "diagnostics": []
        }
      },
      {
        "index": 15,
        "part": "3034.dat",
        "description": "Plate 2 x 8",
        "colour": {
          "code": 320,
          "name": null,
          "rgb": null,
          "alpha": null,
          "colour_attributes": null
        },
        "position": [
          -160.0,
          0.0,
          -180.0
        ],
        "matrix": [
          [
            1.0,
            0.0,
            0.0
          ],
          [
            0.0,
            1.0,
            0.0
          ],
          [
            0.0,
            0.0,
            1.0
          ]
        ],
        "bounds": {
          "min": [
            -240.0,
            -4.0,
            -200.0
          ],
          "max": [
            -80.0,
            8.0,
            -160.0
          ]
        },
        "section": "tidal-dome-roof.ldr",
        "line_number": 3173,
        "source_path": [
          null,
          3173
        ],
        "step": 1,
        "body_profile": true,
        "connector_count": 32,
        "placement_path": [
          0,
          15
        ],
        "connection_metadata": {
          "coverage": "complete",
          "source_count": 3,
          "recognized_record_count": 2,
          "unsupported_record_count": 0,
          "invalid_record_count": 0,
          "diagnostics": []
        }
      },
      {
        "index": 16,
        "part": "3034.dat",
        "description": "Plate 2 x 8",
        "colour": {
          "code": 320,
          "name": null,
          "rgb": null,
          "alpha": null,
          "colour_attributes": null
        },
        "position": [
          0.0,
          0.0,
          -180.0
        ],
        "matrix": [
          [
            1.0,
            0.0,
            0.0
          ],
          [
            0.0,
            1.0,
            0.0
          ],
          [
            0.0,
            0.0,
            1.0
          ]
        ],
        "bounds": {
          "min": [
            -80.0,
            -4.0,
            -200.0
          ],
          "max": [
            80.0,
            8.0,
            -160.0
          ]
        },
        "section": "tidal-dome-roof.ldr",
        "line_number": 3175,
        "source_path": [
          null,
          3175
        ],
        "step": 1,
        "body_profile": true,
        "connector_count": 32,
        "placement_path": [
          0,
          16
        ],
        "connection_metadata": {
          "coverage": "complete",
          "source_count": 3,
          "recognized_record_count": 2,
          "unsupported_record_count": 0,
          "invalid_record_count": 0,
          "diagnostics": []
        }
      },
      {
        "index": 17,
        "part": "3034.dat",
        "description": "Plate 2 x 8",
        "colour": {
          "code": 320,
          "name": null,
          "rgb": null,
          "alpha": null,
          "colour_attributes": null
        },
        "position": [
          160.0,
          0.0,
          -180.0
        ],
        "matrix": [
          [
            1.0,
            0.0,
            0.0
          ],
          [
            0.0,
            1.0,
            0.0
          ],
          [
            0.0,
            0.0,
            1.0
          ]
        ],
        "bounds": {
          "min": [
            80.0,
            -4.0,
            -200.0
          ],
          "max": [
            240.0,
            8.0,
            -160.0
          ]
        },
        "section": "tidal-dome-roof.ldr",
        "line_number": 3177,
        "source_path": [
          null,
          3177
        ],
        "step": 1,
        "body_profile": true,
        "connector_count": 32,
        "placement_path": [
          0,
          17
        ],
        "connection_metadata": {
          "coverage": "complete",
          "source_count": 3,
          "recognized_record_count": 2,
          "unsupported_record_count": 0,
          "invalid_record_count": 0,
          "diagnostics": []
        }
      },
      {
        "index": 18,
        "part": "3028.dat",
        "description": "Plate 6 x 12",
        "colour": {
          "code": 320,
          "name": null,
          "rgb": null,
          "alpha": null,
          "colour_attributes": null
        },
        "position": [
          -120.0,
          0.0,
          -100.0
        ],
        "matrix": [
          [
            1.0,
            0.0,
            0.0
          ],
          [
            0.0,
            1.0,
            0.0
          ],
          [
            0.0,
            0.0,
            1.0
          ]
        ],
        "bounds": {
          "min": [
            -240.0,
            -4.0,
            -160.0
          ],
          "max": [
            0.0,
            8.0,
            -40.0
          ]
        },
        "section": "tidal-dome-roof.ldr",
        "line_number": 3179,
        "source_path": [
          null,
          3179
        ],
        "step": 1,
        "body_profile": false,
        "connector_count": 144,
        "placement_path": [
          0,
          18
        ],
        "connection_metadata": {
          "coverage": "complete",
          "source_count": 3,
          "recognized_record_count": 2,
          "unsupported_record_count": 0,
          "invalid_record_count": 0,
          "diagnostics": []
        }
      },
      {
        "index": 19,
        "part": "3028.dat",
        "description": "Plate 6 x 12",
        "colour": {
          "code": 320,
          "name": null,
          "rgb": null,
          "alpha": null,
          "colour_attributes": null
        },
        "position": [
          120.0,
          0.0,
          -100.0
        ],
        "matrix": [
          [
            1.0,
            0.0,
            0.0
          ],
          [
            0.0,
            1.0,
            0.0
          ],
          [
            0.0,
            0.0,
            1.0
          ]
        ],
        "bounds": {
          "min": [
            0.0,
            -4.0,
            -160.0
          ],
          "max": [
            240.0,
            8.0,
            -40.0
          ]
        },
        "section": "tidal-dome-roof.ldr",
        "line_number": 3181,
        "source_path": [
          null,
          3181
        ],
        "step": 1,
        "body_profile": false,
        "connector_count": 144,
        "placement_path": [
          0,
          19
        ],
        "connection_metadata": {
          "coverage": "complete",
          "source_count": 3,
          "recognized_record_count": 2,
          "unsupported_record_count": 0,
          "invalid_record_count": 0,
          "diagnostics": []
        }
      },
      {
        "index": 20,
        "part": "3028.dat",
        "description": "Plate 6 x 12",
        "colour": {
          "code": 320,
          "name": null,
          "rgb": null,
          "alpha": null,
          "colour_attributes": null
        },
        "position": [
          -120.0,
          0.0,
          20.0
        ],
        "matrix": [
          [
            1.0,
            0.0,
            0.0
          ],
          [
            0.0,
            1.0,
            0.0
          ],
          [
            0.0,
            0.0,
            1.0
          ]
        ],
        "bounds": {
          "min": [
            -240.0,
            -4.0,
            -40.0
          ],
          "max": [
            0.0,
            8.0,
            80.0
          ]
        },
        "section": "tidal-dome-roof.ldr",
        "line_number": 3183,
        "source_path": [
          null,
          3183
        ],
        "step": 1,
        "body_profile": false,
        "connector_count": 144,
        "placement_path": [
          0,
          20
        ],
        "connection_metadata": {
          "coverage": "complete",
          "source_count": 3,
          "recognized_record_count": 2,
          "unsupported_record_count": 0,
          "invalid_record_count": 0,
          "diagnostics": []
        }
      },
      {
        "index": 21,
        "part": "3028.dat",
        "description": "Plate 6 x 12",
        "colour": {
          "code": 320,
          "name": null,
          "rgb": null,
          "alpha": null,
          "colour_attributes": null
        },
        "position": [
          120.0,
          0.0,
          20.0
        ],
        "matrix": [
          [
            1.0,
            0.0,
            0.0
          ],
          [
            0.0,
            1.0,
            0.0
          ],
          [
            0.0,
            0.0,
            1.0
          ]
        ],
        "bounds": {
          "min": [
            0.0,
            -4.0,
            -40.0
          ],
          "max": [
            240.0,
            8.0,
            80.0
          ]
        },
        "section": "tidal-dome-roof.ldr",
        "line_number": 3185,
        "source_path": [
          null,
          3185
        ],
        "step": 1,
        "body_profile": false,
        "connector_count": 144,
        "placement_path": [
          0,
          21
        ],
        "connection_metadata": {
          "coverage": "complete",
          "source_count": 3,
          "recognized_record_count": 2,
          "unsupported_record_count": 0,
          "invalid_record_count": 0,
          "diagnostics": []
        }
      },
      {
        "index": 22,
        "part": "3029.dat",
        "description": "Plate 4 x 12",
        "colour": {
          "code": 320,
          "name": null,
          "rgb": null,
          "alpha": null,
          "colour_attributes": null
        },
        "position": [
          -120.0,
          0.0,
          120.0
        ],
        "matrix": [
          [
            1.0,
            0.0,
            0.0
          ],
          [
            0.0,
            1.0,
            0.0
          ],
          [
            0.0,
            0.0,
            1.0
          ]
        ],
        "bounds": {
          "min": [
            -240.0,
            -4.0,
            80.0
          ],
          "max": [
            0.0,
            8.0,
            160.0
          ]
        },
        "section": "tidal-dome-roof.ldr",
        "line_number": 3187,
        "source_path": [
          null,
          3187
        ],
        "step": 1,
        "body_profile": false,
        "connector_count": 96,
        "placement_path": [
          0,
          22
        ],
        "connection_metadata": {
          "coverage": "complete",
          "source_count": 3,
          "recognized_record_count": 2,
          "unsupported_record_count": 0,
          "invalid_record_count": 0,
          "diagnostics": []
        }
      },
      {
        "index": 23,
        "part": "3029.dat",
        "description": "Plate 4 x 12",
        "colour": {
          "code": 320,
          "name": null,
          "rgb": null,
          "alpha": null,
          "colour_attributes": null
        },
        "position": [
          120.0,
          0.0,
          120.0
        ],
        "matrix": [
          [
            1.0,
            0.0,
            0.0
          ],
          [
            0.0,
            1.0,
            0.0
          ],
          [
            0.0,
            0.0,
            1.0
          ]
        ],
        "bounds": {
          "min": [
            0.0,
            -4.0,
            80.0
          ],
          "max": [
            240.0,
            8.0,
            160.0
          ]
        },
        "section": "tidal-dome-roof.ldr",
        "line_number": 3189,
        "source_path": [
          null,
          3189
        ],
        "step": 1,
        "body_profile": false,
        "connector_count": 96,
        "placement_path": [
          0,
          23
        ],
        "connection_metadata": {
          "coverage": "complete",
          "source_count": 3,
          "recognized_record_count": 2,
          "unsupported_record_count": 0,
          "invalid_record_count": 0,
          "diagnostics": []
        }
      },
      {
        "index": 24,
        "part": "3034.dat",
        "description": "Plate 2 x 8",
        "colour": {
          "code": 320,
          "name": null,
          "rgb": null,
          "alpha": null,
          "colour_attributes": null
        },
        "position": [
          -160.0,
          0.0,
          180.0
        ],
        "matrix": [
          [
            1.0,
            0.0,
            0.0
          ],
          [
            0.0,
            1.0,
            0.0
          ],
          [
            0.0,
            0.0,
            1.0
          ]
        ],
        "bounds": {
          "min": [
            -240.0,
            -4.0,
            160.0
          ],
          "max": [
            -80.0,
            8.0,
            200.0
          ]
        },
        "section": "tidal-dome-roof.ldr",
        "line_number": 3191,
        "source_path": [
          null,
          3191
        ],
        "step": 1,
        "body_profile": true,
        "connector_count": 32,
        "placement_path": [
          0,
          24
        ],
        "connection_metadata": {
          "coverage": "complete",
          "source_count": 3,
          "recognized_record_count": 2,
          "unsupported_record_count": 0,
          "invalid_record_count": 0,
          "diagnostics": []
        }
      },
      {
        "index": 25,
        "part": "3034.dat",
        "description": "Plate 2 x 8",
        "colour": {
          "code": 320,
          "name": null,
          "rgb": null,
          "alpha": null,
          "colour_attributes": null
        },
        "position": [
          0.0,
          0.0,
          180.0
        ],
        "matrix": [
          [
            1.0,
            0.0,
            0.0
          ],
          [
            0.0,
            1.0,
            0.0
          ],
          [
            0.0,
            0.0,
            1.0
          ]
        ],
        "bounds": {
          "min": [
            -80.0,
            -4.0,
            160.0
          ],
          "max": [
            80.0,
            8.0,
            200.0
          ]
        },
        "section": "tidal-dome-roof.ldr",
        "line_number": 3193,
        "source_path": [
          null,
          3193
        ],
        "step": 1,
        "body_profile": true,
        "connector_count": 32,
        "placement_path": [
          0,
          25
        ],
        "connection_metadata": {
          "coverage": "complete",
          "source_count": 3,
          "recognized_record_count": 2,
          "unsupported_record_count": 0,
          "invalid_record_count": 0,
          "diagnostics": []
        }
      },
      {
        "index": 26,
        "part": "3034.dat",
        "description": "Plate 2 x 8",
        "colour": {
          "code": 320,
          "name": null,
          "rgb": null,
          "alpha": null,
          "colour_attributes": null
        },
        "position": [
          160.0,
          0.0,
          180.0
        ],
        "matrix": [
          [
            1.0,
            0.0,
            0.0
          ],
          [
            0.0,
            1.0,
            0.0
          ],
          [
            0.0,
            0.0,
            1.0
          ]
        ],
        "bounds": {
          "min": [
            80.0,
            -4.0,
            160.0
          ],
          "max": [
            240.0,
            8.0,
            200.0
          ]
        },
        "section": "tidal-dome-roof.ldr",
        "line_number": 3195,
        "source_path": [
          null,
          3195
        ],
        "step": 1,
        "body_profile": true,
        "connector_count": 32,
        "placement_path": [
          0,
          26
        ],
        "connection_metadata": {
          "coverage": "complete",
          "source_count": 3,
          "recognized_record_count": 2,
          "unsupported_record_count": 0,
          "invalid_record_count": 0,
          "diagnostics": []
        }
      },
      {
        "index": 27,
        "part": "3022.dat",
        "description": "Plate 2 x 2",
        "colour": {
          "code": 320,
          "name": null,
          "rgb": null,
          "alpha": null,
          "colour_attributes": null
        },
        "position": [
          260.0,
          0.0,
          -180.0
        ],
        "matrix": [
          [
            1.0,
            0.0,
            0.0
          ],
          [
            0.0,
            1.0,
            0.0
          ],
          [
            0.0,
            0.0,
            1.0
          ]
        ],
        "bounds": {
          "min": [
            240.0,
            -4.0,
            -200.0
          ],
          "max": [
            280.0,
            8.0,
            -160.0
          ]
        },
        "section": "tidal-dome-roof.ldr",
        "line_number": 3197,
        "source_path": [
          null,
          3197
        ],
        "step": 1,
        "body_profile": true,
        "connector_count": 9,
        "placement_path": [
          0,
          27
        ],
        "connection_metadata": {
          "coverage": "complete",
          "source_count": 3,
          "recognized_record_count": 3,
          "unsupported_record_count": 0,
          "invalid_record_count": 0,
          "diagnostics": []
        }
      },
      {
        "index": 28,
        "part": "3034.dat",
        "description": "Plate 2 x 8",
        "colour": {
          "code": 320,
          "name": null,
          "rgb": null,
          "alpha": null,
          "colour_attributes": null
        },
        "position": [
          260.0,
          0.0,
          -80.0
        ],
        "matrix": [
          [
            0.0,
            0.0,
            1.0
          ],
          [
            0.0,
            1.0,
            0.0
          ],
          [
            -1.0,
            0.0,
            0.0
          ]
        ],
        "bounds": {
          "min": [
            240.0,
            -4.0,
            -160.0
          ],
          "max": [
            280.0,
            8.0,
            0.0
          ]
        },
        "section": "tidal-dome-roof.ldr",
        "line_number": 3199,
        "source_path": [
          null,
          3199
        ],
        "step": 1,
        "body_profile": true,
        "connector_count": 32,
        "placement_path": [
          0,
          28
        ],
        "connection_metadata": {
          "coverage": "complete",
          "source_count": 3,
          "recognized_record_count": 2,
          "unsupported_record_count": 0,
          "invalid_record_count": 0,
          "diagnostics": []
        }
      },
      {
        "index": 29,
        "part": "3034.dat",
        "description": "Plate 2 x 8",
        "colour": {
          "code": 320,
          "name": null,
          "rgb": null,
          "alpha": null,
          "colour_attributes": null
        },
        "position": [
          260.0,
          0.0,
          80.0
        ],
        "matrix": [
          [
            0.0,
            0.0,
            1.0
          ],
          [
            0.0,
            1.0,
            0.0
          ],
          [
            -1.0,
            0.0,
            0.0
          ]
        ],
        "bounds": {
          "min": [
            240.0,
            -4.0,
            0.0
          ],
          "max": [
            280.0,
            8.0,
            160.0
          ]
        },
        "section": "tidal-dome-roof.ldr",
        "line_number": 3201,
        "source_path": [
          null,
          3201
        ],
        "step": 1,
        "body_profile": true,
        "connector_count": 32,
        "placement_path": [
          0,
          29
        ],
        "connection_metadata": {
          "coverage": "complete",
          "source_count": 3,
          "recognized_record_count": 2,
          "unsupported_record_count": 0,
          "invalid_record_count": 0,
          "diagnostics": []
        }
      },
      {
        "index": 30,
        "part": "3022.dat",
        "description": "Plate 2 x 2",
        "colour": {
          "code": 320,
          "name": null,
          "rgb": null,
          "alpha": null,
          "colour_attributes": null
        },
        "position": [
          260.0,
          0.0,
          180.0
        ],
        "matrix": [
          [
            1.0,
            0.0,
            0.0
          ],
          [
            0.0,
            1.0,
            0.0
          ],
          [
            0.0,
            0.0,
            1.0
          ]
        ],
        "bounds": {
          "min": [
            240.0,
            -4.0,
            160.0
          ],
          "max": [
            280.0,
            8.0,
            200.0
          ]
        },
        "section": "tidal-dome-roof.ldr",
        "line_number": 3203,
        "source_path": [
          null,
          3203
        ],
        "step": 1,
        "body_profile": true,
        "connector_count": 9,
        "placement_path": [
          0,
          30
        ],
        "connection_metadata": {
          "coverage": "complete",
          "source_count": 3,
          "recognized_record_count": 3,
          "unsupported_record_count": 0,
          "invalid_record_count": 0,
          "diagnostics": []
        }
      },
      {
        "index": 31,
        "part": "3007.dat",
        "description": "Brick 2 x 8",
        "colour": {
          "code": 19,
          "name": null,
          "rgb": null,
          "alpha": null,
          "colour_attributes": null
        },
        "position": [
          0.0,
          -24.0,
          -100.0
        ],
        "matrix": [
          [
            1.0,
            0.0,
            0.0
          ],
          [
            0.0,
            1.0,
            0.0
          ],
          [
            0.0,
            0.0,
            1.0
          ]
        ],
        "bounds": {
          "min": [
            -80.0,
            -28.0,
            -120.0
          ],
          "max": [
            80.0,
            0.0,
            -80.0
          ]
        },
        "section": "tidal-dome-roof.ldr",
        "line_number": 3206,
        "source_path": [
          null,
          3206
        ],
        "step": 1,
        "body_profile": true,
        "connector_count": 55,
        "placement_path": [
          0,
          31
        ],
        "connection_metadata": {
          "coverage": "complete",
          "source_count": 3,
          "recognized_record_count": 2,
          "unsupported_record_count": 0,
          "invalid_record_count": 0,
          "diagnostics": []
        }
      },
      {
        "index": 32,
        "part": "3007.dat",
        "description": "Brick 2 x 8",
        "colour": {
          "code": 19,
          "name": null,
          "rgb": null,
          "alpha": null,
          "colour_attributes": null
        },
        "position": [
          -40.0,
          -24.0,
          -60.0
        ],
        "matrix": [
          [
            1.0,
            0.0,
            0.0
          ],
          [
            0.0,
            1.0,
            0.0
          ],
          [
            0.0,
            0.0,
            1.0
          ]
        ],
        "bounds": {
          "min": [
            -120.0,
            -28.0,
            -80.0
          ],
          "max": [
            40.0,
            0.0,
            -40.0
          ]
        },
        "section": "tidal-dome-roof.ldr",
        "line_number": 3209,
        "source_path": [
          null,
          3209
        ],
        "step": 1,
        "body_profile": true,
        "connector_count": 55,
        "placement_path": [
          0,
          32
        ],
        "connection_metadata": {
          "coverage": "complete",
          "source_count": 3,
          "recognized_record_count": 2,
          "unsupported_record_count": 0,
          "invalid_record_count": 0,
          "diagnostics": []
        }
      },
      {
        "index": 33,
        "part": "3001.dat",
        "description": "Brick 2 x 4",
        "colour": {
          "code": 19,
          "name": null,
          "rgb": null,
          "alpha": null,
          "colour_attributes": null
        },
        "position": [
          80.0,
          -24.0,
          -60.0
        ],
        "matrix": [
          [
            1.0,
            0.0,
            0.0
          ],
          [
            0.0,
            1.0,
            0.0
          ],
          [
            0.0,
            0.0,
            1.0
          ]
        ],
        "bounds": {
          "min": [
            40.0,
            -28.0,
            -80.0
          ],
          "max": [
            120.0,
            0.0,
            -40.0
          ]
        },
        "section": "tidal-dome-roof.ldr",
        "line_number": 3211,
        "source_path": [
          null,
          3211
        ],
        "step": 1,
        "body_profile": true,
        "connector_count": 27,
        "placement_path": [
          0,
          33
        ],
        "connection_metadata": {
          "coverage": "complete",
          "source_count": 3,
          "recognized_record_count": 2,
          "unsupported_record_count": 0,
          "invalid_record_count": 0,
          "diagnostics": []
        }
      },
      {
        "index": 34,
        "part": "3007.dat",
        "description": "Brick 2 x 8",
        "colour": {
          "code": 19,
          "name": null,
          "rgb": null,
          "alpha": null,
          "colour_attributes": null
        },
        "position": [
          -60.0,
          -24.0,
          -20.0
        ],
        "matrix": [
          [
            1.0,
            0.0,
            0.0
          ],
          [
            0.0,
            1.0,
            0.0
          ],
          [
            0.0,
            0.0,
            1.0
          ]
        ],
        "bounds": {
          "min": [
            -140.0,
            -28.0,
            -40.0
          ],
          "max": [
            20.0,
            0.0,
            0.0
          ]
        },
        "section": "tidal-dome-roof.ldr",
        "line_number": 3214,
        "source_path": [
          null,
          3214
        ],
        "step": 1,
        "body_profile": true,
        "connector_count": 55,
        "placement_path": [
          0,
          34
        ],
        "connection_metadata": {
          "coverage": "complete",
          "source_count": 3,
          "recognized_record_count": 2,
          "unsupported_record_count": 0,
          "invalid_record_count": 0,
          "diagnostics": []
        }
      },
      {
        "index": 35,
        "part": "2456.dat",
        "description": "Brick 2 x 6",
        "colour": {
          "code": 19,
          "name": null,
          "rgb": null,
          "alpha": null,
          "colour_attributes": null
        },
        "position": [
          80.0,
          -24.0,
          -20.0
        ],
        "matrix": [
          [
            1.0,
            0.0,
            0.0
          ],
          [
            0.0,
            1.0,
            0.0
          ],
          [
            0.0,
            0.0,
            1.0
          ]
        ],
        "bounds": {
          "min": [
            20.0,
            -28.0,
            -40.0
          ],
          "max": [
            140.0,
            0.0,
            0.0
          ]
        },
        "section": "tidal-dome-roof.ldr",
        "line_number": 3216,
        "source_path": [
          null,
          3216
        ],
        "step": 1,
        "body_profile": false,
        "connector_count": 41,
        "placement_path": [
          0,
          35
        ],
        "connection_metadata": {
          "coverage": "complete",
          "source_count": 3,
          "recognized_record_count": 2,
          "unsupported_record_count": 0,
          "invalid_record_count": 0,
          "diagnostics": []
        }
      },
      {
        "index": 36,
        "part": "3007.dat",
        "description": "Brick 2 x 8",
        "colour": {
          "code": 19,
          "name": null,
          "rgb": null,
          "alpha": null,
          "colour_attributes": null
        },
        "position": [
          -60.0,
          -24.0,
          20.0
        ],
        "matrix": [
          [
            1.0,
            0.0,
            0.0
          ],
          [
            0.0,
            1.0,
            0.0
          ],
          [
            0.0,
            0.0,
            1.0
          ]
        ],
        "bounds": {
          "min": [
            -140.0,
            -28.0,
            0.0
          ],
          "max": [
            20.0,
            0.0,
            40.0
          ]
        },
        "section": "tidal-dome-roof.ldr",
        "line_number": 3219,
        "source_path": [
          null,
          3219
        ],
        "step": 1,
        "body_profile": true,
        "connector_count": 55,
        "placement_path": [
          0,
          36
        ],
        "connection_metadata": {
          "coverage": "complete",
          "source_count": 3,
          "recognized_record_count": 2,
          "unsupported_record_count": 0,
          "invalid_record_count": 0,
          "diagnostics": []
        }
      },
      {
        "index": 37,
        "part": "2456.dat",
        "description": "Brick 2 x 6",
        "colour": {
          "code": 19,
          "name": null,
          "rgb": null,
          "alpha": null,
          "colour_attributes": null
        },
        "position": [
          80.0,
          -24.0,
          20.0
        ],
        "matrix": [
          [
            1.0,
            0.0,
            0.0
          ],
          [
            0.0,
            1.0,
            0.0
          ],
          [
            0.0,
            0.0,
            1.0
          ]
        ],
        "bounds": {
          "min": [
            20.0,
            -28.0,
            0.0
          ],
          "max": [
            140.0,
            0.0,
            40.0
          ]
        },
        "section": "tidal-dome-roof.ldr",
        "line_number": 3221,
        "source_path": [
          null,
          3221
        ],
        "step": 1,
        "body_profile": false,
        "connector_count": 41,
        "placement_path": [
          0,
          37
        ],
        "connection_metadata": {
          "coverage": "complete",
          "source_count": 3,
          "recognized_record_count": 2,
          "unsupported_record_count": 0,
          "invalid_record_count": 0,
          "diagnostics": []
        }
      },
      {
        "index": 38,
        "part": "3007.dat",
        "description": "Brick 2 x 8",
        "colour": {
          "code": 19,
          "name": null,
          "rgb": null,
          "alpha": null,
          "colour_attributes": null
        },
        "position": [
          -40.0,
          -24.0,
          60.0
        ],
        "matrix": [
          [
            1.0,
            0.0,
            0.0
          ],
          [
            0.0,
            1.0,
            0.0
          ],
          [
            0.0,
            0.0,
            1.0
          ]
        ],
        "bounds": {
          "min": [
            -120.0,
            -28.0,
            40.0
          ],
          "max": [
            40.0,
            0.0,
            80.0
          ]
        },
        "section": "tidal-dome-roof.ldr",
        "line_number": 3224,
        "source_path": [
          null,
          3224
        ],
        "step": 1,
        "body_profile": true,
        "connector_count": 55,
        "placement_path": [
          0,
          38
        ],
        "connection_metadata": {
          "coverage": "complete",
          "source_count": 3,
          "recognized_record_count": 2,
          "unsupported_record_count": 0,
          "invalid_record_count": 0,
          "diagnostics": []
        }
      },
      {
        "index": 39,
        "part": "3001.dat",
        "description": "Brick 2 x 4",
        "colour": {
          "code": 19,
          "name": null,
          "rgb": null,
          "alpha": null,
          "colour_attributes": null
        },
        "position": [
          80.0,
          -24.0,
          60.0
        ],
        "matrix": [
          [
            1.0,
            0.0,
            0.0
          ],
          [
            0.0,
            1.0,
            0.0
          ],
          [
            0.0,
            0.0,
            1.0
          ]
        ],
        "bounds": {
          "min": [
            40.0,
            -28.0,
            40.0
          ],
          "max": [
            120.0,
            0.0,
            80.0
          ]
        },
        "section": "tidal-dome-roof.ldr",
        "line_number": 3226,
        "source_path": [
          null,
          3226
        ],
        "step": 1,
        "body_profile": true,
        "connector_count": 27,
        "placement_path": [
          0,
          39
        ],
        "connection_metadata": {
          "coverage": "complete",
          "source_count": 3,
          "recognized_record_count": 2,
          "unsupported_record_count": 0,
          "invalid_record_count": 0,
          "diagnostics": []
        }
      },
      {
        "index": 40,
        "part": "3007.dat",
        "description": "Brick 2 x 8",
        "colour": {
          "code": 19,
          "name": null,
          "rgb": null,
          "alpha": null,
          "colour_attributes": null
        },
        "position": [
          0.0,
          -24.0,
          100.0
        ],
        "matrix": [
          [
            1.0,
            0.0,
            0.0
          ],
          [
            0.0,
            1.0,
            0.0
          ],
          [
            0.0,
            0.0,
            1.0
          ]
        ],
        "bounds": {
          "min": [
            -80.0,
            -28.0,
            80.0
          ],
          "max": [
            80.0,
            0.0,
            120.0
          ]
        },
        "section": "tidal-dome-roof.ldr",
        "line_number": 3229,
        "source_path": [
          null,
          3229
        ],
        "step": 1,
        "body_profile": true,
        "connector_count": 55,
        "placement_path": [
          0,
          40
        ],
        "connection_metadata": {
          "coverage": "complete",
          "source_count": 3,
          "recognized_record_count": 2,
          "unsupported_record_count": 0,
          "invalid_record_count": 0,
          "diagnostics": []
        }
      },
      {
        "index": 41,
        "part": "3007.dat",
        "description": "Brick 2 x 8",
        "colour": {
          "code": 15,
          "name": null,
          "rgb": null,
          "alpha": null,
          "colour_attributes": null
        },
        "position": [
          0.0,
          -48.0,
          -100.0
        ],
        "matrix": [
          [
            1.0,
            0.0,
            0.0
          ],
          [
            0.0,
            1.0,
            0.0
          ],
          [
            0.0,
            0.0,
            1.0
          ]
        ],
        "bounds": {
          "min": [
            -80.0,
            -52.0,
            -120.0
          ],
          "max": [
            80.0,
            -24.0,
            -80.0
          ]
        },
        "section": "tidal-dome-roof.ldr",
        "line_number": 3232,
        "source_path": [
          null,
          3232
        ],
        "step": 1,
        "body_profile": true,
        "connector_count": 55,
        "placement_path": [
          0,
          41
        ],
        "connection_metadata": {
          "coverage": "complete",
          "source_count": 3,
          "recognized_record_count": 2,
          "unsupported_record_count": 0,
          "invalid_record_count": 0,
          "diagnostics": []
        }
      },
      {
        "index": 42,
        "part": "3007.dat",
        "description": "Brick 2 x 8",
        "colour": {
          "code": 15,
          "name": null,
          "rgb": null,
          "alpha": null,
          "colour_attributes": null
        },
        "position": [
          -40.0,
          -48.0,
          -60.0
        ],
        "matrix": [
          [
            1.0,
            0.0,
            0.0
          ],
          [
            0.0,
            1.0,
            0.0
          ],
          [
            0.0,
            0.0,
            1.0
          ]
        ],
        "bounds": {
          "min": [
            -120.0,
            -52.0,
            -80.0
          ],
          "max": [
            40.0,
            -24.0,
            -40.0
          ]
        },
        "section": "tidal-dome-roof.ldr",
        "line_number": 3235,
        "source_path": [
          null,
          3235
        ],
        "step": 1,
        "body_profile": true,
        "connector_count": 55,
        "placement_path": [
          0,
          42
        ],
        "connection_metadata": {
          "coverage": "complete",
          "source_count": 3,
          "recognized_record_count": 2,
          "unsupported_record_count": 0,
          "invalid_record_count": 0,
          "diagnostics": []
        }
      },
      {
        "index": 43,
        "part": "3001.dat",
        "description": "Brick 2 x 4",
        "colour": {
          "code": 15,
          "name": null,
          "rgb": null,
          "alpha": null,
          "colour_attributes": null
        },
        "position": [
          80.0,
          -48.0,
          -60.0
        ],
        "matrix": [
          [
            1.0,
            0.0,
            0.0
          ],
          [
            0.0,
            1.0,
            0.0
          ],
          [
            0.0,
            0.0,
            1.0
          ]
        ],
        "bounds": {
          "min": [
            40.0,
            -52.0,
            -80.0
          ],
          "max": [
            120.0,
            -24.0,
            -40.0
          ]
        },
        "section": "tidal-dome-roof.ldr",
        "line_number": 3237,
        "source_path": [
          null,
          3237
        ],
        "step": 1,
        "body_profile": true,
        "connector_count": 27,
        "placement_path": [
          0,
          43
        ],
        "connection_metadata": {
          "coverage": "complete",
          "source_count": 3,
          "recognized_record_count": 2,
          "unsupported_record_count": 0,
          "invalid_record_count": 0,
          "diagnostics": []
        }
      },
      {
        "index": 44,
        "part": "3007.dat",
        "description": "Brick 2 x 8",
        "colour": {
          "code": 15,
          "name": null,
          "rgb": null,
          "alpha": null,
          "colour_attributes": null
        },
        "position": [
          -60.0,
          -48.0,
          -20.0
        ],
        "matrix": [
          [
            1.0,
            0.0,
            0.0
          ],
          [
            0.0,
            1.0,
            0.0
          ],
          [
            0.0,
            0.0,
            1.0
          ]
        ],
        "bounds": {
          "min": [
            -140.0,
            -52.0,
            -40.0
          ],
          "max": [
            20.0,
            -24.0,
            0.0
          ]
        },
        "section": "tidal-dome-roof.ldr",
        "line_number": 3240,
        "source_path": [
          null,
          3240
        ],
        "step": 1,
        "body_profile": true,
        "connector_count": 55,
        "placement_path": [
          0,
          44
        ],
        "connection_metadata": {
          "coverage": "complete",
          "source_count": 3,
          "recognized_record_count": 2,
          "unsupported_record_count": 0,
          "invalid_record_count": 0,
          "diagnostics": []
        }
      },
      {
        "index": 45,
        "part": "2456.dat",
        "description": "Brick 2 x 6",
        "colour": {
          "code": 15,
          "name": null,
          "rgb": null,
          "alpha": null,
          "colour_attributes": null
        },
        "position": [
          80.0,
          -48.0,
          -20.0
        ],
        "matrix": [
          [
            1.0,
            0.0,
            0.0
          ],
          [
            0.0,
            1.0,
            0.0
          ],
          [
            0.0,
            0.0,
            1.0
          ]
        ],
        "bounds": {
          "min": [
            20.0,
            -52.0,
            -40.0
          ],
          "max": [
            140.0,
            -24.0,
            0.0
          ]
        },
        "section": "tidal-dome-roof.ldr",
        "line_number": 3242,
        "source_path": [
          null,
          3242
        ],
        "step": 1,
        "body_profile": false,
        "connector_count": 41,
        "placement_path": [
          0,
          45
        ],
        "connection_metadata": {
          "coverage": "complete",
          "source_count": 3,
          "recognized_record_count": 2,
          "unsupported_record_count": 0,
          "invalid_record_count": 0,
          "diagnostics": []
        }
      },
      {
        "index": 46,
        "part": "3007.dat",
        "description": "Brick 2 x 8",
        "colour": {
          "code": 15,
          "name": null,
          "rgb": null,
          "alpha": null,
          "colour_attributes": null
        },
        "position": [
          -60.0,
          -48.0,
          20.0
        ],
        "matrix": [
          [
            1.0,
            0.0,
            0.0
          ],
          [
            0.0,
            1.0,
            0.0
          ],
          [
            0.0,
            0.0,
            1.0
          ]
        ],
        "bounds": {
          "min": [
            -140.0,
            -52.0,
            0.0
          ],
          "max": [
            20.0,
            -24.0,
            40.0
          ]
        },
        "section": "tidal-dome-roof.ldr",
        "line_number": 3245,
        "source_path": [
          null,
          3245
        ],
        "step": 1,
        "body_profile": true,
        "connector_count": 55,
        "placement_path": [
          0,
          46
        ],
        "connection_metadata": {
          "coverage": "complete",
          "source_count": 3,
          "recognized_record_count": 2,
          "unsupported_record_count": 0,
          "invalid_record_count": 0,
          "diagnostics": []
        }
      },
      {
        "index": 47,
        "part": "2456.dat",
        "description": "Brick 2 x 6",
        "colour": {
          "code": 15,
          "name": null,
          "rgb": null,
          "alpha": null,
          "colour_attributes": null
        },
        "position": [
          80.0,
          -48.0,
          20.0
        ],
        "matrix": [
          [
            1.0,
            0.0,
            0.0
          ],
          [
            0.0,
            1.0,
            0.0
          ],
          [
            0.0,
            0.0,
            1.0
          ]
        ],
        "bounds": {
          "min": [
            20.0,
            -52.0,
            0.0
          ],
          "max": [
            140.0,
            -24.0,
            40.0
          ]
        },
        "section": "tidal-dome-roof.ldr",
        "line_number": 3247,
        "source_path": [
          null,
          3247
        ],
        "step": 1,
        "body_profile": false,
        "connector_count": 41,
        "placement_path": [
          0,
          47
        ],
        "connection_metadata": {
          "coverage": "complete",
          "source_count": 3,
          "recognized_record_count": 2,
          "unsupported_record_count": 0,
          "invalid_record_count": 0,
          "diagnostics": []
        }
      },
      {
        "index": 48,
        "part": "3007.dat",
        "description": "Brick 2 x 8",
        "colour": {
          "code": 15,
          "name": null,
          "rgb": null,
          "alpha": null,
          "colour_attributes": null
        },
        "position": [
          -40.0,
          -48.0,
          60.0
        ],
        "matrix": [
          [
            1.0,
            0.0,
            0.0
          ],
          [
            0.0,
            1.0,
            0.0
          ],
          [
            0.0,
            0.0,
            1.0
          ]
        ],
        "bounds": {
          "min": [
            -120.0,
            -52.0,
            40.0
          ],
          "max": [
            40.0,
            -24.0,
            80.0
          ]
        },
        "section": "tidal-dome-roof.ldr",
        "line_number": 3250,
        "source_path": [
          null,
          3250
        ],
        "step": 1,
        "body_profile": true,
        "connector_count": 55,
        "placement_path": [
          0,
          48
        ],
        "connection_metadata": {
          "coverage": "complete",
          "source_count": 3,
          "recognized_record_count": 2,
          "unsupported_record_count": 0,
          "invalid_record_count": 0,
          "diagnostics": []
        }
      },
      {
        "index": 49,
        "part": "3001.dat",
        "description": "Brick 2 x 4",
        "colour": {
          "code": 15,
          "name": null,
          "rgb": null,
          "alpha": null,
          "colour_attributes": null
        },
        "position": [
          80.0,
          -48.0,
          60.0
        ],
        "matrix": [
          [
            1.0,
            0.0,
            0.0
          ],
          [
            0.0,
            1.0,
            0.0
          ],
          [
            0.0,
            0.0,
            1.0
          ]
        ],
        "bounds": {
          "min": [
            40.0,
            -52.0,
            40.0
          ],
          "max": [
            120.0,
            -24.0,
            80.0
          ]
        },
        "section": "tidal-dome-roof.ldr",
        "line_number": 3252,
        "source_path": [
          null,
          3252
        ],
        "step": 1,
        "body_profile": true,
        "connector_count": 27,
        "placement_path": [
          0,
          49
        ],
        "connection_metadata": {
          "coverage": "complete",
          "source_count": 3,
          "recognized_record_count": 2,
          "unsupported_record_count": 0,
          "invalid_record_count": 0,
          "diagnostics": []
        }
      },
      {
        "index": 50,
        "part": "3007.dat",
        "description": "Brick 2 x 8",
        "colour": {
          "code": 15,
          "name": null,
          "rgb": null,
          "alpha": null,
          "colour_attributes": null
        },
        "position": [
          0.0,
          -48.0,
          100.0
        ],
        "matrix": [
          [
            1.0,
            0.0,
            0.0
          ],
          [
            0.0,
            1.0,
            0.0
          ],
          [
            0.0,
            0.0,
            1.0
          ]
        ],
        "bounds": {
          "min": [
            -80.0,
            -52.0,
            80.0
          ],
          "max": [
            80.0,
            -24.0,
            120.0
          ]
        },
        "section": "tidal-dome-roof.ldr",
        "line_number": 3255,
        "source_path": [
          null,
          3255
        ],
        "step": 1,
        "body_profile": true,
        "connector_count": 55,
        "placement_path": [
          0,
          50
        ],
        "connection_metadata": {
          "coverage": "complete",
          "source_count": 3,
          "recognized_record_count": 2,
          "unsupported_record_count": 0,
          "invalid_record_count": 0,
          "diagnostics": []
        }
      },
      {
        "index": 51,
        "part": "87559.dat",
        "description": "Brick 6 x 6 x 2 Corner Round with Curved Top",
        "colour": {
          "code": 378,
          "name": null,
          "rgb": null,
          "alpha": null,
          "colour_attributes": null
        },
        "position": [
          0.0,
          -96.0,
          0.0
        ],
        "matrix": [
          [
            1.0,
            0.0,
            0.0
          ],
          [
            0.0,
            1.0,
            0.0
          ],
          [
            0.0,
            0.0,
            1.0
          ]
        ],
        "bounds": {
          "min": [
            0.0,
            -100.0,
            -120.0
          ],
          "max": [
            120.0,
            -48.0,
            0.0
          ]
        },
        "section": "tidal-dome-roof.ldr",
        "line_number": 3258,
        "source_path": [
          null,
          3258
        ],
        "step": 1,
        "body_profile": false,
        "connector_count": 35,
        "placement_path": [
          0,
          51
        ],
        "connection_metadata": {
          "coverage": "complete",
          "source_count": 2,
          "recognized_record_count": 7,
          "unsupported_record_count": 0,
          "invalid_record_count": 0,
          "diagnostics": []
        }
      },
      {
        "index": 52,
        "part": "48092.dat",
        "description": "Brick 4 x 4 Corner Round",
        "colour": {
          "code": 378,
          "name": null,
          "rgb": null,
          "alpha": null,
          "colour_attributes": null
        },
        "position": [
          0.0,
          -120.0,
          0.0
        ],
        "matrix": [
          [
            1.0,
            0.0,
            0.0
          ],
          [
            0.0,
            1.0,
            0.0
          ],
          [
            0.0,
            0.0,
            1.0
          ]
        ],
        "bounds": {
          "min": [
            0.0,
            -124.0,
            -80.0
          ],
          "max": [
            80.0,
            -96.0,
            0.00046465999999867336
          ]
        },
        "section": "tidal-dome-roof.ldr",
        "line_number": 3260,
        "source_path": [
          null,
          3260
        ],
        "step": 1,
        "body_profile": false,
        "connector_count": 6,
        "placement_path": [
          0,
          52
        ],
        "connection_metadata": {
          "coverage": "complete",
          "source_count": 2,
          "recognized_record_count": 4,
          "unsupported_record_count": 0,
          "invalid_record_count": 0,
          "diagnostics": []
        }
      },
      {
        "index": 53,
        "part": "87559.dat",
        "description": "Brick 6 x 6 x 2 Corner Round with Curved Top",
        "colour": {
          "code": 378,
          "name": null,
          "rgb": null,
          "alpha": null,
          "colour_attributes": null
        },
        "position": [
          0.0,
          -96.0,
          0.0
        ],
        "matrix": [
          [
            0.0,
            0.0,
            1.0
          ],
          [
            0.0,
            1.0,
            0.0
          ],
          [
            -1.0,
            0.0,
            0.0
          ]
        ],
        "bounds": {
          "min": [
            -120.0,
            -100.0,
            -120.0
          ],
          "max": [
            0.0,
            -48.0,
            0.0
          ]
        },
        "section": "tidal-dome-roof.ldr",
        "line_number": 3263,
        "source_path": [
          null,
          3263
        ],
        "step": 1,
        "body_profile": false,
        "connector_count": 35,
        "placement_path": [
          0,
          53
        ],
        "connection_metadata": {
          "coverage": "complete",
          "source_count": 2,
          "recognized_record_count": 7,
          "unsupported_record_count": 0,
          "invalid_record_count": 0,
          "diagnostics": []
        }
      },
      {
        "index": 54,
        "part": "48092.dat",
        "description": "Brick 4 x 4 Corner Round",
        "colour": {
          "code": 378,
          "name": null,
          "rgb": null,
          "alpha": null,
          "colour_attributes": null
        },
        "position": [
          0.0,
          -120.0,
          0.0
        ],
        "matrix": [
          [
            0.0,
            0.0,
            1.0
          ],
          [
            0.0,
            1.0,
            0.0
          ],
          [
            -1.0,
            0.0,
            0.0
          ]
        ],
        "bounds": {
          "min": [
            -80.0,
            -124.0,
            -80.0
          ],
          "max": [
            0.00046465999999867336,
            -96.0,
            0.0
          ]
        },
        "section": "tidal-dome-roof.ldr",
        "line_number": 3265,
        "source_path": [
          null,
          3265
        ],
        "step": 1,
        "body_profile": false,
        "connector_count": 6,
        "placement_path": [
          0,
          54
        ],
        "connection_metadata": {
          "coverage": "complete",
          "source_count": 2,
          "recognized_record_count": 4,
          "unsupported_record_count": 0,
          "invalid_record_count": 0,
          "diagnostics": []
        }
      },
      {
        "index": 55,
        "part": "87559.dat",
        "description": "Brick 6 x 6 x 2 Corner Round with Curved Top",
        "colour": {
          "code": 378,
          "name": null,
          "rgb": null,
          "alpha": null,
          "colour_attributes": null
        },
        "position": [
          0.0,
          -96.0,
          0.0
        ],
        "matrix": [
          [
            -1.0,
            0.0,
            0.0
          ],
          [
            0.0,
            1.0,
            0.0
          ],
          [
            0.0,
            0.0,
            -1.0
          ]
        ],
        "bounds": {
          "min": [
            -120.0,
            -100.0,
            0.0
          ],
          "max": [
            0.0,
            -48.0,
            120.0
          ]
        },
        "section": "tidal-dome-roof.ldr",
        "line_number": 3268,
        "source_path": [
          null,
          3268
        ],
        "step": 1,
        "body_profile": false,
        "connector_count": 35,
        "placement_path": [
          0,
          55
        ],
        "connection_metadata": {
          "coverage": "complete",
          "source_count": 2,
          "recognized_record_count": 7,
          "unsupported_record_count": 0,
          "invalid_record_count": 0,
          "diagnostics": []
        }
      },
      {
        "index": 56,
        "part": "48092.dat",
        "description": "Brick 4 x 4 Corner Round",
        "colour": {
          "code": 378,
          "name": null,
          "rgb": null,
          "alpha": null,
          "colour_attributes": null
        },
        "position": [
          0.0,
          -120.0,
          0.0
        ],
        "matrix": [
          [
            -1.0,
            0.0,
            0.0
          ],
          [
            0.0,
            1.0,
            0.0
          ],
          [
            0.0,
            0.0,
            -1.0
          ]
        ],
        "bounds": {
          "min": [
            -80.0,
            -124.0,
            -0.00046465999999867336
          ],
          "max": [
            0.0,
            -96.0,
            80.0
          ]
        },
        "section": "tidal-dome-roof.ldr",
        "line_number": 3270,
        "source_path": [
          null,
          3270
        ],
        "step": 1,
        "body_profile": false,
        "connector_count": 6,
        "placement_path": [
          0,
          56
        ],
        "connection_metadata": {
          "coverage": "complete",
          "source_count": 2,
          "recognized_record_count": 4,
          "unsupported_record_count": 0,
          "invalid_record_count": 0,
          "diagnostics": []
        }
      },
      {
        "index": 57,
        "part": "87559.dat",
        "description": "Brick 6 x 6 x 2 Corner Round with Curved Top",
        "colour": {
          "code": 378,
          "name": null,
          "rgb": null,
          "alpha": null,
          "colour_attributes": null
        },
        "position": [
          0.0,
          -96.0,
          0.0
        ],
        "matrix": [
          [
            0.0,
            0.0,
            -1.0
          ],
          [
            0.0,
            1.0,
            0.0
          ],
          [
            1.0,
            0.0,
            0.0
          ]
        ],
        "bounds": {
          "min": [
            0.0,
            -100.0,
            0.0
          ],
          "max": [
            120.0,
            -48.0,
            120.0
          ]
        },
        "section": "tidal-dome-roof.ldr",
        "line_number": 3273,
        "source_path": [
          null,
          3273
        ],
        "step": 1,
        "body_profile": false,
        "connector_count": 35,
        "placement_path": [
          0,
          57
        ],
        "connection_metadata": {
          "coverage": "complete",
          "source_count": 2,
          "recognized_record_count": 7,
          "unsupported_record_count": 0,
          "invalid_record_count": 0,
          "diagnostics": []
        }
      },
      {
        "index": 58,
        "part": "48092.dat",
        "description": "Brick 4 x 4 Corner Round",
        "colour": {
          "code": 378,
          "name": null,
          "rgb": null,
          "alpha": null,
          "colour_attributes": null
        },
        "position": [
          0.0,
          -120.0,
          0.0
        ],
        "matrix": [
          [
            0.0,
            0.0,
            -1.0
          ],
          [
            0.0,
            1.0,
            0.0
          ],
          [
            1.0,
            0.0,
            0.0
          ]
        ],
        "bounds": {
          "min": [
            -0.00046465999999867336,
            -124.0,
            0.0
          ],
          "max": [
            80.0,
            -96.0,
            80.0
          ]
        },
        "section": "tidal-dome-roof.ldr",
        "line_number": 3275,
        "source_path": [
          null,
          3275
        ],
        "step": 1,
        "body_profile": false,
        "connector_count": 6,
        "placement_path": [
          0,
          58
        ],
        "connection_metadata": {
          "coverage": "complete",
          "source_count": 2,
          "recognized_record_count": 4,
          "unsupported_record_count": 0,
          "invalid_record_count": 0,
          "diagnostics": []
        }
      },
      {
        "index": 59,
        "part": "3001.dat",
        "description": "Brick 2 x 4",
        "colour": {
          "code": 378,
          "name": null,
          "rgb": null,
          "alpha": null,
          "colour_attributes": null
        },
        "position": [
          0.0,
          -72.0,
          -20.0
        ],
        "matrix": [
          [
            1.0,
            0.0,
            0.0
          ],
          [
            0.0,
            1.0,
            0.0
          ],
          [
            0.0,
            0.0,
            1.0
          ]
        ],
        "bounds": {
          "min": [
            -40.0,
            -76.0,
            -40.0
          ],
          "max": [
            40.0,
            -48.0,
            0.0
          ]
        },
        "section": "tidal-dome-roof.ldr",
        "line_number": 3278,
        "source_path": [
          null,
          3278
        ],
        "step": 1,
        "body_profile": true,
        "connector_count": 27,
        "placement_path": [
          0,
          59
        ],
        "connection_metadata": {
          "coverage": "complete",
          "source_count": 3,
          "recognized_record_count": 2,
          "unsupported_record_count": 0,
          "invalid_record_count": 0,
          "diagnostics": []
        }
      },
      {
        "index": 60,
        "part": "3001.dat",
        "description": "Brick 2 x 4",
        "colour": {
          "code": 378,
          "name": null,
          "rgb": null,
          "alpha": null,
          "colour_attributes": null
        },
        "position": [
          0.0,
          -72.0,
          20.0
        ],
        "matrix": [
          [
            1.0,
            0.0,
            0.0
          ],
          [
            0.0,
            1.0,
            0.0
          ],
          [
            0.0,
            0.0,
            1.0
          ]
        ],
        "bounds": {
          "min": [
            -40.0,
            -76.0,
            0.0
          ],
          "max": [
            40.0,
            -48.0,
            40.0
          ]
        },
        "section": "tidal-dome-roof.ldr",
        "line_number": 3280,
        "source_path": [
          null,
          3280
        ],
        "step": 1,
        "body_profile": true,
        "connector_count": 27,
        "placement_path": [
          0,
          60
        ],
        "connection_metadata": {
          "coverage": "complete",
          "source_count": 3,
          "recognized_record_count": 2,
          "unsupported_record_count": 0,
          "invalid_record_count": 0,
          "diagnostics": []
        }
      },
      {
        "index": 61,
        "part": "3001.dat",
        "description": "Brick 2 x 4",
        "colour": {
          "code": 378,
          "name": null,
          "rgb": null,
          "alpha": null,
          "colour_attributes": null
        },
        "position": [
          0.0,
          -96.0,
          -20.0
        ],
        "matrix": [
          [
            1.0,
            0.0,
            0.0
          ],
          [
            0.0,
            1.0,
            0.0
          ],
          [
            0.0,
            0.0,
            1.0
          ]
        ],
        "bounds": {
          "min": [
            -40.0,
            -100.0,
            -40.0
          ],
          "max": [
            40.0,
            -72.0,
            0.0
          ]
        },
        "section": "tidal-dome-roof.ldr",
        "line_number": 3283,
        "source_path": [
          null,
          3283
        ],
        "step": 1,
        "body_profile": true,
        "connector_count": 27,
        "placement_path": [
          0,
          61
        ],
        "connection_metadata": {
          "coverage": "complete",
          "source_count": 3,
          "recognized_record_count": 2,
          "unsupported_record_count": 0,
          "invalid_record_count": 0,
          "diagnostics": []
        }
      },
      {
        "index": 62,
        "part": "3001.dat",
        "description": "Brick 2 x 4",
        "colour": {
          "code": 378,
          "name": null,
          "rgb": null,
          "alpha": null,
          "colour_attributes": null
        },
        "position": [
          0.0,
          -96.0,
          20.0
        ],
        "matrix": [
          [
            1.0,
            0.0,
            0.0
          ],
          [
            0.0,
            1.0,
            0.0
          ],
          [
            0.0,
            0.0,
            1.0
          ]
        ],
        "bounds": {
          "min": [
            -40.0,
            -100.0,
            0.0
          ],
          "max": [
            40.0,
            -72.0,
            40.0
          ]
        },
        "section": "tidal-dome-roof.ldr",
        "line_number": 3285,
        "source_path": [
          null,
          3285
        ],
        "step": 1,
        "body_profile": true,
        "connector_count": 27,
        "placement_path": [
          0,
          62
        ],
        "connection_metadata": {
          "coverage": "complete",
          "source_count": 3,
          "recognized_record_count": 2,
          "unsupported_record_count": 0,
          "invalid_record_count": 0,
          "diagnostics": []
        }
      },
      {
        "index": 63,
        "part": "3001.dat",
        "description": "Brick 2 x 4",
        "colour": {
          "code": 378,
          "name": null,
          "rgb": null,
          "alpha": null,
          "colour_attributes": null
        },
        "position": [
          0.0,
          -120.0,
          -20.0
        ],
        "matrix": [
          [
            1.0,
            0.0,
            0.0
          ],
          [
            0.0,
            1.0,
            0.0
          ],
          [
            0.0,
            0.0,
            1.0
          ]
        ],
        "bounds": {
          "min": [
            -40.0,
            -124.0,
            -40.0
          ],
          "max": [
            40.0,
            -96.0,
            0.0
          ]
        },
        "section": "tidal-dome-roof.ldr",
        "line_number": 3288,
        "source_path": [
          null,
          3288
        ],
        "step": 1,
        "body_profile": true,
        "connector_count": 27,
        "placement_path": [
          0,
          63
        ],
        "connection_metadata": {
          "coverage": "complete",
          "source_count": 3,
          "recognized_record_count": 2,
          "unsupported_record_count": 0,
          "invalid_record_count": 0,
          "diagnostics": []
        }
      },
      {
        "index": 64,
        "part": "3001.dat",
        "description": "Brick 2 x 4",
        "colour": {
          "code": 378,
          "name": null,
          "rgb": null,
          "alpha": null,
          "colour_attributes": null
        },
        "position": [
          0.0,
          -120.0,
          20.0
        ],
        "matrix": [
          [
            1.0,
            0.0,
            0.0
          ],
          [
            0.0,
            1.0,
            0.0
          ],
          [
            0.0,
            0.0,
            1.0
          ]
        ],
        "bounds": {
          "min": [
            -40.0,
            -124.0,
            0.0
          ],
          "max": [
            40.0,
            -96.0,
            40.0
          ]
        },
        "section": "tidal-dome-roof.ldr",
        "line_number": 3290,
        "source_path": [
          null,
          3290
        ],
        "step": 1,
        "body_profile": true,
        "connector_count": 27,
        "placement_path": [
          0,
          64
        ],
        "connection_metadata": {
          "coverage": "complete",
          "source_count": 3,
          "recognized_record_count": 2,
          "unsupported_record_count": 0,
          "invalid_record_count": 0,
          "diagnostics": []
        }
      },
      {
        "index": 65,
        "part": "88293.dat",
        "description": "Brick 3 x 3 x 2 Round Corner with Dome Top",
        "colour": {
          "code": 378,
          "name": null,
          "rgb": null,
          "alpha": null,
          "colour_attributes": null
        },
        "position": [
          10.0,
          -168.0,
          -10.0
        ],
        "matrix": [
          [
            1.0,
            0.0,
            0.0
          ],
          [
            0.0,
            1.0,
            0.0
          ],
          [
            0.0,
            0.0,
            1.0
          ]
        ],
        "bounds": {
          "min": [
            0.0,
            -172.0,
            -60.0
          ],
          "max": [
            60.0,
            -120.0,
            0.0
          ]
        },
        "section": "tidal-dome-roof.ldr",
        "line_number": 3293,
        "source_path": [
          null,
          3293
        ],
        "step": 1,
        "body_profile": false,
        "connector_count": 14,
        "placement_path": [
          0,
          65
        ],
        "connection_metadata": {
          "coverage": "complete",
          "source_count": 2,
          "recognized_record_count": 4,
          "unsupported_record_count": 0,
          "invalid_record_count": 0,
          "diagnostics": []
        }
      },
      {
        "index": 66,
        "part": "88293.dat",
        "description": "Brick 3 x 3 x 2 Round Corner with Dome Top",
        "colour": {
          "code": 378,
          "name": null,
          "rgb": null,
          "alpha": null,
          "colour_attributes": null
        },
        "position": [
          -10.0,
          -168.0,
          -10.0
        ],
        "matrix": [
          [
            0.0,
            0.0,
            1.0
          ],
          [
            0.0,
            1.0,
            0.0
          ],
          [
            -1.0,
            0.0,
            0.0
          ]
        ],
        "bounds": {
          "min": [
            -60.0,
            -172.0,
            -60.0
          ],
          "max": [
            0.0,
            -120.0,
            0.0
          ]
        },
        "section": "tidal-dome-roof.ldr",
        "line_number": 3296,
        "source_path": [
          null,
          3296
        ],
        "step": 1,
        "body_profile": false,
        "connector_count": 14,
        "placement_path": [
          0,
          66
        ],
        "connection_metadata": {
          "coverage": "complete",
          "source_count": 2,
          "recognized_record_count": 4,
          "unsupported_record_count": 0,
          "invalid_record_count": 0,
          "diagnostics": []
        }
      },
      {
        "index": 67,
        "part": "88293.dat",
        "description": "Brick 3 x 3 x 2 Round Corner with Dome Top",
        "colour": {
          "code": 378,
          "name": null,
          "rgb": null,
          "alpha": null,
          "colour_attributes": null
        },
        "position": [
          -10.0,
          -168.0,
          10.0
        ],
        "matrix": [
          [
            -1.0,
            0.0,
            0.0
          ],
          [
            0.0,
            1.0,
            0.0
          ],
          [
            0.0,
            0.0,
            -1.0
          ]
        ],
        "bounds": {
          "min": [
            -60.0,
            -172.0,
            0.0
          ],
          "max": [
            0.0,
            -120.0,
            60.0
          ]
        },
        "section": "tidal-dome-roof.ldr",
        "line_number": 3299,
        "source_path": [
          null,
          3299
        ],
        "step": 1,
        "body_profile": false,
        "connector_count": 14,
        "placement_path": [
          0,
          67
        ],
        "connection_metadata": {
          "coverage": "complete",
          "source_count": 2,
          "recognized_record_count": 4,
          "unsupported_record_count": 0,
          "invalid_record_count": 0,
          "diagnostics": []
        }
      },
      {
        "index": 68,
        "part": "88293.dat",
        "description": "Brick 3 x 3 x 2 Round Corner with Dome Top",
        "colour": {
          "code": 378,
          "name": null,
          "rgb": null,
          "alpha": null,
          "colour_attributes": null
        },
        "position": [
          10.0,
          -168.0,
          10.0
        ],
        "matrix": [
          [
            0.0,
            0.0,
            -1.0
          ],
          [
            0.0,
            1.0,
            0.0
          ],
          [
            1.0,
            0.0,
            0.0
          ]
        ],
        "bounds": {
          "min": [
            0.0,
            -172.0,
            0.0
          ],
          "max": [
            60.0,
            -120.0,
            60.0
          ]
        },
        "section": "tidal-dome-roof.ldr",
        "line_number": 3302,
        "source_path": [
          null,
          3302
        ],
        "step": 1,
        "body_profile": false,
        "connector_count": 14,
        "placement_path": [
          0,
          68
        ],
        "connection_metadata": {
          "coverage": "complete",
          "source_count": 2,
          "recognized_record_count": 4,
          "unsupported_record_count": 0,
          "invalid_record_count": 0,
          "diagnostics": []
        }
      },
      {
        "index": 69,
        "part": "3022.dat",
        "description": "Plate 2 x 2",
        "colour": {
          "code": 297,
          "name": null,
          "rgb": null,
          "alpha": null,
          "colour_attributes": null
        },
        "position": [
          0.0,
          -176.0,
          0.0
        ],
        "matrix": [
          [
            1.0,
            0.0,
            0.0
          ],
          [
            0.0,
            1.0,
            0.0
          ],
          [
            0.0,
            0.0,
            1.0
          ]
        ],
        "bounds": {
          "min": [
            -20.0,
            -180.0,
            -20.0
          ],
          "max": [
            20.0,
            -168.0,
            20.0
          ]
        },
        "section": "tidal-dome-roof.ldr",
        "line_number": 3305,
        "source_path": [
          null,
          3305
        ],
        "step": 1,
        "body_profile": true,
        "connector_count": 9,
        "placement_path": [
          0,
          69
        ],
        "connection_metadata": {
          "coverage": "complete",
          "source_count": 3,
          "recognized_record_count": 3,
          "unsupported_record_count": 0,
          "invalid_record_count": 0,
          "diagnostics": []
        }
      },
      {
        "index": 70,
        "part": "3794b.dat",
        "description": "Plate 1 x 2 with Groove with 1 Centre Stud",
        "colour": {
          "code": 297,
          "name": null,
          "rgb": null,
          "alpha": null,
          "colour_attributes": null
        },
        "position": [
          0.0,
          -184.0,
          -10.0
        ],
        "matrix": [
          [
            1.0,
            0.0,
            0.0
          ],
          [
            0.0,
            1.0,
            0.0
          ],
          [
            0.0,
            0.0,
            1.0
          ]
        ],
        "bounds": {
          "min": [
            -20.0,
            -188.0,
            -20.0
          ],
          "max": [
            20.0,
            -176.0,
            0.0
          ]
        },
        "section": "tidal-dome-roof.ldr",
        "line_number": 3307,
        "source_path": [
          null,
          3307
        ],
        "step": 1,
        "body_profile": false,
        "connector_count": 5,
        "placement_path": [
          0,
          70
        ],
        "connection_metadata": {
          "coverage": "complete",
          "source_count": 3,
          "recognized_record_count": 4,
          "unsupported_record_count": 0,
          "invalid_record_count": 0,
          "diagnostics": []
        }
      },
      {
        "index": 71,
        "part": "4589.dat",
        "description": "Cone 1 x 1",
        "colour": {
          "code": 297,
          "name": null,
          "rgb": null,
          "alpha": null,
          "colour_attributes": null
        },
        "position": [
          0.0,
          -208.0,
          -10.0
        ],
        "matrix": [
          [
            1.0,
            0.0,
            0.0
          ],
          [
            0.0,
            1.0,
            0.0
          ],
          [
            0.0,
            0.0,
            1.0
          ]
        ],
        "bounds": {
          "min": [
            -10.0,
            -212.0,
            -20.0
          ],
          "max": [
            10.0,
            -184.0,
            0.0
          ]
        },
        "section": "tidal-dome-roof.ldr",
        "line_number": 3309,
        "source_path": [
          null,
          3309
        ],
        "step": 1,
        "body_profile": false,
        "connector_count": 9,
        "placement_path": [
          0,
          71
        ],
        "connection_metadata": {
          "coverage": "complete",
          "source_count": 3,
          "recognized_record_count": 5,
          "unsupported_record_count": 0,
          "invalid_record_count": 0,
          "diagnostics": []
        }
      },
      {
        "index": 72,
        "part": "3068b.dat",
        "description": "Tile 2 x 2 with Groove",
        "colour": {
          "code": 72,
          "name": null,
          "rgb": null,
          "alpha": null,
          "colour_attributes": null
        },
        "position": [
          -220.0,
          -8.0,
          -140.0
        ],
        "matrix": [
          [
            1.0,
            0.0,
            0.0
          ],
          [
            0.0,
            1.0,
            0.0
          ],
          [
            0.0,
            0.0,
            1.0
          ]
        ],
        "bounds": {
          "min": [
            -240.0,
            -8.0,
            -160.0
          ],
          "max": [
            -200.0,
            0.0,
            -120.0
          ]
        },
        "section": "tidal-dome-roof.ldr",
        "line_number": 3312,
        "source_path": [
          null,
          3312
        ],
        "step": 1,
        "body_profile": true,
        "connector_count": 6,
        "placement_path": [
          0,
          72
        ],
        "connection_metadata": {
          "coverage": "complete",
          "source_count": 2,
          "recognized_record_count": 2,
          "unsupported_record_count": 0,
          "invalid_record_count": 0,
          "diagnostics": []
        }
      },
      {
        "index": 73,
        "part": "3068b.dat",
        "description": "Tile 2 x 2 with Groove",
        "colour": {
          "code": 72,
          "name": null,
          "rgb": null,
          "alpha": null,
          "colour_attributes": null
        },
        "position": [
          -220.0,
          -8.0,
          -100.0
        ],
        "matrix": [
          [
            1.0,
            0.0,
            0.0
          ],
          [
            0.0,
            1.0,
            0.0
          ],
          [
            0.0,
            0.0,
            1.0
          ]
        ],
        "bounds": {
          "min": [
            -240.0,
            -8.0,
            -120.0
          ],
          "max": [
            -200.0,
            0.0,
            -80.0
          ]
        },
        "section": "tidal-dome-roof.ldr",
        "line_number": 3314,
        "source_path": [
          null,
          3314
        ],
        "step": 1,
        "body_profile": true,
        "connector_count": 6,
        "placement_path": [
          0,
          73
        ],
        "connection_metadata": {
          "coverage": "complete",
          "source_count": 2,
          "recognized_record_count": 2,
          "unsupported_record_count": 0,
          "invalid_record_count": 0,
          "diagnostics": []
        }
      },
      {
        "index": 74,
        "part": "3068b.dat",
        "description": "Tile 2 x 2 with Groove",
        "colour": {
          "code": 72,
          "name": null,
          "rgb": null,
          "alpha": null,
          "colour_attributes": null
        },
        "position": [
          -220.0,
          -8.0,
          -60.0
        ],
        "matrix": [
          [
            1.0,
            0.0,
            0.0
          ],
          [
            0.0,
            1.0,
            0.0
          ],
          [
            0.0,
            0.0,
            1.0
          ]
        ],
        "bounds": {
          "min": [
            -240.0,
            -8.0,
            -80.0
          ],
          "max": [
            -200.0,
            0.0,
            -40.0
          ]
        },
        "section": "tidal-dome-roof.ldr",
        "line_number": 3316,
        "source_path": [
          null,
          3316
        ],
        "step": 1,
        "body_profile": true,
        "connector_count": 6,
        "placement_path": [
          0,
          74
        ],
        "connection_metadata": {
          "coverage": "complete",
          "source_count": 2,
          "recognized_record_count": 2,
          "unsupported_record_count": 0,
          "invalid_record_count": 0,
          "diagnostics": []
        }
      },
      {
        "index": 75,
        "part": "3068b.dat",
        "description": "Tile 2 x 2 with Groove",
        "colour": {
          "code": 72,
          "name": null,
          "rgb": null,
          "alpha": null,
          "colour_attributes": null
        },
        "position": [
          -220.0,
          -8.0,
          -20.0
        ],
        "matrix": [
          [
            1.0,
            0.0,
            0.0
          ],
          [
            0.0,
            1.0,
            0.0
          ],
          [
            0.0,
            0.0,
            1.0
          ]
        ],
        "bounds": {
          "min": [
            -240.0,
            -8.0,
            -40.0
          ],
          "max": [
            -200.0,
            0.0,
            0.0
          ]
        },
        "section": "tidal-dome-roof.ldr",
        "line_number": 3318,
        "source_path": [
          null,
          3318
        ],
        "step": 1,
        "body_profile": true,
        "connector_count": 6,
        "placement_path": [
          0,
          75
        ],
        "connection_metadata": {
          "coverage": "complete",
          "source_count": 2,
          "recognized_record_count": 2,
          "unsupported_record_count": 0,
          "invalid_record_count": 0,
          "diagnostics": []
        }
      },
      {
        "index": 76,
        "part": "3068b.dat",
        "description": "Tile 2 x 2 with Groove",
        "colour": {
          "code": 72,
          "name": null,
          "rgb": null,
          "alpha": null,
          "colour_attributes": null
        },
        "position": [
          -220.0,
          -8.0,
          20.0
        ],
        "matrix": [
          [
            1.0,
            0.0,
            0.0
          ],
          [
            0.0,
            1.0,
            0.0
          ],
          [
            0.0,
            0.0,
            1.0
          ]
        ],
        "bounds": {
          "min": [
            -240.0,
            -8.0,
            0.0
          ],
          "max": [
            -200.0,
            0.0,
            40.0
          ]
        },
        "section": "tidal-dome-roof.ldr",
        "line_number": 3320,
        "source_path": [
          null,
          3320
        ],
        "step": 1,
        "body_profile": true,
        "connector_count": 6,
        "placement_path": [
          0,
          76
        ],
        "connection_metadata": {
          "coverage": "complete",
          "source_count": 2,
          "recognized_record_count": 2,
          "unsupported_record_count": 0,
          "invalid_record_count": 0,
          "diagnostics": []
        }
      },
      {
        "index": 77,
        "part": "3068b.dat",
        "description": "Tile 2 x 2 with Groove",
        "colour": {
          "code": 72,
          "name": null,
          "rgb": null,
          "alpha": null,
          "colour_attributes": null
        },
        "position": [
          -220.0,
          -8.0,
          60.0
        ],
        "matrix": [
          [
            1.0,
            0.0,
            0.0
          ],
          [
            0.0,
            1.0,
            0.0
          ],
          [
            0.0,
            0.0,
            1.0
          ]
        ],
        "bounds": {
          "min": [
            -240.0,
            -8.0,
            40.0
          ],
          "max": [
            -200.0,
            0.0,
            80.0
          ]
        },
        "section": "tidal-dome-roof.ldr",
        "line_number": 3322,
        "source_path": [
          null,
          3322
        ],
        "step": 1,
        "body_profile": true,
        "connector_count": 6,
        "placement_path": [
          0,
          77
        ],
        "connection_metadata": {
          "coverage": "complete",
          "source_count": 2,
          "recognized_record_count": 2,
          "unsupported_record_count": 0,
          "invalid_record_count": 0,
          "diagnostics": []
        }
      },
      {
        "index": 78,
        "part": "3068b.dat",
        "description": "Tile 2 x 2 with Groove",
        "colour": {
          "code": 72,
          "name": null,
          "rgb": null,
          "alpha": null,
          "colour_attributes": null
        },
        "position": [
          -220.0,
          -8.0,
          100.0
        ],
        "matrix": [
          [
            1.0,
            0.0,
            0.0
          ],
          [
            0.0,
            1.0,
            0.0
          ],
          [
            0.0,
            0.0,
            1.0
          ]
        ],
        "bounds": {
          "min": [
            -240.0,
            -8.0,
            80.0
          ],
          "max": [
            -200.0,
            0.0,
            120.0
          ]
        },
        "section": "tidal-dome-roof.ldr",
        "line_number": 3324,
        "source_path": [
          null,
          3324
        ],
        "step": 1,
        "body_profile": true,
        "connector_count": 6,
        "placement_path": [
          0,
          78
        ],
        "connection_metadata": {
          "coverage": "complete",
          "source_count": 2,
          "recognized_record_count": 2,
          "unsupported_record_count": 0,
          "invalid_record_count": 0,
          "diagnostics": []
        }
      },
      {
        "index": 79,
        "part": "3068b.dat",
        "description": "Tile 2 x 2 with Groove",
        "colour": {
          "code": 72,
          "name": null,
          "rgb": null,
          "alpha": null,
          "colour_attributes": null
        },
        "position": [
          -220.0,
          -8.0,
          140.0
        ],
        "matrix": [
          [
            1.0,
            0.0,
            0.0
          ],
          [
            0.0,
            1.0,
            0.0
          ],
          [
            0.0,
            0.0,
            1.0
          ]
        ],
        "bounds": {
          "min": [
            -240.0,
            -8.0,
            120.0
          ],
          "max": [
            -200.0,
            0.0,
            160.0
          ]
        },
        "section": "tidal-dome-roof.ldr",
        "line_number": 3326,
        "source_path": [
          null,
          3326
        ],
        "step": 1,
        "body_profile": true,
        "connector_count": 6,
        "placement_path": [
          0,
          79
        ],
        "connection_metadata": {
          "coverage": "complete",
          "source_count": 2,
          "recognized_record_count": 2,
          "unsupported_record_count": 0,
          "invalid_record_count": 0,
          "diagnostics": []
        }
      },
      {
        "index": 80,
        "part": "3068b.dat",
        "description": "Tile 2 x 2 with Groove",
        "colour": {
          "code": 72,
          "name": null,
          "rgb": null,
          "alpha": null,
          "colour_attributes": null
        },
        "position": [
          -180.0,
          -8.0,
          -140.0
        ],
        "matrix": [
          [
            1.0,
            0.0,
            0.0
          ],
          [
            0.0,
            1.0,
            0.0
          ],
          [
            0.0,
            0.0,
            1.0
          ]
        ],
        "bounds": {
          "min": [
            -200.0,
            -8.0,
            -160.0
          ],
          "max": [
            -160.0,
            0.0,
            -120.0
          ]
        },
        "section": "tidal-dome-roof.ldr",
        "line_number": 3328,
        "source_path": [
          null,
          3328
        ],
        "step": 1,
        "body_profile": true,
        "connector_count": 6,
        "placement_path": [
          0,
          80
        ],
        "connection_metadata": {
          "coverage": "complete",
          "source_count": 2,
          "recognized_record_count": 2,
          "unsupported_record_count": 0,
          "invalid_record_count": 0,
          "diagnostics": []
        }
      },
      {
        "index": 81,
        "part": "3068b.dat",
        "description": "Tile 2 x 2 with Groove",
        "colour": {
          "code": 72,
          "name": null,
          "rgb": null,
          "alpha": null,
          "colour_attributes": null
        },
        "position": [
          -180.0,
          -8.0,
          -100.0
        ],
        "matrix": [
          [
            1.0,
            0.0,
            0.0
          ],
          [
            0.0,
            1.0,
            0.0
          ],
          [
            0.0,
            0.0,
            1.0
          ]
        ],
        "bounds": {
          "min": [
            -200.0,
            -8.0,
            -120.0
          ],
          "max": [
            -160.0,
            0.0,
            -80.0
          ]
        },
        "section": "tidal-dome-roof.ldr",
        "line_number": 3330,
        "source_path": [
          null,
          3330
        ],
        "step": 1,
        "body_profile": true,
        "connector_count": 6,
        "placement_path": [
          0,
          81
        ],
        "connection_metadata": {
          "coverage": "complete",
          "source_count": 2,
          "recognized_record_count": 2,
          "unsupported_record_count": 0,
          "invalid_record_count": 0,
          "diagnostics": []
        }
      },
      {
        "index": 82,
        "part": "3068b.dat",
        "description": "Tile 2 x 2 with Groove",
        "colour": {
          "code": 72,
          "name": null,
          "rgb": null,
          "alpha": null,
          "colour_attributes": null
        },
        "position": [
          -180.0,
          -8.0,
          -60.0
        ],
        "matrix": [
          [
            1.0,
            0.0,
            0.0
          ],
          [
            0.0,
            1.0,
            0.0
          ],
          [
            0.0,
            0.0,
            1.0
          ]
        ],
        "bounds": {
          "min": [
            -200.0,
            -8.0,
            -80.0
          ],
          "max": [
            -160.0,
            0.0,
            -40.0
          ]
        },
        "section": "tidal-dome-roof.ldr",
        "line_number": 3332,
        "source_path": [
          null,
          3332
        ],
        "step": 1,
        "body_profile": true,
        "connector_count": 6,
        "placement_path": [
          0,
          82
        ],
        "connection_metadata": {
          "coverage": "complete",
          "source_count": 2,
          "recognized_record_count": 2,
          "unsupported_record_count": 0,
          "invalid_record_count": 0,
          "diagnostics": []
        }
      },
      {
        "index": 83,
        "part": "3068b.dat",
        "description": "Tile 2 x 2 with Groove",
        "colour": {
          "code": 72,
          "name": null,
          "rgb": null,
          "alpha": null,
          "colour_attributes": null
        },
        "position": [
          -180.0,
          -8.0,
          -20.0
        ],
        "matrix": [
          [
            1.0,
            0.0,
            0.0
          ],
          [
            0.0,
            1.0,
            0.0
          ],
          [
            0.0,
            0.0,
            1.0
          ]
        ],
        "bounds": {
          "min": [
            -200.0,
            -8.0,
            -40.0
          ],
          "max": [
            -160.0,
            0.0,
            0.0
          ]
        },
        "section": "tidal-dome-roof.ldr",
        "line_number": 3334,
        "source_path": [
          null,
          3334
        ],
        "step": 1,
        "body_profile": true,
        "connector_count": 6,
        "placement_path": [
          0,
          83
        ],
        "connection_metadata": {
          "coverage": "complete",
          "source_count": 2,
          "recognized_record_count": 2,
          "unsupported_record_count": 0,
          "invalid_record_count": 0,
          "diagnostics": []
        }
      },
      {
        "index": 84,
        "part": "3068b.dat",
        "description": "Tile 2 x 2 with Groove",
        "colour": {
          "code": 72,
          "name": null,
          "rgb": null,
          "alpha": null,
          "colour_attributes": null
        },
        "position": [
          -180.0,
          -8.0,
          20.0
        ],
        "matrix": [
          [
            1.0,
            0.0,
            0.0
          ],
          [
            0.0,
            1.0,
            0.0
          ],
          [
            0.0,
            0.0,
            1.0
          ]
        ],
        "bounds": {
          "min": [
            -200.0,
            -8.0,
            0.0
          ],
          "max": [
            -160.0,
            0.0,
            40.0
          ]
        },
        "section": "tidal-dome-roof.ldr",
        "line_number": 3336,
        "source_path": [
          null,
          3336
        ],
        "step": 1,
        "body_profile": true,
        "connector_count": 6,
        "placement_path": [
          0,
          84
        ],
        "connection_metadata": {
          "coverage": "complete",
          "source_count": 2,
          "recognized_record_count": 2,
          "unsupported_record_count": 0,
          "invalid_record_count": 0,
          "diagnostics": []
        }
      },
      {
        "index": 85,
        "part": "3068b.dat",
        "description": "Tile 2 x 2 with Groove",
        "colour": {
          "code": 72,
          "name": null,
          "rgb": null,
          "alpha": null,
          "colour_attributes": null
        },
        "position": [
          -180.0,
          -8.0,
          60.0
        ],
        "matrix": [
          [
            1.0,
            0.0,
            0.0
          ],
          [
            0.0,
            1.0,
            0.0
          ],
          [
            0.0,
            0.0,
            1.0
          ]
        ],
        "bounds": {
          "min": [
            -200.0,
            -8.0,
            40.0
          ],
          "max": [
            -160.0,
            0.0,
            80.0
          ]
        },
        "section": "tidal-dome-roof.ldr",
        "line_number": 3338,
        "source_path": [
          null,
          3338
        ],
        "step": 1,
        "body_profile": true,
        "connector_count": 6,
        "placement_path": [
          0,
          85
        ],
        "connection_metadata": {
          "coverage": "complete",
          "source_count": 2,
          "recognized_record_count": 2,
          "unsupported_record_count": 0,
          "invalid_record_count": 0,
          "diagnostics": []
        }
      },
      {
        "index": 86,
        "part": "3068b.dat",
        "description": "Tile 2 x 2 with Groove",
        "colour": {
          "code": 72,
          "name": null,
          "rgb": null,
          "alpha": null,
          "colour_attributes": null
        },
        "position": [
          -180.0,
          -8.0,
          100.0
        ],
        "matrix": [
          [
            1.0,
            0.0,
            0.0
          ],
          [
            0.0,
            1.0,
            0.0
          ],
          [
            0.0,
            0.0,
            1.0
          ]
        ],
        "bounds": {
          "min": [
            -200.0,
            -8.0,
            80.0
          ],
          "max": [
            -160.0,
            0.0,
            120.0
          ]
        },
        "section": "tidal-dome-roof.ldr",
        "line_number": 3340,
        "source_path": [
          null,
          3340
        ],
        "step": 1,
        "body_profile": true,
        "connector_count": 6,
        "placement_path": [
          0,
          86
        ],
        "connection_metadata": {
          "coverage": "complete",
          "source_count": 2,
          "recognized_record_count": 2,
          "unsupported_record_count": 0,
          "invalid_record_count": 0,
          "diagnostics": []
        }
      },
      {
        "index": 87,
        "part": "3068b.dat",
        "description": "Tile 2 x 2 with Groove",
        "colour": {
          "code": 72,
          "name": null,
          "rgb": null,
          "alpha": null,
          "colour_attributes": null
        },
        "position": [
          -180.0,
          -8.0,
          140.0
        ],
        "matrix": [
          [
            1.0,
            0.0,
            0.0
          ],
          [
            0.0,
            1.0,
            0.0
          ],
          [
            0.0,
            0.0,
            1.0
          ]
        ],
        "bounds": {
          "min": [
            -200.0,
            -8.0,
            120.0
          ],
          "max": [
            -160.0,
            0.0,
            160.0
          ]
        },
        "section": "tidal-dome-roof.ldr",
        "line_number": 3342,
        "source_path": [
          null,
          3342
        ],
        "step": 1,
        "body_profile": true,
        "connector_count": 6,
        "placement_path": [
          0,
          87
        ],
        "connection_metadata": {
          "coverage": "complete",
          "source_count": 2,
          "recognized_record_count": 2,
          "unsupported_record_count": 0,
          "invalid_record_count": 0,
          "diagnostics": []
        }
      },
      {
        "index": 88,
        "part": "3068b.dat",
        "description": "Tile 2 x 2 with Groove",
        "colour": {
          "code": 72,
          "name": null,
          "rgb": null,
          "alpha": null,
          "colour_attributes": null
        },
        "position": [
          180.0,
          -8.0,
          -140.0
        ],
        "matrix": [
          [
            1.0,
            0.0,
            0.0
          ],
          [
            0.0,
            1.0,
            0.0
          ],
          [
            0.0,
            0.0,
            1.0
          ]
        ],
        "bounds": {
          "min": [
            160.0,
            -8.0,
            -160.0
          ],
          "max": [
            200.0,
            0.0,
            -120.0
          ]
        },
        "section": "tidal-dome-roof.ldr",
        "line_number": 3344,
        "source_path": [
          null,
          3344
        ],
        "step": 1,
        "body_profile": true,
        "connector_count": 6,
        "placement_path": [
          0,
          88
        ],
        "connection_metadata": {
          "coverage": "complete",
          "source_count": 2,
          "recognized_record_count": 2,
          "unsupported_record_count": 0,
          "invalid_record_count": 0,
          "diagnostics": []
        }
      },
      {
        "index": 89,
        "part": "3068b.dat",
        "description": "Tile 2 x 2 with Groove",
        "colour": {
          "code": 72,
          "name": null,
          "rgb": null,
          "alpha": null,
          "colour_attributes": null
        },
        "position": [
          180.0,
          -8.0,
          -100.0
        ],
        "matrix": [
          [
            1.0,
            0.0,
            0.0
          ],
          [
            0.0,
            1.0,
            0.0
          ],
          [
            0.0,
            0.0,
            1.0
          ]
        ],
        "bounds": {
          "min": [
            160.0,
            -8.0,
            -120.0
          ],
          "max": [
            200.0,
            0.0,
            -80.0
          ]
        },
        "section": "tidal-dome-roof.ldr",
        "line_number": 3346,
        "source_path": [
          null,
          3346
        ],
        "step": 1,
        "body_profile": true,
        "connector_count": 6,
        "placement_path": [
          0,
          89
        ],
        "connection_metadata": {
          "coverage": "complete",
          "source_count": 2,
          "recognized_record_count": 2,
          "unsupported_record_count": 0,
          "invalid_record_count": 0,
          "diagnostics": []
        }
      },
      {
        "index": 90,
        "part": "3068b.dat",
        "description": "Tile 2 x 2 with Groove",
        "colour": {
          "code": 72,
          "name": null,
          "rgb": null,
          "alpha": null,
          "colour_attributes": null
        },
        "position": [
          180.0,
          -8.0,
          -60.0
        ],
        "matrix": [
          [
            1.0,
            0.0,
            0.0
          ],
          [
            0.0,
            1.0,
            0.0
          ],
          [
            0.0,
            0.0,
            1.0
          ]
        ],
        "bounds": {
          "min": [
            160.0,
            -8.0,
            -80.0
          ],
          "max": [
            200.0,
            0.0,
            -40.0
          ]
        },
        "section": "tidal-dome-roof.ldr",
        "line_number": 3348,
        "source_path": [
          null,
          3348
        ],
        "step": 1,
        "body_profile": true,
        "connector_count": 6,
        "placement_path": [
          0,
          90
        ],
        "connection_metadata": {
          "coverage": "complete",
          "source_count": 2,
          "recognized_record_count": 2,
          "unsupported_record_count": 0,
          "invalid_record_count": 0,
          "diagnostics": []
        }
      },
      {
        "index": 91,
        "part": "3068b.dat",
        "description": "Tile 2 x 2 with Groove",
        "colour": {
          "code": 72,
          "name": null,
          "rgb": null,
          "alpha": null,
          "colour_attributes": null
        },
        "position": [
          180.0,
          -8.0,
          -20.0
        ],
        "matrix": [
          [
            1.0,
            0.0,
            0.0
          ],
          [
            0.0,
            1.0,
            0.0
          ],
          [
            0.0,
            0.0,
            1.0
          ]
        ],
        "bounds": {
          "min": [
            160.0,
            -8.0,
            -40.0
          ],
          "max": [
            200.0,
            0.0,
            0.0
          ]
        },
        "section": "tidal-dome-roof.ldr",
        "line_number": 3350,
        "source_path": [
          null,
          3350
        ],
        "step": 1,
        "body_profile": true,
        "connector_count": 6,
        "placement_path": [
          0,
          91
        ],
        "connection_metadata": {
          "coverage": "complete",
          "source_count": 2,
          "recognized_record_count": 2,
          "unsupported_record_count": 0,
          "invalid_record_count": 0,
          "diagnostics": []
        }
      },
      {
        "index": 92,
        "part": "3068b.dat",
        "description": "Tile 2 x 2 with Groove",
        "colour": {
          "code": 72,
          "name": null,
          "rgb": null,
          "alpha": null,
          "colour_attributes": null
        },
        "position": [
          180.0,
          -8.0,
          20.0
        ],
        "matrix": [
          [
            1.0,
            0.0,
            0.0
          ],
          [
            0.0,
            1.0,
            0.0
          ],
          [
            0.0,
            0.0,
            1.0
          ]
        ],
        "bounds": {
          "min": [
            160.0,
            -8.0,
            0.0
          ],
          "max": [
            200.0,
            0.0,
            40.0
          ]
        },
        "section": "tidal-dome-roof.ldr",
        "line_number": 3352,
        "source_path": [
          null,
          3352
        ],
        "step": 1,
        "body_profile": true,
        "connector_count": 6,
        "placement_path": [
          0,
          92
        ],
        "connection_metadata": {
          "coverage": "complete",
          "source_count": 2,
          "recognized_record_count": 2,
          "unsupported_record_count": 0,
          "invalid_record_count": 0,
          "diagnostics": []
        }
      },
      {
        "index": 93,
        "part": "3068b.dat",
        "description": "Tile 2 x 2 with Groove",
        "colour": {
          "code": 72,
          "name": null,
          "rgb": null,
          "alpha": null,
          "colour_attributes": null
        },
        "position": [
          180.0,
          -8.0,
          60.0
        ],
        "matrix": [
          [
            1.0,
            0.0,
            0.0
          ],
          [
            0.0,
            1.0,
            0.0
          ],
          [
            0.0,
            0.0,
            1.0
          ]
        ],
        "bounds": {
          "min": [
            160.0,
            -8.0,
            40.0
          ],
          "max": [
            200.0,
            0.0,
            80.0
          ]
        },
        "section": "tidal-dome-roof.ldr",
        "line_number": 3354,
        "source_path": [
          null,
          3354
        ],
        "step": 1,
        "body_profile": true,
        "connector_count": 6,
        "placement_path": [
          0,
          93
        ],
        "connection_metadata": {
          "coverage": "complete",
          "source_count": 2,
          "recognized_record_count": 2,
          "unsupported_record_count": 0,
          "invalid_record_count": 0,
          "diagnostics": []
        }
      },
      {
        "index": 94,
        "part": "3068b.dat",
        "description": "Tile 2 x 2 with Groove",
        "colour": {
          "code": 72,
          "name": null,
          "rgb": null,
          "alpha": null,
          "colour_attributes": null
        },
        "position": [
          180.0,
          -8.0,
          100.0
        ],
        "matrix": [
          [
            1.0,
            0.0,
            0.0
          ],
          [
            0.0,
            1.0,
            0.0
          ],
          [
            0.0,
            0.0,
            1.0
          ]
        ],
        "bounds": {
          "min": [
            160.0,
            -8.0,
            80.0
          ],
          "max": [
            200.0,
            0.0,
            120.0
          ]
        },
        "section": "tidal-dome-roof.ldr",
        "line_number": 3356,
        "source_path": [
          null,
          3356
        ],
        "step": 1,
        "body_profile": true,
        "connector_count": 6,
        "placement_path": [
          0,
          94
        ],
        "connection_metadata": {
          "coverage": "complete",
          "source_count": 2,
          "recognized_record_count": 2,
          "unsupported_record_count": 0,
          "invalid_record_count": 0,
          "diagnostics": []
        }
      },
      {
        "index": 95,
        "part": "3068b.dat",
        "description": "Tile 2 x 2 with Groove",
        "colour": {
          "code": 72,
          "name": null,
          "rgb": null,
          "alpha": null,
          "colour_attributes": null
        },
        "position": [
          180.0,
          -8.0,
          140.0
        ],
        "matrix": [
          [
            1.0,
            0.0,
            0.0
          ],
          [
            0.0,
            1.0,
            0.0
          ],
          [
            0.0,
            0.0,
            1.0
          ]
        ],
        "bounds": {
          "min": [
            160.0,
            -8.0,
            120.0
          ],
          "max": [
            200.0,
            0.0,
            160.0
          ]
        },
        "section": "tidal-dome-roof.ldr",
        "line_number": 3358,
        "source_path": [
          null,
          3358
        ],
        "step": 1,
        "body_profile": true,
        "connector_count": 6,
        "placement_path": [
          0,
          95
        ],
        "connection_metadata": {
          "coverage": "complete",
          "source_count": 2,
          "recognized_record_count": 2,
          "unsupported_record_count": 0,
          "invalid_record_count": 0,
          "diagnostics": []
        }
      },
      {
        "index": 96,
        "part": "3068b.dat",
        "description": "Tile 2 x 2 with Groove",
        "colour": {
          "code": 72,
          "name": null,
          "rgb": null,
          "alpha": null,
          "colour_attributes": null
        },
        "position": [
          220.0,
          -8.0,
          -140.0
        ],
        "matrix": [
          [
            1.0,
            0.0,
            0.0
          ],
          [
            0.0,
            1.0,
            0.0
          ],
          [
            0.0,
            0.0,
            1.0
          ]
        ],
        "bounds": {
          "min": [
            200.0,
            -8.0,
            -160.0
          ],
          "max": [
            240.0,
            0.0,
            -120.0
          ]
        },
        "section": "tidal-dome-roof.ldr",
        "line_number": 3360,
        "source_path": [
          null,
          3360
        ],
        "step": 1,
        "body_profile": true,
        "connector_count": 6,
        "placement_path": [
          0,
          96
        ],
        "connection_metadata": {
          "coverage": "complete",
          "source_count": 2,
          "recognized_record_count": 2,
          "unsupported_record_count": 0,
          "invalid_record_count": 0,
          "diagnostics": []
        }
      },
      {
        "index": 97,
        "part": "3068b.dat",
        "description": "Tile 2 x 2 with Groove",
        "colour": {
          "code": 72,
          "name": null,
          "rgb": null,
          "alpha": null,
          "colour_attributes": null
        },
        "position": [
          220.0,
          -8.0,
          -100.0
        ],
        "matrix": [
          [
            1.0,
            0.0,
            0.0
          ],
          [
            0.0,
            1.0,
            0.0
          ],
          [
            0.0,
            0.0,
            1.0
          ]
        ],
        "bounds": {
          "min": [
            200.0,
            -8.0,
            -120.0
          ],
          "max": [
            240.0,
            0.0,
            -80.0
          ]
        },
        "section": "tidal-dome-roof.ldr",
        "line_number": 3362,
        "source_path": [
          null,
          3362
        ],
        "step": 1,
        "body_profile": true,
        "connector_count": 6,
        "placement_path": [
          0,
          97
        ],
        "connection_metadata": {
          "coverage": "complete",
          "source_count": 2,
          "recognized_record_count": 2,
          "unsupported_record_count": 0,
          "invalid_record_count": 0,
          "diagnostics": []
        }
      },
      {
        "index": 98,
        "part": "3068b.dat",
        "description": "Tile 2 x 2 with Groove",
        "colour": {
          "code": 72,
          "name": null,
          "rgb": null,
          "alpha": null,
          "colour_attributes": null
        },
        "position": [
          220.0,
          -8.0,
          -60.0
        ],
        "matrix": [
          [
            1.0,
            0.0,
            0.0
          ],
          [
            0.0,
            1.0,
            0.0
          ],
          [
            0.0,
            0.0,
            1.0
          ]
        ],
        "bounds": {
          "min": [
            200.0,
            -8.0,
            -80.0
          ],
          "max": [
            240.0,
            0.0,
            -40.0
          ]
        },
        "section": "tidal-dome-roof.ldr",
        "line_number": 3364,
        "source_path": [
          null,
          3364
        ],
        "step": 1,
        "body_profile": true,
        "connector_count": 6,
        "placement_path": [
          0,
          98
        ],
        "connection_metadata": {
          "coverage": "complete",
          "source_count": 2,
          "recognized_record_count": 2,
          "unsupported_record_count": 0,
          "invalid_record_count": 0,
          "diagnostics": []
        }
      },
      {
        "index": 99,
        "part": "3068b.dat",
        "description": "Tile 2 x 2 with Groove",
        "colour": {
          "code": 72,
          "name": null,
          "rgb": null,
          "alpha": null,
          "colour_attributes": null
        },
        "position": [
          220.0,
          -8.0,
          -20.0
        ],
        "matrix": [
          [
            1.0,
            0.0,
            0.0
          ],
          [
            0.0,
            1.0,
            0.0
          ],
          [
            0.0,
            0.0,
            1.0
          ]
        ],
        "bounds": {
          "min": [
            200.0,
            -8.0,
            -40.0
          ],
          "max": [
            240.0,
            0.0,
            0.0
          ]
        },
        "section": "tidal-dome-roof.ldr",
        "line_number": 3366,
        "source_path": [
          null,
          3366
        ],
        "step": 1,
        "body_profile": true,
        "connector_count": 6,
        "placement_path": [
          0,
          99
        ],
        "connection_metadata": {
          "coverage": "complete",
          "source_count": 2,
          "recognized_record_count": 2,
          "unsupported_record_count": 0,
          "invalid_record_count": 0,
          "diagnostics": []
        }
      },
      {
        "index": 100,
        "part": "3068b.dat",
        "description": "Tile 2 x 2 with Groove",
        "colour": {
          "code": 72,
          "name": null,
          "rgb": null,
          "alpha": null,
          "colour_attributes": null
        },
        "position": [
          220.0,
          -8.0,
          20.0
        ],
        "matrix": [
          [
            1.0,
            0.0,
            0.0
          ],
          [
            0.0,
            1.0,
            0.0
          ],
          [
            0.0,
            0.0,
            1.0
          ]
        ],
        "bounds": {
          "min": [
            200.0,
            -8.0,
            0.0
          ],
          "max": [
            240.0,
            0.0,
            40.0
          ]
        },
        "section": "tidal-dome-roof.ldr",
        "line_number": 3368,
        "source_path": [
          null,
          3368
        ],
        "step": 1,
        "body_profile": true,
        "connector_count": 6,
        "placement_path": [
          0,
          100
        ],
        "connection_metadata": {
          "coverage": "complete",
          "source_count": 2,
          "recognized_record_count": 2,
          "unsupported_record_count": 0,
          "invalid_record_count": 0,
          "diagnostics": []
        }
      },
      {
        "index": 101,
        "part": "3068b.dat",
        "description": "Tile 2 x 2 with Groove",
        "colour": {
          "code": 72,
          "name": null,
          "rgb": null,
          "alpha": null,
          "colour_attributes": null
        },
        "position": [
          220.0,
          -8.0,
          60.0
        ],
        "matrix": [
          [
            1.0,
            0.0,
            0.0
          ],
          [
            0.0,
            1.0,
            0.0
          ],
          [
            0.0,
            0.0,
            1.0
          ]
        ],
        "bounds": {
          "min": [
            200.0,
            -8.0,
            40.0
          ],
          "max": [
            240.0,
            0.0,
            80.0
          ]
        },
        "section": "tidal-dome-roof.ldr",
        "line_number": 3370,
        "source_path": [
          null,
          3370
        ],
        "step": 1,
        "body_profile": true,
        "connector_count": 6,
        "placement_path": [
          0,
          101
        ],
        "connection_metadata": {
          "coverage": "complete",
          "source_count": 2,
          "recognized_record_count": 2,
          "unsupported_record_count": 0,
          "invalid_record_count": 0,
          "diagnostics": []
        }
      },
      {
        "index": 102,
        "part": "3068b.dat",
        "description": "Tile 2 x 2 with Groove",
        "colour": {
          "code": 72,
          "name": null,
          "rgb": null,
          "alpha": null,
          "colour_attributes": null
        },
        "position": [
          220.0,
          -8.0,
          100.0
        ],
        "matrix": [
          [
            1.0,
            0.0,
            0.0
          ],
          [
            0.0,
            1.0,
            0.0
          ],
          [
            0.0,
            0.0,
            1.0
          ]
        ],
        "bounds": {
          "min": [
            200.0,
            -8.0,
            80.0
          ],
          "max": [
            240.0,
            0.0,
            120.0
          ]
        },
        "section": "tidal-dome-roof.ldr",
        "line_number": 3372,
        "source_path": [
          null,
          3372
        ],
        "step": 1,
        "body_profile": true,
        "connector_count": 6,
        "placement_path": [
          0,
          102
        ],
        "connection_metadata": {
          "coverage": "complete",
          "source_count": 2,
          "recognized_record_count": 2,
          "unsupported_record_count": 0,
          "invalid_record_count": 0,
          "diagnostics": []
        }
      },
      {
        "index": 103,
        "part": "3068b.dat",
        "description": "Tile 2 x 2 with Groove",
        "colour": {
          "code": 72,
          "name": null,
          "rgb": null,
          "alpha": null,
          "colour_attributes": null
        },
        "position": [
          220.0,
          -8.0,
          140.0
        ],
        "matrix": [
          [
            1.0,
            0.0,
            0.0
          ],
          [
            0.0,
            1.0,
            0.0
          ],
          [
            0.0,
            0.0,
            1.0
          ]
        ],
        "bounds": {
          "min": [
            200.0,
            -8.0,
            120.0
          ],
          "max": [
            240.0,
            0.0,
            160.0
          ]
        },
        "section": "tidal-dome-roof.ldr",
        "line_number": 3374,
        "source_path": [
          null,
          3374
        ],
        "step": 1,
        "body_profile": true,
        "connector_count": 6,
        "placement_path": [
          0,
          103
        ],
        "connection_metadata": {
          "coverage": "complete",
          "source_count": 2,
          "recognized_record_count": 2,
          "unsupported_record_count": 0,
          "invalid_record_count": 0,
          "diagnostics": []
        }
      },
      {
        "index": 104,
        "part": "3460.dat",
        "description": "Plate 1 x 8",
        "colour": {
          "code": 15,
          "name": null,
          "rgb": null,
          "alpha": null,
          "colour_attributes": null
        },
        "position": [
          -200.0,
          -8.0,
          -190.0
        ],
        "matrix": [
          [
            1.0,
            0.0,
            0.0
          ],
          [
            0.0,
            1.0,
            0.0
          ],
          [
            0.0,
            0.0,
            1.0
          ]
        ],
        "bounds": {
          "min": [
            -280.0,
            -12.0,
            -200.0
          ],
          "max": [
            -120.0,
            0.0,
            -180.0
          ]
        },
        "section": "tidal-dome-roof.ldr",
        "line_number": 3377,
        "source_path": [
          null,
          3377
        ],
        "step": 1,
        "body_profile": true,
        "connector_count": 23,
        "placement_path": [
          0,
          104
        ],
        "connection_metadata": {
          "coverage": "complete",
          "source_count": 3,
          "recognized_record_count": 3,
          "unsupported_record_count": 0,
          "invalid_record_count": 0,
          "diagnostics": []
        }
      },
      {
        "index": 105,
        "part": "3460.dat",
        "description": "Plate 1 x 8",
        "colour": {
          "code": 15,
          "name": null,
          "rgb": null,
          "alpha": null,
          "colour_attributes": null
        },
        "position": [
          -40.0,
          -8.0,
          -190.0
        ],
        "matrix": [
          [
            1.0,
            0.0,
            0.0
          ],
          [
            0.0,
            1.0,
            0.0
          ],
          [
            0.0,
            0.0,
            1.0
          ]
        ],
        "bounds": {
          "min": [
            -120.0,
            -12.0,
            -200.0
          ],
          "max": [
            40.0,
            0.0,
            -180.0
          ]
        },
        "section": "tidal-dome-roof.ldr",
        "line_number": 3379,
        "source_path": [
          null,
          3379
        ],
        "step": 1,
        "body_profile": true,
        "connector_count": 23,
        "placement_path": [
          0,
          105
        ],
        "connection_metadata": {
          "coverage": "complete",
          "source_count": 3,
          "recognized_record_count": 3,
          "unsupported_record_count": 0,
          "invalid_record_count": 0,
          "diagnostics": []
        }
      },
      {
        "index": 106,
        "part": "3460.dat",
        "description": "Plate 1 x 8",
        "colour": {
          "code": 15,
          "name": null,
          "rgb": null,
          "alpha": null,
          "colour_attributes": null
        },
        "position": [
          120.0,
          -8.0,
          -190.0
        ],
        "matrix": [
          [
            1.0,
            0.0,
            0.0
          ],
          [
            0.0,
            1.0,
            0.0
          ],
          [
            0.0,
            0.0,
            1.0
          ]
        ],
        "bounds": {
          "min": [
            40.0,
            -12.0,
            -200.0
          ],
          "max": [
            200.0,
            0.0,
            -180.0
          ]
        },
        "section": "tidal-dome-roof.ldr",
        "line_number": 3381,
        "source_path": [
          null,
          3381
        ],
        "step": 1,
        "body_profile": true,
        "connector_count": 23,
        "placement_path": [
          0,
          106
        ],
        "connection_metadata": {
          "coverage": "complete",
          "source_count": 3,
          "recognized_record_count": 3,
          "unsupported_record_count": 0,
          "invalid_record_count": 0,
          "diagnostics": []
        }
      },
      {
        "index": 107,
        "part": "3710.dat",
        "description": "Plate 1 x 4",
        "colour": {
          "code": 15,
          "name": null,
          "rgb": null,
          "alpha": null,
          "colour_attributes": null
        },
        "position": [
          240.0,
          -8.0,
          -190.0
        ],
        "matrix": [
          [
            1.0,
            0.0,
            0.0
          ],
          [
            0.0,
            1.0,
            0.0
          ],
          [
            0.0,
            0.0,
            1.0
          ]
        ],
        "bounds": {
          "min": [
            200.0,
            -12.0,
            -200.0
          ],
          "max": [
            280.0,
            0.0,
            -180.0
          ]
        },
        "section": "tidal-dome-roof.ldr",
        "line_number": 3383,
        "source_path": [
          null,
          3383
        ],
        "step": 1,
        "body_profile": true,
        "connector_count": 11,
        "placement_path": [
          0,
          107
        ],
        "connection_metadata": {
          "coverage": "complete",
          "source_count": 3,
          "recognized_record_count": 3,
          "unsupported_record_count": 0,
          "invalid_record_count": 0,
          "diagnostics": []
        }
      },
      {
        "index": 108,
        "part": "3460.dat",
        "description": "Plate 1 x 8",
        "colour": {
          "code": 15,
          "name": null,
          "rgb": null,
          "alpha": null,
          "colour_attributes": null
        },
        "position": [
          -200.0,
          -8.0,
          190.0
        ],
        "matrix": [
          [
            1.0,
            0.0,
            0.0
          ],
          [
            0.0,
            1.0,
            0.0
          ],
          [
            0.0,
            0.0,
            1.0
          ]
        ],
        "bounds": {
          "min": [
            -280.0,
            -12.0,
            180.0
          ],
          "max": [
            -120.0,
            0.0,
            200.0
          ]
        },
        "section": "tidal-dome-roof.ldr",
        "line_number": 3385,
        "source_path": [
          null,
          3385
        ],
        "step": 1,
        "body_profile": true,
        "connector_count": 23,
        "placement_path": [
          0,
          108
        ],
        "connection_metadata": {
          "coverage": "complete",
          "source_count": 3,
          "recognized_record_count": 3,
          "unsupported_record_count": 0,
          "invalid_record_count": 0,
          "diagnostics": []
        }
      },
      {
        "index": 109,
        "part": "3460.dat",
        "description": "Plate 1 x 8",
        "colour": {
          "code": 15,
          "name": null,
          "rgb": null,
          "alpha": null,
          "colour_attributes": null
        },
        "position": [
          -40.0,
          -8.0,
          190.0
        ],
        "matrix": [
          [
            1.0,
            0.0,
            0.0
          ],
          [
            0.0,
            1.0,
            0.0
          ],
          [
            0.0,
            0.0,
            1.0
          ]
        ],
        "bounds": {
          "min": [
            -120.0,
            -12.0,
            180.0
          ],
          "max": [
            40.0,
            0.0,
            200.0
          ]
        },
        "section": "tidal-dome-roof.ldr",
        "line_number": 3387,
        "source_path": [
          null,
          3387
        ],
        "step": 1,
        "body_profile": true,
        "connector_count": 23,
        "placement_path": [
          0,
          109
        ],
        "connection_metadata": {
          "coverage": "complete",
          "source_count": 3,
          "recognized_record_count": 3,
          "unsupported_record_count": 0,
          "invalid_record_count": 0,
          "diagnostics": []
        }
      },
      {
        "index": 110,
        "part": "3460.dat",
        "description": "Plate 1 x 8",
        "colour": {
          "code": 15,
          "name": null,
          "rgb": null,
          "alpha": null,
          "colour_attributes": null
        },
        "position": [
          120.0,
          -8.0,
          190.0
        ],
        "matrix": [
          [
            1.0,
            0.0,
            0.0
          ],
          [
            0.0,
            1.0,
            0.0
          ],
          [
            0.0,
            0.0,
            1.0
          ]
        ],
        "bounds": {
          "min": [
            40.0,
            -12.0,
            180.0
          ],
          "max": [
            200.0,
            0.0,
            200.0
          ]
        },
        "section": "tidal-dome-roof.ldr",
        "line_number": 3389,
        "source_path": [
          null,
          3389
        ],
        "step": 1,
        "body_profile": true,
        "connector_count": 23,
        "placement_path": [
          0,
          110
        ],
        "connection_metadata": {
          "coverage": "complete",
          "source_count": 3,
          "recognized_record_count": 3,
          "unsupported_record_count": 0,
          "invalid_record_count": 0,
          "diagnostics": []
        }
      },
      {
        "index": 111,
        "part": "3710.dat",
        "description": "Plate 1 x 4",
        "colour": {
          "code": 15,
          "name": null,
          "rgb": null,
          "alpha": null,
          "colour_attributes": null
        },
        "position": [
          240.0,
          -8.0,
          190.0
        ],
        "matrix": [
          [
            1.0,
            0.0,
            0.0
          ],
          [
            0.0,
            1.0,
            0.0
          ],
          [
            0.0,
            0.0,
            1.0
          ]
        ],
        "bounds": {
          "min": [
            200.0,
            -12.0,
            180.0
          ],
          "max": [
            280.0,
            0.0,
            200.0
          ]
        },
        "section": "tidal-dome-roof.ldr",
        "line_number": 3391,
        "source_path": [
          null,
          3391
        ],
        "step": 1,
        "body_profile": true,
        "connector_count": 11,
        "placement_path": [
          0,
          111
        ],
        "connection_metadata": {
          "coverage": "complete",
          "source_count": 3,
          "recognized_record_count": 3,
          "unsupported_record_count": 0,
          "invalid_record_count": 0,
          "diagnostics": []
        }
      },
      {
        "index": 112,
        "part": "3460.dat",
        "description": "Plate 1 x 8",
        "colour": {
          "code": 15,
          "name": null,
          "rgb": null,
          "alpha": null,
          "colour_attributes": null
        },
        "position": [
          -270.0,
          -8.0,
          -100.0
        ],
        "matrix": [
          [
            0.0,
            0.0,
            1.0
          ],
          [
            0.0,
            1.0,
            0.0
          ],
          [
            -1.0,
            0.0,
            0.0
          ]
        ],
        "bounds": {
          "min": [
            -280.0,
            -12.0,
            -180.0
          ],
          "max": [
            -260.0,
            0.0,
            -20.0
          ]
        },
        "section": "tidal-dome-roof.ldr",
        "line_number": 3393,
        "source_path": [
          null,
          3393
        ],
        "step": 1,
        "body_profile": true,
        "connector_count": 23,
        "placement_path": [
          0,
          112
        ],
        "connection_metadata": {
          "coverage": "complete",
          "source_count": 3,
          "recognized_record_count": 3,
          "unsupported_record_count": 0,
          "invalid_record_count": 0,
          "diagnostics": []
        }
      },
      {
        "index": 113,
        "part": "3460.dat",
        "description": "Plate 1 x 8",
        "colour": {
          "code": 15,
          "name": null,
          "rgb": null,
          "alpha": null,
          "colour_attributes": null
        },
        "position": [
          -270.0,
          -8.0,
          60.0
        ],
        "matrix": [
          [
            0.0,
            0.0,
            1.0
          ],
          [
            0.0,
            1.0,
            0.0
          ],
          [
            -1.0,
            0.0,
            0.0
          ]
        ],
        "bounds": {
          "min": [
            -280.0,
            -12.0,
            -20.0
          ],
          "max": [
            -260.0,
            0.0,
            140.0
          ]
        },
        "section": "tidal-dome-roof.ldr",
        "line_number": 3395,
        "source_path": [
          null,
          3395
        ],
        "step": 1,
        "body_profile": true,
        "connector_count": 23,
        "placement_path": [
          0,
          113
        ],
        "connection_metadata": {
          "coverage": "complete",
          "source_count": 3,
          "recognized_record_count": 3,
          "unsupported_record_count": 0,
          "invalid_record_count": 0,
          "diagnostics": []
        }
      },
      {
        "index": 114,
        "part": "3023b.dat",
        "description": "Plate 1 x 2",
        "colour": {
          "code": 15,
          "name": null,
          "rgb": null,
          "alpha": null,
          "colour_attributes": null
        },
        "position": [
          -270.0,
          -8.0,
          160.0
        ],
        "matrix": [
          [
            0.0,
            0.0,
            1.0
          ],
          [
            0.0,
            1.0,
            0.0
          ],
          [
            -1.0,
            0.0,
            0.0
          ]
        ],
        "bounds": {
          "min": [
            -280.0,
            -12.0,
            140.0
          ],
          "max": [
            -260.0,
            0.0,
            180.0
          ]
        },
        "section": "tidal-dome-roof.ldr",
        "line_number": 3397,
        "source_path": [
          null,
          3397
        ],
        "step": 1,
        "body_profile": true,
        "connector_count": 5,
        "placement_path": [
          0,
          114
        ],
        "connection_metadata": {
          "coverage": "complete",
          "source_count": 3,
          "recognized_record_count": 3,
          "unsupported_record_count": 0,
          "invalid_record_count": 0,
          "diagnostics": []
        }
      },
      {
        "index": 115,
        "part": "3460.dat",
        "description": "Plate 1 x 8",
        "colour": {
          "code": 15,
          "name": null,
          "rgb": null,
          "alpha": null,
          "colour_attributes": null
        },
        "position": [
          270.0,
          -8.0,
          -100.0
        ],
        "matrix": [
          [
            0.0,
            0.0,
            1.0
          ],
          [
            0.0,
            1.0,
            0.0
          ],
          [
            -1.0,
            0.0,
            0.0
          ]
        ],
        "bounds": {
          "min": [
            260.0,
            -12.0,
            -180.0
          ],
          "max": [
            280.0,
            0.0,
            -20.0
          ]
        },
        "section": "tidal-dome-roof.ldr",
        "line_number": 3399,
        "source_path": [
          null,
          3399
        ],
        "step": 1,
        "body_profile": true,
        "connector_count": 23,
        "placement_path": [
          0,
          115
        ],
        "connection_metadata": {
          "coverage": "complete",
          "source_count": 3,
          "recognized_record_count": 3,
          "unsupported_record_count": 0,
          "invalid_record_count": 0,
          "diagnostics": []
        }
      },
      {
        "index": 116,
        "part": "3460.dat",
        "description": "Plate 1 x 8",
        "colour": {
          "code": 15,
          "name": null,
          "rgb": null,
          "alpha": null,
          "colour_attributes": null
        },
        "position": [
          270.0,
          -8.0,
          60.0
        ],
        "matrix": [
          [
            0.0,
            0.0,
            1.0
          ],
          [
            0.0,
            1.0,
            0.0
          ],
          [
            -1.0,
            0.0,
            0.0
          ]
        ],
        "bounds": {
          "min": [
            260.0,
            -12.0,
            -20.0
          ],
          "max": [
            280.0,
            0.0,
            140.0
          ]
        },
        "section": "tidal-dome-roof.ldr",
        "line_number": 3401,
        "source_path": [
          null,
          3401
        ],
        "step": 1,
        "body_profile": true,
        "connector_count": 23,
        "placement_path": [
          0,
          116
        ],
        "connection_metadata": {
          "coverage": "complete",
          "source_count": 3,
          "recognized_record_count": 3,
          "unsupported_record_count": 0,
          "invalid_record_count": 0,
          "diagnostics": []
        }
      },
      {
        "index": 117,
        "part": "3023b.dat",
        "description": "Plate 1 x 2",
        "colour": {
          "code": 15,
          "name": null,
          "rgb": null,
          "alpha": null,
          "colour_attributes": null
        },
        "position": [
          270.0,
          -8.0,
          160.0
        ],
        "matrix": [
          [
            0.0,
            0.0,
            1.0
          ],
          [
            0.0,
            1.0,
            0.0
          ],
          [
            -1.0,
            0.0,
            0.0
          ]
        ],
        "bounds": {
          "min": [
            260.0,
            -12.0,
            140.0
          ],
          "max": [
            280.0,
            0.0,
            180.0
          ]
        },
        "section": "tidal-dome-roof.ldr",
        "line_number": 3403,
        "source_path": [
          null,
          3403
        ],
        "step": 1,
        "body_profile": true,
        "connector_count": 5,
        "placement_path": [
          0,
          117
        ],
        "connection_metadata": {
          "coverage": "complete",
          "source_count": 3,
          "recognized_record_count": 3,
          "unsupported_record_count": 0,
          "invalid_record_count": 0,
          "diagnostics": []
        }
      }
    ],
    "instances_truncated": false,
    "contacts_checked": true,
    "contact_count": 1190,
    "contacts": [
      {
        "instances": [
          0,
          11
        ],
        "status": "confirmed",
        "kinds": [
          "stud",
          "stud_receptacle"
        ],
        "sources": [
          "ldcad_shadow",
          "ldcad_shadow"
        ],
        "confidence": [
          1.0,
          1.0
        ],
        "feature_ids": [
          "stud@R115/studC",
          "snap_cyl@L9:I3"
        ],
        "residual": {
          "distance": 0.0,
          "axial_gap": 0.0,
          "alignment": 1.0,
          "roll_alignment": 1.0,
          "entry_face_gap": 0.0,
          "penetration": 12.0
        }
      },
      {
        "instances": [
          0,
          11
        ],
        "status": "confirmed",
        "kinds": [
          "stud",
          "stud_receptacle"
        ],
        "sources": [
          "ldcad_shadow",
          "ldcad_shadow"
        ],
        "confidence": [
          1.0,
          1.0
        ],
        "feature_ids": [
          "stud@R116/studC",
          "snap_cyl@L9:I1"
        ],
        "residual": {
          "distance": 0.0,
          "axial_gap": 0.0,
          "alignment": 1.0,
          "roll_alignment": 1.0,
          "entry_face_gap": 0.0,
          "penetration": 12.0
        }
      },
      {
        "instances": [
          0,
          11
        ],
        "status": "confirmed",
        "kinds": [
          "stud",
          "stud_receptacle"
        ],
        "sources": [
          "ldcad_shadow",
          "ldcad_shadow"
        ],
        "confidence": [
          1.0,
          1.0
        ],
        "feature_ids": [
          "stud@R127/studC",
          "snap_cyl@L9:I2"
        ],
        "residual": {
          "distance": 0.0,
          "axial_gap": 0.0,
          "alignment": 1.0,
          "roll_alignment": 1.0,
          "entry_face_gap": 0.0,
          "penetration": 12.0
        }
      },
      {
        "instances": [
          0,
          11
        ],
        "status": "confirmed",
        "kinds": [
          "stud",
          "stud_receptacle"
        ],
        "sources": [
          "ldcad_shadow",
          "ldcad_shadow"
        ],
        "confidence": [
          1.0,
          1.0
        ],
        "feature_ids": [
          "stud@R128/studC",
          "snap_cyl@L9:I0"
        ],
        "residual": {
          "distance": 0.0,
          "axial_gap": 0.0,
          "alignment": 1.0,
          "roll_alignment": 1.0,
          "entry_face_gap": 0.0,
          "penetration": 12.0
        }
      },
      {
        "instances": [
          0,
          12
        ],
        "status": "confirmed",
        "kinds": [
          "stud",
          "stud_receptacle"
        ],
        "sources": [
          "ldcad_shadow",
          "ldcad_shadow"
        ],
        "confidence": [
          1.0,
          1.0
        ],
        "feature_ids": [
          "stud@R103/studC",
          "snap_cyl@L8:I15"
        ],
        "residual": {
          "distance": 0.0,
          "axial_gap": 0.0,
          "alignment": 1.0,
          "roll_alignment": 1.0,
          "entry_face_gap": 0.0,
          "penetration": 12.0
        }
      },
      {
        "instances": [
          0,
          12
        ],
        "status": "confirmed",
        "kinds": [
          "stud",
          "stud_receptacle"
        ],
        "sources": [
          "ldcad_shadow",
          "ldcad_shadow"
        ],
        "confidence": [
          1.0,
          1.0
        ],
        "feature_ids": [
          "stud@R104/studC",
          "snap_cyl@L8:I14"
        ],
        "residual": {
          "distance": 0.0,
          "axial_gap": 0.0,
          "alignment": 1.0,
          "roll_alignment": 1.0,
          "entry_face_gap": 0.0,
          "penetration": 12.0
        }
      },
      {
        "instances": [
          0,
          12
        ],
        "status": "confirmed",
        "kinds": [
          "stud",
          "stud_receptacle"
        ],
        "sources": [
          "ldcad_shadow",
          "ldcad_shadow"
        ],
        "confidence": [
          1.0,
          1.0
        ],
        "feature_ids": [
          "stud@R67/studC",
          "snap_cyl@L8:I9"
        ],
        "residual": {
          "distance": 0.0,
          "axial_gap": 0.0,
          "alignment": 1.0,
          "roll_alignment": 1.0,
          "entry_face_gap": 0.0,
          "penetration": 12.0
        }
      },
      {
        "instances": [
          0,
          12
        ],
        "status": "confirmed",
        "kinds": [
          "stud",
          "stud_receptacle"
        ],
        "sources": [
          "ldcad_shadow",
          "ldcad_shadow"
        ],
        "confidence": [
          1.0,
          1.0
        ],
        "feature_ids": [
          "stud@R68/studC",
          "snap_cyl@L8:I8"
        ],
        "residual": {
          "distance": 0.0,
          "axial_gap": 0.0,
          "alignment": 1.0,
          "roll_alignment": 1.0,
          "entry_face_gap": 0.0,
          "penetration": 12.0
        }
      },
      {
        "instances": [
          0,
          12
        ],
        "status": "confirmed",
        "kinds": [
          "stud",
          "stud_receptacle"
        ],
        "sources": [
          "ldcad_shadow",
          "ldcad_shadow"
        ],
        "confidence": [
          1.0,
          1.0
        ],
        "feature_ids": [
          "stud@R79/studC",
          "snap_cyl@L8:I11"
        ],
        "residual": {
          "distance": 0.0,
          "axial_gap": 0.0,
          "alignment": 1.0,
          "roll_alignment": 1.0,
          "entry_face_gap": 0.0,
          "penetration": 12.0
        }
      },
      {
        "instances": [
          0,
          12
        ],
        "status": "confirmed",
        "kinds": [
          "stud",
          "stud_receptacle"
        ],
        "sources": [
          "ldcad_shadow",
          "ldcad_shadow"
        ],
        "confidence": [
          1.0,
          1.0
        ],
        "feature_ids": [
          "stud@R80/studC",
          "snap_cyl@L8:I10"
        ],
        "residual": {
          "distance": 0.0,
          "axial_gap": 0.0,
          "alignment": 1.0,
          "roll_alignment": 1.0,
          "entry_face_gap": 0.0,
          "penetration": 12.0
        }
      },
      {
        "instances": [
          0,
          12
        ],
        "status": "confirmed",
        "kinds": [
          "stud",
          "stud_receptacle"
        ],
        "sources": [
          "ldcad_shadow",
          "ldcad_shadow"
        ],
        "confidence": [
          1.0,
          1.0
        ],
        "feature_ids": [
          "stud@R91/studC",
          "snap_cyl@L8:I13"
        ],
        "residual": {
          "distance": 0.0,
          "axial_gap": 0.0,
          "alignment": 1.0,
          "roll_alignment": 1.0,
          "entry_face_gap": 0.0,
          "penetration": 12.0
        }
      },
      {
        "instances": [
          0,
          12
        ],
        "status": "confirmed",
        "kinds": [
          "stud",
          "stud_receptacle"
        ],
        "sources": [
          "ldcad_shadow",
          "ldcad_shadow"
        ],
        "confidence": [
          1.0,
          1.0
        ],
        "feature_ids": [
          "stud@R92/studC",
          "snap_cyl@L8:I12"
        ],
        "residual": {
          "distance": 0.0,
          "axial_gap": 0.0,
          "alignment": 1.0,
          "roll_alignment": 1.0,
          "entry_face_gap": 0.0,
          "penetration": 12.0
        }
      },
      {
        "instances": [
          0,
          15
        ],
        "status": "confirmed",
        "kinds": [
          "stud",
          "stud_receptacle"
        ],
        "sources": [
          "ldcad_shadow",
          "ldcad_shadow"
        ],
        "confidence": [
          1.0,
          1.0
        ],
        "feature_ids": [
          "stud@R107/studC",
          "snap_cyl@L8:I15"
        ],
        "residual": {
          "distance": 0.0,
          "axial_gap": 0.0,
          "alignment": 1.0,
          "roll_alignment": 1.0,
          "entry_face_gap": 0.0,
          "penetration": 12.0
        }
      },
      {
        "instances": [
          0,
          15
        ],
        "status": "confirmed",
        "kinds": [
          "stud",
          "stud_receptacle"
        ],
        "sources": [
          "ldcad_shadow",
          "ldcad_shadow"
        ],
        "confidence": [
          1.0,
          1.0
        ],
        "feature_ids": [
          "stud@R108/studC",
          "snap_cyl@L8:I13"
        ],
        "residual": {
          "distance": 0.0,
          "axial_gap": 0.0,
          "alignment": 1.0,
          "roll_alignment": 1.0,
          "entry_face_gap": 0.0,
          "penetration": 12.0
        }
      },
      {
        "instances": [
          0,
          15
        ],
        "status": "confirmed",
        "kinds": [
          "stud",
          "stud_receptacle"
        ],
        "sources": [
          "ldcad_shadow",
          "ldcad_shadow"
        ],
        "confidence": [
          1.0,
          1.0
        ],
        "feature_ids": [
          "stud@R109/studC",
          "snap_cyl@L8:I11"
        ],
        "residual": {
          "distance": 0.0,
          "axial_gap": 0.0,
          "alignment": 1.0,
          "roll_alignment": 1.0,
          "entry_face_gap": 0.0,
          "penetration": 12.0
        }
      },
      {
        "instances": [
          0,
          15
        ],
        "status": "confirmed",
        "kinds": [
          "stud",
          "stud_receptacle"
        ],
        "sources": [
          "ldcad_shadow",
          "ldcad_shadow"
        ],
        "confidence": [
          1.0,
          1.0
        ],
        "feature_ids": [
          "stud@R110/studC",
          "snap_cyl@L8:I9"
        ],
        "residual": {
          "distance": 0.0,
          "axial_gap": 0.0,
          "alignment": 1.0,
          "roll_alignment": 1.0,
          "entry_face_gap": 0.0,
          "penetration": 12.0
        }
      },
      {
        "instances": [
          0,
          15
        ],
        "status": "confirmed",
        "kinds": [
          "stud",
          "stud_receptacle"
        ],
        "sources": [
          "ldcad_shadow",
          "ldcad_shadow"
        ],
        "confidence": [
          1.0,
          1.0
        ],
        "feature_ids": [
          "stud@R111/studC",
          "snap_cyl@L8:I7"
        ],
        "residual": {
          "distance": 0.0,
          "axial_gap": 0.0,
          "alignment": 1.0,
          "roll_alignment": 1.0,
          "entry_face_gap": 0.0,
          "penetration": 12.0
        }
      },
      {
        "instances": [
          0,
          15
        ],
        "status": "confirmed",
        "kinds": [
          "stud",
          "stud_receptacle"
        ],
        "sources": [
          "ldcad_shadow",
          "ldcad_shadow"
        ],
        "confidence": [
          1.0,
          1.0
        ],
        "feature_ids": [
          "stud@R112/studC",
          "snap_cyl@L8:I5"
        ],
        "residual": {
          "distance": 0.0,
          "axial_gap": 0.0,
          "alignment": 1.0,
          "roll_alignment": 1.0,
          "entry_face_gap": 0.0,
          "penetration": 12.0
        }
      },
      {
        "instances": [
          0,
          15
        ],
        "status": "confirmed",
        "kinds": [
          "stud",
          "stud_receptacle"
        ],
        "sources": [
          "ldcad_shadow",
          "ldcad_shadow"
        ],
        "confidence": [
          1.0,
          1.0
        ],
        "feature_ids": [
          "stud@R113/studC",
          "snap_cyl@L8:I3"
        ],
        "residual": {
          "distance": 0.0,
          "axial_gap": 0.0,
          "alignment": 1.0,
          "roll_alignment": 1.0,
          "entry_face_gap": 0.0,
          "penetration": 12.0
        }
      },
      {
        "instances": [
          0,
          15
        ],
        "status": "confirmed",
        "kinds": [
          "stud",
          "stud_receptacle"
        ],
        "sources": [
          "ldcad_shadow",
          "ldcad_shadow"
        ],
        "confidence": [
          1.0,
          1.0
        ],
        "feature_ids": [
          "stud@R114/studC",
          "snap_cyl@L8:I1"
        ],
        "residual": {
          "distance": 0.0,
          "axial_gap": 0.0,
          "alignment": 1.0,
          "roll_alignment": 1.0,
          "entry_face_gap": 0.0,
          "penetration": 12.0
        }
      },
      {
        "instances": [
          0,
          15
        ],
        "status": "confirmed",
        "kinds": [
          "stud",
          "stud_receptacle"
        ],
        "sources": [
          "ldcad_shadow",
          "ldcad_shadow"
        ],
        "confidence": [
          1.0,
          1.0
        ],
        "feature_ids": [
          "stud@R119/studC",
          "snap_cyl@L8:I14"
        ],
        "residual": {
          "distance": 0.0,
          "axial_gap": 0.0,
          "alignment": 1.0,
          "roll_alignment": 1.0,
          "entry_face_gap": 0.0,
          "penetration": 12.0
        }
      },
      {
        "instances": [
          0,
          15
        ],
        "status": "confirmed",
        "kinds": [
          "stud",
          "stud_receptacle"
        ],
        "sources": [
          "ldcad_shadow",
          "ldcad_shadow"
        ],
        "confidence": [
          1.0,
          1.0
        ],
        "feature_ids": [
          "stud@R120/studC",
          "snap_cyl@L8:I12"
        ],
        "residual": {
          "distance": 0.0,
          "axial_gap": 0.0,
          "alignment": 1.0,
          "roll_alignment": 1.0,
          "entry_face_gap": 0.0,
          "penetration": 12.0
        }
      },
      {
        "instances": [
          0,
          15
        ],
        "status": "confirmed",
        "kinds": [
          "stud",
          "stud_receptacle"
        ],
        "sources": [
          "ldcad_shadow",
          "ldcad_shadow"
        ],
        "confidence": [
          1.0,
          1.0
        ],
        "feature_ids": [
          "stud@R121/studC",
          "snap_cyl@L8:I10"
        ],
        "residual": {
          "distance": 0.0,
          "axial_gap": 0.0,
          "alignment": 1.0,
          "roll_alignment": 1.0,
          "entry_face_gap": 0.0,
          "penetration": 12.0
        }
      },
      {
        "instances": [
          0,
          15
        ],
        "status": "confirmed",
        "kinds": [
          "stud",
          "stud_receptacle"
        ],
        "sources": [
          "ldcad_shadow",
          "ldcad_shadow"
        ],
        "confidence": [
          1.0,
          1.0
        ],
        "feature_ids": [
          "stud@R122/studC",
          "snap_cyl@L8:I8"
        ],
        "residual": {
          "distance": 0.0,
          "axial_gap": 0.0,
          "alignment": 1.0,
          "roll_alignment": 1.0,
          "entry_face_gap": 0.0,
          "penetration": 12.0
        }
      },
      {
        "instances": [
          0,
          15
        ],
        "status": "confirmed",
        "kinds": [
          "stud",
          "stud_receptacle"
        ],
        "sources": [
          "ldcad_shadow",
          "ldcad_shadow"
        ],
        "confidence": [
          1.0,
          1.0
        ],
        "feature_ids": [
          "stud@R123/studC",
          "snap_cyl@L8:I6"
        ],
        "residual": {
          "distance": 0.0,
          "axial_gap": 0.0,
          "alignment": 1.0,
          "roll_alignment": 1.0,
          "entry_face_gap": 0.0,
          "penetration": 12.0
        }
      },
      {
        "instances": [
          0,
          15
        ],
        "status": "confirmed",
        "kinds": [
          "stud",
          "stud_receptacle"
        ],
        "sources": [
          "ldcad_shadow",
          "ldcad_shadow"
        ],
        "confidence": [
          1.0,
          1.0
        ],
        "feature_ids": [
          "stud@R124/studC",
          "snap_cyl@L8:I4"
        ],
        "residual": {
          "distance": 0.0,
          "axial_gap": 0.0,
          "alignment": 1.0,
          "roll_alignment": 1.0,
          "entry_face_gap": 0.0,
          "penetration": 12.0
        }
      },
      {
        "instances": [
          0,
          15
        ],
        "status": "confirmed",
        "kinds": [
          "stud",
          "stud_receptacle"
        ],
        "sources": [
          "ldcad_shadow",
          "ldcad_shadow"
        ],
        "confidence": [
          1.0,
          1.0
        ],
        "feature_ids": [
          "stud@R125/studC",
          "snap_cyl@L8:I2"
        ],
        "residual": {
          "distance": 0.0,
          "axial_gap": 0.0,
          "alignment": 1.0,
          "roll_alignment": 1.0,
          "entry_face_gap": 0.0,
          "penetration": 12.0
        }
      },
      {
        "instances": [
          0,
          15
        ],
        "status": "confirmed",
        "kinds": [
          "stud",
          "stud_receptacle"
        ],
        "sources": [
          "ldcad_shadow",
          "ldcad_shadow"
        ],
        "confidence": [
          1.0,
          1.0
        ],
        "feature_ids": [
          "stud@R126/studC",
          "snap_cyl@L8:I0"
        ],
        "residual": {
          "distance": 0.0,
          "axial_gap": 0.0,
          "alignment": 1.0,
          "roll_alignment": 1.0,
          "entry_face_gap": 0.0,
          "penetration": 12.0
        }
      },
      {
        "instances": [
          0,
          16
        ],
        "status": "confirmed",
        "kinds": [
          "stud",
          "stud_receptacle"
        ],
        "sources": [
          "ldcad_shadow",
          "ldcad_shadow"
        ],
        "confidence": [
          1.0,
          1.0
        ],
        "feature_ids": [
          "stud@R105/studC",
          "snap_cyl@L8:I3"
        ],
        "residual": {
          "distance": 0.0,
          "axial_gap": 0.0,
          "alignment": 1.0,
          "roll_alignment": 1.0,
          "entry_face_gap": 0.0,
          "penetration": 12.0
        }
      },
      {
        "instances": [
          0,
          16
        ],
        "status": "confirmed",
        "kinds": [
          "stud",
          "stud_receptacle"
        ],
        "sources": [
          "ldcad_shadow",
          "ldcad_shadow"
        ],
        "confidence": [
          1.0,
          1.0
        ],
        "feature_ids": [
          "stud@R106/studC",
          "snap_cyl@L8:I1"
        ],
        "residual": {
          "distance": 0.0,
          "axial_gap": 0.0,
          "alignment": 1.0,
          "roll_alignment": 1.0,
          "entry_face_gap": 0.0,
          "penetration": 12.0
        }
      },
      {
        "instances": [
          0,
          16
        ],
        "status": "confirmed",
        "kinds": [
          "stud",
          "stud_receptacle"
        ],
        "sources": [
          "ldcad_shadow",
          "ldcad_shadow"
        ],
        "confidence": [
          1.0,
          1.0
        ],
        "feature_ids": [
          "stud@R117/studC",
          "snap_cyl@L8:I2"
        ],
        "residual": {
          "distance": 0.0,
          "axial_gap": 0.0,
          "alignment": 1.0,
          "roll_alignment": 1.0,
          "entry_face_gap": 0.0,
          "penetration": 12.0
        }
      },
      {
        "instances": [
          0,
          16
        ],
        "status": "confirmed",
        "kinds": [
          "stud",
          "stud_receptacle"
        ],
        "sources": [
          "ldcad_shadow",
          "ldcad_shadow"
        ],
        "confidence": [
          1.0,
          1.0
        ],
        "feature_ids": [
          "stud@R118/studC",
          "snap_cyl@L8:I0"
        ],
        "residual": {
          "distance": 0.0,
          "axial_gap": 0.0,
          "alignment": 1.0,
          "roll_alignment": 1.0,
          "entry_face_gap": 0.0,
          "penetration": 12.0
        }
      },
      {
        "instances": [
          0,
          18
        ],
        "status": "confirmed",
        "kinds": [
          "stud",
          "stud_receptacle"
        ],
        "sources": [
          "ldcad_shadow",
          "ldcad_shadow"
        ],
        "confidence": [
          1.0,
          1.0
        ],
        "feature_ids": [
          "stud@R100/studC",
          "snap_cyl@L8:I12"
        ],
        "residual": {
          "distance": 0.0,
          "axial_gap": 0.0,
          "alignment": 1.0,
          "roll_alignment": 1.0,
          "entry_face_gap": 0.0,
          "penetration": 12.0
        }
      },
      {
        "instances": [
          0,
          18
        ],
        "status": "confirmed",
        "kinds": [
          "stud",
          "stud_receptacle"
        ],
        "sources": [
          "ldcad_shadow",
          "ldcad_shadow"
        ],
        "confidence": [
          1.0,
          1.0
        ],
        "feature_ids": [
          "stud@R101/studC",
          "snap_cyl@L8:I6"
        ],
        "residual": {
          "distance": 0.0,
          "axial_gap": 0.0,
          "alignment": 1.0,
          "roll_alignment": 1.0,
          "entry_face_gap": 0.0,
          "penetration": 12.0
        }
      },
      {
        "instances": [
          0,
          18
        ],
        "status": "confirmed",
        "kinds": [
          "stud",
          "stud_receptacle"
        ],
        "sources": [
          "ldcad_shadow",
          "ldcad_shadow"
        ],
        "confidence": [
          1.0,
          1.0
        ],
        "feature_ids": [
          "stud@R102/studC",
          "snap_cyl@L8:I0"
        ],
        "residual": {
          "distance": 0.0,
          "axial_gap": 0.0,
          "alignment": 1.0,
          "roll_alignment": 1.0,
          "entry_face_gap": 0.0,
          "penetration": 12.0
        }
      },
      {
        "instances": [
          0,
          18
        ],
        "status": "confirmed",
        "kinds": [
          "stud",
          "stud_receptacle"
        ],
        "sources": [
          "ldcad_shadow",
          "ldcad_shadow"
        ],
        "confidence": [
          1.0,
          1.0
        ],
        "feature_ids": [
          "stud@R57/studC",
          "snap_cyl@L8:I57"
        ],
        "residual": {
          "distance": 0.0,
          "axial_gap": 0.0,
          "alignment": 1.0,
          "roll_alignment": 1.0,
          "entry_face_gap": 0.0,
          "penetration": 12.0
        }
      },
      {
        "instances": [
          0,
          18
        ],
        "status": "confirmed",
        "kinds": [
          "stud",
          "stud_receptacle"
        ],
        "sources": [
          "ldcad_shadow",
          "ldcad_shadow"
        ],
        "confidence": [
          1.0,
          1.0
        ],
        "feature_ids": [
          "stud@R58/studC",
          "snap_cyl@L8:I51"
        ],
        "residual": {
          "distance": 0.0,
          "axial_gap": 0.0,
          "alignment": 1.0,
          "roll_alignment": 1.0,
          "entry_face_gap": 0.0,
          "penetration": 12.0
        }
      },
      {
        "instances": [
          0,
          18
        ],
        "status": "confirmed",
        "kinds": [
          "stud",
          "stud_receptacle"
        ],
        "sources": [
          "ldcad_shadow",
          "ldcad_shadow"
        ],
        "confidence": [
          1.0,
          1.0
        ],
        "feature_ids": [
          "stud@R59/studC",
          "snap_cyl@L8:I45"
        ],
        "residual": {
          "distance": 0.0,
          "axial_gap": 0.0,
          "alignment": 1.0,
          "roll_alignment": 1.0,
          "entry_face_gap": 0.0,
          "penetration": 12.0
        }
      },
      {
        "instances": [
          0,
          18
        ],
        "status": "confirmed",
        "kinds": [
          "stud",
          "stud_receptacle"
        ],
        "sources": [
          "ldcad_shadow",
          "ldcad_shadow"
        ],
        "confidence": [
          1.0,
          1.0
        ],
        "feature_ids": [
          "stud@R60/studC",
          "snap_cyl@L8:I39"
        ],
        "residual": {
          "distance": 0.0,
          "axial_gap": 0.0,
          "alignment": 1.0,
          "roll_alignment": 1.0,
          "entry_face_gap": 0.0,
          "penetration": 12.0
        }
      },
      {
        "instances": [
          0,
          18
        ],
        "status": "confirmed",
        "kinds": [
          "stud",
          "stud_receptacle"
        ],
        "sources": [
          "ldcad_shadow",
          "ldcad_shadow"
        ],
        "confidence": [
          1.0,
          1.0
        ],
        "feature_ids": [
          "stud@R61/studC",
          "snap_cyl@L8:I33"
        ],
        "residual": {
          "distance": 0.0,
          "axial_gap": 0.0,
          "alignment": 1.0,
          "roll_alignment": 1.0,
          "entry_face_gap": 0.0,
          "penetration": 12.0
        }
      },
      {
        "instances": [
          0,
          18
        ],
        "status": "confirmed",
        "kinds": [
          "stud",
          "stud_receptacle"
        ],
        "sources": [
          "ldcad_shadow",
          "ldcad_shadow"
        ],
        "confidence": [
          1.0,
          1.0
        ],
        "feature_ids": [
          "stud@R62/studC",
          "snap_cyl@L8:I27"
        ],
        "residual": {
          "distance": 0.0,
          "axial_gap": 0.0,
          "alignment": 1.0,
          "roll_alignment": 1.0,
          "entry_face_gap": 0.0,
          "penetration": 12.0
        }
      },
      {
        "instances": [
          0,
          18
        ],
        "status": "confirmed",
        "kinds": [
          "stud",
          "stud_receptacle"
        ],
        "sources": [
          "ldcad_shadow",
          "ldcad_shadow"
        ],
        "confidence": [
          1.0,
          1.0
        ],
        "feature_ids": [
          "stud@R63/studC",
          "snap_cyl@L8:I21"
        ],
        "residual": {
          "distance": 0.0,
          "axial_gap": 0.0,
          "alignment": 1.0,
          "roll_alignment": 1.0,
          "entry_face_gap": 0.0,
          "penetration": 12.0
        }
      },
      {
        "instances": [
          0,
          18
        ],
        "status": "confirmed",
        "kinds": [
          "stud",
          "stud_receptacle"
        ],
        "sources": [
          "ldcad_shadow",
          "ldcad_shadow"
        ],
        "confidence": [
          1.0,
          1.0
        ],
        "feature_ids": [
          "stud@R64/studC",
          "snap_cyl@L8:I15"
        ],
        "residual": {
          "distance": 0.0,
          "axial_gap": 0.0,
          "alignment": 1.0,
          "roll_alignment": 1.0,
          "entry_face_gap": 0.0,
          "penetration": 12.0
        }
      },
      {
        "instances": [
          0,
          18
        ],
        "status": "confirmed",
        "kinds": [
          "stud",
          "stud_receptacle"
        ],
        "sources": [
          "ldcad_shadow",
          "ldcad_shadow"
        ],
        "confidence": [
          1.0,
          1.0
        ],
        "feature_ids": [
          "stud@R65/studC",
          "snap_cyl@L8:I9"
        ],
        "residual": {
          "distance": 0.0,
          "axial_gap": 0.0,
          "alignment": 1.0,
          "roll_alignment": 1.0,
          "entry_face_gap": 0.0,
          "penetration": 12.0
        }
      },
      {
        "instances": [
          0,
          18
        ],
        "status": "confirmed",
        "kinds": [
          "stud",
          "stud_receptacle"
        ],
        "sources": [
          "ldcad_shadow",
          "ldcad_shadow"
        ],
        "confidence": [
          1.0,
          1.0
        ],
        "feature_ids": [
          "stud@R66/studC",
          "snap_cyl@L8:I3"
        ],
        "residual": {
          "distance": 0.0,
          "axial_gap": 0.0,
          "alignment": 1.0,
          "roll_alignment": 1.0,
          "entry_face_gap": 0.0,
          "penetration": 12.0
        }
      },
      {
        "instances": [
          0,
          18
        ],
        "status": "confirmed",
        "kinds": [
          "stud",
          "stud_receptacle"
        ],
        "sources": [
          "ldcad_shadow",
          "ldcad_shadow"
        ],
        "confidence": [
          1.0,
          1.0
        ],
        "feature_ids": [
          "stud@R69/studC",
          "snap_cyl@L8:I56"
        ],
        "residual": {
          "distance": 0.0,
          "axial_gap": 0.0,
          "alignment": 1.0,
          "roll_alignment": 1.0,
          "entry_face_gap": 0.0,
          "penetration": 12.0
        }
      },
      {
        "instances": [
          0,
          18
        ],
        "status": "confirmed",
        "kinds": [
          "stud",
          "stud_receptacle"
        ],
        "sources": [
          "ldcad_shadow",
          "ldcad_shadow"
        ],
        "confidence": [
          1.0,
          1.0
        ],
        "feature_ids": [
          "stud@R70/studC",
          "snap_cyl@L8:I50"
        ],
        "residual": {
          "distance": 0.0,
          "axial_gap": 0.0,
          "alignment": 1.0,
          "roll_alignment": 1.0,
          "entry_face_gap": 0.0,
          "penetration": 12.0
        }
      },
      {
        "instances": [
          0,
          18
        ],
        "status": "confirmed",
        "kinds": [
          "stud",
          "stud_receptacle"
        ],
        "sources": [
          "ldcad_shadow",
          "ldcad_shadow"
        ],
        "confidence": [
          1.0,
          1.0
        ],
        "feature_ids": [
          "stud@R71/studC",
          "snap_cyl@L8:I44"
        ],
        "residual": {
          "distance": 0.0,
          "axial_gap": 0.0,
          "alignment": 1.0,
          "roll_alignment": 1.0,
          "entry_face_gap": 0.0,
          "penetration": 12.0
        }
      },
      {
        "instances": [
          0,
          18
        ],
        "status": "confirmed",
        "kinds": [
          "stud",
          "stud_receptacle"
        ],
        "sources": [
          "ldcad_shadow",
          "ldcad_shadow"
        ],
        "confidence": [
          1.0,
          1.0
        ],
        "feature_ids": [
          "stud@R72/studC",
          "snap_cyl@L8:I38"
        ],
        "residual": {
          "distance": 0.0,
          "axial_gap": 0.0,
          "alignment": 1.0,
          "roll_alignment": 1.0,
          "entry_face_gap": 0.0,
          "penetration": 12.0
        }
      },
      {
        "instances": [
          0,
          18
        ],
        "status": "confirmed",
        "kinds": [
          "stud",
          "stud_receptacle"
        ],
        "sources": [
          "ldcad_shadow",
          "ldcad_shadow"
        ],
        "confidence": [
          1.0,
          1.0
        ],
        "feature_ids": [
          "stud@R73/studC",
          "snap_cyl@L8:I32"
        ],
        "residual": {
          "distance": 0.0,
          "axial_gap": 0.0,
          "alignment": 1.0,
          "roll_alignment": 1.0,
          "entry_face_gap": 0.0,
          "penetration": 12.0
        }
      },
      {
        "instances": [
          0,
          18
        ],
        "status": "confirmed",
        "kinds": [
          "stud",
          "stud_receptacle"
        ],
        "sources": [
          "ldcad_shadow",
          "ldcad_shadow"
        ],
        "confidence": [
          1.0,
          1.0
        ],
        "feature_ids": [
          "stud@R74/studC",
          "snap_cyl@L8:I26"
        ],
        "residual": {
          "distance": 0.0,
          "axial_gap": 0.0,
          "alignment": 1.0,
          "roll_alignment": 1.0,
          "entry_face_gap": 0.0,
          "penetration": 12.0
        }
      },
      {
        "instances": [
          0,
          18
        ],
        "status": "confirmed",
        "kinds": [
          "stud",
          "stud_receptacle"
        ],
        "sources": [
          "ldcad_shadow",
          "ldcad_shadow"
        ],
        "confidence": [
          1.0,
          1.0
        ],
        "feature_ids": [
          "stud@R75/studC",
          "snap_cyl@L8:I20"
        ],
        "residual": {
          "distance": 0.0,
          "axial_gap": 0.0,
          "alignment": 1.0,
          "roll_alignment": 1.0,
          "entry_face_gap": 0.0,
          "penetration": 12.0
        }
      },
      {
        "instances": [
          0,
          18
        ],
        "status": "confirmed",
        "kinds": [
          "stud",
          "stud_receptacle"
        ],
        "sources": [
          "ldcad_shadow",
          "ldcad_shadow"
        ],
        "confidence": [
          1.0,
          1.0
        ],
        "feature_ids": [
          "stud@R76/studC",
          "snap_cyl@L8:I14"
        ],
        "residual": {
          "distance": 0.0,
          "axial_gap": 0.0,
          "alignment": 1.0,
          "roll_alignment": 1.0,
          "entry_face_gap": 0.0,
          "penetration": 12.0
        }
      },
      {
        "instances": [
          0,
          18
        ],
        "status": "confirmed",
        "kinds": [
          "stud",
          "stud_receptacle"
        ],
        "sources": [
          "ldcad_shadow",
          "ldcad_shadow"
        ],
        "confidence": [
          1.0,
          1.0
        ],
        "feature_ids": [
          "stud@R77/studC",
          "snap_cyl@L8:I8"
        ],
        "residual": {
          "distance": 0.0,
          "axial_gap": 0.0,
          "alignment": 1.0,
          "roll_alignment": 1.0,
          "entry_face_gap": 0.0,
          "penetration": 12.0
        }
      },
      {
        "instances": [
          0,
          18
        ],
        "status": "confirmed",
        "kinds": [
          "stud",
          "stud_receptacle"
        ],
        "sources": [
          "ldcad_shadow",
          "ldcad_shadow"
        ],
        "confidence": [
          1.0,
          1.0
        ],
        "feature_ids": [
          "stud@R78/studC",
          "snap_cyl@L8:I2"
        ],
        "residual": {
          "distance": 0.0,
          "axial_gap": 0.0,
          "alignment": 1.0,
          "roll_alignment": 1.0,
          "entry_face_gap": 0.0,
          "penetration": 12.0
        }
      },
      {
        "instances": [
          0,
          18
        ],
        "status": "confirmed",
        "kinds": [
          "stud",
          "stud_receptacle"
        ],
        "sources": [
          "ldcad_shadow",
          "ldcad_shadow"
        ],
        "confidence": [
          1.0,
          1.0
        ],
        "feature_ids": [
          "stud@R81/studC",
          "snap_cyl@L8:I55"
        ],
        "residual": {
          "distance": 0.0,
          "axial_gap": 0.0,
          "alignment": 1.0,
          "roll_alignment": 1.0,
          "entry_face_gap": 0.0,
          "penetration": 12.0
        }
      },
      {
        "instances": [
          0,
          18
        ],
        "status": "confirmed",
        "kinds": [
          "stud",
          "stud_receptacle"
        ],
        "sources": [
          "ldcad_shadow",
          "ldcad_shadow"
        ],
        "confidence": [
          1.0,
          1.0
        ],
        "feature_ids": [
          "stud@R82/studC",
          "snap_cyl@L8:I49"
        ],
        "residual": {
          "distance": 0.0,
          "axial_gap": 0.0,
          "alignment": 1.0,
          "roll_alignment": 1.0,
          "entry_face_gap": 0.0,
          "penetration": 12.0
        }
      },
      {
        "instances": [
          0,
          18
        ],
        "status": "confirmed",
        "kinds": [
          "stud",
          "stud_receptacle"
        ],
        "sources": [
          "ldcad_shadow",
          "ldcad_shadow"
        ],
        "confidence": [
          1.0,
          1.0
        ],
        "feature_ids": [
          "stud@R83/studC",
          "snap_cyl@L8:I43"
        ],
        "residual": {
          "distance": 0.0,
          "axial_gap": 0.0,
          "alignment": 1.0,
          "roll_alignment": 1.0,
          "entry_face_gap": 0.0,
          "penetration": 12.0
        }
      },
      {
        "instances": [
          0,
          18
        ],
        "status": "confirmed",
        "kinds": [
          "stud",
          "stud_receptacle"
        ],
        "sources": [
          "ldcad_shadow",
          "ldcad_shadow"
        ],
        "confidence": [
          1.0,
          1.0
        ],
        "feature_ids": [
          "stud@R84/studC",
          "snap_cyl@L8:I37"
        ],
        "residual": {
          "distance": 0.0,
          "axial_gap": 0.0,
          "alignment": 1.0,
          "roll_alignment": 1.0,
          "entry_face_gap": 0.0,
          "penetration": 12.0
        }
      },
      {
        "instances": [
          0,
          18
        ],
        "status": "confirmed",
        "kinds": [
          "stud",
          "stud_receptacle"
        ],
        "sources": [
          "ldcad_shadow",
          "ldcad_shadow"
        ],
        "confidence": [
          1.0,
          1.0
        ],
        "feature_ids": [
          "stud@R85/studC",
          "snap_cyl@L8:I31"
        ],
        "residual": {
          "distance": 0.0,
          "axial_gap": 0.0,
          "alignment": 1.0,
          "roll_alignment": 1.0,
          "entry_face_gap": 0.0,
          "penetration": 12.0
        }
      },
      {
        "instances": [
          0,
          18
        ],
        "status": "confirmed",
        "kinds": [
          "stud",
          "stud_receptacle"
        ],
        "sources": [
          "ldcad_shadow",
          "ldcad_shadow"
        ],
        "confidence": [
          1.0,
          1.0
        ],
        "feature_ids": [
          "stud@R86/studC",
          "snap_cyl@L8:I25"
        ],
        "residual": {
          "distance": 0.0,
          "axial_gap": 0.0,
          "alignment": 1.0,
          "roll_alignment": 1.0,
          "entry_face_gap": 0.0,
          "penetration": 12.0
        }
      },
      {
        "instances": [
          0,
          18
        ],
        "status": "confirmed",
        "kinds": [
          "stud",
          "stud_receptacle"
        ],
        "sources": [
          "ldcad_shadow",
          "ldcad_shadow"
        ],
        "confidence": [
          1.0,
          1.0
        ],
        "feature_ids": [
          "stud@R87/studC",
          "snap_cyl@L8:I19"
        ],
        "residual": {
          "distance": 0.0,
          "axial_gap": 0.0,
          "alignment": 1.0,
          "roll_alignment": 1.0,
          "entry_face_gap": 0.0,
          "penetration": 12.0
        }
      },
      {
        "instances": [
          0,
          18
        ],
        "status": "confirmed",
        "kinds": [
          "stud",
          "stud_receptacle"
        ],
        "sources": [
          "ldcad_shadow",
          "ldcad_shadow"
        ],
        "confidence": [
          1.0,
          1.0
        ],
        "feature_ids": [
          "stud@R88/studC",
          "snap_cyl@L8:I13"
        ],
        "residual": {
          "distance": 0.0,
          "axial_gap": 0.0,
          "alignment": 1.0,
          "roll_alignment": 1.0,
          "entry_face_gap": 0.0,
          "penetration": 12.0
        }
      },
      {
        "instances": [
          0,
          18
        ],
        "status": "confirmed",
        "kinds": [
          "stud",
          "stud_receptacle"
        ],
        "sources": [
          "ldcad_shadow",
          "ldcad_shadow"
        ],
        "confidence": [
          1.0,
          1.0
        ],
        "feature_ids": [
          "stud@R89/studC",
          "snap_cyl@L8:I7"
        ],
        "residual": {
          "distance": 0.0,
          "axial_gap": 0.0,
          "alignment": 1.0,
          "roll_alignment": 1.0,
          "entry_face_gap": 0.0,
          "penetration": 12.0
        }
      },
      {
        "instances": [
          0,
          18
        ],
        "status": "confirmed",
        "kinds": [
          "stud",
          "stud_receptacle"
        ],
        "sources": [
          "ldcad_shadow",
          "ldcad_shadow"
        ],
        "confidence": [
          1.0,
          1.0
        ],
        "feature_ids": [
          "stud@R90/studC",
          "snap_cyl@L8:I1"
        ],
        "residual": {
          "distance": 0.0,
          "axial_gap": 0.0,
          "alignment": 1.0,
          "roll_alignment": 1.0,
          "entry_face_gap": 0.0,
          "penetration": 12.0
        }
      },
      {
        "instances": [
          0,
          18
        ],
        "status": "confirmed",
        "kinds": [
          "stud",
          "stud_receptacle"
        ],
        "sources": [
          "ldcad_shadow",
          "ldcad_shadow"
        ],
        "confidence": [
          1.0,
          1.0
        ],
        "feature_ids": [
          "stud@R93/studC",
          "snap_cyl@L8:I54"
        ],
        "residual": {
          "distance": 0.0,
          "axial_gap": 0.0,
          "alignment": 1.0,
          "roll_alignment": 1.0,
          "entry_face_gap": 0.0,
          "penetration": 12.0
        }
      },
      {
        "instances": [
          0,
          18
        ],
        "status": "confirmed",
        "kinds": [
          "stud",
          "stud_receptacle"
        ],
        "sources": [
          "ldcad_shadow",
          "ldcad_shadow"
        ],
        "confidence": [
          1.0,
          1.0
        ],
        "feature_ids": [
          "stud@R94/studC",
          "snap_cyl@L8:I48"
        ],
        "residual": {
          "distance": 0.0,
          "axial_gap": 0.0,
          "alignment": 1.0,
          "roll_alignment": 1.0,
          "entry_face_gap": 0.0,
          "penetration": 12.0
        }
      },
      {
        "instances": [
          0,
          18
        ],
        "status": "confirmed",
        "kinds": [
          "stud",
          "stud_receptacle"
        ],
        "sources": [
          "ldcad_shadow",
          "ldcad_shadow"
        ],
        "confidence": [
          1.0,
          1.0
        ],
        "feature_ids": [
          "stud@R95/studC",
          "snap_cyl@L8:I42"
        ],
        "residual": {
          "distance": 0.0,
          "axial_gap": 0.0,
          "alignment": 1.0,
          "roll_alignment": 1.0,
          "entry_face_gap": 0.0,
          "penetration": 12.0
        }
      },
      {
        "instances": [
          0,
          18
        ],
        "status": "confirmed",
        "kinds": [
          "stud",
          "stud_receptacle"
        ],
        "sources": [
          "ldcad_shadow",
          "ldcad_shadow"
        ],
        "confidence": [
          1.0,
          1.0
        ],
        "feature_ids": [
          "stud@R96/studC",
          "snap_cyl@L8:I36"
        ],
        "residual": {
          "distance": 0.0,
          "axial_gap": 0.0,
          "alignment": 1.0,
          "roll_alignment": 1.0,
          "entry_face_gap": 0.0,
          "penetration": 12.0
        }
      },
      {
        "instances": [
          0,
          18
        ],
        "status": "confirmed",
        "kinds": [
          "stud",
          "stud_receptacle"
        ],
        "sources": [
          "ldcad_shadow",
          "ldcad_shadow"
        ],
        "confidence": [
          1.0,
          1.0
        ],
        "feature_ids": [
          "stud@R97/studC",
          "snap_cyl@L8:I30"
        ],
        "residual": {
          "distance": 0.0,
          "axial_gap": 0.0,
          "alignment": 1.0,
          "roll_alignment": 1.0,
          "entry_face_gap": 0.0,
          "penetration": 12.0
        }
      },
      {
        "instances": [
          0,
          18
        ],
        "status": "confirmed",
        "kinds": [
          "stud",
          "stud_receptacle"
        ],
        "sources": [
          "ldcad_shadow",
          "ldcad_shadow"
        ],
        "confidence": [
          1.0,
          1.0
        ],
        "feature_ids": [
          "stud@R98/studC",
          "snap_cyl@L8:I24"
        ],
        "residual": {
          "distance": 0.0,
          "axial_gap": 0.0,
          "alignment": 1.0,
          "roll_alignment": 1.0,
          "entry_face_gap": 0.0,
          "penetration": 12.0
        }
      },
      {
        "instances": [
          0,
          18
        ],
        "status": "confirmed",
        "kinds": [
          "stud",
          "stud_receptacle"
        ],
        "sources": [
          "ldcad_shadow",
          "ldcad_shadow"
        ],
        "confidence": [
          1.0,
          1.0
        ],
        "feature_ids": [
          "stud@R99/studC",
          "snap_cyl@L8:I18"
        ],
        "residual": {
          "distance": 0.0,
          "axial_gap": 0.0,
          "alignment": 1.0,
          "roll_alignment": 1.0,
          "entry_face_gap": 0.0,
          "penetration": 12.0
        }
      },
      {
        "instances": [
          1,
          16
        ],
        "status": "confirmed",
        "kinds": [
          "stud",
          "stud_receptacle"
        ],
        "sources": [
          "ldcad_shadow",
          "ldcad_shadow"
        ],
        "confidence": [
          1.0,
          1.0
        ],
        "feature_ids": [
          "stud@R111/studC",
          "snap_cyl@L8:I15"
        ],
        "residual": {
          "distance": 0.0,
          "axial_gap": 0.0,
          "alignment": 1.0,
          "roll_alignment": 1.0,
          "entry_face_gap": 0.0,
          "penetration": 12.0
        }
      },
      {
        "instances": [
          1,
          16
        ],
        "status": "confirmed",
        "kinds": [
          "stud",
          "stud_receptacle"
        ],
        "sources": [
          "ldcad_shadow",
          "ldcad_shadow"
        ],
        "confidence": [
          1.0,
          1.0
        ],
        "feature_ids": [
          "stud@R112/studC",
          "snap_cyl@L8:I13"
        ],
        "residual": {
          "distance": 0.0,
          "axial_gap": 0.0,
          "alignment": 1.0,
          "roll_alignment": 1.0,
          "entry_face_gap": 0.0,
          "penetration": 12.0
        }
      },
      {
        "instances": [
          1,
          16
        ],
        "status": "confirmed",
        "kinds": [
          "stud",
          "stud_receptacle"
        ],
        "sources": [
          "ldcad_shadow",
          "ldcad_shadow"
        ],
        "confidence": [
          1.0,
          1.0
        ],
        "feature_ids": [
          "stud@R113/studC",
          "snap_cyl@L8:I11"
        ],
        "residual": {
          "distance": 0.0,
          "axial_gap": 0.0,
          "alignment": 1.0,
          "roll_alignment": 1.0,
          "entry_face_gap": 0.0,
          "penetration": 12.0
        }
      },
      {
        "instances": [
          1,
          16
        ],
        "status": "confirmed",
        "kinds": [
          "stud",
          "stud_receptacle"
        ],
        "sources": [
          "ldcad_shadow",
          "ldcad_shadow"
        ],
        "confidence": [
          1.0,
          1.0
        ],
        "feature_ids": [
          "stud@R114/studC",
          "snap_cyl@L8:I9"
        ],
        "residual": {
          "distance": 0.0,
          "axial_gap": 0.0,
          "alignment": 1.0,
          "roll_alignment": 1.0,
          "entry_face_gap": 0.0,
          "penetration": 12.0
        }
      },
      {
        "instances": [
          1,
          16
        ],
        "status": "confirmed",
        "kinds": [
          "stud",
          "stud_receptacle"
        ],
        "sources": [
          "ldcad_shadow",
          "ldcad_shadow"
        ],
        "confidence": [
          1.0,
          1.0
        ],
        "feature_ids": [
          "stud@R115/studC",
          "snap_cyl@L8:I7"
        ],
        "residual": {
          "distance": 0.0,
          "axial_gap": 0.0,
          "alignment": 1.0,
          "roll_alignment": 1.0,
          "entry_face_gap": 0.0,
          "penetration": 12.0
        }
      },
      {
        "instances": [
          1,
          16
        ],
        "status": "confirmed",
        "kinds": [
          "stud",
          "stud_receptacle"
        ],
        "sources": [
          "ldcad_shadow",
          "ldcad_shadow"
        ],
        "confidence": [
          1.0,
          1.0
        ],
        "feature_ids": [
          "stud@R116/studC",
          "snap_cyl@L8:I5"
        ],
        "residual": {
          "distance": 0.0,
          "axial_gap": 0.0,
          "alignment": 1.0,
          "roll_alignment": 1.0,
          "entry_face_gap": 0.0,
          "penetration": 12.0
        }
      },
      {
        "instances": [
          1,
          16
        ],
        "status": "confirmed",
        "kinds": [
          "stud",
          "stud_receptacle"
        ],
        "sources": [
          "ldcad_shadow",
          "ldcad_shadow"
        ],
        "confidence": [
          1.0,
          1.0
        ],
        "feature_ids": [
          "stud@R123/studC",
          "snap_cyl@L8:I14"
        ],
        "residual": {
          "distance": 0.0,
          "axial_gap": 0.0,
          "alignment": 1.0,
          "roll_alignment": 1.0,
          "entry_face_gap": 0.0,
          "penetration": 12.0
        }
      },
      {
        "instances": [
          1,
          16
        ],
        "status": "confirmed",
        "kinds": [
          "stud",
          "stud_receptacle"
        ],
        "sources": [
          "ldcad_shadow",
          "ldcad_shadow"
        ],
        "confidence": [
          1.0,
          1.0
        ],
        "feature_ids": [
          "stud@R124/studC",
          "snap_cyl@L8:I12"
        ],
        "residual": {
          "distance": 0.0,
          "axial_gap": 0.0,
          "alignment": 1.0,
          "roll_alignment": 1.0,
          "entry_face_gap": 0.0,
          "penetration": 12.0
        }
      },
      {
        "instances": [
          1,
          16
        ],
        "status": "confirmed",
        "kinds": [
          "stud",
          "stud_receptacle"
        ],
        "sources": [
          "ldcad_shadow",
          "ldcad_shadow"
        ],
        "confidence": [
          1.0,
          1.0
        ],
        "feature_ids": [
          "stud@R125/studC",
          "snap_cyl@L8:I10"
        ],
        "residual": {
          "distance": 0.0,
          "axial_gap": 0.0,
          "alignment": 1.0,
          "roll_alignment": 1.0,
          "entry_face_gap": 0.0,
          "penetration": 12.0
        }
      },
      {
        "instances": [
          1,
          16
        ],
        "status": "confirmed",
        "kinds": [
          "stud",
          "stud_receptacle"
        ],
        "sources": [
          "ldcad_shadow",
          "ldcad_shadow"
        ],
        "confidence": [
          1.0,
          1.0
        ],
        "feature_ids": [
          "stud@R126/studC",
          "snap_cyl@L8:I8"
        ],
        "residual": {
          "distance": 0.0,
          "axial_gap": 0.0,
          "alignment": 1.0,
          "roll_alignment": 1.0,
          "entry_face_gap": 0.0,
          "penetration": 12.0
        }
      },
      {
        "instances": [
          1,
          16
        ],
        "status": "confirmed",
        "kinds": [
          "stud",
          "stud_receptacle"
        ],
        "sources": [
          "ldcad_shadow",
          "ldcad_shadow"
        ],
        "confidence": [
          1.0,
          1.0
        ],
        "feature_ids": [
          "stud@R127/studC",
          "snap_cyl@L8:I6"
        ],
        "residual": {
          "distance": 0.0,
          "axial_gap": 0.0,
          "alignment": 1.0,
          "roll_alignment": 1.0,
          "entry_face_gap": 0.0,
          "penetration": 12.0
        }
      },
      {
        "instances": [
          1,
          16
        ],
        "status": "confirmed",
        "kinds": [
          "stud",
          "stud_receptacle"
        ],
        "sources": [
          "ldcad_shadow",
          "ldcad_shadow"
        ],
        "confidence": [
          1.0,
          1.0
        ],
        "feature_ids": [
          "stud@R128/studC",
          "snap_cyl@L8:I4"
        ],
        "residual": {
          "distance": 0.0,
          "axial_gap": 0.0,
          "alignment": 1.0,
          "roll_alignment": 1.0,
          "entry_face_gap": 0.0,
          "penetration": 12.0
        }
      },
      {
        "instances": [
          1,
          17
        ],
        "status": "confirmed",
        "kinds": [
          "stud",
          "stud_receptacle"
        ],
        "sources": [
          "ldcad_shadow",
          "ldcad_shadow"
        ],
        "confidence": [
          1.0,
          1.0
        ],
        "feature_ids": [
          "stud@R105/studC",
          "snap_cyl@L8:I11"
        ],
        "residual": {
          "distance": 0.0,
          "axial_gap": 0.0,
          "alignment": 1.0,
          "roll_alignment": 1.0,
          "entry_face_gap": 0.0,
          "penetration": 12.0
        }
      },
      {
        "instances": [
          1,
          17
        ],
        "status": "confirmed",
        "kinds": [
          "stud",
          "stud_receptacle"
        ],
        "sources": [
          "ldcad_shadow",
          "ldcad_shadow"
        ],
        "confidence": [
          1.0,
          1.0
        ],
        "feature_ids": [
          "stud@R106/studC",
          "snap_cyl@L8:I9"
        ],
        "residual": {
          "distance": 0.0,
          "axial_gap": 0.0,
          "alignment": 1.0,
          "roll_alignment": 1.0,
          "entry_face_gap": 0.0,
          "penetration": 12.0
        }
      },
      {
        "instances": [
          1,
          17
        ],
        "status": "confirmed",
        "kinds": [
          "stud",
          "stud_receptacle"
        ],
        "sources": [
          "ldcad_shadow",
          "ldcad_shadow"
        ],
        "confidence": [
          1.0,
          1.0
        ],
        "feature_ids": [
          "stud@R107/studC",
          "snap_cyl@L8:I7"
        ],
        "residual": {
          "distance": 0.0,
          "axial_gap": 0.0,
          "alignment": 1.0,
          "roll_alignment": 1.0,
          "entry_face_gap": 0.0,
          "penetration": 12.0
        }
      },
      {
        "instances": [
          1,
          17
        ],
        "status": "confirmed",
        "kinds": [
          "stud",
          "stud_receptacle"
        ],
        "sources": [
          "ldcad_shadow",
          "ldcad_shadow"
        ],
        "confidence": [
          1.0,
          1.0
        ],
        "feature_ids": [
          "stud@R108/studC",
          "snap_cyl@L8:I5"
        ],
        "residual": {
          "distance": 0.0,
          "axial_gap": 0.0,
          "alignment": 1.0,
          "roll_alignment": 1.0,
          "entry_face_gap": 0.0,
          "penetration": 12.0
        }
      },
      {
        "instances": [
          1,
          17
        ],
        "status": "confirmed",
        "kinds": [
          "stud",
          "stud_receptacle"
        ],
        "sources": [
          "ldcad_shadow",
          "ldcad_shadow"
        ],
        "confidence": [
          1.0,
          1.0
        ],
        "feature_ids": [
          "stud@R109/studC",
          "snap_cyl@L8:I3"
        ],
        "residual": {
          "distance": 0.0,
          "axial_gap": 0.0,
          "alignment": 1.0,
          "roll_alignment": 1.0,
          "entry_face_gap": 0.0,
          "penetration": 12.0
        }
      },
      {
        "instances": [
          1,
          17
        ],
        "status": "confirmed",
        "kinds": [
          "stud",
          "stud_receptacle"
        ],
        "sources": [
          "ldcad_shadow",
          "ldcad_shadow"
        ],
        "confidence": [
          1.0,
          1.0
        ],
        "feature_ids": [
          "stud@R110/studC",
          "snap_cyl@L8:I1"
        ],
        "residual": {
          "distance": 0.0,
          "axial_gap": 0.0,
          "alignment": 1.0,
          "roll_alignment": 1.0,
          "entry_face_gap": 0.0,
          "penetration": 12.0
        }
      },
      {
        "instances": [
          1,
          17
        ],
        "status": "confirmed",
        "kinds": [
          "stud",
          "stud_receptacle"
        ],
        "sources": [
          "ldcad_shadow",
          "ldcad_shadow"
        ],
        "confidence": [
          1.0,
          1.0
        ],
        "feature_ids": [
          "stud@R117/studC",
          "snap_cyl@L8:I10"
        ],
        "residual": {
          "distance": 0.0,
          "axial_gap": 0.0,
          "alignment": 1.0,
          "roll_alignment": 1.0,
          "entry_face_gap": 0.0,
          "penetration": 12.0
        }
      },
      {
        "instances": [
          1,
          17
        ],
        "status": "confirmed",
        "kinds": [
          "stud",
          "stud_receptacle"
        ],
        "sources": [
          "ldcad_shadow",
          "ldcad_shadow"
        ],
        "confidence": [
          1.0,
          1.0
        ],
        "feature_ids": [
          "stud@R118/studC",
          "snap_cyl@L8:I8"
        ],
        "residual": {
          "distance": 0.0,
          "axial_gap": 0.0,
          "alignment": 1.0,
          "roll_alignment": 1.0,
          "entry_face_gap": 0.0,
          "penetration": 12.0
        }
      },
      {
        "instances": [
          1,
          17
        ],
        "status": "confirmed",
        "kinds": [
          "stud",
          "stud_receptacle"
        ],
        "sources": [
          "ldcad_shadow",
          "ldcad_shadow"
        ],
        "confidence": [
          1.0,
          1.0
        ],
        "feature_ids": [
          "stud@R119/studC",
          "snap_cyl@L8:I6"
        ],
        "residual": {
          "distance": 0.0,
          "axial_gap": 0.0,
          "alignment": 1.0,
          "roll_alignment": 1.0,
          "entry_face_gap": 0.0,
          "penetration": 12.0
        }
      },
      {
        "instances": [
          1,
          17
        ],
        "status": "confirmed",
        "kinds": [
          "stud",
          "stud_receptacle"
        ],
        "sources": [
          "ldcad_shadow",
          "ldcad_shadow"
        ],
        "confidence": [
          1.0,
          1.0
        ],
        "feature_ids": [
          "stud@R120/studC",
          "snap_cyl@L8:I4"
        ],
        "residual": {
          "distance": 0.0,
          "axial_gap": 0.0,
          "alignment": 1.0,
          "roll_alignment": 1.0,
          "entry_face_gap": 0.0,
          "penetration": 12.0
        }
      },
      {
        "instances": [
          1,
          17
        ],
        "status": "confirmed",
        "kinds": [
          "stud",
          "stud_receptacle"
        ],
        "sources": [
          "ldcad_shadow",
          "ldcad_shadow"
        ],
        "confidence": [
          1.0,
          1.0
        ],
        "feature_ids": [
          "stud@R121/studC",
          "snap_cyl@L8:I2"
        ],
        "residual": {
          "distance": 0.0,
          "axial_gap": 0.0,
          "alignment": 1.0,
          "roll_alignment": 1.0,
          "entry_face_gap": 0.0,
          "penetration": 12.0
        }
      },
      {
        "instances": [
          1,
          17
        ],
        "status": "confirmed",
        "kinds": [
          "stud",
          "stud_receptacle"
        ],
        "sources": [
          "ldcad_shadow",
          "ldcad_shadow"
        ],
        "confidence": [
          1.0,
          1.0
        ],
        "feature_ids": [
          "stud@R122/studC",
          "snap_cyl@L8:I0"
        ],
        "residual": {
          "distance": 0.0,
          "axial_gap": 0.0,
          "alignment": 1.0,
          "roll_alignment": 1.0,
          "entry_face_gap": 0.0,
          "penetration": 12.0
        }
      },
      {
        "instances": [
          1,
          18
        ],
        "status": "confirmed",
        "kinds": [
          "stud",
          "stud_receptacle"
        ],
        "sources": [
          "ldcad_shadow",
          "ldcad_shadow"
        ],
        "confidence": [
          1.0,
          1.0
        ],
        "feature_ids": [
          "stud@R103/studC",
          "snap_cyl@L8:I66"
        ],
        "residual": {
          "distance": 0.0,
          "axial_gap": 0.0,
          "alignment": 1.0,
          "roll_alignment": 1.0,
          "entry_face_gap": 0.0,
          "penetration": 12.0
        }
      },
      {
        "instances": [
          1,
          18
        ],
        "status": "confirmed",
        "kinds": [
          "stud",
          "stud_receptacle"
        ],
        "sources": [
          "ldcad_shadow",
          "ldcad_shadow"
        ],
        "confidence": [
          1.0,
          1.0
        ],
        "feature_ids": [
          "stud@R104/studC",
          "snap_cyl@L8:I60"
        ],
        "residual": {
          "distance": 0.0,
          "axial_gap": 0.0,
          "alignment": 1.0,
          "roll_alignment": 1.0,
          "entry_face_gap": 0.0,
          "penetration": 12.0
        }
      },
      {
        "instances": [
          1,
          18
        ],
        "status": "confirmed",
        "kinds": [
          "stud",
          "stud_receptacle"
        ],
        "sources": [
          "ldcad_shadow",
          "ldcad_shadow"
        ],
        "confidence": [
          1.0,
          1.0
        ],
        "feature_ids": [
          "stud@R67/studC",
          "snap_cyl@L8:I69"
        ],
        "residual": {
          "distance": 0.0,
          "axial_gap": 0.0,
          "alignment": 1.0,
          "roll_alignment": 1.0,
          "entry_face_gap": 0.0,
          "penetration": 12.0
        }
      },
      {
        "instances": [
          1,
          18
        ],
        "status": "confirmed",
        "kinds": [
          "stud",
          "stud_receptacle"
        ],
        "sources": [
          "ldcad_shadow",
          "ldcad_shadow"
        ],
        "confidence": [
          1.0,
          1.0
        ],
        "feature_ids": [
          "stud@R68/studC",
          "snap_cyl@L8:I63"
        ],
        "residual": {
          "distance": 0.0,
          "axial_gap": 0.0,
          "alignment": 1.0,
          "roll_alignment": 1.0,
          "entry_face_gap": 0.0,
          "penetration": 12.0
        }
      },
      {
        "instances": [
          1,
          18
        ],
        "status": "confirmed",
        "kinds": [
          "stud",
          "stud_receptacle"
        ],
        "sources": [
          "ldcad_shadow",
          "ldcad_shadow"
        ],
        "confidence": [
          1.0,
          1.0
        ],
        "feature_ids": [
          "stud@R79/studC",
          "snap_cyl@L8:I68"
        ],
        "residual": {
          "distance": 0.0,
          "axial_gap": 0.0,
          "alignment": 1.0,
          "roll_alignment": 1.0,
          "entry_face_gap": 0.0,
          "penetration": 12.0
        }
      },
      {
        "instances": [
          1,
          18
        ],
        "status": "confirmed",
        "kinds": [
          "stud",
          "stud_receptacle"
        ],
        "sources": [
          "ldcad_shadow",
          "ldcad_shadow"
        ],
        "confidence": [
          1.0,
          1.0
        ],
        "feature_ids": [
          "stud@R80/studC",
          "snap_cyl@L8:I62"
        ],
        "residual": {
          "distance": 0.0,
          "axial_gap": 0.0,
          "alignment": 1.0,
          "roll_alignment": 1.0,
          "entry_face_gap": 0.0,
          "penetration": 12.0
        }
      },
      {
        "instances": [
          1,
          18
        ],
        "status": "confirmed",
        "kinds": [
          "stud",
          "stud_receptacle"
        ],
        "sources": [
          "ldcad_shadow",
          "ldcad_shadow"
        ],
        "confidence": [
          1.0,
          1.0
        ],
        "feature_ids": [
          "stud@R91/studC",
          "snap_cyl@L8:I67"
        ],
        "residual": {
          "distance": 0.0,
          "axial_gap": 0.0,
          "alignment": 1.0,
          "roll_alignment": 1.0,
          "entry_face_gap": 0.0,
          "penetration": 12.0
        }
      },
      {
        "instances": [
          1,
          18
        ],
        "status": "confirmed",
        "kinds": [
          "stud",
          "stud_receptacle"
        ],
        "sources": [
          "ldcad_shadow",
          "ldcad_shadow"
        ],
        "confidence": [
          1.0,
          1.0
        ],
        "feature_ids": [
          "stud@R92/studC",
          "snap_cyl@L8:I61"
        ],
        "residual": {
          "distance": 0.0,
          "axial_gap": 0.0,
          "alignment": 1.0,
          "roll_alignment": 1.0,
          "entry_face_gap": 0.0,
          "penetration": 12.0
        }
      },
      {
        "instances": [
          1,
          19
        ],
        "status": "confirmed",
        "kinds": [
          "stud",
          "stud_receptacle"
        ],
        "sources": [
          "ldcad_shadow",
          "ldcad_shadow"
        ],
        "confidence": [
          1.0,
          1.0
        ],
        "feature_ids": [
          "stud@R100/studC",
          "snap_cyl@L8:I12"
        ],
        "residual": {
          "distance": 0.0,
          "axial_gap": 0.0,
          "alignment": 1.0,
          "roll_alignment": 1.0,
          "entry_face_gap": 0.0,
          "penetration": 12.0
        }
      },
      {
        "instances": [
          1,
          19
        ],
        "status": "confirmed",
        "kinds": [
          "stud",
          "stud_receptacle"
        ],
        "sources": [
          "ldcad_shadow",
          "ldcad_shadow"
        ],
        "confidence": [
          1.0,
          1.0
        ],
        "feature_ids": [
          "stud@R101/studC",
          "snap_cyl@L8:I6"
        ],
        "residual": {
          "distance": 0.0,
          "axial_gap": 0.0,
          "alignment": 1.0,
          "roll_alignment": 1.0,
          "entry_face_gap": 0.0,
          "penetration": 12.0
        }
      },
      {
        "instances": [
          1,
          19
        ],
        "status": "confirmed",
        "kinds": [
          "stud",
          "stud_receptacle"
        ],
        "sources": [
          "ldcad_shadow",
          "ldcad_shadow"
        ],
        "confidence": [
          1.0,
          1.0
        ],
        "feature_ids": [
          "stud@R102/studC",
          "snap_cyl@L8:I0"
        ],
        "residual": {
          "distance": 0.0,
          "axial_gap": 0.0,
          "alignment": 1.0,
          "roll_alignment": 1.0,
          "entry_face_gap": 0.0,
          "penetration": 12.0
        }
      },
      {
        "instances": [
          1,
          19
        ],
        "status": "confirmed",
        "kinds": [
          "stud",
          "stud_receptacle"
        ],
        "sources": [
          "ldcad_shadow",
          "ldcad_shadow"
        ],
        "confidence": [
          1.0,
          1.0
        ],
        "feature_ids": [
          "stud@R57/studC",
          "snap_cyl@L8:I57"
        ],
        "residual": {
          "distance": 0.0,
          "axial_gap": 0.0,
          "alignment": 1.0,
          "roll_alignment": 1.0,
          "entry_face_gap": 0.0,
          "penetration": 12.0
        }
      },
      {
        "instances": [
          1,
          19
        ],
        "status": "confirmed",
        "kinds": [
          "stud",
          "stud_receptacle"
        ],
        "sources": [
          "ldcad_shadow",
          "ldcad_shadow"
        ],
        "confidence": [
          1.0,
          1.0
        ],
        "feature_ids": [
          "stud@R58/studC",
          "snap_cyl@L8:I51"
        ],
        "residual": {
          "distance": 0.0,
          "axial_gap": 0.0,
          "alignment": 1.0,
          "roll_alignment": 1.0,
          "entry_face_gap": 0.0,
          "penetration": 12.0
        }
      },
      {
        "instances": [
          1,
          19
        ],
        "status": "confirmed",
        "kinds": [
          "stud",
          "stud_receptacle"
        ],
        "sources": [
          "ldcad_shadow",
          "ldcad_shadow"
        ],
        "confidence": [
          1.0,
          1.0
        ],
        "feature_ids": [
          "stud@R59/studC",
          "snap_cyl@L8:I45"
        ],
        "residual": {
          "distance": 0.0,
          "axial_gap": 0.0,
          "alignment": 1.0,
          "roll_alignment": 1.0,
          "entry_face_gap": 0.0,
          "penetration": 12.0
        }
      },
      {
        "instances": [
          1,
          19
        ],
        "status": "confirmed",
        "kinds": [
          "stud",
          "stud_receptacle"
        ],
        "sources": [
          "ldcad_shadow",
          "ldcad_shadow"
        ],
        "confidence": [
          1.0,
          1.0
        ],
        "feature_ids": [
          "stud@R60/studC",
          "snap_cyl@L8:I39"
        ],
        "residual": {
          "distance": 0.0,
          "axial_gap": 0.0,
          "alignment": 1.0,
          "roll_alignment": 1.0,
          "entry_face_gap": 0.0,
          "penetration": 12.0
        }
      },
      {
        "instances": [
          1,
          19
        ],
        "status": "confirmed",
        "kinds": [
          "stud",
          "stud_receptacle"
        ],
        "sources": [
          "ldcad_shadow",
          "ldcad_shadow"
        ],
        "confidence": [
          1.0,
          1.0
        ],
        "feature_ids": [
          "stud@R61/studC",
          "snap_cyl@L8:I33"
        ],
        "residual": {
          "distance": 0.0,
          "axial_gap": 0.0,
          "alignment": 1.0,
          "roll_alignment": 1.0,
          "entry_face_gap": 0.0,
          "penetration": 12.0
        }
      },
      {
        "instances": [
          1,
          19
        ],
        "status": "confirmed",
        "kinds": [
          "stud",
          "stud_receptacle"
        ],
        "sources": [
          "ldcad_shadow",
          "ldcad_shadow"
        ],
        "confidence": [
          1.0,
          1.0
        ],
        "feature_ids": [
          "stud@R62/studC",
          "snap_cyl@L8:I27"
        ],
        "residual": {
          "distance": 0.0,
          "axial_gap": 0.0,
          "alignment": 1.0,
          "roll_alignment": 1.0,
          "entry_face_gap": 0.0,
          "penetration": 12.0
        }
      },
      {
        "instances": [
          1,
          19
        ],
        "status": "confirmed",
        "kinds": [
          "stud",
          "stud_receptacle"
        ],
        "sources": [
          "ldcad_shadow",
          "ldcad_shadow"
        ],
        "confidence": [
          1.0,
          1.0
        ],
        "feature_ids": [
          "stud@R63/studC",
          "snap_cyl@L8:I21"
        ],
        "residual": {
          "distance": 0.0,
          "axial_gap": 0.0,
          "alignment": 1.0,
          "roll_alignment": 1.0,
          "entry_face_gap": 0.0,
          "penetration": 12.0
        }
      },
      {
        "instances": [
          1,
          19
        ],
        "status": "confirmed",
        "kinds": [
          "stud",
          "stud_receptacle"
        ],
        "sources": [
          "ldcad_shadow",
          "ldcad_shadow"
        ],
        "confidence": [
          1.0,
          1.0
        ],
        "feature_ids": [
          "stud@R64/studC",
          "snap_cyl@L8:I15"
        ],
        "residual": {
          "distance": 0.0,
          "axial_gap": 0.0,
          "alignment": 1.0,
          "roll_alignment": 1.0,
          "entry_face_gap": 0.0,
          "penetration": 12.0
        }
      },
      {
        "instances": [
          1,
          19
        ],
        "status": "confirmed",
        "kinds": [
          "stud",
          "stud_receptacle"
        ],
        "sources": [
          "ldcad_shadow",
          "ldcad_shadow"
        ],
        "confidence": [
          1.0,
          1.0
        ],
        "feature_ids": [
          "stud@R65/studC",
          "snap_cyl@L8:I9"
        ],
        "residual": {
          "distance": 0.0,
          "axial_gap": 0.0,
          "alignment": 1.0,
          "roll_alignment": 1.0,
          "entry_face_gap": 0.0,
          "penetration": 12.0
        }
      },
      {
        "instances": [
          1,
          19
        ],
        "status": "confirmed",
        "kinds": [
          "stud",
          "stud_receptacle"
        ],
        "sources": [
          "ldcad_shadow",
          "ldcad_shadow"
        ],
        "confidence": [
          1.0,
          1.0
        ],
        "feature_ids": [
          "stud@R66/studC",
          "snap_cyl@L8:I3"
        ],
        "residual": {
          "distance": 0.0,
          "axial_gap": 0.0,
          "alignment": 1.0,
          "roll_alignment": 1.0,
          "entry_face_gap": 0.0,
          "penetration": 12.0
        }
      },
      {
        "instances": [
          1,
          19
        ],
        "status": "confirmed",
        "kinds": [
          "stud",
          "stud_receptacle"
        ],
        "sources": [
          "ldcad_shadow",
          "ldcad_shadow"
        ],
        "confidence": [
          1.0,
          1.0
        ],
        "feature_ids": [
          "stud@R69/studC",
          "snap_cyl@L8:I56"
        ],
        "residual": {
          "distance": 0.0,
          "axial_gap": 0.0,
          "alignment": 1.0,
          "roll_alignment": 1.0,
          "entry_face_gap": 0.0,
          "penetration": 12.0
        }
      },
      {
        "instances": [
          1,
          19
        ],
        "status": "confirmed",
        "kinds": [
          "stud",
          "stud_receptacle"
        ],
        "sources": [
          "ldcad_shadow",
          "ldcad_shadow"
        ],
        "confidence": [
          1.0,
          1.0
        ],
        "feature_ids": [
          "stud@R70/studC",
          "snap_cyl@L8:I50"
        ],
        "residual": {
          "distance": 0.0,
          "axial_gap": 0.0,
          "alignment": 1.0,
          "roll_alignment": 1.0,
          "entry_face_gap": 0.0,
          "penetration": 12.0
        }
      },
      {
        "instances": [
          1,
          19
        ],
        "status": "confirmed",
        "kinds": [
          "stud",
          "stud_receptacle"
        ],
        "sources": [
          "ldcad_shadow",
          "ldcad_shadow"
        ],
        "confidence": [
          1.0,
          1.0
        ],
        "feature_ids": [
          "stud@R71/studC",
          "snap_cyl@L8:I44"
        ],
        "residual": {
          "distance": 0.0,
          "axial_gap": 0.0,
          "alignment": 1.0,
          "roll_alignment": 1.0,
          "entry_face_gap": 0.0,
          "penetration": 12.0
        }
      },
      {
        "instances": [
          1,
          19
        ],
        "status": "confirmed",
        "kinds": [
          "stud",
          "stud_receptacle"
        ],
        "sources": [
          "ldcad_shadow",
          "ldcad_shadow"
        ],
        "confidence": [
          1.0,
          1.0
        ],
        "feature_ids": [
          "stud@R72/studC",
          "snap_cyl@L8:I38"
        ],
        "residual": {
          "distance": 0.0,
          "axial_gap": 0.0,
          "alignment": 1.0,
          "roll_alignment": 1.0,
          "entry_face_gap": 0.0,
          "penetration": 12.0
        }
      },
      {
        "instances": [
          1,
          19
        ],
        "status": "confirmed",
        "kinds": [
          "stud",
          "stud_receptacle"
        ],
        "sources": [
          "ldcad_shadow",
          "ldcad_shadow"
        ],
        "confidence": [
          1.0,
          1.0
        ],
        "feature_ids": [
          "stud@R73/studC",
          "snap_cyl@L8:I32"
        ],
        "residual": {
          "distance": 0.0,
          "axial_gap": 0.0,
          "alignment": 1.0,
          "roll_alignment": 1.0,
          "entry_face_gap": 0.0,
          "penetration": 12.0
        }
      },
      {
        "instances": [
          1,
          19
        ],
        "status": "confirmed",
        "kinds": [
          "stud",
          "stud_receptacle"
        ],
        "sources": [
          "ldcad_shadow",
          "ldcad_shadow"
        ],
        "confidence": [
          1.0,
          1.0
        ],
        "feature_ids": [
          "stud@R74/studC",
          "snap_cyl@L8:I26"
        ],
        "residual": {
          "distance": 0.0,
          "axial_gap": 0.0,
          "alignment": 1.0,
          "roll_alignment": 1.0,
          "entry_face_gap": 0.0,
          "penetration": 12.0
        }
      },
      {
        "instances": [
          1,
          19
        ],
        "status": "confirmed",
        "kinds": [
          "stud",
          "stud_receptacle"
        ],
        "sources": [
          "ldcad_shadow",
          "ldcad_shadow"
        ],
        "confidence": [
          1.0,
          1.0
        ],
        "feature_ids": [
          "stud@R75/studC",
          "snap_cyl@L8:I20"
        ],
        "residual": {
          "distance": 0.0,
          "axial_gap": 0.0,
          "alignment": 1.0,
          "roll_alignment": 1.0,
          "entry_face_gap": 0.0,
          "penetration": 12.0
        }
      },
      {
        "instances": [
          1,
          19
        ],
        "status": "confirmed",
        "kinds": [
          "stud",
          "stud_receptacle"
        ],
        "sources": [
          "ldcad_shadow",
          "ldcad_shadow"
        ],
        "confidence": [
          1.0,
          1.0
        ],
        "feature_ids": [
          "stud@R76/studC",
          "snap_cyl@L8:I14"
        ],
        "residual": {
          "distance": 0.0,
          "axial_gap": 0.0,
          "alignment": 1.0,
          "roll_alignment": 1.0,
          "entry_face_gap": 0.0,
          "penetration": 12.0
        }
      },
      {
        "instances": [
          1,
          19
        ],
        "status": "confirmed",
        "kinds": [
          "stud",
          "stud_receptacle"
        ],
        "sources": [
          "ldcad_shadow",
          "ldcad_shadow"
        ],
        "confidence": [
          1.0,
          1.0
        ],
        "feature_ids": [
          "stud@R77/studC",
          "snap_cyl@L8:I8"
        ],
        "residual": {
          "distance": 0.0,
          "axial_gap": 0.0,
          "alignment": 1.0,
          "roll_alignment": 1.0,
          "entry_face_gap": 0.0,
          "penetration": 12.0
        }
      },
      {
        "instances": [
          1,
          19
        ],
        "status": "confirmed",
        "kinds": [
          "stud",
          "stud_receptacle"
        ],
        "sources": [
          "ldcad_shadow",
          "ldcad_shadow"
        ],
        "confidence": [
          1.0,
          1.0
        ],
        "feature_ids": [
          "stud@R78/studC",
          "snap_cyl@L8:I2"
        ],
        "residual": {
          "distance": 0.0,
          "axial_gap": 0.0,
          "alignment": 1.0,
          "roll_alignment": 1.0,
          "entry_face_gap": 0.0,
          "penetration": 12.0
        }
      },
      {
        "instances": [
          1,
          19
        ],
        "status": "confirmed",
        "kinds": [
          "stud",
          "stud_receptacle"
        ],
        "sources": [
          "ldcad_shadow",
          "ldcad_shadow"
        ],
        "confidence": [
          1.0,
          1.0
        ],
        "feature_ids": [
          "stud@R81/studC",
          "snap_cyl@L8:I55"
        ],
        "residual": {
          "distance": 0.0,
          "axial_gap": 0.0,
          "alignment": 1.0,
          "roll_alignment": 1.0,
          "entry_face_gap": 0.0,
          "penetration": 12.0
        }
      },
      {
        "instances": [
          1,
          19
        ],
        "status": "confirmed",
        "kinds": [
          "stud",
          "stud_receptacle"
        ],
        "sources": [
          "ldcad_shadow",
          "ldcad_shadow"
        ],
        "confidence": [
          1.0,
          1.0
        ],
        "feature_ids": [
          "stud@R82/studC",
          "snap_cyl@L8:I49"
        ],
        "residual": {
          "distance": 0.0,
          "axial_gap": 0.0,
          "alignment": 1.0,
          "roll_alignment": 1.0,
          "entry_face_gap": 0.0,
          "penetration": 12.0
        }
      },
      {
        "instances": [
          1,
          19
        ],
        "status": "confirmed",
        "kinds": [
          "stud",
          "stud_receptacle"
        ],
        "sources": [
          "ldcad_shadow",
          "ldcad_shadow"
        ],
        "confidence": [
          1.0,
          1.0
        ],
        "feature_ids": [
          "stud@R83/studC",
          "snap_cyl@L8:I43"
        ],
        "residual": {
          "distance": 0.0,
          "axial_gap": 0.0,
          "alignment": 1.0,
          "roll_alignment": 1.0,
          "entry_face_gap": 0.0,
          "penetration": 12.0
        }
      },
      {
        "instances": [
          1,
          19
        ],
        "status": "confirmed",
        "kinds": [
          "stud",
          "stud_receptacle"
        ],
        "sources": [
          "ldcad_shadow",
          "ldcad_shadow"
        ],
        "confidence": [
          1.0,
          1.0
        ],
        "feature_ids": [
          "stud@R84/studC",
          "snap_cyl@L8:I37"
        ],
        "residual": {
          "distance": 0.0,
          "axial_gap": 0.0,
          "alignment": 1.0,
          "roll_alignment": 1.0,
          "entry_face_gap": 0.0,
          "penetration": 12.0
        }
      },
      {
        "instances": [
          1,
          19
        ],
        "status": "confirmed",
        "kinds": [
          "stud",
          "stud_receptacle"
        ],
        "sources": [
          "ldcad_shadow",
          "ldcad_shadow"
        ],
        "confidence": [
          1.0,
          1.0
        ],
        "feature_ids": [
          "stud@R85/studC",
          "snap_cyl@L8:I31"
        ],
        "residual": {
          "distance": 0.0,
          "axial_gap": 0.0,
          "alignment": 1.0,
          "roll_alignment": 1.0,
          "entry_face_gap": 0.0,
          "penetration": 12.0
        }
      },
      {
        "instances": [
          1,
          19
        ],
        "status": "confirmed",
        "kinds": [
          "stud",
          "stud_receptacle"
        ],
        "sources": [
          "ldcad_shadow",
          "ldcad_shadow"
        ],
        "confidence": [
          1.0,
          1.0
        ],
        "feature_ids": [
          "stud@R86/studC",
          "snap_cyl@L8:I25"
        ],
        "residual": {
          "distance": 0.0,
          "axial_gap": 0.0,
          "alignment": 1.0,
          "roll_alignment": 1.0,
          "entry_face_gap": 0.0,
          "penetration": 12.0
        }
      },
      {
        "instances": [
          1,
          19
        ],
        "status": "confirmed",
        "kinds": [
          "stud",
          "stud_receptacle"
        ],
        "sources": [
          "ldcad_shadow",
          "ldcad_shadow"
        ],
        "confidence": [
          1.0,
          1.0
        ],
        "feature_ids": [
          "stud@R87/studC",
          "snap_cyl@L8:I19"
        ],
        "residual": {
          "distance": 0.0,
          "axial_gap": 0.0,
          "alignment": 1.0,
          "roll_alignment": 1.0,
          "entry_face_gap": 0.0,
          "penetration": 12.0
        }
      },
      {
        "instances": [
          1,
          19
        ],
        "status": "confirmed",
        "kinds": [
          "stud",
          "stud_receptacle"
        ],
        "sources": [
          "ldcad_shadow",
          "ldcad_shadow"
        ],
        "confidence": [
          1.0,
          1.0
        ],
        "feature_ids": [
          "stud@R88/studC",
          "snap_cyl@L8:I13"
        ],
        "residual": {
          "distance": 0.0,
          "axial_gap": 0.0,
          "alignment": 1.0,
          "roll_alignment": 1.0,
          "entry_face_gap": 0.0,
          "penetration": 12.0
        }
      },
      {
        "instances": [
          1,
          19
        ],
        "status": "confirmed",
        "kinds": [
          "stud",
          "stud_receptacle"
        ],
        "sources": [
          "ldcad_shadow",
          "ldcad_shadow"
        ],
        "confidence": [
          1.0,
          1.0
        ],
        "feature_ids": [
          "stud@R89/studC",
          "snap_cyl@L8:I7"
        ],
        "residual": {
          "distance": 0.0,
          "axial_gap": 0.0,
          "alignment": 1.0,
          "roll_alignment": 1.0,
          "entry_face_gap": 0.0,
          "penetration": 12.0
        }
      },
      {
        "instances": [
          1,
          19
        ],
        "status": "confirmed",
        "kinds": [
          "stud",
          "stud_receptacle"
        ],
        "sources": [
          "ldcad_shadow",
          "ldcad_shadow"
        ],
        "confidence": [
          1.0,
          1.0
        ],
        "feature_ids": [
          "stud@R90/studC",
          "snap_cyl@L8:I1"
        ],
        "residual": {
          "distance": 0.0,
          "axial_gap": 0.0,
          "alignment": 1.0,
          "roll_alignment": 1.0,
          "entry_face_gap": 0.0,
          "penetration": 12.0
        }
      },
      {
        "instances": [
          1,
          19
        ],
        "status": "confirmed",
        "kinds": [
          "stud",
          "stud_receptacle"
        ],
        "sources": [
          "ldcad_shadow",
          "ldcad_shadow"
        ],
        "confidence": [
          1.0,
          1.0
        ],
        "feature_ids": [
          "stud@R93/studC",
          "snap_cyl@L8:I54"
        ],
        "residual": {
          "distance": 0.0,
          "axial_gap": 0.0,
          "alignment": 1.0,
          "roll_alignment": 1.0,
          "entry_face_gap": 0.0,
          "penetration": 12.0
        }
      },
      {
        "instances": [
          1,
          19
        ],
        "status": "confirmed",
        "kinds": [
          "stud",
          "stud_receptacle"
        ],
        "sources": [
          "ldcad_shadow",
          "ldcad_shadow"
        ],
        "confidence": [
          1.0,
          1.0
        ],
        "feature_ids": [
          "stud@R94/studC",
          "snap_cyl@L8:I48"
        ],
        "residual": {
          "distance": 0.0,
          "axial_gap": 0.0,
          "alignment": 1.0,
          "roll_alignment": 1.0,
          "entry_face_gap": 0.0,
          "penetration": 12.0
        }
      },
      {
        "instances": [
          1,
          19
        ],
        "status": "confirmed",
        "kinds": [
          "stud",
          "stud_receptacle"
        ],
        "sources": [
          "ldcad_shadow",
          "ldcad_shadow"
        ],
        "confidence": [
          1.0,
          1.0
        ],
        "feature_ids": [
          "stud@R95/studC",
          "snap_cyl@L8:I42"
        ],
        "residual": {
          "distance": 0.0,
          "axial_gap": 0.0,
          "alignment": 1.0,
          "roll_alignment": 1.0,
          "entry_face_gap": 0.0,
          "penetration": 12.0
        }
      },
      {
        "instances": [
          1,
          19
        ],
        "status": "confirmed",
        "kinds": [
          "stud",
          "stud_receptacle"
        ],
        "sources": [
          "ldcad_shadow",
          "ldcad_shadow"
        ],
        "confidence": [
          1.0,
          1.0
        ],
        "feature_ids": [
          "stud@R96/studC",
          "snap_cyl@L8:I36"
        ],
        "residual": {
          "distance": 0.0,
          "axial_gap": 0.0,
          "alignment": 1.0,
          "roll_alignment": 1.0,
          "entry_face_gap": 0.0,
          "penetration": 12.0
        }
      },
      {
        "instances": [
          1,
          19
        ],
        "status": "confirmed",
        "kinds": [
          "stud",
          "stud_receptacle"
        ],
        "sources": [
          "ldcad_shadow",
          "ldcad_shadow"
        ],
        "confidence": [
          1.0,
          1.0
        ],
        "feature_ids": [
          "stud@R97/studC",
          "snap_cyl@L8:I30"
        ],
        "residual": {
          "distance": 0.0,
          "axial_gap": 0.0,
          "alignment": 1.0,
          "roll_alignment": 1.0,
          "entry_face_gap": 0.0,
          "penetration": 12.0
        }
      },
      {
        "instances": [
          1,
          19
        ],
        "status": "confirmed",
        "kinds": [
          "stud",
          "stud_receptacle"
        ],
        "sources": [
          "ldcad_shadow",
          "ldcad_shadow"
        ],
        "confidence": [
          1.0,
          1.0
        ],
        "feature_ids": [
          "stud@R98/studC",
          "snap_cyl@L8:I24"
        ],
        "residual": {
          "distance": 0.0,
          "axial_gap": 0.0,
          "alignment": 1.0,
          "roll_alignment": 1.0,
          "entry_face_gap": 0.0,
          "penetration": 12.0
        }
      },
      {
        "instances": [
          1,
          19
        ],
        "status": "confirmed",
        "kinds": [
          "stud",
          "stud_receptacle"
        ],
        "sources": [
          "ldcad_shadow",
          "ldcad_shadow"
        ],
        "confidence": [
          1.0,
          1.0
        ],
        "feature_ids": [
          "stud@R99/studC",
          "snap_cyl@L8:I18"
        ],
        "residual": {
          "distance": 0.0,
          "axial_gap": 0.0,
          "alignment": 1.0,
          "roll_alignment": 1.0,
          "entry_face_gap": 0.0,
          "penetration": 12.0
        }
      },
      {
        "instances": [
          2,
          17
        ],
        "status": "confirmed",
        "kinds": [
          "stud",
          "stud_receptacle"
        ],
        "sources": [
          "ldcad_shadow",
          "ldcad_shadow"
        ],
        "confidence": [
          1.0,
          1.0
        ],
        "feature_ids": [
          "stud@R59/studC",
          "snap_cyl@L8:I14"
        ],
        "residual": {
          "distance": 0.0,
          "axial_gap": 0.0,
          "alignment": 1.0,
          "roll_alignment": 1.0,
          "entry_face_gap": 0.0,
          "penetration": 12.0
        }
      },
      {
        "instances": [
          2,
          17
        ],
        "status": "confirmed",
        "kinds": [
          "stud",
          "stud_receptacle"
        ],
        "sources": [
          "ldcad_shadow",
          "ldcad_shadow"
        ],
        "confidence": [
          1.0,
          1.0
        ],
        "feature_ids": [
          "stud@R60/studC",
          "snap_cyl@L8:I15"
        ],
        "residual": {
          "distance": 0.0,
          "axial_gap": 0.0,
          "alignment": 1.0,
          "roll_alignment": 1.0,
          "entry_face_gap": 0.0,
          "penetration": 12.0
        }
      },
      {
        "instances": [
          2,
          17
        ],
        "status": "confirmed",
        "kinds": [
          "stud",
          "stud_receptacle"
        ],
        "sources": [
          "ldcad_shadow",
          "ldcad_shadow"
        ],
        "confidence": [
          1.0,
          1.0
        ],
        "feature_ids": [
          "stud@R71/studC",
          "snap_cyl@L8:I12"
        ],
        "residual": {
          "distance": 0.0,
          "axial_gap": 0.0,
          "alignment": 1.0,
          "roll_alignment": 1.0,
          "entry_face_gap": 0.0,
          "penetration": 12.0
        }
      },
      {
        "instances": [
          2,
          17
        ],
        "status": "confirmed",
        "kinds": [
          "stud",
          "stud_receptacle"
        ],
        "sources": [
          "ldcad_shadow",
          "ldcad_shadow"
        ],
        "confidence": [
          1.0,
          1.0
        ],
        "feature_ids": [
          "stud@R72/studC",
          "snap_cyl@L8:I13"
        ],
        "residual": {
          "distance": 0.0,
          "axial_gap": 0.0,
          "alignment": 1.0,
          "roll_alignment": 1.0,
          "entry_face_gap": 0.0,
          "penetration": 12.0
        }
      },
      {
        "instances": [
          2,
          19
        ],
        "status": "confirmed",
        "kinds": [
          "stud",
          "stud_receptacle"
        ],
        "sources": [
          "ldcad_shadow",
          "ldcad_shadow"
        ],
        "confidence": [
          1.0,
          1.0
        ],
        "feature_ids": [
          "stud@R61/studC",
          "snap_cyl@L8:I66"
        ],
        "residual": {
          "distance": 0.0,
          "axial_gap": 0.0,
          "alignment": 1.0,
          "roll_alignment": 1.0,
          "entry_face_gap": 0.0,
          "penetration": 12.0
        }
      },
      {
        "instances": [
          2,
          19
        ],
        "status": "confirmed",
        "kinds": [
          "stud",
          "stud_receptacle"
        ],
        "sources": [
          "ldcad_shadow",
          "ldcad_shadow"
        ],
        "confidence": [
          1.0,
          1.0
        ],
        "feature_ids": [
          "stud@R62/studC",
          "snap_cyl@L8:I67"
        ],
        "residual": {
          "distance": 0.0,
          "axial_gap": 0.0,
          "alignment": 1.0,
          "roll_alignment": 1.0,
          "entry_face_gap": 0.0,
          "penetration": 12.0
        }
      },
      {
        "instances": [
          2,
          19
        ],
        "status": "confirmed",
        "kinds": [
          "stud",
          "stud_receptacle"
        ],
        "sources": [
          "ldcad_shadow",
          "ldcad_shadow"
        ],
        "confidence": [
          1.0,
          1.0
        ],
        "feature_ids": [
          "stud@R63/studC",
          "snap_cyl@L8:I68"
        ],
        "residual": {
          "distance": 0.0,
          "axial_gap": 0.0,
          "alignment": 1.0,
          "roll_alignment": 1.0,
          "entry_face_gap": 0.0,
          "penetration": 12.0
        }
      },
      {
        "instances": [
          2,
          19
        ],
        "status": "confirmed",
        "kinds": [
          "stud",
          "stud_receptacle"
        ],
        "sources": [
          "ldcad_shadow",
          "ldcad_shadow"
        ],
        "confidence": [
          1.0,
          1.0
        ],
        "feature_ids": [
          "stud@R64/studC",
          "snap_cyl@L8:I69"
        ],
        "residual": {
          "distance": 0.0,
          "axial_gap": 0.0,
          "alignment": 1.0,
          "roll_alignment": 1.0,
          "entry_face_gap": 0.0,
          "penetration": 12.0
        }
      },
      {
        "instances": [
          2,
          19
        ],
        "status": "confirmed",
        "kinds": [
          "stud",
          "stud_receptacle"
        ],
        "sources": [
          "ldcad_shadow",
          "ldcad_shadow"
        ],
        "confidence": [
          1.0,
          1.0
        ],
        "feature_ids": [
          "stud@R65/studC",
          "snap_cyl@L8:I70"
        ],
        "residual": {
          "distance": 0.0,
          "axial_gap": 0.0,
          "alignment": 1.0,
          "roll_alignment": 1.0,
          "entry_face_gap": 0.0,
          "penetration": 12.0
        }
      },
      {
        "instances": [
          2,
          19
        ],
        "status": "confirmed",
        "kinds": [
          "stud",
          "stud_receptacle"
        ],
        "sources": [
          "ldcad_shadow",
          "ldcad_shadow"
        ],
        "confidence": [
          1.0,
          1.0
        ],
        "feature_ids": [
          "stud@R66/studC",
          "snap_cyl@L8:I71"
        ],
        "residual": {
          "distance": 0.0,
          "axial_gap": 0.0,
          "alignment": 1.0,
          "roll_alignment": 1.0,
          "entry_face_gap": 0.0,
          "penetration": 12.0
        }
      },
      {
        "instances": [
          2,
          19
        ],
        "status": "confirmed",
        "kinds": [
          "stud",
          "stud_receptacle"
        ],
        "sources": [
          "ldcad_shadow",
          "ldcad_shadow"
        ],
        "confidence": [
          1.0,
          1.0
        ],
        "feature_ids": [
          "stud@R73/studC",
          "snap_cyl@L8:I60"
        ],
        "residual": {
          "distance": 0.0,
          "axial_gap": 0.0,
          "alignment": 1.0,
          "roll_alignment": 1.0,
          "entry_face_gap": 0.0,
          "penetration": 12.0
        }
      },
      {
        "instances": [
          2,
          19
        ],
        "status": "confirmed",
        "kinds": [
          "stud",
          "stud_receptacle"
        ],
        "sources": [
          "ldcad_shadow",
          "ldcad_shadow"
        ],
        "confidence": [
          1.0,
          1.0
        ],
        "feature_ids": [
          "stud@R74/studC",
          "snap_cyl@L8:I61"
        ],
        "residual": {
          "distance": 0.0,
          "axial_gap": 0.0,
          "alignment": 1.0,
          "roll_alignment": 1.0,
          "entry_face_gap": 0.0,
          "penetration": 12.0
        }
      },
      {
        "instances": [
          2,
          19
        ],
        "status": "confirmed",
        "kinds": [
          "stud",
          "stud_receptacle"
        ],
        "sources": [
          "ldcad_shadow",
          "ldcad_shadow"
        ],
        "confidence": [
          1.0,
          1.0
        ],
        "feature_ids": [
          "stud@R75/studC",
          "snap_cyl@L8:I62"
        ],
        "residual": {
          "distance": 0.0,
          "axial_gap": 0.0,
          "alignment": 1.0,
          "roll_alignment": 1.0,
          "entry_face_gap": 0.0,
          "penetration": 12.0
        }
      },
      {
        "instances": [
          2,
          19
        ],
        "status": "confirmed",
        "kinds": [
          "stud",
          "stud_receptacle"
        ],
        "sources": [
          "ldcad_shadow",
          "ldcad_shadow"
        ],
        "confidence": [
          1.0,
          1.0
        ],
        "feature_ids": [
          "stud@R76/studC",
          "snap_cyl@L8:I63"
        ],
        "residual": {
          "distance": 0.0,
          "axial_gap": 0.0,
          "alignment": 1.0,
          "roll_alignment": 1.0,
          "entry_face_gap": 0.0,
          "penetration": 12.0
        }
      },
      {
        "instances": [
          2,
          19
        ],
        "status": "confirmed",
        "kinds": [
          "stud",
          "stud_receptacle"
        ],
        "sources": [
          "ldcad_shadow",
          "ldcad_shadow"
        ],
        "confidence": [
          1.0,
          1.0
        ],
        "feature_ids": [
          "stud@R77/studC",
          "snap_cyl@L8:I64"
        ],
        "residual": {
          "distance": 0.0,
          "axial_gap": 0.0,
          "alignment": 1.0,
          "roll_alignment": 1.0,
          "entry_face_gap": 0.0,
          "penetration": 12.0
        }
      },
      {
        "instances": [
          2,
          19
        ],
        "status": "confirmed",
        "kinds": [
          "stud",
          "stud_receptacle"
        ],
        "sources": [
          "ldcad_shadow",
          "ldcad_shadow"
        ],
        "confidence": [
          1.0,
          1.0
        ],
        "feature_ids": [
          "stud@R78/studC",
          "snap_cyl@L8:I65"
        ],
        "residual": {
          "distance": 0.0,
          "axial_gap": 0.0,
          "alignment": 1.0,
          "roll_alignment": 1.0,
          "entry_face_gap": 0.0,
          "penetration": 12.0
        }
      },
      {
        "instances": [
          2,
          21
        ],
        "status": "confirmed",
        "kinds": [
          "stud",
          "stud_receptacle"
        ],
        "sources": [
          "ldcad_shadow",
          "ldcad_shadow"
        ],
        "confidence": [
          1.0,
          1.0
        ],
        "feature_ids": [
          "stud@R67/studC",
          "snap_cyl@L8:I66"
        ],
        "residual": {
          "distance": 0.0,
          "axial_gap": 0.0,
          "alignment": 1.0,
          "roll_alignment": 1.0,
          "entry_face_gap": 0.0,
          "penetration": 12.0
        }
      },
      {
        "instances": [
          2,
          21
        ],
        "status": "confirmed",
        "kinds": [
          "stud",
          "stud_receptacle"
        ],
        "sources": [
          "ldcad_shadow",
          "ldcad_shadow"
        ],
        "confidence": [
          1.0,
          1.0
        ],
        "feature_ids": [
          "stud@R68/studC",
          "snap_cyl@L8:I67"
        ],
        "residual": {
          "distance": 0.0,
          "axial_gap": 0.0,
          "alignment": 1.0,
          "roll_alignment": 1.0,
          "entry_face_gap": 0.0,
          "penetration": 12.0
        }
      },
      {
        "instances": [
          2,
          21
        ],
        "status": "confirmed",
        "kinds": [
          "stud",
          "stud_receptacle"
        ],
        "sources": [
          "ldcad_shadow",
          "ldcad_shadow"
        ],
        "confidence": [
          1.0,
          1.0
        ],
        "feature_ids": [
          "stud@R69/studC",
          "snap_cyl@L8:I68"
        ],
        "residual": {
          "distance": 0.0,
          "axial_gap": 0.0,
          "alignment": 1.0,
          "roll_alignment": 1.0,
          "entry_face_gap": 0.0,
          "penetration": 12.0
        }
      },
      {
        "instances": [
          2,
          21
        ],
        "status": "confirmed",
        "kinds": [
          "stud",
          "stud_receptacle"
        ],
        "sources": [
          "ldcad_shadow",
          "ldcad_shadow"
        ],
        "confidence": [
          1.0,
          1.0
        ],
        "feature_ids": [
          "stud@R70/studC",
          "snap_cyl@L8:I69"
        ],
        "residual": {
          "distance": 0.0,
          "axial_gap": 0.0,
          "alignment": 1.0,
          "roll_alignment": 1.0,
          "entry_face_gap": 0.0,
          "penetration": 12.0
        }
      },
      {
        "instances": [
          2,
          21
        ],
        "status": "confirmed",
        "kinds": [
          "stud",
          "stud_receptacle"
        ],
        "sources": [
          "ldcad_shadow",
          "ldcad_shadow"
        ],
        "confidence": [
          1.0,
          1.0
        ],
        "feature_ids": [
          "stud@R79/studC",
          "snap_cyl@L8:I60"
        ],
        "residual": {
          "distance": 0.0,
          "axial_gap": 0.0,
          "alignment": 1.0,
          "roll_alignment": 1.0,
          "entry_face_gap": 0.0,
          "penetration": 12.0
        }
      },
      {
        "instances": [
          2,
          21
        ],
        "status": "confirmed",
        "kinds": [
          "stud",
          "stud_receptacle"
        ],
        "sources": [
          "ldcad_shadow",
          "ldcad_shadow"
        ],
        "confidence": [
          1.0,
          1.0
        ],
        "feature_ids": [
          "stud@R80/studC",
          "snap_cyl@L8:I61"
        ],
        "residual": {
          "distance": 0.0,
          "axial_gap": 0.0,
          "alignment": 1.0,
          "roll_alignment": 1.0,
          "entry_face_gap": 0.0,
          "penetration": 12.0
        }
      },
      {
        "instances": [
          2,
          21
        ],
        "status": "confirmed",
        "kinds": [
          "stud",
          "stud_receptacle"
        ],
        "sources": [
          "ldcad_shadow",
          "ldcad_shadow"
        ],
        "confidence": [
          1.0,
          1.0
        ],
        "feature_ids": [
          "stud@R81/studC",
          "snap_cyl@L8:I62"
        ],
        "residual": {
          "distance": 0.0,
          "axial_gap": 0.0,
          "alignment": 1.0,
          "roll_alignment": 1.0,
          "entry_face_gap": 0.0,
          "penetration": 12.0
        }
      },
      {
        "instances": [
          2,
          21
        ],
        "status": "confirmed",
        "kinds": [
          "stud",
          "stud_receptacle"
        ],
        "sources": [
          "ldcad_shadow",
          "ldcad_shadow"
        ],
        "confidence": [
          1.0,
          1.0
        ],
        "feature_ids": [
          "stud@R82/studC",
          "snap_cyl@L8:I63"
        ],
        "residual": {
          "distance": 0.0,
          "axial_gap": 0.0,
          "alignment": 1.0,
          "roll_alignment": 1.0,
          "entry_face_gap": 0.0,
          "penetration": 12.0
        }
      },
      {
        "instances": [
          2,
          27
        ],
        "status": "confirmed",
        "kinds": [
          "stud",
          "stud_receptacle"
        ],
        "sources": [
          "ldcad_shadow",
          "ldcad_shadow"
        ],
        "confidence": [
          1.0,
          1.0
        ],
        "feature_ids": [
          "stud@R35/studC",
          "snap_cyl@L9:I2"
        ],
        "residual": {
          "distance": 0.0,
          "axial_gap": 0.0,
          "alignment": 1.0,
          "roll_alignment": 1.0,
          "entry_face_gap": 0.0,
          "penetration": 12.0
        }
      },
      {
        "instances": [
          2,
          27
        ],
        "status": "confirmed",
        "kinds": [
          "stud",
          "stud_receptacle"
        ],
        "sources": [
          "ldcad_shadow",
          "ldcad_shadow"
        ],
        "confidence": [
          1.0,
          1.0
        ],
        "feature_ids": [
          "stud@R36/studC",
          "snap_cyl@L9:I3"
        ],
        "residual": {
          "distance": 0.0,
          "axial_gap": 0.0,
          "alignment": 1.0,
          "roll_alignment": 1.0,
          "entry_face_gap": 0.0,
          "penetration": 12.0
        }
      },
      {
        "instances": [
          2,
          27
        ],
        "status": "confirmed",
        "kinds": [
          "stud",
          "stud_receptacle"
        ],
        "sources": [
          "ldcad_shadow",
          "ldcad_shadow"
        ],
        "confidence": [
          1.0,
          1.0
        ],
        "feature_ids": [
          "stud@R47/studC",
          "snap_cyl@L9:I0"
        ],
        "residual": {
          "distance": 0.0,
          "axial_gap": 0.0,
          "alignment": 1.0,
          "roll_alignment": 1.0,
          "entry_face_gap": 0.0,
          "penetration": 12.0
        }
      },
      {
        "instances": [
          2,
          27
        ],
        "status": "confirmed",
        "kinds": [
          "stud",
          "stud_receptacle"
        ],
        "sources": [
          "ldcad_shadow",
          "ldcad_shadow"
        ],
        "confidence": [
          1.0,
          1.0
        ],
        "feature_ids": [
          "stud@R48/studC",
          "snap_cyl@L9:I1"
        ],
        "residual": {
          "distance": 0.0,
          "axial_gap": 0.0,
          "alignment": 1.0,
          "roll_alignment": 1.0,
          "entry_face_gap": 0.0,
          "penetration": 12.0
        }
      },
      {
        "instances": [
          2,
          28
        ],
        "status": "confirmed",
        "kinds": [
          "stud",
          "stud_receptacle"
        ],
        "sources": [
          "ldcad_shadow",
          "ldcad_shadow"
        ],
        "confidence": [
          1.0,
          1.0
        ],
        "feature_ids": [
          "stud@R37/studC",
          "snap_cyl@L8:I15"
        ],
        "residual": {
          "distance": 0.0,
          "axial_gap": 0.0,
          "alignment": 1.0,
          "roll_alignment": 1.0,
          "entry_face_gap": 0.0,
          "penetration": 12.0
        }
      },
      {
        "instances": [
          2,
          28
        ],
        "status": "confirmed",
        "kinds": [
          "stud",
          "stud_receptacle"
        ],
        "sources": [
          "ldcad_shadow",
          "ldcad_shadow"
        ],
        "confidence": [
          1.0,
          1.0
        ],
        "feature_ids": [
          "stud@R38/studC",
          "snap_cyl@L8:I13"
        ],
        "residual": {
          "distance": 0.0,
          "axial_gap": 0.0,
          "alignment": 1.0,
          "roll_alignment": 1.0,
          "entry_face_gap": 0.0,
          "penetration": 12.0
        }
      },
      {
        "instances": [
          2,
          28
        ],
        "status": "confirmed",
        "kinds": [
          "stud",
          "stud_receptacle"
        ],
        "sources": [
          "ldcad_shadow",
          "ldcad_shadow"
        ],
        "confidence": [
          1.0,
          1.0
        ],
        "feature_ids": [
          "stud@R39/studC",
          "snap_cyl@L8:I11"
        ],
        "residual": {
          "distance": 0.0,
          "axial_gap": 0.0,
          "alignment": 1.0,
          "roll_alignment": 1.0,
          "entry_face_gap": 0.0,
          "penetration": 12.0
        }
      },
      {
        "instances": [
          2,
          28
        ],
        "status": "confirmed",
        "kinds": [
          "stud",
          "stud_receptacle"
        ],
        "sources": [
          "ldcad_shadow",
          "ldcad_shadow"
        ],
        "confidence": [
          1.0,
          1.0
        ],
        "feature_ids": [
          "stud@R40/studC",
          "snap_cyl@L8:I9"
        ],
        "residual": {
          "distance": 0.0,
          "axial_gap": 0.0,
          "alignment": 1.0,
          "roll_alignment": 1.0,
          "entry_face_gap": 0.0,
          "penetration": 12.0
        }
      },
      {
        "instances": [
          2,
          28
        ],
        "status": "confirmed",
        "kinds": [
          "stud",
          "stud_receptacle"
        ],
        "sources": [
          "ldcad_shadow",
          "ldcad_shadow"
        ],
        "confidence": [
          1.0,
          1.0
        ],
        "feature_ids": [
          "stud@R41/studC",
          "snap_cyl@L8:I7"
        ],
        "residual": {
          "distance": 0.0,
          "axial_gap": 0.0,
          "alignment": 1.0,
          "roll_alignment": 1.0,
          "entry_face_gap": 0.0,
          "penetration": 12.0
        }
      },
      {
        "instances": [
          2,
          28
        ],
        "status": "confirmed",
        "kinds": [
          "stud",
          "stud_receptacle"
        ],
        "sources": [
          "ldcad_shadow",
          "ldcad_shadow"
        ],
        "confidence": [
          1.0,
          1.0
        ],
        "feature_ids": [
          "stud@R42/studC",
          "snap_cyl@L8:I5"
        ],
        "residual": {
          "distance": 0.0,
          "axial_gap": 0.0,
          "alignment": 1.0,
          "roll_alignment": 1.0,
          "entry_face_gap": 0.0,
          "penetration": 12.0
        }
      },
      {
        "instances": [
          2,
          28
        ],
        "status": "confirmed",
        "kinds": [
          "stud",
          "stud_receptacle"
        ],
        "sources": [
          "ldcad_shadow",
          "ldcad_shadow"
        ],
        "confidence": [
          1.0,
          1.0
        ],
        "feature_ids": [
          "stud@R43/studC",
          "snap_cyl@L8:I3"
        ],
        "residual": {
          "distance": 0.0,
          "axial_gap": 0.0,
          "alignment": 1.0,
          "roll_alignment": 1.0,
          "entry_face_gap": 0.0,
          "penetration": 12.0
        }
      },
      {
        "instances": [
          2,
          28
        ],
        "status": "confirmed",
        "kinds": [
          "stud",
          "stud_receptacle"
        ],
        "sources": [
          "ldcad_shadow",
          "ldcad_shadow"
        ],
        "confidence": [
          1.0,
          1.0
        ],
        "feature_ids": [
          "stud@R44/studC",
          "snap_cyl@L8:I1"
        ],
        "residual": {
          "distance": 0.0,
          "axial_gap": 0.0,
          "alignment": 1.0,
          "roll_alignment": 1.0,
          "entry_face_gap": 0.0,
          "penetration": 12.0
        }
      },
      {
        "instances": [
          2,
          28
        ],
        "status": "confirmed",
        "kinds": [
          "stud",
          "stud_receptacle"
        ],
        "sources": [
          "ldcad_shadow",
          "ldcad_shadow"
        ],
        "confidence": [
          1.0,
          1.0
        ],
        "feature_ids": [
          "stud@R49/studC",
          "snap_cyl@L8:I14"
        ],
        "residual": {
          "distance": 0.0,
          "axial_gap": 0.0,
          "alignment": 1.0,
          "roll_alignment": 1.0,
          "entry_face_gap": 0.0,
          "penetration": 12.0
        }
      },
      {
        "instances": [
          2,
          28
        ],
        "status": "confirmed",
        "kinds": [
          "stud",
          "stud_receptacle"
        ],
        "sources": [
          "ldcad_shadow",
          "ldcad_shadow"
        ],
        "confidence": [
          1.0,
          1.0
        ],
        "feature_ids": [
          "stud@R50/studC",
          "snap_cyl@L8:I12"
        ],
        "residual": {
          "distance": 0.0,
          "axial_gap": 0.0,
          "alignment": 1.0,
          "roll_alignment": 1.0,
          "entry_face_gap": 0.0,
          "penetration": 12.0
        }
      },
      {
        "instances": [
          2,
          28
        ],
        "status": "confirmed",
        "kinds": [
          "stud",
          "stud_receptacle"
        ],
        "sources": [
          "ldcad_shadow",
          "ldcad_shadow"
        ],
        "confidence": [
          1.0,
          1.0
        ],
        "feature_ids": [
          "stud@R51/studC",
          "snap_cyl@L8:I10"
        ],
        "residual": {
          "distance": 0.0,
          "axial_gap": 0.0,
          "alignment": 1.0,
          "roll_alignment": 1.0,
          "entry_face_gap": 0.0,
          "penetration": 12.0
        }
      },
      {
        "instances": [
          2,
          28
        ],
        "status": "confirmed",
        "kinds": [
          "stud",
          "stud_receptacle"
        ],
        "sources": [
          "ldcad_shadow",
          "ldcad_shadow"
        ],
        "confidence": [
          1.0,
          1.0
        ],
        "feature_ids": [
          "stud@R52/studC",
          "snap_cyl@L8:I8"
        ],
        "residual": {
          "distance": 0.0,
          "axial_gap": 0.0,
          "alignment": 1.0,
          "roll_alignment": 1.0,
          "entry_face_gap": 0.0,
          "penetration": 12.0
        }
      },
      {
        "instances": [
          2,
          28
        ],
        "status": "confirmed",
        "kinds": [
          "stud",
          "stud_receptacle"
        ],
        "sources": [
          "ldcad_shadow",
          "ldcad_shadow"
        ],
        "confidence": [
          1.0,
          1.0
        ],
        "feature_ids": [
          "stud@R53/studC",
          "snap_cyl@L8:I6"
        ],
        "residual": {
          "distance": 0.0,
          "axial_gap": 0.0,
          "alignment": 1.0,
          "roll_alignment": 1.0,
          "entry_face_gap": 0.0,
          "penetration": 12.0
        }
      },
      {
        "instances": [
          2,
          28
        ],
        "status": "confirmed",
        "kinds": [
          "stud",
          "stud_receptacle"
        ],
        "sources": [
          "ldcad_shadow",
          "ldcad_shadow"
        ],
        "confidence": [
          1.0,
          1.0
        ],
        "feature_ids": [
          "stud@R54/studC",
          "snap_cyl@L8:I4"
        ],
        "residual": {
          "distance": 0.0,
          "axial_gap": 0.0,
          "alignment": 1.0,
          "roll_alignment": 1.0,
          "entry_face_gap": 0.0,
          "penetration": 12.0
        }
      },
      {
        "instances": [
          2,
          28
        ],
        "status": "confirmed",
        "kinds": [
          "stud",
          "stud_receptacle"
        ],
        "sources": [
          "ldcad_shadow",
          "ldcad_shadow"
        ],
        "confidence": [
          1.0,
          1.0
        ],
        "feature_ids": [
          "stud@R55/studC",
          "snap_cyl@L8:I2"
        ],
        "residual": {
          "distance": 0.0,
          "axial_gap": 0.0,
          "alignment": 1.0,
          "roll_alignment": 1.0,
          "entry_face_gap": 0.0,
          "penetration": 12.0
        }
      },
      {
        "instances": [
          2,
          28
        ],
        "status": "confirmed",
        "kinds": [
          "stud",
          "stud_receptacle"
        ],
        "sources": [
          "ldcad_shadow",
          "ldcad_shadow"
        ],
        "confidence": [
          1.0,
          1.0
        ],
        "feature_ids": [
          "stud@R56/studC",
          "snap_cyl@L8:I0"
        ],
        "residual": {
          "distance": 0.0,
          "axial_gap": 0.0,
          "alignment": 1.0,
          "roll_alignment": 1.0,
          "entry_face_gap": 0.0,
          "penetration": 12.0
        }
      },
      {
        "instances": [
          2,
          29
        ],
        "status": "confirmed",
        "kinds": [
          "stud",
          "stud_receptacle"
        ],
        "sources": [
          "ldcad_shadow",
          "ldcad_shadow"
        ],
        "confidence": [
          1.0,
          1.0
        ],
        "feature_ids": [
          "stud@R45/studC",
          "snap_cyl@L8:I15"
        ],
        "residual": {
          "distance": 0.0,
          "axial_gap": 0.0,
          "alignment": 1.0,
          "roll_alignment": 1.0,
          "entry_face_gap": 0.0,
          "penetration": 12.0
        }
      },
      {
        "instances": [
          2,
          29
        ],
        "status": "confirmed",
        "kinds": [
          "stud",
          "stud_receptacle"
        ],
        "sources": [
          "ldcad_shadow",
          "ldcad_shadow"
        ],
        "confidence": [
          1.0,
          1.0
        ],
        "feature_ids": [
          "stud@R46/studC",
          "snap_cyl@L8:I13"
        ],
        "residual": {
          "distance": 0.0,
          "axial_gap": 0.0,
          "alignment": 1.0,
          "roll_alignment": 1.0,
          "entry_face_gap": 0.0,
          "penetration": 12.0
        }
      },
      {
        "instances": [
          2,
          29
        ],
        "status": "confirmed",
        "kinds": [
          "stud",
          "stud_receptacle"
        ],
        "sources": [
          "ldcad_shadow",
          "ldcad_shadow"
        ],
        "confidence": [
          1.0,
          1.0
        ],
        "feature_ids": [
          "stud@R57/studC",
          "snap_cyl@L8:I14"
        ],
        "residual": {
          "distance": 0.0,
          "axial_gap": 0.0,
          "alignment": 1.0,
          "roll_alignment": 1.0,
          "entry_face_gap": 0.0,
          "penetration": 12.0
        }
      },
      {
        "instances": [
          2,
          29
        ],
        "status": "confirmed",
        "kinds": [
          "stud",
          "stud_receptacle"
        ],
        "sources": [
          "ldcad_shadow",
          "ldcad_shadow"
        ],
        "confidence": [
          1.0,
          1.0
        ],
        "feature_ids": [
          "stud@R58/studC",
          "snap_cyl@L8:I12"
        ],
        "residual": {
          "distance": 0.0,
          "axial_gap": 0.0,
          "alignment": 1.0,
          "roll_alignment": 1.0,
          "entry_face_gap": 0.0,
          "penetration": 12.0
        }
      },
      {
        "instances": [
          3,
          12
        ],
        "status": "confirmed",
        "kinds": [
          "stud",
          "stud_receptacle"
        ],
        "sources": [
          "ldcad_shadow",
          "ldcad_shadow"
        ],
        "confidence": [
          1.0,
          1.0
        ],
        "feature_ids": [
          "stud@R103/studC",
          "snap_cyl@L8:I3"
        ],
        "residual": {
          "distance": 0.0,
          "axial_gap": 0.0,
          "alignment": 1.0,
          "roll_alignment": 1.0,
          "entry_face_gap": 0.0,
          "penetration": 12.0
        }
      },
      {
        "instances": [
          3,
          12
        ],
        "status": "confirmed",
        "kinds": [
          "stud",
          "stud_receptacle"
        ],
        "sources": [
          "ldcad_shadow",
          "ldcad_shadow"
        ],
        "confidence": [
          1.0,
          1.0
        ],
        "feature_ids": [
          "stud@R104/studC",
          "snap_cyl@L8:I2"
        ],
        "residual": {
          "distance": 0.0,
          "axial_gap": 0.0,
          "alignment": 1.0,
          "roll_alignment": 1.0,
          "entry_face_gap": 0.0,
          "penetration": 12.0
        }
      },
      {
        "instances": [
          3,
          12
        ],
        "status": "confirmed",
        "kinds": [
          "stud",
          "stud_receptacle"
        ],
        "sources": [
          "ldcad_shadow",
          "ldcad_shadow"
        ],
        "confidence": [
          1.0,
          1.0
        ],
        "feature_ids": [
          "stud@R115/studC",
          "snap_cyl@L8:I5"
        ],
        "residual": {
          "distance": 0.0,
          "axial_gap": 0.0,
          "alignment": 1.0,
          "roll_alignment": 1.0,
          "entry_face_gap": 0.0,
          "penetration": 12.0
        }
      },
      {
        "instances": [
          3,
          12
        ],
        "status": "confirmed",
        "kinds": [
          "stud",
          "stud_receptacle"
        ],
        "sources": [
          "ldcad_shadow",
          "ldcad_shadow"
        ],
        "confidence": [
          1.0,
          1.0
        ],
        "feature_ids": [
          "stud@R116/studC",
          "snap_cyl@L8:I4"
        ],
        "residual": {
          "distance": 0.0,
          "axial_gap": 0.0,
          "alignment": 1.0,
          "roll_alignment": 1.0,
          "entry_face_gap": 0.0,
          "penetration": 12.0
        }
      },
      {
        "instances": [
          3,
          12
        ],
        "status": "confirmed",
        "kinds": [
          "stud",
          "stud_receptacle"
        ],
        "sources": [
          "ldcad_shadow",
          "ldcad_shadow"
        ],
        "confidence": [
          1.0,
          1.0
        ],
        "feature_ids": [
          "stud@R127/studC",
          "snap_cyl@L8:I7"
        ],
        "residual": {
          "distance": 0.0,
          "axial_gap": 0.0,
          "alignment": 1.0,
          "roll_alignment": 1.0,
          "entry_face_gap": 0.0,
          "penetration": 12.0
        }
      },
      {
        "instances": [
          3,
          12
        ],
        "status": "confirmed",
        "kinds": [
          "stud",
          "stud_receptacle"
        ],
        "sources": [
          "ldcad_shadow",
          "ldcad_shadow"
        ],
        "confidence": [
          1.0,
          1.0
        ],
        "feature_ids": [
          "stud@R128/studC",
          "snap_cyl@L8:I6"
        ],
        "residual": {
          "distance": 0.0,
          "axial_gap": 0.0,
          "alignment": 1.0,
          "roll_alignment": 1.0,
          "entry_face_gap": 0.0,
          "penetration": 12.0
        }
      },
      {
        "instances": [
          3,
          12
        ],
        "status": "confirmed",
        "kinds": [
          "stud",
          "stud_receptacle"
        ],
        "sources": [
          "ldcad_shadow",
          "ldcad_shadow"
        ],
        "confidence": [
          1.0,
          1.0
        ],
        "feature_ids": [
          "stud@R91/studC",
          "snap_cyl@L8:I1"
        ],
        "residual": {
          "distance": 0.0,
          "axial_gap": 0.0,
          "alignment": 1.0,
          "roll_alignment": 1.0,
          "entry_face_gap": 0.0,
          "penetration": 12.0
        }
      },
      {
        "instances": [
          3,
          12
        ],
        "status": "confirmed",
        "kinds": [
          "stud",
          "stud_receptacle"
        ],
        "sources": [
          "ldcad_shadow",
          "ldcad_shadow"
        ],
        "confidence": [
          1.0,
          1.0
        ],
        "feature_ids": [
          "stud@R92/studC",
          "snap_cyl@L8:I0"
        ],
        "residual": {
          "distance": 0.0,
          "axial_gap": 0.0,
          "alignment": 1.0,
          "roll_alignment": 1.0,
          "entry_face_gap": 0.0,
          "penetration": 12.0
        }
      },
      {
        "instances": [
          3,
          13
        ],
        "status": "confirmed",
        "kinds": [
          "stud",
          "stud_receptacle"
        ],
        "sources": [
          "ldcad_shadow",
          "ldcad_shadow"
        ],
        "confidence": [
          1.0,
          1.0
        ],
        "feature_ids": [
          "stud@R67/studC",
          "snap_cyl@L8:I13"
        ],
        "residual": {
          "distance": 0.0,
          "axial_gap": 0.0,
          "alignment": 1.0,
          "roll_alignment": 1.0,
          "entry_face_gap": 0.0,
          "penetration": 12.0
        }
      },
      {
        "instances": [
          3,
          13
        ],
        "status": "confirmed",
        "kinds": [
          "stud",
          "stud_receptacle"
        ],
        "sources": [
          "ldcad_shadow",
          "ldcad_shadow"
        ],
        "confidence": [
          1.0,
          1.0
        ],
        "feature_ids": [
          "stud@R68/studC",
          "snap_cyl@L8:I12"
        ],
        "residual": {
          "distance": 0.0,
          "axial_gap": 0.0,
          "alignment": 1.0,
          "roll_alignment": 1.0,
          "entry_face_gap": 0.0,
          "penetration": 12.0
        }
      },
      {
        "instances": [
          3,
          13
        ],
        "status": "confirmed",
        "kinds": [
          "stud",
          "stud_receptacle"
        ],
        "sources": [
          "ldcad_shadow",
          "ldcad_shadow"
        ],
        "confidence": [
          1.0,
          1.0
        ],
        "feature_ids": [
          "stud@R79/studC",
          "snap_cyl@L8:I15"
        ],
        "residual": {
          "distance": 0.0,
          "axial_gap": 0.0,
          "alignment": 1.0,
          "roll_alignment": 1.0,
          "entry_face_gap": 0.0,
          "penetration": 12.0
        }
      },
      {
        "instances": [
          3,
          13
        ],
        "status": "confirmed",
        "kinds": [
          "stud",
          "stud_receptacle"
        ],
        "sources": [
          "ldcad_shadow",
          "ldcad_shadow"
        ],
        "confidence": [
          1.0,
          1.0
        ],
        "feature_ids": [
          "stud@R80/studC",
          "snap_cyl@L8:I14"
        ],
        "residual": {
          "distance": 0.0,
          "axial_gap": 0.0,
          "alignment": 1.0,
          "roll_alignment": 1.0,
          "entry_face_gap": 0.0,
          "penetration": 12.0
        }
      },
      {
        "instances": [
          3,
          18
        ],
        "status": "confirmed",
        "kinds": [
          "stud",
          "stud_receptacle"
        ],
        "sources": [
          "ldcad_shadow",
          "ldcad_shadow"
        ],
        "confidence": [
          1.0,
          1.0
        ],
        "feature_ids": [
          "stud@R105/studC",
          "snap_cyl@L8:I59"
        ],
        "residual": {
          "distance": 0.0,
          "axial_gap": 0.0,
          "alignment": 1.0,
          "roll_alignment": 1.0,
          "entry_face_gap": 0.0,
          "penetration": 12.0
        }
      },
      {
        "instances": [
          3,
          18
        ],
        "status": "confirmed",
        "kinds": [
          "stud",
          "stud_receptacle"
        ],
        "sources": [
          "ldcad_shadow",
          "ldcad_shadow"
        ],
        "confidence": [
          1.0,
          1.0
        ],
        "feature_ids": [
          "stud@R106/studC",
          "snap_cyl@L8:I53"
        ],
        "residual": {
          "distance": 0.0,
          "axial_gap": 0.0,
          "alignment": 1.0,
          "roll_alignment": 1.0,
          "entry_face_gap": 0.0,
          "penetration": 12.0
        }
      },
      {
        "instances": [
          3,
          18
        ],
        "status": "confirmed",
        "kinds": [
          "stud",
          "stud_receptacle"
        ],
        "sources": [
          "ldcad_shadow",
          "ldcad_shadow"
        ],
        "confidence": [
          1.0,
          1.0
        ],
        "feature_ids": [
          "stud@R107/studC",
          "snap_cyl@L8:I47"
        ],
        "residual": {
          "distance": 0.0,
          "axial_gap": 0.0,
          "alignment": 1.0,
          "roll_alignment": 1.0,
          "entry_face_gap": 0.0,
          "penetration": 12.0
        }
      },
      {
        "instances": [
          3,
          18
        ],
        "status": "confirmed",
        "kinds": [
          "stud",
          "stud_receptacle"
        ],
        "sources": [
          "ldcad_shadow",
          "ldcad_shadow"
        ],
        "confidence": [
          1.0,
          1.0
        ],
        "feature_ids": [
          "stud@R108/studC",
          "snap_cyl@L8:I41"
        ],
        "residual": {
          "distance": 0.0,
          "axial_gap": 0.0,
          "alignment": 1.0,
          "roll_alignment": 1.0,
          "entry_face_gap": 0.0,
          "penetration": 12.0
        }
      },
      {
        "instances": [
          3,
          18
        ],
        "status": "confirmed",
        "kinds": [
          "stud",
          "stud_receptacle"
        ],
        "sources": [
          "ldcad_shadow",
          "ldcad_shadow"
        ],
        "confidence": [
          1.0,
          1.0
        ],
        "feature_ids": [
          "stud@R109/studC",
          "snap_cyl@L8:I35"
        ],
        "residual": {
          "distance": 0.0,
          "axial_gap": 0.0,
          "alignment": 1.0,
          "roll_alignment": 1.0,
          "entry_face_gap": 0.0,
          "penetration": 12.0
        }
      },
      {
        "instances": [
          3,
          18
        ],
        "status": "confirmed",
        "kinds": [
          "stud",
          "stud_receptacle"
        ],
        "sources": [
          "ldcad_shadow",
          "ldcad_shadow"
        ],
        "confidence": [
          1.0,
          1.0
        ],
        "feature_ids": [
          "stud@R110/studC",
          "snap_cyl@L8:I29"
        ],
        "residual": {
          "distance": 0.0,
          "axial_gap": 0.0,
          "alignment": 1.0,
          "roll_alignment": 1.0,
          "entry_face_gap": 0.0,
          "penetration": 12.0
        }
      },
      {
        "instances": [
          3,
          18
        ],
        "status": "confirmed",
        "kinds": [
          "stud",
          "stud_receptacle"
        ],
        "sources": [
          "ldcad_shadow",
          "ldcad_shadow"
        ],
        "confidence": [
          1.0,
          1.0
        ],
        "feature_ids": [
          "stud@R111/studC",
          "snap_cyl@L8:I23"
        ],
        "residual": {
          "distance": 0.0,
          "axial_gap": 0.0,
          "alignment": 1.0,
          "roll_alignment": 1.0,
          "entry_face_gap": 0.0,
          "penetration": 12.0
        }
      },
      {
        "instances": [
          3,
          18
        ],
        "status": "confirmed",
        "kinds": [
          "stud",
          "stud_receptacle"
        ],
        "sources": [
          "ldcad_shadow",
          "ldcad_shadow"
        ],
        "confidence": [
          1.0,
          1.0
        ],
        "feature_ids": [
          "stud@R112/studC",
          "snap_cyl@L8:I17"
        ],
        "residual": {
          "distance": 0.0,
          "axial_gap": 0.0,
          "alignment": 1.0,
          "roll_alignment": 1.0,
          "entry_face_gap": 0.0,
          "penetration": 12.0
        }
      },
      {
        "instances": [
          3,
          18
        ],
        "status": "confirmed",
        "kinds": [
          "stud",
          "stud_receptacle"
        ],
        "sources": [
          "ldcad_shadow",
          "ldcad_shadow"
        ],
        "confidence": [
          1.0,
          1.0
        ],
        "feature_ids": [
          "stud@R113/studC",
          "snap_cyl@L8:I11"
        ],
        "residual": {
          "distance": 0.0,
          "axial_gap": 0.0,
          "alignment": 1.0,
          "roll_alignment": 1.0,
          "entry_face_gap": 0.0,
          "penetration": 12.0
        }
      },
      {
        "instances": [
          3,
          18
        ],
        "status": "confirmed",
        "kinds": [
          "stud",
          "stud_receptacle"
        ],
        "sources": [
          "ldcad_shadow",
          "ldcad_shadow"
        ],
        "confidence": [
          1.0,
          1.0
        ],
        "feature_ids": [
          "stud@R114/studC",
          "snap_cyl@L8:I5"
        ],
        "residual": {
          "distance": 0.0,
          "axial_gap": 0.0,
          "alignment": 1.0,
          "roll_alignment": 1.0,
          "entry_face_gap": 0.0,
          "penetration": 12.0
        }
      },
      {
        "instances": [
          3,
          18
        ],
        "status": "confirmed",
        "kinds": [
          "stud",
          "stud_receptacle"
        ],
        "sources": [
          "ldcad_shadow",
          "ldcad_shadow"
        ],
        "confidence": [
          1.0,
          1.0
        ],
        "feature_ids": [
          "stud@R117/studC",
          "snap_cyl@L8:I58"
        ],
        "residual": {
          "distance": 0.0,
          "axial_gap": 0.0,
          "alignment": 1.0,
          "roll_alignment": 1.0,
          "entry_face_gap": 0.0,
          "penetration": 12.0
        }
      },
      {
        "instances": [
          3,
          18
        ],
        "status": "confirmed",
        "kinds": [
          "stud",
          "stud_receptacle"
        ],
        "sources": [
          "ldcad_shadow",
          "ldcad_shadow"
        ],
        "confidence": [
          1.0,
          1.0
        ],
        "feature_ids": [
          "stud@R118/studC",
          "snap_cyl@L8:I52"
        ],
        "residual": {
          "distance": 0.0,
          "axial_gap": 0.0,
          "alignment": 1.0,
          "roll_alignment": 1.0,
          "entry_face_gap": 0.0,
          "penetration": 12.0
        }
      },
      {
        "instances": [
          3,
          18
        ],
        "status": "confirmed",
        "kinds": [
          "stud",
          "stud_receptacle"
        ],
        "sources": [
          "ldcad_shadow",
          "ldcad_shadow"
        ],
        "confidence": [
          1.0,
          1.0
        ],
        "feature_ids": [
          "stud@R119/studC",
          "snap_cyl@L8:I46"
        ],
        "residual": {
          "distance": 0.0,
          "axial_gap": 0.0,
          "alignment": 1.0,
          "roll_alignment": 1.0,
          "entry_face_gap": 0.0,
          "penetration": 12.0
        }
      },
      {
        "instances": [
          3,
          18
        ],
        "status": "confirmed",
        "kinds": [
          "stud",
          "stud_receptacle"
        ],
        "sources": [
          "ldcad_shadow",
          "ldcad_shadow"
        ],
        "confidence": [
          1.0,
          1.0
        ],
        "feature_ids": [
          "stud@R120/studC",
          "snap_cyl@L8:I40"
        ],
        "residual": {
          "distance": 0.0,
          "axial_gap": 0.0,
          "alignment": 1.0,
          "roll_alignment": 1.0,
          "entry_face_gap": 0.0,
          "penetration": 12.0
        }
      },
      {
        "instances": [
          3,
          18
        ],
        "status": "confirmed",
        "kinds": [
          "stud",
          "stud_receptacle"
        ],
        "sources": [
          "ldcad_shadow",
          "ldcad_shadow"
        ],
        "confidence": [
          1.0,
          1.0
        ],
        "feature_ids": [
          "stud@R121/studC",
          "snap_cyl@L8:I34"
        ],
        "residual": {
          "distance": 0.0,
          "axial_gap": 0.0,
          "alignment": 1.0,
          "roll_alignment": 1.0,
          "entry_face_gap": 0.0,
          "penetration": 12.0
        }
      },
      {
        "instances": [
          3,
          18
        ],
        "status": "confirmed",
        "kinds": [
          "stud",
          "stud_receptacle"
        ],
        "sources": [
          "ldcad_shadow",
          "ldcad_shadow"
        ],
        "confidence": [
          1.0,
          1.0
        ],
        "feature_ids": [
          "stud@R122/studC",
          "snap_cyl@L8:I28"
        ],
        "residual": {
          "distance": 0.0,
          "axial_gap": 0.0,
          "alignment": 1.0,
          "roll_alignment": 1.0,
          "entry_face_gap": 0.0,
          "penetration": 12.0
        }
      },
      {
        "instances": [
          3,
          18
        ],
        "status": "confirmed",
        "kinds": [
          "stud",
          "stud_receptacle"
        ],
        "sources": [
          "ldcad_shadow",
          "ldcad_shadow"
        ],
        "confidence": [
          1.0,
          1.0
        ],
        "feature_ids": [
          "stud@R123/studC",
          "snap_cyl@L8:I22"
        ],
        "residual": {
          "distance": 0.0,
          "axial_gap": 0.0,
          "alignment": 1.0,
          "roll_alignment": 1.0,
          "entry_face_gap": 0.0,
          "penetration": 12.0
        }
      },
      {
        "instances": [
          3,
          18
        ],
        "status": "confirmed",
        "kinds": [
          "stud",
          "stud_receptacle"
        ],
        "sources": [
          "ldcad_shadow",
          "ldcad_shadow"
        ],
        "confidence": [
          1.0,
          1.0
        ],
        "feature_ids": [
          "stud@R124/studC",
          "snap_cyl@L8:I16"
        ],
        "residual": {
          "distance": 0.0,
          "axial_gap": 0.0,
          "alignment": 1.0,
          "roll_alignment": 1.0,
          "entry_face_gap": 0.0,
          "penetration": 12.0
        }
      },
      {
        "instances": [
          3,
          18
        ],
        "status": "confirmed",
        "kinds": [
          "stud",
          "stud_receptacle"
        ],
        "sources": [
          "ldcad_shadow",
          "ldcad_shadow"
        ],
        "confidence": [
          1.0,
          1.0
        ],
        "feature_ids": [
          "stud@R125/studC",
          "snap_cyl@L8:I10"
        ],
        "residual": {
          "distance": 0.0,
          "axial_gap": 0.0,
          "alignment": 1.0,
          "roll_alignment": 1.0,
          "entry_face_gap": 0.0,
          "penetration": 12.0
        }
      },
      {
        "instances": [
          3,
          18
        ],
        "status": "confirmed",
        "kinds": [
          "stud",
          "stud_receptacle"
        ],
        "sources": [
          "ldcad_shadow",
          "ldcad_shadow"
        ],
        "confidence": [
          1.0,
          1.0
        ],
        "feature_ids": [
          "stud@R126/studC",
          "snap_cyl@L8:I4"
        ],
        "residual": {
          "distance": 0.0,
          "axial_gap": 0.0,
          "alignment": 1.0,
          "roll_alignment": 1.0,
          "entry_face_gap": 0.0,
          "penetration": 12.0
        }
      },
      {
        "instances": [
          3,
          20
        ],
        "status": "confirmed",
        "kinds": [
          "stud",
          "stud_receptacle"
        ],
        "sources": [
          "ldcad_shadow",
          "ldcad_shadow"
        ],
        "confidence": [
          1.0,
          1.0
        ],
        "feature_ids": [
          "stud@R100/studC",
          "snap_cyl@L8:I12"
        ],
        "residual": {
          "distance": 0.0,
          "axial_gap": 0.0,
          "alignment": 1.0,
          "roll_alignment": 1.0,
          "entry_face_gap": 0.0,
          "penetration": 12.0
        }
      },
      {
        "instances": [
          3,
          20
        ],
        "status": "confirmed",
        "kinds": [
          "stud",
          "stud_receptacle"
        ],
        "sources": [
          "ldcad_shadow",
          "ldcad_shadow"
        ],
        "confidence": [
          1.0,
          1.0
        ],
        "feature_ids": [
          "stud@R101/studC",
          "snap_cyl@L8:I6"
        ],
        "residual": {
          "distance": 0.0,
          "axial_gap": 0.0,
          "alignment": 1.0,
          "roll_alignment": 1.0,
          "entry_face_gap": 0.0,
          "penetration": 12.0
        }
      },
      {
        "instances": [
          3,
          20
        ],
        "status": "confirmed",
        "kinds": [
          "stud",
          "stud_receptacle"
        ],
        "sources": [
          "ldcad_shadow",
          "ldcad_shadow"
        ],
        "confidence": [
          1.0,
          1.0
        ],
        "feature_ids": [
          "stud@R102/studC",
          "snap_cyl@L8:I0"
        ],
        "residual": {
          "distance": 0.0,
          "axial_gap": 0.0,
          "alignment": 1.0,
          "roll_alignment": 1.0,
          "entry_face_gap": 0.0,
          "penetration": 12.0
        }
      },
      {
        "instances": [
          3,
          20
        ],
        "status": "confirmed",
        "kinds": [
          "stud",
          "stud_receptacle"
        ],
        "sources": [
          "ldcad_shadow",
          "ldcad_shadow"
        ],
        "confidence": [
          1.0,
          1.0
        ],
        "feature_ids": [
          "stud@R57/studC",
          "snap_cyl@L8:I57"
        ],
        "residual": {
          "distance": 0.0,
          "axial_gap": 0.0,
          "alignment": 1.0,
          "roll_alignment": 1.0,
          "entry_face_gap": 0.0,
          "penetration": 12.0
        }
      },
      {
        "instances": [
          3,
          20
        ],
        "status": "confirmed",
        "kinds": [
          "stud",
          "stud_receptacle"
        ],
        "sources": [
          "ldcad_shadow",
          "ldcad_shadow"
        ],
        "confidence": [
          1.0,
          1.0
        ],
        "feature_ids": [
          "stud@R58/studC",
          "snap_cyl@L8:I51"
        ],
        "residual": {
          "distance": 0.0,
          "axial_gap": 0.0,
          "alignment": 1.0,
          "roll_alignment": 1.0,
          "entry_face_gap": 0.0,
          "penetration": 12.0
        }
      },
      {
        "instances": [
          3,
          20
        ],
        "status": "confirmed",
        "kinds": [
          "stud",
          "stud_receptacle"
        ],
        "sources": [
          "ldcad_shadow",
          "ldcad_shadow"
        ],
        "confidence": [
          1.0,
          1.0
        ],
        "feature_ids": [
          "stud@R59/studC",
          "snap_cyl@L8:I45"
        ],
        "residual": {
          "distance": 0.0,
          "axial_gap": 0.0,
          "alignment": 1.0,
          "roll_alignment": 1.0,
          "entry_face_gap": 0.0,
          "penetration": 12.0
        }
      },
      {
        "instances": [
          3,
          20
        ],
        "status": "confirmed",
        "kinds": [
          "stud",
          "stud_receptacle"
        ],
        "sources": [
          "ldcad_shadow",
          "ldcad_shadow"
        ],
        "confidence": [
          1.0,
          1.0
        ],
        "feature_ids": [
          "stud@R60/studC",
          "snap_cyl@L8:I39"
        ],
        "residual": {
          "distance": 0.0,
          "axial_gap": 0.0,
          "alignment": 1.0,
          "roll_alignment": 1.0,
          "entry_face_gap": 0.0,
          "penetration": 12.0
        }
      },
      {
        "instances": [
          3,
          20
        ],
        "status": "confirmed",
        "kinds": [
          "stud",
          "stud_receptacle"
        ],
        "sources": [
          "ldcad_shadow",
          "ldcad_shadow"
        ],
        "confidence": [
          1.0,
          1.0
        ],
        "feature_ids": [
          "stud@R61/studC",
          "snap_cyl@L8:I33"
        ],
        "residual": {
          "distance": 0.0,
          "axial_gap": 0.0,
          "alignment": 1.0,
          "roll_alignment": 1.0,
          "entry_face_gap": 0.0,
          "penetration": 12.0
        }
      },
      {
        "instances": [
          3,
          20
        ],
        "status": "confirmed",
        "kinds": [
          "stud",
          "stud_receptacle"
        ],
        "sources": [
          "ldcad_shadow",
          "ldcad_shadow"
        ],
        "confidence": [
          1.0,
          1.0
        ],
        "feature_ids": [
          "stud@R62/studC",
          "snap_cyl@L8:I27"
        ],
        "residual": {
          "distance": 0.0,
          "axial_gap": 0.0,
          "alignment": 1.0,
          "roll_alignment": 1.0,
          "entry_face_gap": 0.0,
          "penetration": 12.0
        }
      },
      {
        "instances": [
          3,
          20
        ],
        "status": "confirmed",
        "kinds": [
          "stud",
          "stud_receptacle"
        ],
        "sources": [
          "ldcad_shadow",
          "ldcad_shadow"
        ],
        "confidence": [
          1.0,
          1.0
        ],
        "feature_ids": [
          "stud@R63/studC",
          "snap_cyl@L8:I21"
        ],
        "residual": {
          "distance": 0.0,
          "axial_gap": 0.0,
          "alignment": 1.0,
          "roll_alignment": 1.0,
          "entry_face_gap": 0.0,
          "penetration": 12.0
        }
      },
      {
        "instances": [
          3,
          20
        ],
        "status": "confirmed",
        "kinds": [
          "stud",
          "stud_receptacle"
        ],
        "sources": [
          "ldcad_shadow",
          "ldcad_shadow"
        ],
        "confidence": [
          1.0,
          1.0
        ],
        "feature_ids": [
          "stud@R64/studC",
          "snap_cyl@L8:I15"
        ],
        "residual": {
          "distance": 0.0,
          "axial_gap": 0.0,
          "alignment": 1.0,
          "roll_alignment": 1.0,
          "entry_face_gap": 0.0,
          "penetration": 12.0
        }
      },
      {
        "instances": [
          3,
          20
        ],
        "status": "confirmed",
        "kinds": [
          "stud",
          "stud_receptacle"
        ],
        "sources": [
          "ldcad_shadow",
          "ldcad_shadow"
        ],
        "confidence": [
          1.0,
          1.0
        ],
        "feature_ids": [
          "stud@R65/studC",
          "snap_cyl@L8:I9"
        ],
        "residual": {
          "distance": 0.0,
          "axial_gap": 0.0,
          "alignment": 1.0,
          "roll_alignment": 1.0,
          "entry_face_gap": 0.0,
          "penetration": 12.0
        }
      },
      {
        "instances": [
          3,
          20
        ],
        "status": "confirmed",
        "kinds": [
          "stud",
          "stud_receptacle"
        ],
        "sources": [
          "ldcad_shadow",
          "ldcad_shadow"
        ],
        "confidence": [
          1.0,
          1.0
        ],
        "feature_ids": [
          "stud@R66/studC",
          "snap_cyl@L8:I3"
        ],
        "residual": {
          "distance": 0.0,
          "axial_gap": 0.0,
          "alignment": 1.0,
          "roll_alignment": 1.0,
          "entry_face_gap": 0.0,
          "penetration": 12.0
        }
      },
      {
        "instances": [
          3,
          20
        ],
        "status": "confirmed",
        "kinds": [
          "stud",
          "stud_receptacle"
        ],
        "sources": [
          "ldcad_shadow",
          "ldcad_shadow"
        ],
        "confidence": [
          1.0,
          1.0
        ],
        "feature_ids": [
          "stud@R69/studC",
          "snap_cyl@L8:I56"
        ],
        "residual": {
          "distance": 0.0,
          "axial_gap": 0.0,
          "alignment": 1.0,
          "roll_alignment": 1.0,
          "entry_face_gap": 0.0,
          "penetration": 12.0
        }
      },
      {
        "instances": [
          3,
          20
        ],
        "status": "confirmed",
        "kinds": [
          "stud",
          "stud_receptacle"
        ],
        "sources": [
          "ldcad_shadow",
          "ldcad_shadow"
        ],
        "confidence": [
          1.0,
          1.0
        ],
        "feature_ids": [
          "stud@R70/studC",
          "snap_cyl@L8:I50"
        ],
        "residual": {
          "distance": 0.0,
          "axial_gap": 0.0,
          "alignment": 1.0,
          "roll_alignment": 1.0,
          "entry_face_gap": 0.0,
          "penetration": 12.0
        }
      },
      {
        "instances": [
          3,
          20
        ],
        "status": "confirmed",
        "kinds": [
          "stud",
          "stud_receptacle"
        ],
        "sources": [
          "ldcad_shadow",
          "ldcad_shadow"
        ],
        "confidence": [
          1.0,
          1.0
        ],
        "feature_ids": [
          "stud@R71/studC",
          "snap_cyl@L8:I44"
        ],
        "residual": {
          "distance": 0.0,
          "axial_gap": 0.0,
          "alignment": 1.0,
          "roll_alignment": 1.0,
          "entry_face_gap": 0.0,
          "penetration": 12.0
        }
      },
      {
        "instances": [
          3,
          20
        ],
        "status": "confirmed",
        "kinds": [
          "stud",
          "stud_receptacle"
        ],
        "sources": [
          "ldcad_shadow",
          "ldcad_shadow"
        ],
        "confidence": [
          1.0,
          1.0
        ],
        "feature_ids": [
          "stud@R72/studC",
          "snap_cyl@L8:I38"
        ],
        "residual": {
          "distance": 0.0,
          "axial_gap": 0.0,
          "alignment": 1.0,
          "roll_alignment": 1.0,
          "entry_face_gap": 0.0,
          "penetration": 12.0
        }
      },
      {
        "instances": [
          3,
          20
        ],
        "status": "confirmed",
        "kinds": [
          "stud",
          "stud_receptacle"
        ],
        "sources": [
          "ldcad_shadow",
          "ldcad_shadow"
        ],
        "confidence": [
          1.0,
          1.0
        ],
        "feature_ids": [
          "stud@R73/studC",
          "snap_cyl@L8:I32"
        ],
        "residual": {
          "distance": 0.0,
          "axial_gap": 0.0,
          "alignment": 1.0,
          "roll_alignment": 1.0,
          "entry_face_gap": 0.0,
          "penetration": 12.0
        }
      },
      {
        "instances": [
          3,
          20
        ],
        "status": "confirmed",
        "kinds": [
          "stud",
          "stud_receptacle"
        ],
        "sources": [
          "ldcad_shadow",
          "ldcad_shadow"
        ],
        "confidence": [
          1.0,
          1.0
        ],
        "feature_ids": [
          "stud@R74/studC",
          "snap_cyl@L8:I26"
        ],
        "residual": {
          "distance": 0.0,
          "axial_gap": 0.0,
          "alignment": 1.0,
          "roll_alignment": 1.0,
          "entry_face_gap": 0.0,
          "penetration": 12.0
        }
      },
      {
        "instances": [
          3,
          20
        ],
        "status": "confirmed",
        "kinds": [
          "stud",
          "stud_receptacle"
        ],
        "sources": [
          "ldcad_shadow",
          "ldcad_shadow"
        ],
        "confidence": [
          1.0,
          1.0
        ],
        "feature_ids": [
          "stud@R75/studC",
          "snap_cyl@L8:I20"
        ],
        "residual": {
          "distance": 0.0,
          "axial_gap": 0.0,
          "alignment": 1.0,
          "roll_alignment": 1.0,
          "entry_face_gap": 0.0,
          "penetration": 12.0
        }
      },
      {
        "instances": [
          3,
          20
        ],
        "status": "confirmed",
        "kinds": [
          "stud",
          "stud_receptacle"
        ],
        "sources": [
          "ldcad_shadow",
          "ldcad_shadow"
        ],
        "confidence": [
          1.0,
          1.0
        ],
        "feature_ids": [
          "stud@R76/studC",
          "snap_cyl@L8:I14"
        ],
        "residual": {
          "distance": 0.0,
          "axial_gap": 0.0,
          "alignment": 1.0,
          "roll_alignment": 1.0,
          "entry_face_gap": 0.0,
          "penetration": 12.0
        }
      },
      {
        "instances": [
          3,
          20
        ],
        "status": "confirmed",
        "kinds": [
          "stud",
          "stud_receptacle"
        ],
        "sources": [
          "ldcad_shadow",
          "ldcad_shadow"
        ],
        "confidence": [
          1.0,
          1.0
        ],
        "feature_ids": [
          "stud@R77/studC",
          "snap_cyl@L8:I8"
        ],
        "residual": {
          "distance": 0.0,
          "axial_gap": 0.0,
          "alignment": 1.0,
          "roll_alignment": 1.0,
          "entry_face_gap": 0.0,
          "penetration": 12.0
        }
      },
      {
        "instances": [
          3,
          20
        ],
        "status": "confirmed",
        "kinds": [
          "stud",
          "stud_receptacle"
        ],
        "sources": [
          "ldcad_shadow",
          "ldcad_shadow"
        ],
        "confidence": [
          1.0,
          1.0
        ],
        "feature_ids": [
          "stud@R78/studC",
          "snap_cyl@L8:I2"
        ],
        "residual": {
          "distance": 0.0,
          "axial_gap": 0.0,
          "alignment": 1.0,
          "roll_alignment": 1.0,
          "entry_face_gap": 0.0,
          "penetration": 12.0
        }
      },
      {
        "instances": [
          3,
          20
        ],
        "status": "confirmed",
        "kinds": [
          "stud",
          "stud_receptacle"
        ],
        "sources": [
          "ldcad_shadow",
          "ldcad_shadow"
        ],
        "confidence": [
          1.0,
          1.0
        ],
        "feature_ids": [
          "stud@R81/studC",
          "snap_cyl@L8:I55"
        ],
        "residual": {
          "distance": 0.0,
          "axial_gap": 0.0,
          "alignment": 1.0,
          "roll_alignment": 1.0,
          "entry_face_gap": 0.0,
          "penetration": 12.0
        }
      },
      {
        "instances": [
          3,
          20
        ],
        "status": "confirmed",
        "kinds": [
          "stud",
          "stud_receptacle"
        ],
        "sources": [
          "ldcad_shadow",
          "ldcad_shadow"
        ],
        "confidence": [
          1.0,
          1.0
        ],
        "feature_ids": [
          "stud@R82/studC",
          "snap_cyl@L8:I49"
        ],
        "residual": {
          "distance": 0.0,
          "axial_gap": 0.0,
          "alignment": 1.0,
          "roll_alignment": 1.0,
          "entry_face_gap": 0.0,
          "penetration": 12.0
        }
      },
      {
        "instances": [
          3,
          20
        ],
        "status": "confirmed",
        "kinds": [
          "stud",
          "stud_receptacle"
        ],
        "sources": [
          "ldcad_shadow",
          "ldcad_shadow"
        ],
        "confidence": [
          1.0,
          1.0
        ],
        "feature_ids": [
          "stud@R83/studC",
          "snap_cyl@L8:I43"
        ],
        "residual": {
          "distance": 0.0,
          "axial_gap": 0.0,
          "alignment": 1.0,
          "roll_alignment": 1.0,
          "entry_face_gap": 0.0,
          "penetration": 12.0
        }
      },
      {
        "instances": [
          3,
          20
        ],
        "status": "confirmed",
        "kinds": [
          "stud",
          "stud_receptacle"
        ],
        "sources": [
          "ldcad_shadow",
          "ldcad_shadow"
        ],
        "confidence": [
          1.0,
          1.0
        ],
        "feature_ids": [
          "stud@R84/studC",
          "snap_cyl@L8:I37"
        ],
        "residual": {
          "distance": 0.0,
          "axial_gap": 0.0,
          "alignment": 1.0,
          "roll_alignment": 1.0,
          "entry_face_gap": 0.0,
          "penetration": 12.0
        }
      },
      {
        "instances": [
          3,
          20
        ],
        "status": "confirmed",
        "kinds": [
          "stud",
          "stud_receptacle"
        ],
        "sources": [
          "ldcad_shadow",
          "ldcad_shadow"
        ],
        "confidence": [
          1.0,
          1.0
        ],
        "feature_ids": [
          "stud@R85/studC",
          "snap_cyl@L8:I31"
        ],
        "residual": {
          "distance": 0.0,
          "axial_gap": 0.0,
          "alignment": 1.0,
          "roll_alignment": 1.0,
          "entry_face_gap": 0.0,
          "penetration": 12.0
        }
      },
      {
        "instances": [
          3,
          20
        ],
        "status": "confirmed",
        "kinds": [
          "stud",
          "stud_receptacle"
        ],
        "sources": [
          "ldcad_shadow",
          "ldcad_shadow"
        ],
        "confidence": [
          1.0,
          1.0
        ],
        "feature_ids": [
          "stud@R86/studC",
          "snap_cyl@L8:I25"
        ],
        "residual": {
          "distance": 0.0,
          "axial_gap": 0.0,
          "alignment": 1.0,
          "roll_alignment": 1.0,
          "entry_face_gap": 0.0,
          "penetration": 12.0
        }
      },
      {
        "instances": [
          3,
          20
        ],
        "status": "confirmed",
        "kinds": [
          "stud",
          "stud_receptacle"
        ],
        "sources": [
          "ldcad_shadow",
          "ldcad_shadow"
        ],
        "confidence": [
          1.0,
          1.0
        ],
        "feature_ids": [
          "stud@R87/studC",
          "snap_cyl@L8:I19"
        ],
        "residual": {
          "distance": 0.0,
          "axial_gap": 0.0,
          "alignment": 1.0,
          "roll_alignment": 1.0,
          "entry_face_gap": 0.0,
          "penetration": 12.0
        }
      },
      {
        "instances": [
          3,
          20
        ],
        "status": "confirmed",
        "kinds": [
          "stud",
          "stud_receptacle"
        ],
        "sources": [
          "ldcad_shadow",
          "ldcad_shadow"
        ],
        "confidence": [
          1.0,
          1.0
        ],
        "feature_ids": [
          "stud@R88/studC",
          "snap_cyl@L8:I13"
        ],
        "residual": {
          "distance": 0.0,
          "axial_gap": 0.0,
          "alignment": 1.0,
          "roll_alignment": 1.0,
          "entry_face_gap": 0.0,
          "penetration": 12.0
        }
      },
      {
        "instances": [
          3,
          20
        ],
        "status": "confirmed",
        "kinds": [
          "stud",
          "stud_receptacle"
        ],
        "sources": [
          "ldcad_shadow",
          "ldcad_shadow"
        ],
        "confidence": [
          1.0,
          1.0
        ],
        "feature_ids": [
          "stud@R89/studC",
          "snap_cyl@L8:I7"
        ],
        "residual": {
          "distance": 0.0,
          "axial_gap": 0.0,
          "alignment": 1.0,
          "roll_alignment": 1.0,
          "entry_face_gap": 0.0,
          "penetration": 12.0
        }
      },
      {
        "instances": [
          3,
          20
        ],
        "status": "confirmed",
        "kinds": [
          "stud",
          "stud_receptacle"
        ],
        "sources": [
          "ldcad_shadow",
          "ldcad_shadow"
        ],
        "confidence": [
          1.0,
          1.0
        ],
        "feature_ids": [
          "stud@R90/studC",
          "snap_cyl@L8:I1"
        ],
        "residual": {
          "distance": 0.0,
          "axial_gap": 0.0,
          "alignment": 1.0,
          "roll_alignment": 1.0,
          "entry_face_gap": 0.0,
          "penetration": 12.0
        }
      },
      {
        "instances": [
          3,
          20
        ],
        "status": "confirmed",
        "kinds": [
          "stud",
          "stud_receptacle"
        ],
        "sources": [
          "ldcad_shadow",
          "ldcad_shadow"
        ],
        "confidence": [
          1.0,
          1.0
        ],
        "feature_ids": [
          "stud@R93/studC",
          "snap_cyl@L8:I54"
        ],
        "residual": {
          "distance": 0.0,
          "axial_gap": 0.0,
          "alignment": 1.0,
          "roll_alignment": 1.0,
          "entry_face_gap": 0.0,
          "penetration": 12.0
        }
      },
      {
        "instances": [
          3,
          20
        ],
        "status": "confirmed",
        "kinds": [
          "stud",
          "stud_receptacle"
        ],
        "sources": [
          "ldcad_shadow",
          "ldcad_shadow"
        ],
        "confidence": [
          1.0,
          1.0
        ],
        "feature_ids": [
          "stud@R94/studC",
          "snap_cyl@L8:I48"
        ],
        "residual": {
          "distance": 0.0,
          "axial_gap": 0.0,
          "alignment": 1.0,
          "roll_alignment": 1.0,
          "entry_face_gap": 0.0,
          "penetration": 12.0
        }
      },
      {
        "instances": [
          3,
          20
        ],
        "status": "confirmed",
        "kinds": [
          "stud",
          "stud_receptacle"
        ],
        "sources": [
          "ldcad_shadow",
          "ldcad_shadow"
        ],
        "confidence": [
          1.0,
          1.0
        ],
        "feature_ids": [
          "stud@R95/studC",
          "snap_cyl@L8:I42"
        ],
        "residual": {
          "distance": 0.0,
          "axial_gap": 0.0,
          "alignment": 1.0,
          "roll_alignment": 1.0,
          "entry_face_gap": 0.0,
          "penetration": 12.0
        }
      },
      {
        "instances": [
          3,
          20
        ],
        "status": "confirmed",
        "kinds": [
          "stud",
          "stud_receptacle"
        ],
        "sources": [
          "ldcad_shadow",
          "ldcad_shadow"
        ],
        "confidence": [
          1.0,
          1.0
        ],
        "feature_ids": [
          "stud@R96/studC",
          "snap_cyl@L8:I36"
        ],
        "residual": {
          "distance": 0.0,
          "axial_gap": 0.0,
          "alignment": 1.0,
          "roll_alignment": 1.0,
          "entry_face_gap": 0.0,
          "penetration": 12.0
        }
      },
      {
        "instances": [
          3,
          20
        ],
        "status": "confirmed",
        "kinds": [
          "stud",
          "stud_receptacle"
        ],
        "sources": [
          "ldcad_shadow",
          "ldcad_shadow"
        ],
        "confidence": [
          1.0,
          1.0
        ],
        "feature_ids": [
          "stud@R97/studC",
          "snap_cyl@L8:I30"
        ],
        "residual": {
          "distance": 0.0,
          "axial_gap": 0.0,
          "alignment": 1.0,
          "roll_alignment": 1.0,
          "entry_face_gap": 0.0,
          "penetration": 12.0
        }
      },
      {
        "instances": [
          3,
          20
        ],
        "status": "confirmed",
        "kinds": [
          "stud",
          "stud_receptacle"
        ],
        "sources": [
          "ldcad_shadow",
          "ldcad_shadow"
        ],
        "confidence": [
          1.0,
          1.0
        ],
        "feature_ids": [
          "stud@R98/studC",
          "snap_cyl@L8:I24"
        ],
        "residual": {
          "distance": 0.0,
          "axial_gap": 0.0,
          "alignment": 1.0,
          "roll_alignment": 1.0,
          "entry_face_gap": 0.0,
          "penetration": 12.0
        }
      },
      {
        "instances": [
          3,
          20
        ],
        "status": "confirmed",
        "kinds": [
          "stud",
          "stud_receptacle"
        ],
        "sources": [
          "ldcad_shadow",
          "ldcad_shadow"
        ],
        "confidence": [
          1.0,
          1.0
        ],
        "feature_ids": [
          "stud@R99/studC",
          "snap_cyl@L8:I18"
        ],
        "residual": {
          "distance": 0.0,
          "axial_gap": 0.0,
          "alignment": 1.0,
          "roll_alignment": 1.0,
          "entry_face_gap": 0.0,
          "penetration": 12.0
        }
      },
      {
        "instances": [
          4,
          18
        ],
        "status": "confirmed",
        "kinds": [
          "stud",
          "stud_receptacle"
        ],
        "sources": [
          "ldcad_shadow",
          "ldcad_shadow"
        ],
        "confidence": [
          1.0,
          1.0
        ],
        "feature_ids": [
          "stud@R115/studC",
          "snap_cyl@L8:I71"
        ],
        "residual": {
          "distance": 0.0,
          "axial_gap": 0.0,
          "alignment": 1.0,
          "roll_alignment": 1.0,
          "entry_face_gap": 0.0,
          "penetration": 12.0
        }
      },
      {
        "instances": [
          4,
          18
        ],
        "status": "confirmed",
        "kinds": [
          "stud",
          "stud_receptacle"
        ],
        "sources": [
          "ldcad_shadow",
          "ldcad_shadow"
        ],
        "confidence": [
          1.0,
          1.0
        ],
        "feature_ids": [
          "stud@R116/studC",
          "snap_cyl@L8:I65"
        ],
        "residual": {
          "distance": 0.0,
          "axial_gap": 0.0,
          "alignment": 1.0,
          "roll_alignment": 1.0,
          "entry_face_gap": 0.0,
          "penetration": 12.0
        }
      },
      {
        "instances": [
          4,
          18
        ],
        "status": "confirmed",
        "kinds": [
          "stud",
          "stud_receptacle"
        ],
        "sources": [
          "ldcad_shadow",
          "ldcad_shadow"
        ],
        "confidence": [
          1.0,
          1.0
        ],
        "feature_ids": [
          "stud@R127/studC",
          "snap_cyl@L8:I70"
        ],
        "residual": {
          "distance": 0.0,
          "axial_gap": 0.0,
          "alignment": 1.0,
          "roll_alignment": 1.0,
          "entry_face_gap": 0.0,
          "penetration": 12.0
        }
      },
      {
        "instances": [
          4,
          18
        ],
        "status": "confirmed",
        "kinds": [
          "stud",
          "stud_receptacle"
        ],
        "sources": [
          "ldcad_shadow",
          "ldcad_shadow"
        ],
        "confidence": [
          1.0,
          1.0
        ],
        "feature_ids": [
          "stud@R128/studC",
          "snap_cyl@L8:I64"
        ],
        "residual": {
          "distance": 0.0,
          "axial_gap": 0.0,
          "alignment": 1.0,
          "roll_alignment": 1.0,
          "entry_face_gap": 0.0,
          "penetration": 12.0
        }
      },
      {
        "instances": [
          4,
          19
        ],
        "status": "confirmed",
        "kinds": [
          "stud",
          "stud_receptacle"
        ],
        "sources": [
          "ldcad_shadow",
          "ldcad_shadow"
        ],
        "confidence": [
          1.0,
          1.0
        ],
        "feature_ids": [
          "stud@R105/studC",
          "snap_cyl@L8:I59"
        ],
        "residual": {
          "distance": 0.0,
          "axial_gap": 0.0,
          "alignment": 1.0,
          "roll_alignment": 1.0,
          "entry_face_gap": 0.0,
          "penetration": 12.0
        }
      },
      {
        "instances": [
          4,
          19
        ],
        "status": "confirmed",
        "kinds": [
          "stud",
          "stud_receptacle"
        ],
        "sources": [
          "ldcad_shadow",
          "ldcad_shadow"
        ],
        "confidence": [
          1.0,
          1.0
        ],
        "feature_ids": [
          "stud@R106/studC",
          "snap_cyl@L8:I53"
        ],
        "residual": {
          "distance": 0.0,
          "axial_gap": 0.0,
          "alignment": 1.0,
          "roll_alignment": 1.0,
          "entry_face_gap": 0.0,
          "penetration": 12.0
        }
      },
      {
        "instances": [
          4,
          19
        ],
        "status": "confirmed",
        "kinds": [
          "stud",
          "stud_receptacle"
        ],
        "sources": [
          "ldcad_shadow",
          "ldcad_shadow"
        ],
        "confidence": [
          1.0,
          1.0
        ],
        "feature_ids": [
          "stud@R107/studC",
          "snap_cyl@L8:I47"
        ],
        "residual": {
          "distance": 0.0,
          "axial_gap": 0.0,
          "alignment": 1.0,
          "roll_alignment": 1.0,
          "entry_face_gap": 0.0,
          "penetration": 12.0
        }
      },
      {
        "instances": [
          4,
          19
        ],
        "status": "confirmed",
        "kinds": [
          "stud",
          "stud_receptacle"
        ],
        "sources": [
          "ldcad_shadow",
          "ldcad_shadow"
        ],
        "confidence": [
          1.0,
          1.0
        ],
        "feature_ids": [
          "stud@R108/studC",
          "snap_cyl@L8:I41"
        ],
        "residual": {
          "distance": 0.0,
          "axial_gap": 0.0,
          "alignment": 1.0,
          "roll_alignment": 1.0,
          "entry_face_gap": 0.0,
          "penetration": 12.0
        }
      },
      {
        "instances": [
          4,
          19
        ],
        "status": "confirmed",
        "kinds": [
          "stud",
          "stud_receptacle"
        ],
        "sources": [
          "ldcad_shadow",
          "ldcad_shadow"
        ],
        "confidence": [
          1.0,
          1.0
        ],
        "feature_ids": [
          "stud@R109/studC",
          "snap_cyl@L8:I35"
        ],
        "residual": {
          "distance": 0.0,
          "axial_gap": 0.0,
          "alignment": 1.0,
          "roll_alignment": 1.0,
          "entry_face_gap": 0.0,
          "penetration": 12.0
        }
      },
      {
        "instances": [
          4,
          19
        ],
        "status": "confirmed",
        "kinds": [
          "stud",
          "stud_receptacle"
        ],
        "sources": [
          "ldcad_shadow",
          "ldcad_shadow"
        ],
        "confidence": [
          1.0,
          1.0
        ],
        "feature_ids": [
          "stud@R110/studC",
          "snap_cyl@L8:I29"
        ],
        "residual": {
          "distance": 0.0,
          "axial_gap": 0.0,
          "alignment": 1.0,
          "roll_alignment": 1.0,
          "entry_face_gap": 0.0,
          "penetration": 12.0
        }
      },
      {
        "instances": [
          4,
          19
        ],
        "status": "confirmed",
        "kinds": [
          "stud",
          "stud_receptacle"
        ],
        "sources": [
          "ldcad_shadow",
          "ldcad_shadow"
        ],
        "confidence": [
          1.0,
          1.0
        ],
        "feature_ids": [
          "stud@R111/studC",
          "snap_cyl@L8:I23"
        ],
        "residual": {
          "distance": 0.0,
          "axial_gap": 0.0,
          "alignment": 1.0,
          "roll_alignment": 1.0,
          "entry_face_gap": 0.0,
          "penetration": 12.0
        }
      },
      {
        "instances": [
          4,
          19
        ],
        "status": "confirmed",
        "kinds": [
          "stud",
          "stud_receptacle"
        ],
        "sources": [
          "ldcad_shadow",
          "ldcad_shadow"
        ],
        "confidence": [
          1.0,
          1.0
        ],
        "feature_ids": [
          "stud@R112/studC",
          "snap_cyl@L8:I17"
        ],
        "residual": {
          "distance": 0.0,
          "axial_gap": 0.0,
          "alignment": 1.0,
          "roll_alignment": 1.0,
          "entry_face_gap": 0.0,
          "penetration": 12.0
        }
      },
      {
        "instances": [
          4,
          19
        ],
        "status": "confirmed",
        "kinds": [
          "stud",
          "stud_receptacle"
        ],
        "sources": [
          "ldcad_shadow",
          "ldcad_shadow"
        ],
        "confidence": [
          1.0,
          1.0
        ],
        "feature_ids": [
          "stud@R113/studC",
          "snap_cyl@L8:I11"
        ],
        "residual": {
          "distance": 0.0,
          "axial_gap": 0.0,
          "alignment": 1.0,
          "roll_alignment": 1.0,
          "entry_face_gap": 0.0,
          "penetration": 12.0
        }
      },
      {
        "instances": [
          4,
          19
        ],
        "status": "confirmed",
        "kinds": [
          "stud",
          "stud_receptacle"
        ],
        "sources": [
          "ldcad_shadow",
          "ldcad_shadow"
        ],
        "confidence": [
          1.0,
          1.0
        ],
        "feature_ids": [
          "stud@R114/studC",
          "snap_cyl@L8:I5"
        ],
        "residual": {
          "distance": 0.0,
          "axial_gap": 0.0,
          "alignment": 1.0,
          "roll_alignment": 1.0,
          "entry_face_gap": 0.0,
          "penetration": 12.0
        }
      },
      {
        "instances": [
          4,
          19
        ],
        "status": "confirmed",
        "kinds": [
          "stud",
          "stud_receptacle"
        ],
        "sources": [
          "ldcad_shadow",
          "ldcad_shadow"
        ],
        "confidence": [
          1.0,
          1.0
        ],
        "feature_ids": [
          "stud@R117/studC",
          "snap_cyl@L8:I58"
        ],
        "residual": {
          "distance": 0.0,
          "axial_gap": 0.0,
          "alignment": 1.0,
          "roll_alignment": 1.0,
          "entry_face_gap": 0.0,
          "penetration": 12.0
        }
      },
      {
        "instances": [
          4,
          19
        ],
        "status": "confirmed",
        "kinds": [
          "stud",
          "stud_receptacle"
        ],
        "sources": [
          "ldcad_shadow",
          "ldcad_shadow"
        ],
        "confidence": [
          1.0,
          1.0
        ],
        "feature_ids": [
          "stud@R118/studC",
          "snap_cyl@L8:I52"
        ],
        "residual": {
          "distance": 0.0,
          "axial_gap": 0.0,
          "alignment": 1.0,
          "roll_alignment": 1.0,
          "entry_face_gap": 0.0,
          "penetration": 12.0
        }
      },
      {
        "instances": [
          4,
          19
        ],
        "status": "confirmed",
        "kinds": [
          "stud",
          "stud_receptacle"
        ],
        "sources": [
          "ldcad_shadow",
          "ldcad_shadow"
        ],
        "confidence": [
          1.0,
          1.0
        ],
        "feature_ids": [
          "stud@R119/studC",
          "snap_cyl@L8:I46"
        ],
        "residual": {
          "distance": 0.0,
          "axial_gap": 0.0,
          "alignment": 1.0,
          "roll_alignment": 1.0,
          "entry_face_gap": 0.0,
          "penetration": 12.0
        }
      },
      {
        "instances": [
          4,
          19
        ],
        "status": "confirmed",
        "kinds": [
          "stud",
          "stud_receptacle"
        ],
        "sources": [
          "ldcad_shadow",
          "ldcad_shadow"
        ],
        "confidence": [
          1.0,
          1.0
        ],
        "feature_ids": [
          "stud@R120/studC",
          "snap_cyl@L8:I40"
        ],
        "residual": {
          "distance": 0.0,
          "axial_gap": 0.0,
          "alignment": 1.0,
          "roll_alignment": 1.0,
          "entry_face_gap": 0.0,
          "penetration": 12.0
        }
      },
      {
        "instances": [
          4,
          19
        ],
        "status": "confirmed",
        "kinds": [
          "stud",
          "stud_receptacle"
        ],
        "sources": [
          "ldcad_shadow",
          "ldcad_shadow"
        ],
        "confidence": [
          1.0,
          1.0
        ],
        "feature_ids": [
          "stud@R121/studC",
          "snap_cyl@L8:I34"
        ],
        "residual": {
          "distance": 0.0,
          "axial_gap": 0.0,
          "alignment": 1.0,
          "roll_alignment": 1.0,
          "entry_face_gap": 0.0,
          "penetration": 12.0
        }
      },
      {
        "instances": [
          4,
          19
        ],
        "status": "confirmed",
        "kinds": [
          "stud",
          "stud_receptacle"
        ],
        "sources": [
          "ldcad_shadow",
          "ldcad_shadow"
        ],
        "confidence": [
          1.0,
          1.0
        ],
        "feature_ids": [
          "stud@R122/studC",
          "snap_cyl@L8:I28"
        ],
        "residual": {
          "distance": 0.0,
          "axial_gap": 0.0,
          "alignment": 1.0,
          "roll_alignment": 1.0,
          "entry_face_gap": 0.0,
          "penetration": 12.0
        }
      },
      {
        "instances": [
          4,
          19
        ],
        "status": "confirmed",
        "kinds": [
          "stud",
          "stud_receptacle"
        ],
        "sources": [
          "ldcad_shadow",
          "ldcad_shadow"
        ],
        "confidence": [
          1.0,
          1.0
        ],
        "feature_ids": [
          "stud@R123/studC",
          "snap_cyl@L8:I22"
        ],
        "residual": {
          "distance": 0.0,
          "axial_gap": 0.0,
          "alignment": 1.0,
          "roll_alignment": 1.0,
          "entry_face_gap": 0.0,
          "penetration": 12.0
        }
      },
      {
        "instances": [
          4,
          19
        ],
        "status": "confirmed",
        "kinds": [
          "stud",
          "stud_receptacle"
        ],
        "sources": [
          "ldcad_shadow",
          "ldcad_shadow"
        ],
        "confidence": [
          1.0,
          1.0
        ],
        "feature_ids": [
          "stud@R124/studC",
          "snap_cyl@L8:I16"
        ],
        "residual": {
          "distance": 0.0,
          "axial_gap": 0.0,
          "alignment": 1.0,
          "roll_alignment": 1.0,
          "entry_face_gap": 0.0,
          "penetration": 12.0
        }
      },
      {
        "instances": [
          4,
          19
        ],
        "status": "confirmed",
        "kinds": [
          "stud",
          "stud_receptacle"
        ],
        "sources": [
          "ldcad_shadow",
          "ldcad_shadow"
        ],
        "confidence": [
          1.0,
          1.0
        ],
        "feature_ids": [
          "stud@R125/studC",
          "snap_cyl@L8:I10"
        ],
        "residual": {
          "distance": 0.0,
          "axial_gap": 0.0,
          "alignment": 1.0,
          "roll_alignment": 1.0,
          "entry_face_gap": 0.0,
          "penetration": 12.0
        }
      },
      {
        "instances": [
          4,
          19
        ],
        "status": "confirmed",
        "kinds": [
          "stud",
          "stud_receptacle"
        ],
        "sources": [
          "ldcad_shadow",
          "ldcad_shadow"
        ],
        "confidence": [
          1.0,
          1.0
        ],
        "feature_ids": [
          "stud@R126/studC",
          "snap_cyl@L8:I4"
        ],
        "residual": {
          "distance": 0.0,
          "axial_gap": 0.0,
          "alignment": 1.0,
          "roll_alignment": 1.0,
          "entry_face_gap": 0.0,
          "penetration": 12.0
        }
      },
      {
        "instances": [
          4,
          20
        ],
        "status": "confirmed",
        "kinds": [
          "stud",
          "stud_receptacle"
        ],
        "sources": [
          "ldcad_shadow",
          "ldcad_shadow"
        ],
        "confidence": [
          1.0,
          1.0
        ],
        "feature_ids": [
          "stud@R103/studC",
          "snap_cyl@L8:I66"
        ],
        "residual": {
          "distance": 0.0,
          "axial_gap": 0.0,
          "alignment": 1.0,
          "roll_alignment": 1.0,
          "entry_face_gap": 0.0,
          "penetration": 12.0
        }
      },
      {
        "instances": [
          4,
          20
        ],
        "status": "confirmed",
        "kinds": [
          "stud",
          "stud_receptacle"
        ],
        "sources": [
          "ldcad_shadow",
          "ldcad_shadow"
        ],
        "confidence": [
          1.0,
          1.0
        ],
        "feature_ids": [
          "stud@R104/studC",
          "snap_cyl@L8:I60"
        ],
        "residual": {
          "distance": 0.0,
          "axial_gap": 0.0,
          "alignment": 1.0,
          "roll_alignment": 1.0,
          "entry_face_gap": 0.0,
          "penetration": 12.0
        }
      },
      {
        "instances": [
          4,
          20
        ],
        "status": "confirmed",
        "kinds": [
          "stud",
          "stud_receptacle"
        ],
        "sources": [
          "ldcad_shadow",
          "ldcad_shadow"
        ],
        "confidence": [
          1.0,
          1.0
        ],
        "feature_ids": [
          "stud@R67/studC",
          "snap_cyl@L8:I69"
        ],
        "residual": {
          "distance": 0.0,
          "axial_gap": 0.0,
          "alignment": 1.0,
          "roll_alignment": 1.0,
          "entry_face_gap": 0.0,
          "penetration": 12.0
        }
      },
      {
        "instances": [
          4,
          20
        ],
        "status": "confirmed",
        "kinds": [
          "stud",
          "stud_receptacle"
        ],
        "sources": [
          "ldcad_shadow",
          "ldcad_shadow"
        ],
        "confidence": [
          1.0,
          1.0
        ],
        "feature_ids": [
          "stud@R68/studC",
          "snap_cyl@L8:I63"
        ],
        "residual": {
          "distance": 0.0,
          "axial_gap": 0.0,
          "alignment": 1.0,
          "roll_alignment": 1.0,
          "entry_face_gap": 0.0,
          "penetration": 12.0
        }
      },
      {
        "instances": [
          4,
          20
        ],
        "status": "confirmed",
        "kinds": [
          "stud",
          "stud_receptacle"
        ],
        "sources": [
          "ldcad_shadow",
          "ldcad_shadow"
        ],
        "confidence": [
          1.0,
          1.0
        ],
        "feature_ids": [
          "stud@R79/studC",
          "snap_cyl@L8:I68"
        ],
        "residual": {
          "distance": 0.0,
          "axial_gap": 0.0,
          "alignment": 1.0,
          "roll_alignment": 1.0,
          "entry_face_gap": 0.0,
          "penetration": 12.0
        }
      },
      {
        "instances": [
          4,
          20
        ],
        "status": "confirmed",
        "kinds": [
          "stud",
          "stud_receptacle"
        ],
        "sources": [
          "ldcad_shadow",
          "ldcad_shadow"
        ],
        "confidence": [
          1.0,
          1.0
        ],
        "feature_ids": [
          "stud@R80/studC",
          "snap_cyl@L8:I62"
        ],
        "residual": {
          "distance": 0.0,
          "axial_gap": 0.0,
          "alignment": 1.0,
          "roll_alignment": 1.0,
          "entry_face_gap": 0.0,
          "penetration": 12.0
        }
      },
      {
        "instances": [
          4,
          20
        ],
        "status": "confirmed",
        "kinds": [
          "stud",
          "stud_receptacle"
        ],
        "sources": [
          "ldcad_shadow",
          "ldcad_shadow"
        ],
        "confidence": [
          1.0,
          1.0
        ],
        "feature_ids": [
          "stud@R91/studC",
          "snap_cyl@L8:I67"
        ],
        "residual": {
          "distance": 0.0,
          "axial_gap": 0.0,
          "alignment": 1.0,
          "roll_alignment": 1.0,
          "entry_face_gap": 0.0,
          "penetration": 12.0
        }
      },
      {
        "instances": [
          4,
          20
        ],
        "status": "confirmed",
        "kinds": [
          "stud",
          "stud_receptacle"
        ],
        "sources": [
          "ldcad_shadow",
          "ldcad_shadow"
        ],
        "confidence": [
          1.0,
          1.0
        ],
        "feature_ids": [
          "stud@R92/studC",
          "snap_cyl@L8:I61"
        ],
        "residual": {
          "distance": 0.0,
          "axial_gap": 0.0,
          "alignment": 1.0,
          "roll_alignment": 1.0,
          "entry_face_gap": 0.0,
          "penetration": 12.0
        }
      },
      {
        "instances": [
          4,
          21
        ],
        "status": "confirmed",
        "kinds": [
          "stud",
          "stud_receptacle"
        ],
        "sources": [
          "ldcad_shadow",
          "ldcad_shadow"
        ],
        "confidence": [
          1.0,
          1.0
        ],
        "feature_ids": [
          "stud@R100/studC",
          "snap_cyl@L8:I12"
        ],
        "residual": {
          "distance": 0.0,
          "axial_gap": 0.0,
          "alignment": 1.0,
          "roll_alignment": 1.0,
          "entry_face_gap": 0.0,
          "penetration": 12.0
        }
      },
      {
        "instances": [
          4,
          21
        ],
        "status": "confirmed",
        "kinds": [
          "stud",
          "stud_receptacle"
        ],
        "sources": [
          "ldcad_shadow",
          "ldcad_shadow"
        ],
        "confidence": [
          1.0,
          1.0
        ],
        "feature_ids": [
          "stud@R101/studC",
          "snap_cyl@L8:I6"
        ],
        "residual": {
          "distance": 0.0,
          "axial_gap": 0.0,
          "alignment": 1.0,
          "roll_alignment": 1.0,
          "entry_face_gap": 0.0,
          "penetration": 12.0
        }
      },
      {
        "instances": [
          4,
          21
        ],
        "status": "confirmed",
        "kinds": [
          "stud",
          "stud_receptacle"
        ],
        "sources": [
          "ldcad_shadow",
          "ldcad_shadow"
        ],
        "confidence": [
          1.0,
          1.0
        ],
        "feature_ids": [
          "stud@R102/studC",
          "snap_cyl@L8:I0"
        ],
        "residual": {
          "distance": 0.0,
          "axial_gap": 0.0,
          "alignment": 1.0,
          "roll_alignment": 1.0,
          "entry_face_gap": 0.0,
          "penetration": 12.0
        }
      },
      {
        "instances": [
          4,
          21
        ],
        "status": "confirmed",
        "kinds": [
          "stud",
          "stud_receptacle"
        ],
        "sources": [
          "ldcad_shadow",
          "ldcad_shadow"
        ],
        "confidence": [
          1.0,
          1.0
        ],
        "feature_ids": [
          "stud@R57/studC",
          "snap_cyl@L8:I57"
        ],
        "residual": {
          "distance": 0.0,
          "axial_gap": 0.0,
          "alignment": 1.0,
          "roll_alignment": 1.0,
          "entry_face_gap": 0.0,
          "penetration": 12.0
        }
      },
      {
        "instances": [
          4,
          21
        ],
        "status": "confirmed",
        "kinds": [
          "stud",
          "stud_receptacle"
        ],
        "sources": [
          "ldcad_shadow",
          "ldcad_shadow"
        ],
        "confidence": [
          1.0,
          1.0
        ],
        "feature_ids": [
          "stud@R58/studC",
          "snap_cyl@L8:I51"
        ],
        "residual": {
          "distance": 0.0,
          "axial_gap": 0.0,
          "alignment": 1.0,
          "roll_alignment": 1.0,
          "entry_face_gap": 0.0,
          "penetration": 12.0
        }
      },
      {
        "instances": [
          4,
          21
        ],
        "status": "confirmed",
        "kinds": [
          "stud",
          "stud_receptacle"
        ],
        "sources": [
          "ldcad_shadow",
          "ldcad_shadow"
        ],
        "confidence": [
          1.0,
          1.0
        ],
        "feature_ids": [
          "stud@R59/studC",
          "snap_cyl@L8:I45"
        ],
        "residual": {
          "distance": 0.0,
          "axial_gap": 0.0,
          "alignment": 1.0,
          "roll_alignment": 1.0,
          "entry_face_gap": 0.0,
          "penetration": 12.0
        }
      },
      {
        "instances": [
          4,
          21
        ],
        "status": "confirmed",
        "kinds": [
          "stud",
          "stud_receptacle"
        ],
        "sources": [
          "ldcad_shadow",
          "ldcad_shadow"
        ],
        "confidence": [
          1.0,
          1.0
        ],
        "feature_ids": [
          "stud@R60/studC",
          "snap_cyl@L8:I39"
        ],
        "residual": {
          "distance": 0.0,
          "axial_gap": 0.0,
          "alignment": 1.0,
          "roll_alignment": 1.0,
          "entry_face_gap": 0.0,
          "penetration": 12.0
        }
      },
      {
        "instances": [
          4,
          21
        ],
        "status": "confirmed",
        "kinds": [
          "stud",
          "stud_receptacle"
        ],
        "sources": [
          "ldcad_shadow",
          "ldcad_shadow"
        ],
        "confidence": [
          1.0,
          1.0
        ],
        "feature_ids": [
          "stud@R61/studC",
          "snap_cyl@L8:I33"
        ],
        "residual": {
          "distance": 0.0,
          "axial_gap": 0.0,
          "alignment": 1.0,
          "roll_alignment": 1.0,
          "entry_face_gap": 0.0,
          "penetration": 12.0
        }
      },
      {
        "instances": [
          4,
          21
        ],
        "status": "confirmed",
        "kinds": [
          "stud",
          "stud_receptacle"
        ],
        "sources": [
          "ldcad_shadow",
          "ldcad_shadow"
        ],
        "confidence": [
          1.0,
          1.0
        ],
        "feature_ids": [
          "stud@R62/studC",
          "snap_cyl@L8:I27"
        ],
        "residual": {
          "distance": 0.0,
          "axial_gap": 0.0,
          "alignment": 1.0,
          "roll_alignment": 1.0,
          "entry_face_gap": 0.0,
          "penetration": 12.0
        }
      },
      {
        "instances": [
          4,
          21
        ],
        "status": "confirmed",
        "kinds": [
          "stud",
          "stud_receptacle"
        ],
        "sources": [
          "ldcad_shadow",
          "ldcad_shadow"
        ],
        "confidence": [
          1.0,
          1.0
        ],
        "feature_ids": [
          "stud@R63/studC",
          "snap_cyl@L8:I21"
        ],
        "residual": {
          "distance": 0.0,
          "axial_gap": 0.0,
          "alignment": 1.0,
          "roll_alignment": 1.0,
          "entry_face_gap": 0.0,
          "penetration": 12.0
        }
      },
      {
        "instances": [
          4,
          21
        ],
        "status": "confirmed",
        "kinds": [
          "stud",
          "stud_receptacle"
        ],
        "sources": [
          "ldcad_shadow",
          "ldcad_shadow"
        ],
        "confidence": [
          1.0,
          1.0
        ],
        "feature_ids": [
          "stud@R64/studC",
          "snap_cyl@L8:I15"
        ],
        "residual": {
          "distance": 0.0,
          "axial_gap": 0.0,
          "alignment": 1.0,
          "roll_alignment": 1.0,
          "entry_face_gap": 0.0,
          "penetration": 12.0
        }
      },
      {
        "instances": [
          4,
          21
        ],
        "status": "confirmed",
        "kinds": [
          "stud",
          "stud_receptacle"
        ],
        "sources": [
          "ldcad_shadow",
          "ldcad_shadow"
        ],
        "confidence": [
          1.0,
          1.0
        ],
        "feature_ids": [
          "stud@R65/studC",
          "snap_cyl@L8:I9"
        ],
        "residual": {
          "distance": 0.0,
          "axial_gap": 0.0,
          "alignment": 1.0,
          "roll_alignment": 1.0,
          "entry_face_gap": 0.0,
          "penetration": 12.0
        }
      },
      {
        "instances": [
          4,
          21
        ],
        "status": "confirmed",
        "kinds": [
          "stud",
          "stud_receptacle"
        ],
        "sources": [
          "ldcad_shadow",
          "ldcad_shadow"
        ],
        "confidence": [
          1.0,
          1.0
        ],
        "feature_ids": [
          "stud@R66/studC",
          "snap_cyl@L8:I3"
        ],
        "residual": {
          "distance": 0.0,
          "axial_gap": 0.0,
          "alignment": 1.0,
          "roll_alignment": 1.0,
          "entry_face_gap": 0.0,
          "penetration": 12.0
        }
      },
      {
        "instances": [
          4,
          21
        ],
        "status": "confirmed",
        "kinds": [
          "stud",
          "stud_receptacle"
        ],
        "sources": [
          "ldcad_shadow",
          "ldcad_shadow"
        ],
        "confidence": [
          1.0,
          1.0
        ],
        "feature_ids": [
          "stud@R69/studC",
          "snap_cyl@L8:I56"
        ],
        "residual": {
          "distance": 0.0,
          "axial_gap": 0.0,
          "alignment": 1.0,
          "roll_alignment": 1.0,
          "entry_face_gap": 0.0,
          "penetration": 12.0
        }
      },
      {
        "instances": [
          4,
          21
        ],
        "status": "confirmed",
        "kinds": [
          "stud",
          "stud_receptacle"
        ],
        "sources": [
          "ldcad_shadow",
          "ldcad_shadow"
        ],
        "confidence": [
          1.0,
          1.0
        ],
        "feature_ids": [
          "stud@R70/studC",
          "snap_cyl@L8:I50"
        ],
        "residual": {
          "distance": 0.0,
          "axial_gap": 0.0,
          "alignment": 1.0,
          "roll_alignment": 1.0,
          "entry_face_gap": 0.0,
          "penetration": 12.0
        }
      },
      {
        "instances": [
          4,
          21
        ],
        "status": "confirmed",
        "kinds": [
          "stud",
          "stud_receptacle"
        ],
        "sources": [
          "ldcad_shadow",
          "ldcad_shadow"
        ],
        "confidence": [
          1.0,
          1.0
        ],
        "feature_ids": [
          "stud@R71/studC",
          "snap_cyl@L8:I44"
        ],
        "residual": {
          "distance": 0.0,
          "axial_gap": 0.0,
          "alignment": 1.0,
          "roll_alignment": 1.0,
          "entry_face_gap": 0.0,
          "penetration": 12.0
        }
      },
      {
        "instances": [
          4,
          21
        ],
        "status": "confirmed",
        "kinds": [
          "stud",
          "stud_receptacle"
        ],
        "sources": [
          "ldcad_shadow",
          "ldcad_shadow"
        ],
        "confidence": [
          1.0,
          1.0
        ],
        "feature_ids": [
          "stud@R72/studC",
          "snap_cyl@L8:I38"
        ],
        "residual": {
          "distance": 0.0,
          "axial_gap": 0.0,
          "alignment": 1.0,
          "roll_alignment": 1.0,
          "entry_face_gap": 0.0,
          "penetration": 12.0
        }
      },
      {
        "instances": [
          4,
          21
        ],
        "status": "confirmed",
        "kinds": [
          "stud",
          "stud_receptacle"
        ],
        "sources": [
          "ldcad_shadow",
          "ldcad_shadow"
        ],
        "confidence": [
          1.0,
          1.0
        ],
        "feature_ids": [
          "stud@R73/studC",
          "snap_cyl@L8:I32"
        ],
        "residual": {
          "distance": 0.0,
          "axial_gap": 0.0,
          "alignment": 1.0,
          "roll_alignment": 1.0,
          "entry_face_gap": 0.0,
          "penetration": 12.0
        }
      },
      {
        "instances": [
          4,
          21
        ],
        "status": "confirmed",
        "kinds": [
          "stud",
          "stud_receptacle"
        ],
        "sources": [
          "ldcad_shadow",
          "ldcad_shadow"
        ],
        "confidence": [
          1.0,
          1.0
        ],
        "feature_ids": [
          "stud@R74/studC",
          "snap_cyl@L8:I26"
        ],
        "residual": {
          "distance": 0.0,
          "axial_gap": 0.0,
          "alignment": 1.0,
          "roll_alignment": 1.0,
          "entry_face_gap": 0.0,
          "penetration": 12.0
        }
      },
      {
        "instances": [
          4,
          21
        ],
        "status": "confirmed",
        "kinds": [
          "stud",
          "stud_receptacle"
        ],
        "sources": [
          "ldcad_shadow",
          "ldcad_shadow"
        ],
        "confidence": [
          1.0,
          1.0
        ],
        "feature_ids": [
          "stud@R75/studC",
          "snap_cyl@L8:I20"
        ],
        "residual": {
          "distance": 0.0,
          "axial_gap": 0.0,
          "alignment": 1.0,
          "roll_alignment": 1.0,
          "entry_face_gap": 0.0,
          "penetration": 12.0
        }
      },
      {
        "instances": [
          4,
          21
        ],
        "status": "confirmed",
        "kinds": [
          "stud",
          "stud_receptacle"
        ],
        "sources": [
          "ldcad_shadow",
          "ldcad_shadow"
        ],
        "confidence": [
          1.0,
          1.0
        ],
        "feature_ids": [
          "stud@R76/studC",
          "snap_cyl@L8:I14"
        ],
        "residual": {
          "distance": 0.0,
          "axial_gap": 0.0,
          "alignment": 1.0,
          "roll_alignment": 1.0,
          "entry_face_gap": 0.0,
          "penetration": 12.0
        }
      },
      {
        "instances": [
          4,
          21
        ],
        "status": "confirmed",
        "kinds": [
          "stud",
          "stud_receptacle"
        ],
        "sources": [
          "ldcad_shadow",
          "ldcad_shadow"
        ],
        "confidence": [
          1.0,
          1.0
        ],
        "feature_ids": [
          "stud@R77/studC",
          "snap_cyl@L8:I8"
        ],
        "residual": {
          "distance": 0.0,
          "axial_gap": 0.0,
          "alignment": 1.0,
          "roll_alignment": 1.0,
          "entry_face_gap": 0.0,
          "penetration": 12.0
        }
      },
      {
        "instances": [
          4,
          21
        ],
        "status": "confirmed",
        "kinds": [
          "stud",
          "stud_receptacle"
        ],
        "sources": [
          "ldcad_shadow",
          "ldcad_shadow"
        ],
        "confidence": [
          1.0,
          1.0
        ],
        "feature_ids": [
          "stud@R78/studC",
          "snap_cyl@L8:I2"
        ],
        "residual": {
          "distance": 0.0,
          "axial_gap": 0.0,
          "alignment": 1.0,
          "roll_alignment": 1.0,
          "entry_face_gap": 0.0,
          "penetration": 12.0
        }
      },
      {
        "instances": [
          4,
          21
        ],
        "status": "confirmed",
        "kinds": [
          "stud",
          "stud_receptacle"
        ],
        "sources": [
          "ldcad_shadow",
          "ldcad_shadow"
        ],
        "confidence": [
          1.0,
          1.0
        ],
        "feature_ids": [
          "stud@R81/studC",
          "snap_cyl@L8:I55"
        ],
        "residual": {
          "distance": 0.0,
          "axial_gap": 0.0,
          "alignment": 1.0,
          "roll_alignment": 1.0,
          "entry_face_gap": 0.0,
          "penetration": 12.0
        }
      },
      {
        "instances": [
          4,
          21
        ],
        "status": "confirmed",
        "kinds": [
          "stud",
          "stud_receptacle"
        ],
        "sources": [
          "ldcad_shadow",
          "ldcad_shadow"
        ],
        "confidence": [
          1.0,
          1.0
        ],
        "feature_ids": [
          "stud@R82/studC",
          "snap_cyl@L8:I49"
        ],
        "residual": {
          "distance": 0.0,
          "axial_gap": 0.0,
          "alignment": 1.0,
          "roll_alignment": 1.0,
          "entry_face_gap": 0.0,
          "penetration": 12.0
        }
      },
      {
        "instances": [
          4,
          21
        ],
        "status": "confirmed",
        "kinds": [
          "stud",
          "stud_receptacle"
        ],
        "sources": [
          "ldcad_shadow",
          "ldcad_shadow"
        ],
        "confidence": [
          1.0,
          1.0
        ],
        "feature_ids": [
          "stud@R83/studC",
          "snap_cyl@L8:I43"
        ],
        "residual": {
          "distance": 0.0,
          "axial_gap": 0.0,
          "alignment": 1.0,
          "roll_alignment": 1.0,
          "entry_face_gap": 0.0,
          "penetration": 12.0
        }
      },
      {
        "instances": [
          4,
          21
        ],
        "status": "confirmed",
        "kinds": [
          "stud",
          "stud_receptacle"
        ],
        "sources": [
          "ldcad_shadow",
          "ldcad_shadow"
        ],
        "confidence": [
          1.0,
          1.0
        ],
        "feature_ids": [
          "stud@R84/studC",
          "snap_cyl@L8:I37"
        ],
        "residual": {
          "distance": 0.0,
          "axial_gap": 0.0,
          "alignment": 1.0,
          "roll_alignment": 1.0,
          "entry_face_gap": 0.0,
          "penetration": 12.0
        }
      },
      {
        "instances": [
          4,
          21
        ],
        "status": "confirmed",
        "kinds": [
          "stud",
          "stud_receptacle"
        ],
        "sources": [
          "ldcad_shadow",
          "ldcad_shadow"
        ],
        "confidence": [
          1.0,
          1.0
        ],
        "feature_ids": [
          "stud@R85/studC",
          "snap_cyl@L8:I31"
        ],
        "residual": {
          "distance": 0.0,
          "axial_gap": 0.0,
          "alignment": 1.0,
          "roll_alignment": 1.0,
          "entry_face_gap": 0.0,
          "penetration": 12.0
        }
      },
      {
        "instances": [
          4,
          21
        ],
        "status": "confirmed",
        "kinds": [
          "stud",
          "stud_receptacle"
        ],
        "sources": [
          "ldcad_shadow",
          "ldcad_shadow"
        ],
        "confidence": [
          1.0,
          1.0
        ],
        "feature_ids": [
          "stud@R86/studC",
          "snap_cyl@L8:I25"
        ],
        "residual": {
          "distance": 0.0,
          "axial_gap": 0.0,
          "alignment": 1.0,
          "roll_alignment": 1.0,
          "entry_face_gap": 0.0,
          "penetration": 12.0
        }
      },
      {
        "instances": [
          4,
          21
        ],
        "status": "confirmed",
        "kinds": [
          "stud",
          "stud_receptacle"
        ],
        "sources": [
          "ldcad_shadow",
          "ldcad_shadow"
        ],
        "confidence": [
          1.0,
          1.0
        ],
        "feature_ids": [
          "stud@R87/studC",
          "snap_cyl@L8:I19"
        ],
        "residual": {
          "distance": 0.0,
          "axial_gap": 0.0,
          "alignment": 1.0,
          "roll_alignment": 1.0,
          "entry_face_gap": 0.0,
          "penetration": 12.0
        }
      },
      {
        "instances": [
          4,
          21
        ],
        "status": "confirmed",
        "kinds": [
          "stud",
          "stud_receptacle"
        ],
        "sources": [
          "ldcad_shadow",
          "ldcad_shadow"
        ],
        "confidence": [
          1.0,
          1.0
        ],
        "feature_ids": [
          "stud@R88/studC",
          "snap_cyl@L8:I13"
        ],
        "residual": {
          "distance": 0.0,
          "axial_gap": 0.0,
          "alignment": 1.0,
          "roll_alignment": 1.0,
          "entry_face_gap": 0.0,
          "penetration": 12.0
        }
      },
      {
        "instances": [
          4,
          21
        ],
        "status": "confirmed",
        "kinds": [
          "stud",
          "stud_receptacle"
        ],
        "sources": [
          "ldcad_shadow",
          "ldcad_shadow"
        ],
        "confidence": [
          1.0,
          1.0
        ],
        "feature_ids": [
          "stud@R89/studC",
          "snap_cyl@L8:I7"
        ],
        "residual": {
          "distance": 0.0,
          "axial_gap": 0.0,
          "alignment": 1.0,
          "roll_alignment": 1.0,
          "entry_face_gap": 0.0,
          "penetration": 12.0
        }
      },
      {
        "instances": [
          4,
          21
        ],
        "status": "confirmed",
        "kinds": [
          "stud",
          "stud_receptacle"
        ],
        "sources": [
          "ldcad_shadow",
          "ldcad_shadow"
        ],
        "confidence": [
          1.0,
          1.0
        ],
        "feature_ids": [
          "stud@R90/studC",
          "snap_cyl@L8:I1"
        ],
        "residual": {
          "distance": 0.0,
          "axial_gap": 0.0,
          "alignment": 1.0,
          "roll_alignment": 1.0,
          "entry_face_gap": 0.0,
          "penetration": 12.0
        }
      },
      {
        "instances": [
          4,
          21
        ],
        "status": "confirmed",
        "kinds": [
          "stud",
          "stud_receptacle"
        ],
        "sources": [
          "ldcad_shadow",
          "ldcad_shadow"
        ],
        "confidence": [
          1.0,
          1.0
        ],
        "feature_ids": [
          "stud@R93/studC",
          "snap_cyl@L8:I54"
        ],
        "residual": {
          "distance": 0.0,
          "axial_gap": 0.0,
          "alignment": 1.0,
          "roll_alignment": 1.0,
          "entry_face_gap": 0.0,
          "penetration": 12.0
        }
      },
      {
        "instances": [
          4,
          21
        ],
        "status": "confirmed",
        "kinds": [
          "stud",
          "stud_receptacle"
        ],
        "sources": [
          "ldcad_shadow",
          "ldcad_shadow"
        ],
        "confidence": [
          1.0,
          1.0
        ],
        "feature_ids": [
          "stud@R94/studC",
          "snap_cyl@L8:I48"
        ],
        "residual": {
          "distance": 0.0,
          "axial_gap": 0.0,
          "alignment": 1.0,
          "roll_alignment": 1.0,
          "entry_face_gap": 0.0,
          "penetration": 12.0
        }
      },
      {
        "instances": [
          4,
          21
        ],
        "status": "confirmed",
        "kinds": [
          "stud",
          "stud_receptacle"
        ],
        "sources": [
          "ldcad_shadow",
          "ldcad_shadow"
        ],
        "confidence": [
          1.0,
          1.0
        ],
        "feature_ids": [
          "stud@R95/studC",
          "snap_cyl@L8:I42"
        ],
        "residual": {
          "distance": 0.0,
          "axial_gap": 0.0,
          "alignment": 1.0,
          "roll_alignment": 1.0,
          "entry_face_gap": 0.0,
          "penetration": 12.0
        }
      },
      {
        "instances": [
          4,
          21
        ],
        "status": "confirmed",
        "kinds": [
          "stud",
          "stud_receptacle"
        ],
        "sources": [
          "ldcad_shadow",
          "ldcad_shadow"
        ],
        "confidence": [
          1.0,
          1.0
        ],
        "feature_ids": [
          "stud@R96/studC",
          "snap_cyl@L8:I36"
        ],
        "residual": {
          "distance": 0.0,
          "axial_gap": 0.0,
          "alignment": 1.0,
          "roll_alignment": 1.0,
          "entry_face_gap": 0.0,
          "penetration": 12.0
        }
      },
      {
        "instances": [
          4,
          21
        ],
        "status": "confirmed",
        "kinds": [
          "stud",
          "stud_receptacle"
        ],
        "sources": [
          "ldcad_shadow",
          "ldcad_shadow"
        ],
        "confidence": [
          1.0,
          1.0
        ],
        "feature_ids": [
          "stud@R97/studC",
          "snap_cyl@L8:I30"
        ],
        "residual": {
          "distance": 0.0,
          "axial_gap": 0.0,
          "alignment": 1.0,
          "roll_alignment": 1.0,
          "entry_face_gap": 0.0,
          "penetration": 12.0
        }
      },
      {
        "instances": [
          4,
          21
        ],
        "status": "confirmed",
        "kinds": [
          "stud",
          "stud_receptacle"
        ],
        "sources": [
          "ldcad_shadow",
          "ldcad_shadow"
        ],
        "confidence": [
          1.0,
          1.0
        ],
        "feature_ids": [
          "stud@R98/studC",
          "snap_cyl@L8:I24"
        ],
        "residual": {
          "distance": 0.0,
          "axial_gap": 0.0,
          "alignment": 1.0,
          "roll_alignment": 1.0,
          "entry_face_gap": 0.0,
          "penetration": 12.0
        }
      },
      {
        "instances": [
          4,
          21
        ],
        "status": "confirmed",
        "kinds": [
          "stud",
          "stud_receptacle"
        ],
        "sources": [
          "ldcad_shadow",
          "ldcad_shadow"
        ],
        "confidence": [
          1.0,
          1.0
        ],
        "feature_ids": [
          "stud@R99/studC",
          "snap_cyl@L8:I18"
        ],
        "residual": {
          "distance": 0.0,
          "axial_gap": 0.0,
          "alignment": 1.0,
          "roll_alignment": 1.0,
          "entry_face_gap": 0.0,
          "penetration": 12.0
        }
      },
      {
        "instances": [
          5,
          13
        ],
        "status": "confirmed",
        "kinds": [
          "stud",
          "stud_receptacle"
        ],
        "sources": [
          "ldcad_shadow",
          "ldcad_shadow"
        ],
        "confidence": [
          1.0,
          1.0
        ],
        "feature_ids": [
          "stud@R103/studC",
          "snap_cyl@L8:I7"
        ],
        "residual": {
          "distance": 0.0,
          "axial_gap": 0.0,
          "alignment": 1.0,
          "roll_alignment": 1.0,
          "entry_face_gap": 0.0,
          "penetration": 12.0
        }
      },
      {
        "instances": [
          5,
          13
        ],
        "status": "confirmed",
        "kinds": [
          "stud",
          "stud_receptacle"
        ],
        "sources": [
          "ldcad_shadow",
          "ldcad_shadow"
        ],
        "confidence": [
          1.0,
          1.0
        ],
        "feature_ids": [
          "stud@R104/studC",
          "snap_cyl@L8:I6"
        ],
        "residual": {
          "distance": 0.0,
          "axial_gap": 0.0,
          "alignment": 1.0,
          "roll_alignment": 1.0,
          "entry_face_gap": 0.0,
          "penetration": 12.0
        }
      },
      {
        "instances": [
          5,
          13
        ],
        "status": "confirmed",
        "kinds": [
          "stud",
          "stud_receptacle"
        ],
        "sources": [
          "ldcad_shadow",
          "ldcad_shadow"
        ],
        "confidence": [
          1.0,
          1.0
        ],
        "feature_ids": [
          "stud@R115/studC",
          "snap_cyl@L8:I9"
        ],
        "residual": {
          "distance": 0.0,
          "axial_gap": 0.0,
          "alignment": 1.0,
          "roll_alignment": 1.0,
          "entry_face_gap": 0.0,
          "penetration": 12.0
        }
      },
      {
        "instances": [
          5,
          13
        ],
        "status": "confirmed",
        "kinds": [
          "stud",
          "stud_receptacle"
        ],
        "sources": [
          "ldcad_shadow",
          "ldcad_shadow"
        ],
        "confidence": [
          1.0,
          1.0
        ],
        "feature_ids": [
          "stud@R116/studC",
          "snap_cyl@L8:I8"
        ],
        "residual": {
          "distance": 0.0,
          "axial_gap": 0.0,
          "alignment": 1.0,
          "roll_alignment": 1.0,
          "entry_face_gap": 0.0,
          "penetration": 12.0
        }
      },
      {
        "instances": [
          5,
          13
        ],
        "status": "confirmed",
        "kinds": [
          "stud",
          "stud_receptacle"
        ],
        "sources": [
          "ldcad_shadow",
          "ldcad_shadow"
        ],
        "confidence": [
          1.0,
          1.0
        ],
        "feature_ids": [
          "stud@R127/studC",
          "snap_cyl@L8:I11"
        ],
        "residual": {
          "distance": 0.0,
          "axial_gap": 0.0,
          "alignment": 1.0,
          "roll_alignment": 1.0,
          "entry_face_gap": 0.0,
          "penetration": 12.0
        }
      },
      {
        "instances": [
          5,
          13
        ],
        "status": "confirmed",
        "kinds": [
          "stud",
          "stud_receptacle"
        ],
        "sources": [
          "ldcad_shadow",
          "ldcad_shadow"
        ],
        "confidence": [
          1.0,
          1.0
        ],
        "feature_ids": [
          "stud@R128/studC",
          "snap_cyl@L8:I10"
        ],
        "residual": {
          "distance": 0.0,
          "axial_gap": 0.0,
          "alignment": 1.0,
          "roll_alignment": 1.0,
          "entry_face_gap": 0.0,
          "penetration": 12.0
        }
      },
      {
        "instances": [
          5,
          13
        ],
        "status": "confirmed",
        "kinds": [
          "stud",
          "stud_receptacle"
        ],
        "sources": [
          "ldcad_shadow",
          "ldcad_shadow"
        ],
        "confidence": [
          1.0,
          1.0
        ],
        "feature_ids": [
          "stud@R67/studC",
          "snap_cyl@L8:I1"
        ],
        "residual": {
          "distance": 0.0,
          "axial_gap": 0.0,
          "alignment": 1.0,
          "roll_alignment": 1.0,
          "entry_face_gap": 0.0,
          "penetration": 12.0
        }
      },
      {
        "instances": [
          5,
          13
        ],
        "status": "confirmed",
        "kinds": [
          "stud",
          "stud_receptacle"
        ],
        "sources": [
          "ldcad_shadow",
          "ldcad_shadow"
        ],
        "confidence": [
          1.0,
          1.0
        ],
        "feature_ids": [
          "stud@R68/studC",
          "snap_cyl@L8:I0"
        ],
        "residual": {
          "distance": 0.0,
          "axial_gap": 0.0,
          "alignment": 1.0,
          "roll_alignment": 1.0,
          "entry_face_gap": 0.0,
          "penetration": 12.0
        }
      },
      {
        "instances": [
          5,
          13
        ],
        "status": "confirmed",
        "kinds": [
          "stud",
          "stud_receptacle"
        ],
        "sources": [
          "ldcad_shadow",
          "ldcad_shadow"
        ],
        "confidence": [
          1.0,
          1.0
        ],
        "feature_ids": [
          "stud@R79/studC",
          "snap_cyl@L8:I3"
        ],
        "residual": {
          "distance": 0.0,
          "axial_gap": 0.0,
          "alignment": 1.0,
          "roll_alignment": 1.0,
          "entry_face_gap": 0.0,
          "penetration": 12.0
        }
      },
      {
        "instances": [
          5,
          13
        ],
        "status": "confirmed",
        "kinds": [
          "stud",
          "stud_receptacle"
        ],
        "sources": [
          "ldcad_shadow",
          "ldcad_shadow"
        ],
        "confidence": [
          1.0,
          1.0
        ],
        "feature_ids": [
          "stud@R80/studC",
          "snap_cyl@L8:I2"
        ],
        "residual": {
          "distance": 0.0,
          "axial_gap": 0.0,
          "alignment": 1.0,
          "roll_alignment": 1.0,
          "entry_face_gap": 0.0,
          "penetration": 12.0
        }
      },
      {
        "instances": [
          5,
          13
        ],
        "status": "confirmed",
        "kinds": [
          "stud",
          "stud_receptacle"
        ],
        "sources": [
          "ldcad_shadow",
          "ldcad_shadow"
        ],
        "confidence": [
          1.0,
          1.0
        ],
        "feature_ids": [
          "stud@R91/studC",
          "snap_cyl@L8:I5"
        ],
        "residual": {
          "distance": 0.0,
          "axial_gap": 0.0,
          "alignment": 1.0,
          "roll_alignment": 1.0,
          "entry_face_gap": 0.0,
          "penetration": 12.0
        }
      },
      {
        "instances": [
          5,
          13
        ],
        "status": "confirmed",
        "kinds": [
          "stud",
          "stud_receptacle"
        ],
        "sources": [
          "ldcad_shadow",
          "ldcad_shadow"
        ],
        "confidence": [
          1.0,
          1.0
        ],
        "feature_ids": [
          "stud@R92/studC",
          "snap_cyl@L8:I4"
        ],
        "residual": {
          "distance": 0.0,
          "axial_gap": 0.0,
          "alignment": 1.0,
          "roll_alignment": 1.0,
          "entry_face_gap": 0.0,
          "penetration": 12.0
        }
      },
      {
        "instances": [
          5,
          20
        ],
        "status": "confirmed",
        "kinds": [
          "stud",
          "stud_receptacle"
        ],
        "sources": [
          "ldcad_shadow",
          "ldcad_shadow"
        ],
        "confidence": [
          1.0,
          1.0
        ],
        "feature_ids": [
          "stud@R105/studC",
          "snap_cyl@L8:I59"
        ],
        "residual": {
          "distance": 0.0,
          "axial_gap": 0.0,
          "alignment": 1.0,
          "roll_alignment": 1.0,
          "entry_face_gap": 0.0,
          "penetration": 12.0
        }
      },
      {
        "instances": [
          5,
          20
        ],
        "status": "confirmed",
        "kinds": [
          "stud",
          "stud_receptacle"
        ],
        "sources": [
          "ldcad_shadow",
          "ldcad_shadow"
        ],
        "confidence": [
          1.0,
          1.0
        ],
        "feature_ids": [
          "stud@R106/studC",
          "snap_cyl@L8:I53"
        ],
        "residual": {
          "distance": 0.0,
          "axial_gap": 0.0,
          "alignment": 1.0,
          "roll_alignment": 1.0,
          "entry_face_gap": 0.0,
          "penetration": 12.0
        }
      },
      {
        "instances": [
          5,
          20
        ],
        "status": "confirmed",
        "kinds": [
          "stud",
          "stud_receptacle"
        ],
        "sources": [
          "ldcad_shadow",
          "ldcad_shadow"
        ],
        "confidence": [
          1.0,
          1.0
        ],
        "feature_ids": [
          "stud@R107/studC",
          "snap_cyl@L8:I47"
        ],
        "residual": {
          "distance": 0.0,
          "axial_gap": 0.0,
          "alignment": 1.0,
          "roll_alignment": 1.0,
          "entry_face_gap": 0.0,
          "penetration": 12.0
        }
      },
      {
        "instances": [
          5,
          20
        ],
        "status": "confirmed",
        "kinds": [
          "stud",
          "stud_receptacle"
        ],
        "sources": [
          "ldcad_shadow",
          "ldcad_shadow"
        ],
        "confidence": [
          1.0,
          1.0
        ],
        "feature_ids": [
          "stud@R108/studC",
          "snap_cyl@L8:I41"
        ],
        "residual": {
          "distance": 0.0,
          "axial_gap": 0.0,
          "alignment": 1.0,
          "roll_alignment": 1.0,
          "entry_face_gap": 0.0,
          "penetration": 12.0
        }
      },
      {
        "instances": [
          5,
          20
        ],
        "status": "confirmed",
        "kinds": [
          "stud",
          "stud_receptacle"
        ],
        "sources": [
          "ldcad_shadow",
          "ldcad_shadow"
        ],
        "confidence": [
          1.0,
          1.0
        ],
        "feature_ids": [
          "stud@R109/studC",
          "snap_cyl@L8:I35"
        ],
        "residual": {
          "distance": 0.0,
          "axial_gap": 0.0,
          "alignment": 1.0,
          "roll_alignment": 1.0,
          "entry_face_gap": 0.0,
          "penetration": 12.0
        }
      },
      {
        "instances": [
          5,
          20
        ],
        "status": "confirmed",
        "kinds": [
          "stud",
          "stud_receptacle"
        ],
        "sources": [
          "ldcad_shadow",
          "ldcad_shadow"
        ],
        "confidence": [
          1.0,
          1.0
        ],
        "feature_ids": [
          "stud@R110/studC",
          "snap_cyl@L8:I29"
        ],
        "residual": {
          "distance": 0.0,
          "axial_gap": 0.0,
          "alignment": 1.0,
          "roll_alignment": 1.0,
          "entry_face_gap": 0.0,
          "penetration": 12.0
        }
      },
      {
        "instances": [
          5,
          20
        ],
        "status": "confirmed",
        "kinds": [
          "stud",
          "stud_receptacle"
        ],
        "sources": [
          "ldcad_shadow",
          "ldcad_shadow"
        ],
        "confidence": [
          1.0,
          1.0
        ],
        "feature_ids": [
          "stud@R111/studC",
          "snap_cyl@L8:I23"
        ],
        "residual": {
          "distance": 0.0,
          "axial_gap": 0.0,
          "alignment": 1.0,
          "roll_alignment": 1.0,
          "entry_face_gap": 0.0,
          "penetration": 12.0
        }
      },
      {
        "instances": [
          5,
          20
        ],
        "status": "confirmed",
        "kinds": [
          "stud",
          "stud_receptacle"
        ],
        "sources": [
          "ldcad_shadow",
          "ldcad_shadow"
        ],
        "confidence": [
          1.0,
          1.0
        ],
        "feature_ids": [
          "stud@R112/studC",
          "snap_cyl@L8:I17"
        ],
        "residual": {
          "distance": 0.0,
          "axial_gap": 0.0,
          "alignment": 1.0,
          "roll_alignment": 1.0,
          "entry_face_gap": 0.0,
          "penetration": 12.0
        }
      },
      {
        "instances": [
          5,
          20
        ],
        "status": "confirmed",
        "kinds": [
          "stud",
          "stud_receptacle"
        ],
        "sources": [
          "ldcad_shadow",
          "ldcad_shadow"
        ],
        "confidence": [
          1.0,
          1.0
        ],
        "feature_ids": [
          "stud@R113/studC",
          "snap_cyl@L8:I11"
        ],
        "residual": {
          "distance": 0.0,
          "axial_gap": 0.0,
          "alignment": 1.0,
          "roll_alignment": 1.0,
          "entry_face_gap": 0.0,
          "penetration": 12.0
        }
      },
      {
        "instances": [
          5,
          20
        ],
        "status": "confirmed",
        "kinds": [
          "stud",
          "stud_receptacle"
        ],
        "sources": [
          "ldcad_shadow",
          "ldcad_shadow"
        ],
        "confidence": [
          1.0,
          1.0
        ],
        "feature_ids": [
          "stud@R114/studC",
          "snap_cyl@L8:I5"
        ],
        "residual": {
          "distance": 0.0,
          "axial_gap": 0.0,
          "alignment": 1.0,
          "roll_alignment": 1.0,
          "entry_face_gap": 0.0,
          "penetration": 12.0
        }
      },
      {
        "instances": [
          5,
          20
        ],
        "status": "confirmed",
        "kinds": [
          "stud",
          "stud_receptacle"
        ],
        "sources": [
          "ldcad_shadow",
          "ldcad_shadow"
        ],
        "confidence": [
          1.0,
          1.0
        ],
        "feature_ids": [
          "stud@R117/studC",
          "snap_cyl@L8:I58"
        ],
        "residual": {
          "distance": 0.0,
          "axial_gap": 0.0,
          "alignment": 1.0,
          "roll_alignment": 1.0,
          "entry_face_gap": 0.0,
          "penetration": 12.0
        }
      },
      {
        "instances": [
          5,
          20
        ],
        "status": "confirmed",
        "kinds": [
          "stud",
          "stud_receptacle"
        ],
        "sources": [
          "ldcad_shadow",
          "ldcad_shadow"
        ],
        "confidence": [
          1.0,
          1.0
        ],
        "feature_ids": [
          "stud@R118/studC",
          "snap_cyl@L8:I52"
        ],
        "residual": {
          "distance": 0.0,
          "axial_gap": 0.0,
          "alignment": 1.0,
          "roll_alignment": 1.0,
          "entry_face_gap": 0.0,
          "penetration": 12.0
        }
      },
      {
        "instances": [
          5,
          20
        ],
        "status": "confirmed",
        "kinds": [
          "stud",
          "stud_receptacle"
        ],
        "sources": [
          "ldcad_shadow",
          "ldcad_shadow"
        ],
        "confidence": [
          1.0,
          1.0
        ],
        "feature_ids": [
          "stud@R119/studC",
          "snap_cyl@L8:I46"
        ],
        "residual": {
          "distance": 0.0,
          "axial_gap": 0.0,
          "alignment": 1.0,
          "roll_alignment": 1.0,
          "entry_face_gap": 0.0,
          "penetration": 12.0
        }
      },
      {
        "instances": [
          5,
          20
        ],
        "status": "confirmed",
        "kinds": [
          "stud",
          "stud_receptacle"
        ],
        "sources": [
          "ldcad_shadow",
          "ldcad_shadow"
        ],
        "confidence": [
          1.0,
          1.0
        ],
        "feature_ids": [
          "stud@R120/studC",
          "snap_cyl@L8:I40"
        ],
        "residual": {
          "distance": 0.0,
          "axial_gap": 0.0,
          "alignment": 1.0,
          "roll_alignment": 1.0,
          "entry_face_gap": 0.0,
          "penetration": 12.0
        }
      },
      {
        "instances": [
          5,
          20
        ],
        "status": "confirmed",
        "kinds": [
          "stud",
          "stud_receptacle"
        ],
        "sources": [
          "ldcad_shadow",
          "ldcad_shadow"
        ],
        "confidence": [
          1.0,
          1.0
        ],
        "feature_ids": [
          "stud@R121/studC",
          "snap_cyl@L8:I34"
        ],
        "residual": {
          "distance": 0.0,
          "axial_gap": 0.0,
          "alignment": 1.0,
          "roll_alignment": 1.0,
          "entry_face_gap": 0.0,
          "penetration": 12.0
        }
      },
      {
        "instances": [
          5,
          20
        ],
        "status": "confirmed",
        "kinds": [
          "stud",
          "stud_receptacle"
        ],
        "sources": [
          "ldcad_shadow",
          "ldcad_shadow"
        ],
        "confidence": [
          1.0,
          1.0
        ],
        "feature_ids": [
          "stud@R122/studC",
          "snap_cyl@L8:I28"
        ],
        "residual": {
          "distance": 0.0,
          "axial_gap": 0.0,
          "alignment": 1.0,
          "roll_alignment": 1.0,
          "entry_face_gap": 0.0,
          "penetration": 12.0
        }
      },
      {
        "instances": [
          5,
          20
        ],
        "status": "confirmed",
        "kinds": [
          "stud",
          "stud_receptacle"
        ],
        "sources": [
          "ldcad_shadow",
          "ldcad_shadow"
        ],
        "confidence": [
          1.0,
          1.0
        ],
        "feature_ids": [
          "stud@R123/studC",
          "snap_cyl@L8:I22"
        ],
        "residual": {
          "distance": 0.0,
          "axial_gap": 0.0,
          "alignment": 1.0,
          "roll_alignment": 1.0,
          "entry_face_gap": 0.0,
          "penetration": 12.0
        }
      },
      {
        "instances": [
          5,
          20
        ],
        "status": "confirmed",
        "kinds": [
          "stud",
          "stud_receptacle"
        ],
        "sources": [
          "ldcad_shadow",
          "ldcad_shadow"
        ],
        "confidence": [
          1.0,
          1.0
        ],
        "feature_ids": [
          "stud@R124/studC",
          "snap_cyl@L8:I16"
        ],
        "residual": {
          "distance": 0.0,
          "axial_gap": 0.0,
          "alignment": 1.0,
          "roll_alignment": 1.0,
          "entry_face_gap": 0.0,
          "penetration": 12.0
        }
      },
      {
        "instances": [
          5,
          20
        ],
        "status": "confirmed",
        "kinds": [
          "stud",
          "stud_receptacle"
        ],
        "sources": [
          "ldcad_shadow",
          "ldcad_shadow"
        ],
        "confidence": [
          1.0,
          1.0
        ],
        "feature_ids": [
          "stud@R125/studC",
          "snap_cyl@L8:I10"
        ],
        "residual": {
          "distance": 0.0,
          "axial_gap": 0.0,
          "alignment": 1.0,
          "roll_alignment": 1.0,
          "entry_face_gap": 0.0,
          "penetration": 12.0
        }
      },
      {
        "instances": [
          5,
          20
        ],
        "status": "confirmed",
        "kinds": [
          "stud",
          "stud_receptacle"
        ],
        "sources": [
          "ldcad_shadow",
          "ldcad_shadow"
        ],
        "confidence": [
          1.0,
          1.0
        ],
        "feature_ids": [
          "stud@R126/studC",
          "snap_cyl@L8:I4"
        ],
        "residual": {
          "distance": 0.0,
          "axial_gap": 0.0,
          "alignment": 1.0,
          "roll_alignment": 1.0,
          "entry_face_gap": 0.0,
          "penetration": 12.0
        }
      },
      {
        "instances": [
          5,
          22
        ],
        "status": "confirmed",
        "kinds": [
          "stud",
          "stud_receptacle"
        ],
        "sources": [
          "ldcad_shadow",
          "ldcad_shadow"
        ],
        "confidence": [
          1.0,
          1.0
        ],
        "feature_ids": [
          "stud@R100/studC",
          "snap_cyl@L8:I8"
        ],
        "residual": {
          "distance": 0.0,
          "axial_gap": 0.0,
          "alignment": 1.0,
          "roll_alignment": 1.0,
          "entry_face_gap": 0.0,
          "penetration": 12.0
        }
      },
      {
        "instances": [
          5,
          22
        ],
        "status": "confirmed",
        "kinds": [
          "stud",
          "stud_receptacle"
        ],
        "sources": [
          "ldcad_shadow",
          "ldcad_shadow"
        ],
        "confidence": [
          1.0,
          1.0
        ],
        "feature_ids": [
          "stud@R101/studC",
          "snap_cyl@L8:I4"
        ],
        "residual": {
          "distance": 0.0,
          "axial_gap": 0.0,
          "alignment": 1.0,
          "roll_alignment": 1.0,
          "entry_face_gap": 0.0,
          "penetration": 12.0
        }
      },
      {
        "instances": [
          5,
          22
        ],
        "status": "confirmed",
        "kinds": [
          "stud",
          "stud_receptacle"
        ],
        "sources": [
          "ldcad_shadow",
          "ldcad_shadow"
        ],
        "confidence": [
          1.0,
          1.0
        ],
        "feature_ids": [
          "stud@R102/studC",
          "snap_cyl@L8:I0"
        ],
        "residual": {
          "distance": 0.0,
          "axial_gap": 0.0,
          "alignment": 1.0,
          "roll_alignment": 1.0,
          "entry_face_gap": 0.0,
          "penetration": 12.0
        }
      },
      {
        "instances": [
          5,
          22
        ],
        "status": "confirmed",
        "kinds": [
          "stud",
          "stud_receptacle"
        ],
        "sources": [
          "ldcad_shadow",
          "ldcad_shadow"
        ],
        "confidence": [
          1.0,
          1.0
        ],
        "feature_ids": [
          "stud@R57/studC",
          "snap_cyl@L8:I39"
        ],
        "residual": {
          "distance": 0.0,
          "axial_gap": 0.0,
          "alignment": 1.0,
          "roll_alignment": 1.0,
          "entry_face_gap": 0.0,
          "penetration": 12.0
        }
      },
      {
        "instances": [
          5,
          22
        ],
        "status": "confirmed",
        "kinds": [
          "stud",
          "stud_receptacle"
        ],
        "sources": [
          "ldcad_shadow",
          "ldcad_shadow"
        ],
        "confidence": [
          1.0,
          1.0
        ],
        "feature_ids": [
          "stud@R58/studC",
          "snap_cyl@L8:I35"
        ],
        "residual": {
          "distance": 0.0,
          "axial_gap": 0.0,
          "alignment": 1.0,
          "roll_alignment": 1.0,
          "entry_face_gap": 0.0,
          "penetration": 12.0
        }
      },
      {
        "instances": [
          5,
          22
        ],
        "status": "confirmed",
        "kinds": [
          "stud",
          "stud_receptacle"
        ],
        "sources": [
          "ldcad_shadow",
          "ldcad_shadow"
        ],
        "confidence": [
          1.0,
          1.0
        ],
        "feature_ids": [
          "stud@R59/studC",
          "snap_cyl@L8:I31"
        ],
        "residual": {
          "distance": 0.0,
          "axial_gap": 0.0,
          "alignment": 1.0,
          "roll_alignment": 1.0,
          "entry_face_gap": 0.0,
          "penetration": 12.0
        }
      },
      {
        "instances": [
          5,
          22
        ],
        "status": "confirmed",
        "kinds": [
          "stud",
          "stud_receptacle"
        ],
        "sources": [
          "ldcad_shadow",
          "ldcad_shadow"
        ],
        "confidence": [
          1.0,
          1.0
        ],
        "feature_ids": [
          "stud@R60/studC",
          "snap_cyl@L8:I27"
        ],
        "residual": {
          "distance": 0.0,
          "axial_gap": 0.0,
          "alignment": 1.0,
          "roll_alignment": 1.0,
          "entry_face_gap": 0.0,
          "penetration": 12.0
        }
      },
      {
        "instances": [
          5,
          22
        ],
        "status": "confirmed",
        "kinds": [
          "stud",
          "stud_receptacle"
        ],
        "sources": [
          "ldcad_shadow",
          "ldcad_shadow"
        ],
        "confidence": [
          1.0,
          1.0
        ],
        "feature_ids": [
          "stud@R61/studC",
          "snap_cyl@L8:I23"
        ],
        "residual": {
          "distance": 0.0,
          "axial_gap": 0.0,
          "alignment": 1.0,
          "roll_alignment": 1.0,
          "entry_face_gap": 0.0,
          "penetration": 12.0
        }
      },
      {
        "instances": [
          5,
          22
        ],
        "status": "confirmed",
        "kinds": [
          "stud",
          "stud_receptacle"
        ],
        "sources": [
          "ldcad_shadow",
          "ldcad_shadow"
        ],
        "confidence": [
          1.0,
          1.0
        ],
        "feature_ids": [
          "stud@R62/studC",
          "snap_cyl@L8:I19"
        ],
        "residual": {
          "distance": 0.0,
          "axial_gap": 0.0,
          "alignment": 1.0,
          "roll_alignment": 1.0,
          "entry_face_gap": 0.0,
          "penetration": 12.0
        }
      },
      {
        "instances": [
          5,
          22
        ],
        "status": "confirmed",
        "kinds": [
          "stud",
          "stud_receptacle"
        ],
        "sources": [
          "ldcad_shadow",
          "ldcad_shadow"
        ],
        "confidence": [
          1.0,
          1.0
        ],
        "feature_ids": [
          "stud@R63/studC",
          "snap_cyl@L8:I15"
        ],
        "residual": {
          "distance": 0.0,
          "axial_gap": 0.0,
          "alignment": 1.0,
          "roll_alignment": 1.0,
          "entry_face_gap": 0.0,
          "penetration": 12.0
        }
      },
      {
        "instances": [
          5,
          22
        ],
        "status": "confirmed",
        "kinds": [
          "stud",
          "stud_receptacle"
        ],
        "sources": [
          "ldcad_shadow",
          "ldcad_shadow"
        ],
        "confidence": [
          1.0,
          1.0
        ],
        "feature_ids": [
          "stud@R64/studC",
          "snap_cyl@L8:I11"
        ],
        "residual": {
          "distance": 0.0,
          "axial_gap": 0.0,
          "alignment": 1.0,
          "roll_alignment": 1.0,
          "entry_face_gap": 0.0,
          "penetration": 12.0
        }
      },
      {
        "instances": [
          5,
          22
        ],
        "status": "confirmed",
        "kinds": [
          "stud",
          "stud_receptacle"
        ],
        "sources": [
          "ldcad_shadow",
          "ldcad_shadow"
        ],
        "confidence": [
          1.0,
          1.0
        ],
        "feature_ids": [
          "stud@R65/studC",
          "snap_cyl@L8:I7"
        ],
        "residual": {
          "distance": 0.0,
          "axial_gap": 0.0,
          "alignment": 1.0,
          "roll_alignment": 1.0,
          "entry_face_gap": 0.0,
          "penetration": 12.0
        }
      },
      {
        "instances": [
          5,
          22
        ],
        "status": "confirmed",
        "kinds": [
          "stud",
          "stud_receptacle"
        ],
        "sources": [
          "ldcad_shadow",
          "ldcad_shadow"
        ],
        "confidence": [
          1.0,
          1.0
        ],
        "feature_ids": [
          "stud@R66/studC",
          "snap_cyl@L8:I3"
        ],
        "residual": {
          "distance": 0.0,
          "axial_gap": 0.0,
          "alignment": 1.0,
          "roll_alignment": 1.0,
          "entry_face_gap": 0.0,
          "penetration": 12.0
        }
      },
      {
        "instances": [
          5,
          22
        ],
        "status": "confirmed",
        "kinds": [
          "stud",
          "stud_receptacle"
        ],
        "sources": [
          "ldcad_shadow",
          "ldcad_shadow"
        ],
        "confidence": [
          1.0,
          1.0
        ],
        "feature_ids": [
          "stud@R69/studC",
          "snap_cyl@L8:I38"
        ],
        "residual": {
          "distance": 0.0,
          "axial_gap": 0.0,
          "alignment": 1.0,
          "roll_alignment": 1.0,
          "entry_face_gap": 0.0,
          "penetration": 12.0
        }
      },
      {
        "instances": [
          5,
          22
        ],
        "status": "confirmed",
        "kinds": [
          "stud",
          "stud_receptacle"
        ],
        "sources": [
          "ldcad_shadow",
          "ldcad_shadow"
        ],
        "confidence": [
          1.0,
          1.0
        ],
        "feature_ids": [
          "stud@R70/studC",
          "snap_cyl@L8:I34"
        ],
        "residual": {
          "distance": 0.0,
          "axial_gap": 0.0,
          "alignment": 1.0,
          "roll_alignment": 1.0,
          "entry_face_gap": 0.0,
          "penetration": 12.0
        }
      },
      {
        "instances": [
          5,
          22
        ],
        "status": "confirmed",
        "kinds": [
          "stud",
          "stud_receptacle"
        ],
        "sources": [
          "ldcad_shadow",
          "ldcad_shadow"
        ],
        "confidence": [
          1.0,
          1.0
        ],
        "feature_ids": [
          "stud@R71/studC",
          "snap_cyl@L8:I30"
        ],
        "residual": {
          "distance": 0.0,
          "axial_gap": 0.0,
          "alignment": 1.0,
          "roll_alignment": 1.0,
          "entry_face_gap": 0.0,
          "penetration": 12.0
        }
      },
      {
        "instances": [
          5,
          22
        ],
        "status": "confirmed",
        "kinds": [
          "stud",
          "stud_receptacle"
        ],
        "sources": [
          "ldcad_shadow",
          "ldcad_shadow"
        ],
        "confidence": [
          1.0,
          1.0
        ],
        "feature_ids": [
          "stud@R72/studC",
          "snap_cyl@L8:I26"
        ],
        "residual": {
          "distance": 0.0,
          "axial_gap": 0.0,
          "alignment": 1.0,
          "roll_alignment": 1.0,
          "entry_face_gap": 0.0,
          "penetration": 12.0
        }
      },
      {
        "instances": [
          5,
          22
        ],
        "status": "confirmed",
        "kinds": [
          "stud",
          "stud_receptacle"
        ],
        "sources": [
          "ldcad_shadow",
          "ldcad_shadow"
        ],
        "confidence": [
          1.0,
          1.0
        ],
        "feature_ids": [
          "stud@R73/studC",
          "snap_cyl@L8:I22"
        ],
        "residual": {
          "distance": 0.0,
          "axial_gap": 0.0,
          "alignment": 1.0,
          "roll_alignment": 1.0,
          "entry_face_gap": 0.0,
          "penetration": 12.0
        }
      },
      {
        "instances": [
          5,
          22
        ],
        "status": "confirmed",
        "kinds": [
          "stud",
          "stud_receptacle"
        ],
        "sources": [
          "ldcad_shadow",
          "ldcad_shadow"
        ],
        "confidence": [
          1.0,
          1.0
        ],
        "feature_ids": [
          "stud@R74/studC",
          "snap_cyl@L8:I18"
        ],
        "residual": {
          "distance": 0.0,
          "axial_gap": 0.0,
          "alignment": 1.0,
          "roll_alignment": 1.0,
          "entry_face_gap": 0.0,
          "penetration": 12.0
        }
      },
      {
        "instances": [
          5,
          22
        ],
        "status": "confirmed",
        "kinds": [
          "stud",
          "stud_receptacle"
        ],
        "sources": [
          "ldcad_shadow",
          "ldcad_shadow"
        ],
        "confidence": [
          1.0,
          1.0
        ],
        "feature_ids": [
          "stud@R75/studC",
          "snap_cyl@L8:I14"
        ],
        "residual": {
          "distance": 0.0,
          "axial_gap": 0.0,
          "alignment": 1.0,
          "roll_alignment": 1.0,
          "entry_face_gap": 0.0,
          "penetration": 12.0
        }
      },
      {
        "instances": [
          5,
          22
        ],
        "status": "confirmed",
        "kinds": [
          "stud",
          "stud_receptacle"
        ],
        "sources": [
          "ldcad_shadow",
          "ldcad_shadow"
        ],
        "confidence": [
          1.0,
          1.0
        ],
        "feature_ids": [
          "stud@R76/studC",
          "snap_cyl@L8:I10"
        ],
        "residual": {
          "distance": 0.0,
          "axial_gap": 0.0,
          "alignment": 1.0,
          "roll_alignment": 1.0,
          "entry_face_gap": 0.0,
          "penetration": 12.0
        }
      },
      {
        "instances": [
          5,
          22
        ],
        "status": "confirmed",
        "kinds": [
          "stud",
          "stud_receptacle"
        ],
        "sources": [
          "ldcad_shadow",
          "ldcad_shadow"
        ],
        "confidence": [
          1.0,
          1.0
        ],
        "feature_ids": [
          "stud@R77/studC",
          "snap_cyl@L8:I6"
        ],
        "residual": {
          "distance": 0.0,
          "axial_gap": 0.0,
          "alignment": 1.0,
          "roll_alignment": 1.0,
          "entry_face_gap": 0.0,
          "penetration": 12.0
        }
      },
      {
        "instances": [
          5,
          22
        ],
        "status": "confirmed",
        "kinds": [
          "stud",
          "stud_receptacle"
        ],
        "sources": [
          "ldcad_shadow",
          "ldcad_shadow"
        ],
        "confidence": [
          1.0,
          1.0
        ],
        "feature_ids": [
          "stud@R78/studC",
          "snap_cyl@L8:I2"
        ],
        "residual": {
          "distance": 0.0,
          "axial_gap": 0.0,
          "alignment": 1.0,
          "roll_alignment": 1.0,
          "entry_face_gap": 0.0,
          "penetration": 12.0
        }
      },
      {
        "instances": [
          5,
          22
        ],
        "status": "confirmed",
        "kinds": [
          "stud",
          "stud_receptacle"
        ],
        "sources": [
          "ldcad_shadow",
          "ldcad_shadow"
        ],
        "confidence": [
          1.0,
          1.0
        ],
        "feature_ids": [
          "stud@R81/studC",
          "snap_cyl@L8:I37"
        ],
        "residual": {
          "distance": 0.0,
          "axial_gap": 0.0,
          "alignment": 1.0,
          "roll_alignment": 1.0,
          "entry_face_gap": 0.0,
          "penetration": 12.0
        }
      },
      {
        "instances": [
          5,
          22
        ],
        "status": "confirmed",
        "kinds": [
          "stud",
          "stud_receptacle"
        ],
        "sources": [
          "ldcad_shadow",
          "ldcad_shadow"
        ],
        "confidence": [
          1.0,
          1.0
        ],
        "feature_ids": [
          "stud@R82/studC",
          "snap_cyl@L8:I33"
        ],
        "residual": {
          "distance": 0.0,
          "axial_gap": 0.0,
          "alignment": 1.0,
          "roll_alignment": 1.0,
          "entry_face_gap": 0.0,
          "penetration": 12.0
        }
      },
      {
        "instances": [
          5,
          22
        ],
        "status": "confirmed",
        "kinds": [
          "stud",
          "stud_receptacle"
        ],
        "sources": [
          "ldcad_shadow",
          "ldcad_shadow"
        ],
        "confidence": [
          1.0,
          1.0
        ],
        "feature_ids": [
          "stud@R83/studC",
          "snap_cyl@L8:I29"
        ],
        "residual": {
          "distance": 0.0,
          "axial_gap": 0.0,
          "alignment": 1.0,
          "roll_alignment": 1.0,
          "entry_face_gap": 0.0,
          "penetration": 12.0
        }
      },
      {
        "instances": [
          5,
          22
        ],
        "status": "confirmed",
        "kinds": [
          "stud",
          "stud_receptacle"
        ],
        "sources": [
          "ldcad_shadow",
          "ldcad_shadow"
        ],
        "confidence": [
          1.0,
          1.0
        ],
        "feature_ids": [
          "stud@R84/studC",
          "snap_cyl@L8:I25"
        ],
        "residual": {
          "distance": 0.0,
          "axial_gap": 0.0,
          "alignment": 1.0,
          "roll_alignment": 1.0,
          "entry_face_gap": 0.0,
          "penetration": 12.0
        }
      },
      {
        "instances": [
          5,
          22
        ],
        "status": "confirmed",
        "kinds": [
          "stud",
          "stud_receptacle"
        ],
        "sources": [
          "ldcad_shadow",
          "ldcad_shadow"
        ],
        "confidence": [
          1.0,
          1.0
        ],
        "feature_ids": [
          "stud@R85/studC",
          "snap_cyl@L8:I21"
        ],
        "residual": {
          "distance": 0.0,
          "axial_gap": 0.0,
          "alignment": 1.0,
          "roll_alignment": 1.0,
          "entry_face_gap": 0.0,
          "penetration": 12.0
        }
      },
      {
        "instances": [
          5,
          22
        ],
        "status": "confirmed",
        "kinds": [
          "stud",
          "stud_receptacle"
        ],
        "sources": [
          "ldcad_shadow",
          "ldcad_shadow"
        ],
        "confidence": [
          1.0,
          1.0
        ],
        "feature_ids": [
          "stud@R86/studC",
          "snap_cyl@L8:I17"
        ],
        "residual": {
          "distance": 0.0,
          "axial_gap": 0.0,
          "alignment": 1.0,
          "roll_alignment": 1.0,
          "entry_face_gap": 0.0,
          "penetration": 12.0
        }
      },
      {
        "instances": [
          5,
          22
        ],
        "status": "confirmed",
        "kinds": [
          "stud",
          "stud_receptacle"
        ],
        "sources": [
          "ldcad_shadow",
          "ldcad_shadow"
        ],
        "confidence": [
          1.0,
          1.0
        ],
        "feature_ids": [
          "stud@R87/studC",
          "snap_cyl@L8:I13"
        ],
        "residual": {
          "distance": 0.0,
          "axial_gap": 0.0,
          "alignment": 1.0,
          "roll_alignment": 1.0,
          "entry_face_gap": 0.0,
          "penetration": 12.0
        }
      },
      {
        "instances": [
          5,
          22
        ],
        "status": "confirmed",
        "kinds": [
          "stud",
          "stud_receptacle"
        ],
        "sources": [
          "ldcad_shadow",
          "ldcad_shadow"
        ],
        "confidence": [
          1.0,
          1.0
        ],
        "feature_ids": [
          "stud@R88/studC",
          "snap_cyl@L8:I9"
        ],
        "residual": {
          "distance": 0.0,
          "axial_gap": 0.0,
          "alignment": 1.0,
          "roll_alignment": 1.0,
          "entry_face_gap": 0.0,
          "penetration": 12.0
        }
      },
      {
        "instances": [
          5,
          22
        ],
        "status": "confirmed",
        "kinds": [
          "stud",
          "stud_receptacle"
        ],
        "sources": [
          "ldcad_shadow",
          "ldcad_shadow"
        ],
        "confidence": [
          1.0,
          1.0
        ],
        "feature_ids": [
          "stud@R89/studC",
          "snap_cyl@L8:I5"
        ],
        "residual": {
          "distance": 0.0,
          "axial_gap": 0.0,
          "alignment": 1.0,
          "roll_alignment": 1.0,
          "entry_face_gap": 0.0,
          "penetration": 12.0
        }
      },
      {
        "instances": [
          5,
          22
        ],
        "status": "confirmed",
        "kinds": [
          "stud",
          "stud_receptacle"
        ],
        "sources": [
          "ldcad_shadow",
          "ldcad_shadow"
        ],
        "confidence": [
          1.0,
          1.0
        ],
        "feature_ids": [
          "stud@R90/studC",
          "snap_cyl@L8:I1"
        ],
        "residual": {
          "distance": 0.0,
          "axial_gap": 0.0,
          "alignment": 1.0,
          "roll_alignment": 1.0,
          "entry_face_gap": 0.0,
          "penetration": 12.0
        }
      },
      {
        "instances": [
          5,
          22
        ],
        "status": "confirmed",
        "kinds": [
          "stud",
          "stud_receptacle"
        ],
        "sources": [
          "ldcad_shadow",
          "ldcad_shadow"
        ],
        "confidence": [
          1.0,
          1.0
        ],
        "feature_ids": [
          "stud@R93/studC",
          "snap_cyl@L8:I36"
        ],
        "residual": {
          "distance": 0.0,
          "axial_gap": 0.0,
          "alignment": 1.0,
          "roll_alignment": 1.0,
          "entry_face_gap": 0.0,
          "penetration": 12.0
        }
      },
      {
        "instances": [
          5,
          22
        ],
        "status": "confirmed",
        "kinds": [
          "stud",
          "stud_receptacle"
        ],
        "sources": [
          "ldcad_shadow",
          "ldcad_shadow"
        ],
        "confidence": [
          1.0,
          1.0
        ],
        "feature_ids": [
          "stud@R94/studC",
          "snap_cyl@L8:I32"
        ],
        "residual": {
          "distance": 0.0,
          "axial_gap": 0.0,
          "alignment": 1.0,
          "roll_alignment": 1.0,
          "entry_face_gap": 0.0,
          "penetration": 12.0
        }
      },
      {
        "instances": [
          5,
          22
        ],
        "status": "confirmed",
        "kinds": [
          "stud",
          "stud_receptacle"
        ],
        "sources": [
          "ldcad_shadow",
          "ldcad_shadow"
        ],
        "confidence": [
          1.0,
          1.0
        ],
        "feature_ids": [
          "stud@R95/studC",
          "snap_cyl@L8:I28"
        ],
        "residual": {
          "distance": 0.0,
          "axial_gap": 0.0,
          "alignment": 1.0,
          "roll_alignment": 1.0,
          "entry_face_gap": 0.0,
          "penetration": 12.0
        }
      },
      {
        "instances": [
          5,
          22
        ],
        "status": "confirmed",
        "kinds": [
          "stud",
          "stud_receptacle"
        ],
        "sources": [
          "ldcad_shadow",
          "ldcad_shadow"
        ],
        "confidence": [
          1.0,
          1.0
        ],
        "feature_ids": [
          "stud@R96/studC",
          "snap_cyl@L8:I24"
        ],
        "residual": {
          "distance": 0.0,
          "axial_gap": 0.0,
          "alignment": 1.0,
          "roll_alignment": 1.0,
          "entry_face_gap": 0.0,
          "penetration": 12.0
        }
      },
      {
        "instances": [
          5,
          22
        ],
        "status": "confirmed",
        "kinds": [
          "stud",
          "stud_receptacle"
        ],
        "sources": [
          "ldcad_shadow",
          "ldcad_shadow"
        ],
        "confidence": [
          1.0,
          1.0
        ],
        "feature_ids": [
          "stud@R97/studC",
          "snap_cyl@L8:I20"
        ],
        "residual": {
          "distance": 0.0,
          "axial_gap": 0.0,
          "alignment": 1.0,
          "roll_alignment": 1.0,
          "entry_face_gap": 0.0,
          "penetration": 12.0
        }
      },
      {
        "instances": [
          5,
          22
        ],
        "status": "confirmed",
        "kinds": [
          "stud",
          "stud_receptacle"
        ],
        "sources": [
          "ldcad_shadow",
          "ldcad_shadow"
        ],
        "confidence": [
          1.0,
          1.0
        ],
        "feature_ids": [
          "stud@R98/studC",
          "snap_cyl@L8:I16"
        ],
        "residual": {
          "distance": 0.0,
          "axial_gap": 0.0,
          "alignment": 1.0,
          "roll_alignment": 1.0,
          "entry_face_gap": 0.0,
          "penetration": 12.0
        }
      },
      {
        "instances": [
          5,
          22
        ],
        "status": "confirmed",
        "kinds": [
          "stud",
          "stud_receptacle"
        ],
        "sources": [
          "ldcad_shadow",
          "ldcad_shadow"
        ],
        "confidence": [
          1.0,
          1.0
        ],
        "feature_ids": [
          "stud@R99/studC",
          "snap_cyl@L8:I12"
        ],
        "residual": {
          "distance": 0.0,
          "axial_gap": 0.0,
          "alignment": 1.0,
          "roll_alignment": 1.0,
          "entry_face_gap": 0.0,
          "penetration": 12.0
        }
      },
      {
        "instances": [
          6,
          20
        ],
        "status": "confirmed",
        "kinds": [
          "stud",
          "stud_receptacle"
        ],
        "sources": [
          "ldcad_shadow",
          "ldcad_shadow"
        ],
        "confidence": [
          1.0,
          1.0
        ],
        "feature_ids": [
          "stud@R115/studC",
          "snap_cyl@L8:I71"
        ],
        "residual": {
          "distance": 0.0,
          "axial_gap": 0.0,
          "alignment": 1.0,
          "roll_alignment": 1.0,
          "entry_face_gap": 0.0,
          "penetration": 12.0
        }
      },
      {
        "instances": [
          6,
          20
        ],
        "status": "confirmed",
        "kinds": [
          "stud",
          "stud_receptacle"
        ],
        "sources": [
          "ldcad_shadow",
          "ldcad_shadow"
        ],
        "confidence": [
          1.0,
          1.0
        ],
        "feature_ids": [
          "stud@R116/studC",
          "snap_cyl@L8:I65"
        ],
        "residual": {
          "distance": 0.0,
          "axial_gap": 0.0,
          "alignment": 1.0,
          "roll_alignment": 1.0,
          "entry_face_gap": 0.0,
          "penetration": 12.0
        }
      },
      {
        "instances": [
          6,
          20
        ],
        "status": "confirmed",
        "kinds": [
          "stud",
          "stud_receptacle"
        ],
        "sources": [
          "ldcad_shadow",
          "ldcad_shadow"
        ],
        "confidence": [
          1.0,
          1.0
        ],
        "feature_ids": [
          "stud@R127/studC",
          "snap_cyl@L8:I70"
        ],
        "residual": {
          "distance": 0.0,
          "axial_gap": 0.0,
          "alignment": 1.0,
          "roll_alignment": 1.0,
          "entry_face_gap": 0.0,
          "penetration": 12.0
        }
      },
      {
        "instances": [
          6,
          20
        ],
        "status": "confirmed",
        "kinds": [
          "stud",
          "stud_receptacle"
        ],
        "sources": [
          "ldcad_shadow",
          "ldcad_shadow"
        ],
        "confidence": [
          1.0,
          1.0
        ],
        "feature_ids": [
          "stud@R128/studC",
          "snap_cyl@L8:I64"
        ],
        "residual": {
          "distance": 0.0,
          "axial_gap": 0.0,
          "alignment": 1.0,
          "roll_alignment": 1.0,
          "entry_face_gap": 0.0,
          "penetration": 12.0
        }
      },
      {
        "instances": [
          6,
          21
        ],
        "status": "confirmed",
        "kinds": [
          "stud",
          "stud_receptacle"
        ],
        "sources": [
          "ldcad_shadow",
          "ldcad_shadow"
        ],
        "confidence": [
          1.0,
          1.0
        ],
        "feature_ids": [
          "stud@R105/studC",
          "snap_cyl@L8:I59"
        ],
        "residual": {
          "distance": 0.0,
          "axial_gap": 0.0,
          "alignment": 1.0,
          "roll_alignment": 1.0,
          "entry_face_gap": 0.0,
          "penetration": 12.0
        }
      },
      {
        "instances": [
          6,
          21
        ],
        "status": "confirmed",
        "kinds": [
          "stud",
          "stud_receptacle"
        ],
        "sources": [
          "ldcad_shadow",
          "ldcad_shadow"
        ],
        "confidence": [
          1.0,
          1.0
        ],
        "feature_ids": [
          "stud@R106/studC",
          "snap_cyl@L8:I53"
        ],
        "residual": {
          "distance": 0.0,
          "axial_gap": 0.0,
          "alignment": 1.0,
          "roll_alignment": 1.0,
          "entry_face_gap": 0.0,
          "penetration": 12.0
        }
      },
      {
        "instances": [
          6,
          21
        ],
        "status": "confirmed",
        "kinds": [
          "stud",
          "stud_receptacle"
        ],
        "sources": [
          "ldcad_shadow",
          "ldcad_shadow"
        ],
        "confidence": [
          1.0,
          1.0
        ],
        "feature_ids": [
          "stud@R107/studC",
          "snap_cyl@L8:I47"
        ],
        "residual": {
          "distance": 0.0,
          "axial_gap": 0.0,
          "alignment": 1.0,
          "roll_alignment": 1.0,
          "entry_face_gap": 0.0,
          "penetration": 12.0
        }
      },
      {
        "instances": [
          6,
          21
        ],
        "status": "confirmed",
        "kinds": [
          "stud",
          "stud_receptacle"
        ],
        "sources": [
          "ldcad_shadow",
          "ldcad_shadow"
        ],
        "confidence": [
          1.0,
          1.0
        ],
        "feature_ids": [
          "stud@R108/studC",
          "snap_cyl@L8:I41"
        ],
        "residual": {
          "distance": 0.0,
          "axial_gap": 0.0,
          "alignment": 1.0,
          "roll_alignment": 1.0,
          "entry_face_gap": 0.0,
          "penetration": 12.0
        }
      },
      {
        "instances": [
          6,
          21
        ],
        "status": "confirmed",
        "kinds": [
          "stud",
          "stud_receptacle"
        ],
        "sources": [
          "ldcad_shadow",
          "ldcad_shadow"
        ],
        "confidence": [
          1.0,
          1.0
        ],
        "feature_ids": [
          "stud@R109/studC",
          "snap_cyl@L8:I35"
        ],
        "residual": {
          "distance": 0.0,
          "axial_gap": 0.0,
          "alignment": 1.0,
          "roll_alignment": 1.0,
          "entry_face_gap": 0.0,
          "penetration": 12.0
        }
      },
      {
        "instances": [
          6,
          21
        ],
        "status": "confirmed",
        "kinds": [
          "stud",
          "stud_receptacle"
        ],
        "sources": [
          "ldcad_shadow",
          "ldcad_shadow"
        ],
        "confidence": [
          1.0,
          1.0
        ],
        "feature_ids": [
          "stud@R110/studC",
          "snap_cyl@L8:I29"
        ],
        "residual": {
          "distance": 0.0,
          "axial_gap": 0.0,
          "alignment": 1.0,
          "roll_alignment": 1.0,
          "entry_face_gap": 0.0,
          "penetration": 12.0
        }
      },
      {
        "instances": [
          6,
          21
        ],
        "status": "confirmed",
        "kinds": [
          "stud",
          "stud_receptacle"
        ],
        "sources": [
          "ldcad_shadow",
          "ldcad_shadow"
        ],
        "confidence": [
          1.0,
          1.0
        ],
        "feature_ids": [
          "stud@R111/studC",
          "snap_cyl@L8:I23"
        ],
        "residual": {
          "distance": 0.0,
          "axial_gap": 0.0,
          "alignment": 1.0,
          "roll_alignment": 1.0,
          "entry_face_gap": 0.0,
          "penetration": 12.0
        }
      },
      {
        "instances": [
          6,
          21
        ],
        "status": "confirmed",
        "kinds": [
          "stud",
          "stud_receptacle"
        ],
        "sources": [
          "ldcad_shadow",
          "ldcad_shadow"
        ],
        "confidence": [
          1.0,
          1.0
        ],
        "feature_ids": [
          "stud@R112/studC",
          "snap_cyl@L8:I17"
        ],
        "residual": {
          "distance": 0.0,
          "axial_gap": 0.0,
          "alignment": 1.0,
          "roll_alignment": 1.0,
          "entry_face_gap": 0.0,
          "penetration": 12.0
        }
      },
      {
        "instances": [
          6,
          21
        ],
        "status": "confirmed",
        "kinds": [
          "stud",
          "stud_receptacle"
        ],
        "sources": [
          "ldcad_shadow",
          "ldcad_shadow"
        ],
        "confidence": [
          1.0,
          1.0
        ],
        "feature_ids": [
          "stud@R113/studC",
          "snap_cyl@L8:I11"
        ],
        "residual": {
          "distance": 0.0,
          "axial_gap": 0.0,
          "alignment": 1.0,
          "roll_alignment": 1.0,
          "entry_face_gap": 0.0,
          "penetration": 12.0
        }
      },
      {
        "instances": [
          6,
          21
        ],
        "status": "confirmed",
        "kinds": [
          "stud",
          "stud_receptacle"
        ],
        "sources": [
          "ldcad_shadow",
          "ldcad_shadow"
        ],
        "confidence": [
          1.0,
          1.0
        ],
        "feature_ids": [
          "stud@R114/studC",
          "snap_cyl@L8:I5"
        ],
        "residual": {
          "distance": 0.0,
          "axial_gap": 0.0,
          "alignment": 1.0,
          "roll_alignment": 1.0,
          "entry_face_gap": 0.0,
          "penetration": 12.0
        }
      },
      {
        "instances": [
          6,
          21
        ],
        "status": "confirmed",
        "kinds": [
          "stud",
          "stud_receptacle"
        ],
        "sources": [
          "ldcad_shadow",
          "ldcad_shadow"
        ],
        "confidence": [
          1.0,
          1.0
        ],
        "feature_ids": [
          "stud@R117/studC",
          "snap_cyl@L8:I58"
        ],
        "residual": {
          "distance": 0.0,
          "axial_gap": 0.0,
          "alignment": 1.0,
          "roll_alignment": 1.0,
          "entry_face_gap": 0.0,
          "penetration": 12.0
        }
      },
      {
        "instances": [
          6,
          21
        ],
        "status": "confirmed",
        "kinds": [
          "stud",
          "stud_receptacle"
        ],
        "sources": [
          "ldcad_shadow",
          "ldcad_shadow"
        ],
        "confidence": [
          1.0,
          1.0
        ],
        "feature_ids": [
          "stud@R118/studC",
          "snap_cyl@L8:I52"
        ],
        "residual": {
          "distance": 0.0,
          "axial_gap": 0.0,
          "alignment": 1.0,
          "roll_alignment": 1.0,
          "entry_face_gap": 0.0,
          "penetration": 12.0
        }
      },
      {
        "instances": [
          6,
          21
        ],
        "status": "confirmed",
        "kinds": [
          "stud",
          "stud_receptacle"
        ],
        "sources": [
          "ldcad_shadow",
          "ldcad_shadow"
        ],
        "confidence": [
          1.0,
          1.0
        ],
        "feature_ids": [
          "stud@R119/studC",
          "snap_cyl@L8:I46"
        ],
        "residual": {
          "distance": 0.0,
          "axial_gap": 0.0,
          "alignment": 1.0,
          "roll_alignment": 1.0,
          "entry_face_gap": 0.0,
          "penetration": 12.0
        }
      },
      {
        "instances": [
          6,
          21
        ],
        "status": "confirmed",
        "kinds": [
          "stud",
          "stud_receptacle"
        ],
        "sources": [
          "ldcad_shadow",
          "ldcad_shadow"
        ],
        "confidence": [
          1.0,
          1.0
        ],
        "feature_ids": [
          "stud@R120/studC",
          "snap_cyl@L8:I40"
        ],
        "residual": {
          "distance": 0.0,
          "axial_gap": 0.0,
          "alignment": 1.0,
          "roll_alignment": 1.0,
          "entry_face_gap": 0.0,
          "penetration": 12.0
        }
      },
      {
        "instances": [
          6,
          21
        ],
        "status": "confirmed",
        "kinds": [
          "stud",
          "stud_receptacle"
        ],
        "sources": [
          "ldcad_shadow",
          "ldcad_shadow"
        ],
        "confidence": [
          1.0,
          1.0
        ],
        "feature_ids": [
          "stud@R121/studC",
          "snap_cyl@L8:I34"
        ],
        "residual": {
          "distance": 0.0,
          "axial_gap": 0.0,
          "alignment": 1.0,
          "roll_alignment": 1.0,
          "entry_face_gap": 0.0,
          "penetration": 12.0
        }
      },
      {
        "instances": [
          6,
          21
        ],
        "status": "confirmed",
        "kinds": [
          "stud",
          "stud_receptacle"
        ],
        "sources": [
          "ldcad_shadow",
          "ldcad_shadow"
        ],
        "confidence": [
          1.0,
          1.0
        ],
        "feature_ids": [
          "stud@R122/studC",
          "snap_cyl@L8:I28"
        ],
        "residual": {
          "distance": 0.0,
          "axial_gap": 0.0,
          "alignment": 1.0,
          "roll_alignment": 1.0,
          "entry_face_gap": 0.0,
          "penetration": 12.0
        }
      },
      {
        "instances": [
          6,
          21
        ],
        "status": "confirmed",
        "kinds": [
          "stud",
          "stud_receptacle"
        ],
        "sources": [
          "ldcad_shadow",
          "ldcad_shadow"
        ],
        "confidence": [
          1.0,
          1.0
        ],
        "feature_ids": [
          "stud@R123/studC",
          "snap_cyl@L8:I22"
        ],
        "residual": {
          "distance": 0.0,
          "axial_gap": 0.0,
          "alignment": 1.0,
          "roll_alignment": 1.0,
          "entry_face_gap": 0.0,
          "penetration": 12.0
        }
      },
      {
        "instances": [
          6,
          21
        ],
        "status": "confirmed",
        "kinds": [
          "stud",
          "stud_receptacle"
        ],
        "sources": [
          "ldcad_shadow",
          "ldcad_shadow"
        ],
        "confidence": [
          1.0,
          1.0
        ],
        "feature_ids": [
          "stud@R124/studC",
          "snap_cyl@L8:I16"
        ],
        "residual": {
          "distance": 0.0,
          "axial_gap": 0.0,
          "alignment": 1.0,
          "roll_alignment": 1.0,
          "entry_face_gap": 0.0,
          "penetration": 12.0
        }
      },
      {
        "instances": [
          6,
          21
        ],
        "status": "confirmed",
        "kinds": [
          "stud",
          "stud_receptacle"
        ],
        "sources": [
          "ldcad_shadow",
          "ldcad_shadow"
        ],
        "confidence": [
          1.0,
          1.0
        ],
        "feature_ids": [
          "stud@R125/studC",
          "snap_cyl@L8:I10"
        ],
        "residual": {
          "distance": 0.0,
          "axial_gap": 0.0,
          "alignment": 1.0,
          "roll_alignment": 1.0,
          "entry_face_gap": 0.0,
          "penetration": 12.0
        }
      },
      {
        "instances": [
          6,
          21
        ],
        "status": "confirmed",
        "kinds": [
          "stud",
          "stud_receptacle"
        ],
        "sources": [
          "ldcad_shadow",
          "ldcad_shadow"
        ],
        "confidence": [
          1.0,
          1.0
        ],
        "feature_ids": [
          "stud@R126/studC",
          "snap_cyl@L8:I4"
        ],
        "residual": {
          "distance": 0.0,
          "axial_gap": 0.0,
          "alignment": 1.0,
          "roll_alignment": 1.0,
          "entry_face_gap": 0.0,
          "penetration": 12.0
        }
      },
      {
        "instances": [
          6,
          22
        ],
        "status": "confirmed",
        "kinds": [
          "stud",
          "stud_receptacle"
        ],
        "sources": [
          "ldcad_shadow",
          "ldcad_shadow"
        ],
        "confidence": [
          1.0,
          1.0
        ],
        "feature_ids": [
          "stud@R103/studC",
          "snap_cyl@L8:I44"
        ],
        "residual": {
          "distance": 0.0,
          "axial_gap": 0.0,
          "alignment": 1.0,
          "roll_alignment": 1.0,
          "entry_face_gap": 0.0,
          "penetration": 12.0
        }
      },
      {
        "instances": [
          6,
          22
        ],
        "status": "confirmed",
        "kinds": [
          "stud",
          "stud_receptacle"
        ],
        "sources": [
          "ldcad_shadow",
          "ldcad_shadow"
        ],
        "confidence": [
          1.0,
          1.0
        ],
        "feature_ids": [
          "stud@R104/studC",
          "snap_cyl@L8:I40"
        ],
        "residual": {
          "distance": 0.0,
          "axial_gap": 0.0,
          "alignment": 1.0,
          "roll_alignment": 1.0,
          "entry_face_gap": 0.0,
          "penetration": 12.0
        }
      },
      {
        "instances": [
          6,
          22
        ],
        "status": "confirmed",
        "kinds": [
          "stud",
          "stud_receptacle"
        ],
        "sources": [
          "ldcad_shadow",
          "ldcad_shadow"
        ],
        "confidence": [
          1.0,
          1.0
        ],
        "feature_ids": [
          "stud@R67/studC",
          "snap_cyl@L8:I47"
        ],
        "residual": {
          "distance": 0.0,
          "axial_gap": 0.0,
          "alignment": 1.0,
          "roll_alignment": 1.0,
          "entry_face_gap": 0.0,
          "penetration": 12.0
        }
      },
      {
        "instances": [
          6,
          22
        ],
        "status": "confirmed",
        "kinds": [
          "stud",
          "stud_receptacle"
        ],
        "sources": [
          "ldcad_shadow",
          "ldcad_shadow"
        ],
        "confidence": [
          1.0,
          1.0
        ],
        "feature_ids": [
          "stud@R68/studC",
          "snap_cyl@L8:I43"
        ],
        "residual": {
          "distance": 0.0,
          "axial_gap": 0.0,
          "alignment": 1.0,
          "roll_alignment": 1.0,
          "entry_face_gap": 0.0,
          "penetration": 12.0
        }
      },
      {
        "instances": [
          6,
          22
        ],
        "status": "confirmed",
        "kinds": [
          "stud",
          "stud_receptacle"
        ],
        "sources": [
          "ldcad_shadow",
          "ldcad_shadow"
        ],
        "confidence": [
          1.0,
          1.0
        ],
        "feature_ids": [
          "stud@R79/studC",
          "snap_cyl@L8:I46"
        ],
        "residual": {
          "distance": 0.0,
          "axial_gap": 0.0,
          "alignment": 1.0,
          "roll_alignment": 1.0,
          "entry_face_gap": 0.0,
          "penetration": 12.0
        }
      },
      {
        "instances": [
          6,
          22
        ],
        "status": "confirmed",
        "kinds": [
          "stud",
          "stud_receptacle"
        ],
        "sources": [
          "ldcad_shadow",
          "ldcad_shadow"
        ],
        "confidence": [
          1.0,
          1.0
        ],
        "feature_ids": [
          "stud@R80/studC",
          "snap_cyl@L8:I42"
        ],
        "residual": {
          "distance": 0.0,
          "axial_gap": 0.0,
          "alignment": 1.0,
          "roll_alignment": 1.0,
          "entry_face_gap": 0.0,
          "penetration": 12.0
        }
      },
      {
        "instances": [
          6,
          22
        ],
        "status": "confirmed",
        "kinds": [
          "stud",
          "stud_receptacle"
        ],
        "sources": [
          "ldcad_shadow",
          "ldcad_shadow"
        ],
        "confidence": [
          1.0,
          1.0
        ],
        "feature_ids": [
          "stud@R91/studC",
          "snap_cyl@L8:I45"
        ],
        "residual": {
          "distance": 0.0,
          "axial_gap": 0.0,
          "alignment": 1.0,
          "roll_alignment": 1.0,
          "entry_face_gap": 0.0,
          "penetration": 12.0
        }
      },
      {
        "instances": [
          6,
          22
        ],
        "status": "confirmed",
        "kinds": [
          "stud",
          "stud_receptacle"
        ],
        "sources": [
          "ldcad_shadow",
          "ldcad_shadow"
        ],
        "confidence": [
          1.0,
          1.0
        ],
        "feature_ids": [
          "stud@R92/studC",
          "snap_cyl@L8:I41"
        ],
        "residual": {
          "distance": 0.0,
          "axial_gap": 0.0,
          "alignment": 1.0,
          "roll_alignment": 1.0,
          "entry_face_gap": 0.0,
          "penetration": 12.0
        }
      },
      {
        "instances": [
          6,
          23
        ],
        "status": "confirmed",
        "kinds": [
          "stud",
          "stud_receptacle"
        ],
        "sources": [
          "ldcad_shadow",
          "ldcad_shadow"
        ],
        "confidence": [
          1.0,
          1.0
        ],
        "feature_ids": [
          "stud@R100/studC",
          "snap_cyl@L8:I8"
        ],
        "residual": {
          "distance": 0.0,
          "axial_gap": 0.0,
          "alignment": 1.0,
          "roll_alignment": 1.0,
          "entry_face_gap": 0.0,
          "penetration": 12.0
        }
      },
      {
        "instances": [
          6,
          23
        ],
        "status": "confirmed",
        "kinds": [
          "stud",
          "stud_receptacle"
        ],
        "sources": [
          "ldcad_shadow",
          "ldcad_shadow"
        ],
        "confidence": [
          1.0,
          1.0
        ],
        "feature_ids": [
          "stud@R101/studC",
          "snap_cyl@L8:I4"
        ],
        "residual": {
          "distance": 0.0,
          "axial_gap": 0.0,
          "alignment": 1.0,
          "roll_alignment": 1.0,
          "entry_face_gap": 0.0,
          "penetration": 12.0
        }
      },
      {
        "instances": [
          6,
          23
        ],
        "status": "confirmed",
        "kinds": [
          "stud",
          "stud_receptacle"
        ],
        "sources": [
          "ldcad_shadow",
          "ldcad_shadow"
        ],
        "confidence": [
          1.0,
          1.0
        ],
        "feature_ids": [
          "stud@R102/studC",
          "snap_cyl@L8:I0"
        ],
        "residual": {
          "distance": 0.0,
          "axial_gap": 0.0,
          "alignment": 1.0,
          "roll_alignment": 1.0,
          "entry_face_gap": 0.0,
          "penetration": 12.0
        }
      },
      {
        "instances": [
          6,
          23
        ],
        "status": "confirmed",
        "kinds": [
          "stud",
          "stud_receptacle"
        ],
        "sources": [
          "ldcad_shadow",
          "ldcad_shadow"
        ],
        "confidence": [
          1.0,
          1.0
        ],
        "feature_ids": [
          "stud@R57/studC",
          "snap_cyl@L8:I39"
        ],
        "residual": {
          "distance": 0.0,
          "axial_gap": 0.0,
          "alignment": 1.0,
          "roll_alignment": 1.0,
          "entry_face_gap": 0.0,
          "penetration": 12.0
        }
      },
      {
        "instances": [
          6,
          23
        ],
        "status": "confirmed",
        "kinds": [
          "stud",
          "stud_receptacle"
        ],
        "sources": [
          "ldcad_shadow",
          "ldcad_shadow"
        ],
        "confidence": [
          1.0,
          1.0
        ],
        "feature_ids": [
          "stud@R58/studC",
          "snap_cyl@L8:I35"
        ],
        "residual": {
          "distance": 0.0,
          "axial_gap": 0.0,
          "alignment": 1.0,
          "roll_alignment": 1.0,
          "entry_face_gap": 0.0,
          "penetration": 12.0
        }
      },
      {
        "instances": [
          6,
          23
        ],
        "status": "confirmed",
        "kinds": [
          "stud",
          "stud_receptacle"
        ],
        "sources": [
          "ldcad_shadow",
          "ldcad_shadow"
        ],
        "confidence": [
          1.0,
          1.0
        ],
        "feature_ids": [
          "stud@R59/studC",
          "snap_cyl@L8:I31"
        ],
        "residual": {
          "distance": 0.0,
          "axial_gap": 0.0,
          "alignment": 1.0,
          "roll_alignment": 1.0,
          "entry_face_gap": 0.0,
          "penetration": 12.0
        }
      },
      {
        "instances": [
          6,
          23
        ],
        "status": "confirmed",
        "kinds": [
          "stud",
          "stud_receptacle"
        ],
        "sources": [
          "ldcad_shadow",
          "ldcad_shadow"
        ],
        "confidence": [
          1.0,
          1.0
        ],
        "feature_ids": [
          "stud@R60/studC",
          "snap_cyl@L8:I27"
        ],
        "residual": {
          "distance": 0.0,
          "axial_gap": 0.0,
          "alignment": 1.0,
          "roll_alignment": 1.0,
          "entry_face_gap": 0.0,
          "penetration": 12.0
        }
      },
      {
        "instances": [
          6,
          23
        ],
        "status": "confirmed",
        "kinds": [
          "stud",
          "stud_receptacle"
        ],
        "sources": [
          "ldcad_shadow",
          "ldcad_shadow"
        ],
        "confidence": [
          1.0,
          1.0
        ],
        "feature_ids": [
          "stud@R61/studC",
          "snap_cyl@L8:I23"
        ],
        "residual": {
          "distance": 0.0,
          "axial_gap": 0.0,
          "alignment": 1.0,
          "roll_alignment": 1.0,
          "entry_face_gap": 0.0,
          "penetration": 12.0
        }
      },
      {
        "instances": [
          6,
          23
        ],
        "status": "confirmed",
        "kinds": [
          "stud",
          "stud_receptacle"
        ],
        "sources": [
          "ldcad_shadow",
          "ldcad_shadow"
        ],
        "confidence": [
          1.0,
          1.0
        ],
        "feature_ids": [
          "stud@R62/studC",
          "snap_cyl@L8:I19"
        ],
        "residual": {
          "distance": 0.0,
          "axial_gap": 0.0,
          "alignment": 1.0,
          "roll_alignment": 1.0,
          "entry_face_gap": 0.0,
          "penetration": 12.0
        }
      },
      {
        "instances": [
          6,
          23
        ],
        "status": "confirmed",
        "kinds": [
          "stud",
          "stud_receptacle"
        ],
        "sources": [
          "ldcad_shadow",
          "ldcad_shadow"
        ],
        "confidence": [
          1.0,
          1.0
        ],
        "feature_ids": [
          "stud@R63/studC",
          "snap_cyl@L8:I15"
        ],
        "residual": {
          "distance": 0.0,
          "axial_gap": 0.0,
          "alignment": 1.0,
          "roll_alignment": 1.0,
          "entry_face_gap": 0.0,
          "penetration": 12.0
        }
      },
      {
        "instances": [
          6,
          23
        ],
        "status": "confirmed",
        "kinds": [
          "stud",
          "stud_receptacle"
        ],
        "sources": [
          "ldcad_shadow",
          "ldcad_shadow"
        ],
        "confidence": [
          1.0,
          1.0
        ],
        "feature_ids": [
          "stud@R64/studC",
          "snap_cyl@L8:I11"
        ],
        "residual": {
          "distance": 0.0,
          "axial_gap": 0.0,
          "alignment": 1.0,
          "roll_alignment": 1.0,
          "entry_face_gap": 0.0,
          "penetration": 12.0
        }
      },
      {
        "instances": [
          6,
          23
        ],
        "status": "confirmed",
        "kinds": [
          "stud",
          "stud_receptacle"
        ],
        "sources": [
          "ldcad_shadow",
          "ldcad_shadow"
        ],
        "confidence": [
          1.0,
          1.0
        ],
        "feature_ids": [
          "stud@R65/studC",
          "snap_cyl@L8:I7"
        ],
        "residual": {
          "distance": 0.0,
          "axial_gap": 0.0,
          "alignment": 1.0,
          "roll_alignment": 1.0,
          "entry_face_gap": 0.0,
          "penetration": 12.0
        }
      },
      {
        "instances": [
          6,
          23
        ],
        "status": "confirmed",
        "kinds": [
          "stud",
          "stud_receptacle"
        ],
        "sources": [
          "ldcad_shadow",
          "ldcad_shadow"
        ],
        "confidence": [
          1.0,
          1.0
        ],
        "feature_ids": [
          "stud@R66/studC",
          "snap_cyl@L8:I3"
        ],
        "residual": {
          "distance": 0.0,
          "axial_gap": 0.0,
          "alignment": 1.0,
          "roll_alignment": 1.0,
          "entry_face_gap": 0.0,
          "penetration": 12.0
        }
      },
      {
        "instances": [
          6,
          23
        ],
        "status": "confirmed",
        "kinds": [
          "stud",
          "stud_receptacle"
        ],
        "sources": [
          "ldcad_shadow",
          "ldcad_shadow"
        ],
        "confidence": [
          1.0,
          1.0
        ],
        "feature_ids": [
          "stud@R69/studC",
          "snap_cyl@L8:I38"
        ],
        "residual": {
          "distance": 0.0,
          "axial_gap": 0.0,
          "alignment": 1.0,
          "roll_alignment": 1.0,
          "entry_face_gap": 0.0,
          "penetration": 12.0
        }
      },
      {
        "instances": [
          6,
          23
        ],
        "status": "confirmed",
        "kinds": [
          "stud",
          "stud_receptacle"
        ],
        "sources": [
          "ldcad_shadow",
          "ldcad_shadow"
        ],
        "confidence": [
          1.0,
          1.0
        ],
        "feature_ids": [
          "stud@R70/studC",
          "snap_cyl@L8:I34"
        ],
        "residual": {
          "distance": 0.0,
          "axial_gap": 0.0,
          "alignment": 1.0,
          "roll_alignment": 1.0,
          "entry_face_gap": 0.0,
          "penetration": 12.0
        }
      },
      {
        "instances": [
          6,
          23
        ],
        "status": "confirmed",
        "kinds": [
          "stud",
          "stud_receptacle"
        ],
        "sources": [
          "ldcad_shadow",
          "ldcad_shadow"
        ],
        "confidence": [
          1.0,
          1.0
        ],
        "feature_ids": [
          "stud@R71/studC",
          "snap_cyl@L8:I30"
        ],
        "residual": {
          "distance": 0.0,
          "axial_gap": 0.0,
          "alignment": 1.0,
          "roll_alignment": 1.0,
          "entry_face_gap": 0.0,
          "penetration": 12.0
        }
      },
      {
        "instances": [
          6,
          23
        ],
        "status": "confirmed",
        "kinds": [
          "stud",
          "stud_receptacle"
        ],
        "sources": [
          "ldcad_shadow",
          "ldcad_shadow"
        ],
        "confidence": [
          1.0,
          1.0
        ],
        "feature_ids": [
          "stud@R72/studC",
          "snap_cyl@L8:I26"
        ],
        "residual": {
          "distance": 0.0,
          "axial_gap": 0.0,
          "alignment": 1.0,
          "roll_alignment": 1.0,
          "entry_face_gap": 0.0,
          "penetration": 12.0
        }
      },
      {
        "instances": [
          6,
          23
        ],
        "status": "confirmed",
        "kinds": [
          "stud",
          "stud_receptacle"
        ],
        "sources": [
          "ldcad_shadow",
          "ldcad_shadow"
        ],
        "confidence": [
          1.0,
          1.0
        ],
        "feature_ids": [
          "stud@R73/studC",
          "snap_cyl@L8:I22"
        ],
        "residual": {
          "distance": 0.0,
          "axial_gap": 0.0,
          "alignment": 1.0,
          "roll_alignment": 1.0,
          "entry_face_gap": 0.0,
          "penetration": 12.0
        }
      },
      {
        "instances": [
          6,
          23
        ],
        "status": "confirmed",
        "kinds": [
          "stud",
          "stud_receptacle"
        ],
        "sources": [
          "ldcad_shadow",
          "ldcad_shadow"
        ],
        "confidence": [
          1.0,
          1.0
        ],
        "feature_ids": [
          "stud@R74/studC",
          "snap_cyl@L8:I18"
        ],
        "residual": {
          "distance": 0.0,
          "axial_gap": 0.0,
          "alignment": 1.0,
          "roll_alignment": 1.0,
          "entry_face_gap": 0.0,
          "penetration": 12.0
        }
      },
      {
        "instances": [
          6,
          23
        ],
        "status": "confirmed",
        "kinds": [
          "stud",
          "stud_receptacle"
        ],
        "sources": [
          "ldcad_shadow",
          "ldcad_shadow"
        ],
        "confidence": [
          1.0,
          1.0
        ],
        "feature_ids": [
          "stud@R75/studC",
          "snap_cyl@L8:I14"
        ],
        "residual": {
          "distance": 0.0,
          "axial_gap": 0.0,
          "alignment": 1.0,
          "roll_alignment": 1.0,
          "entry_face_gap": 0.0,
          "penetration": 12.0
        }
      },
      {
        "instances": [
          6,
          23
        ],
        "status": "confirmed",
        "kinds": [
          "stud",
          "stud_receptacle"
        ],
        "sources": [
          "ldcad_shadow",
          "ldcad_shadow"
        ],
        "confidence": [
          1.0,
          1.0
        ],
        "feature_ids": [
          "stud@R76/studC",
          "snap_cyl@L8:I10"
        ],
        "residual": {
          "distance": 0.0,
          "axial_gap": 0.0,
          "alignment": 1.0,
          "roll_alignment": 1.0,
          "entry_face_gap": 0.0,
          "penetration": 12.0
        }
      },
      {
        "instances": [
          6,
          23
        ],
        "status": "confirmed",
        "kinds": [
          "stud",
          "stud_receptacle"
        ],
        "sources": [
          "ldcad_shadow",
          "ldcad_shadow"
        ],
        "confidence": [
          1.0,
          1.0
        ],
        "feature_ids": [
          "stud@R77/studC",
          "snap_cyl@L8:I6"
        ],
        "residual": {
          "distance": 0.0,
          "axial_gap": 0.0,
          "alignment": 1.0,
          "roll_alignment": 1.0,
          "entry_face_gap": 0.0,
          "penetration": 12.0
        }
      },
      {
        "instances": [
          6,
          23
        ],
        "status": "confirmed",
        "kinds": [
          "stud",
          "stud_receptacle"
        ],
        "sources": [
          "ldcad_shadow",
          "ldcad_shadow"
        ],
        "confidence": [
          1.0,
          1.0
        ],
        "feature_ids": [
          "stud@R78/studC",
          "snap_cyl@L8:I2"
        ],
        "residual": {
          "distance": 0.0,
          "axial_gap": 0.0,
          "alignment": 1.0,
          "roll_alignment": 1.0,
          "entry_face_gap": 0.0,
          "penetration": 12.0
        }
      },
      {
        "instances": [
          6,
          23
        ],
        "status": "confirmed",
        "kinds": [
          "stud",
          "stud_receptacle"
        ],
        "sources": [
          "ldcad_shadow",
          "ldcad_shadow"
        ],
        "confidence": [
          1.0,
          1.0
        ],
        "feature_ids": [
          "stud@R81/studC",
          "snap_cyl@L8:I37"
        ],
        "residual": {
          "distance": 0.0,
          "axial_gap": 0.0,
          "alignment": 1.0,
          "roll_alignment": 1.0,
          "entry_face_gap": 0.0,
          "penetration": 12.0
        }
      },
      {
        "instances": [
          6,
          23
        ],
        "status": "confirmed",
        "kinds": [
          "stud",
          "stud_receptacle"
        ],
        "sources": [
          "ldcad_shadow",
          "ldcad_shadow"
        ],
        "confidence": [
          1.0,
          1.0
        ],
        "feature_ids": [
          "stud@R82/studC",
          "snap_cyl@L8:I33"
        ],
        "residual": {
          "distance": 0.0,
          "axial_gap": 0.0,
          "alignment": 1.0,
          "roll_alignment": 1.0,
          "entry_face_gap": 0.0,
          "penetration": 12.0
        }
      },
      {
        "instances": [
          6,
          23
        ],
        "status": "confirmed",
        "kinds": [
          "stud",
          "stud_receptacle"
        ],
        "sources": [
          "ldcad_shadow",
          "ldcad_shadow"
        ],
        "confidence": [
          1.0,
          1.0
        ],
        "feature_ids": [
          "stud@R83/studC",
          "snap_cyl@L8:I29"
        ],
        "residual": {
          "distance": 0.0,
          "axial_gap": 0.0,
          "alignment": 1.0,
          "roll_alignment": 1.0,
          "entry_face_gap": 0.0,
          "penetration": 12.0
        }
      },
      {
        "instances": [
          6,
          23
        ],
        "status": "confirmed",
        "kinds": [
          "stud",
          "stud_receptacle"
        ],
        "sources": [
          "ldcad_shadow",
          "ldcad_shadow"
        ],
        "confidence": [
          1.0,
          1.0
        ],
        "feature_ids": [
          "stud@R84/studC",
          "snap_cyl@L8:I25"
        ],
        "residual": {
          "distance": 0.0,
          "axial_gap": 0.0,
          "alignment": 1.0,
          "roll_alignment": 1.0,
          "entry_face_gap": 0.0,
          "penetration": 12.0
        }
      },
      {
        "instances": [
          6,
          23
        ],
        "status": "confirmed",
        "kinds": [
          "stud",
          "stud_receptacle"
        ],
        "sources": [
          "ldcad_shadow",
          "ldcad_shadow"
        ],
        "confidence": [
          1.0,
          1.0
        ],
        "feature_ids": [
          "stud@R85/studC",
          "snap_cyl@L8:I21"
        ],
        "residual": {
          "distance": 0.0,
          "axial_gap": 0.0,
          "alignment": 1.0,
          "roll_alignment": 1.0,
          "entry_face_gap": 0.0,
          "penetration": 12.0
        }
      },
      {
        "instances": [
          6,
          23
        ],
        "status": "confirmed",
        "kinds": [
          "stud",
          "stud_receptacle"
        ],
        "sources": [
          "ldcad_shadow",
          "ldcad_shadow"
        ],
        "confidence": [
          1.0,
          1.0
        ],
        "feature_ids": [
          "stud@R86/studC",
          "snap_cyl@L8:I17"
        ],
        "residual": {
          "distance": 0.0,
          "axial_gap": 0.0,
          "alignment": 1.0,
          "roll_alignment": 1.0,
          "entry_face_gap": 0.0,
          "penetration": 12.0
        }
      },
      {
        "instances": [
          6,
          23
        ],
        "status": "confirmed",
        "kinds": [
          "stud",
          "stud_receptacle"
        ],
        "sources": [
          "ldcad_shadow",
          "ldcad_shadow"
        ],
        "confidence": [
          1.0,
          1.0
        ],
        "feature_ids": [
          "stud@R87/studC",
          "snap_cyl@L8:I13"
        ],
        "residual": {
          "distance": 0.0,
          "axial_gap": 0.0,
          "alignment": 1.0,
          "roll_alignment": 1.0,
          "entry_face_gap": 0.0,
          "penetration": 12.0
        }
      },
      {
        "instances": [
          6,
          23
        ],
        "status": "confirmed",
        "kinds": [
          "stud",
          "stud_receptacle"
        ],
        "sources": [
          "ldcad_shadow",
          "ldcad_shadow"
        ],
        "confidence": [
          1.0,
          1.0
        ],
        "feature_ids": [
          "stud@R88/studC",
          "snap_cyl@L8:I9"
        ],
        "residual": {
          "distance": 0.0,
          "axial_gap": 0.0,
          "alignment": 1.0,
          "roll_alignment": 1.0,
          "entry_face_gap": 0.0,
          "penetration": 12.0
        }
      },
      {
        "instances": [
          6,
          23
        ],
        "status": "confirmed",
        "kinds": [
          "stud",
          "stud_receptacle"
        ],
        "sources": [
          "ldcad_shadow",
          "ldcad_shadow"
        ],
        "confidence": [
          1.0,
          1.0
        ],
        "feature_ids": [
          "stud@R89/studC",
          "snap_cyl@L8:I5"
        ],
        "residual": {
          "distance": 0.0,
          "axial_gap": 0.0,
          "alignment": 1.0,
          "roll_alignment": 1.0,
          "entry_face_gap": 0.0,
          "penetration": 12.0
        }
      },
      {
        "instances": [
          6,
          23
        ],
        "status": "confirmed",
        "kinds": [
          "stud",
          "stud_receptacle"
        ],
        "sources": [
          "ldcad_shadow",
          "ldcad_shadow"
        ],
        "confidence": [
          1.0,
          1.0
        ],
        "feature_ids": [
          "stud@R90/studC",
          "snap_cyl@L8:I1"
        ],
        "residual": {
          "distance": 0.0,
          "axial_gap": 0.0,
          "alignment": 1.0,
          "roll_alignment": 1.0,
          "entry_face_gap": 0.0,
          "penetration": 12.0
        }
      },
      {
        "instances": [
          6,
          23
        ],
        "status": "confirmed",
        "kinds": [
          "stud",
          "stud_receptacle"
        ],
        "sources": [
          "ldcad_shadow",
          "ldcad_shadow"
        ],
        "confidence": [
          1.0,
          1.0
        ],
        "feature_ids": [
          "stud@R93/studC",
          "snap_cyl@L8:I36"
        ],
        "residual": {
          "distance": 0.0,
          "axial_gap": 0.0,
          "alignment": 1.0,
          "roll_alignment": 1.0,
          "entry_face_gap": 0.0,
          "penetration": 12.0
        }
      },
      {
        "instances": [
          6,
          23
        ],
        "status": "confirmed",
        "kinds": [
          "stud",
          "stud_receptacle"
        ],
        "sources": [
          "ldcad_shadow",
          "ldcad_shadow"
        ],
        "confidence": [
          1.0,
          1.0
        ],
        "feature_ids": [
          "stud@R94/studC",
          "snap_cyl@L8:I32"
        ],
        "residual": {
          "distance": 0.0,
          "axial_gap": 0.0,
          "alignment": 1.0,
          "roll_alignment": 1.0,
          "entry_face_gap": 0.0,
          "penetration": 12.0
        }
      },
      {
        "instances": [
          6,
          23
        ],
        "status": "confirmed",
        "kinds": [
          "stud",
          "stud_receptacle"
        ],
        "sources": [
          "ldcad_shadow",
          "ldcad_shadow"
        ],
        "confidence": [
          1.0,
          1.0
        ],
        "feature_ids": [
          "stud@R95/studC",
          "snap_cyl@L8:I28"
        ],
        "residual": {
          "distance": 0.0,
          "axial_gap": 0.0,
          "alignment": 1.0,
          "roll_alignment": 1.0,
          "entry_face_gap": 0.0,
          "penetration": 12.0
        }
      },
      {
        "instances": [
          6,
          23
        ],
        "status": "confirmed",
        "kinds": [
          "stud",
          "stud_receptacle"
        ],
        "sources": [
          "ldcad_shadow",
          "ldcad_shadow"
        ],
        "confidence": [
          1.0,
          1.0
        ],
        "feature_ids": [
          "stud@R96/studC",
          "snap_cyl@L8:I24"
        ],
        "residual": {
          "distance": 0.0,
          "axial_gap": 0.0,
          "alignment": 1.0,
          "roll_alignment": 1.0,
          "entry_face_gap": 0.0,
          "penetration": 12.0
        }
      },
      {
        "instances": [
          6,
          23
        ],
        "status": "confirmed",
        "kinds": [
          "stud",
          "stud_receptacle"
        ],
        "sources": [
          "ldcad_shadow",
          "ldcad_shadow"
        ],
        "confidence": [
          1.0,
          1.0
        ],
        "feature_ids": [
          "stud@R97/studC",
          "snap_cyl@L8:I20"
        ],
        "residual": {
          "distance": 0.0,
          "axial_gap": 0.0,
          "alignment": 1.0,
          "roll_alignment": 1.0,
          "entry_face_gap": 0.0,
          "penetration": 12.0
        }
      },
      {
        "instances": [
          6,
          23
        ],
        "status": "confirmed",
        "kinds": [
          "stud",
          "stud_receptacle"
        ],
        "sources": [
          "ldcad_shadow",
          "ldcad_shadow"
        ],
        "confidence": [
          1.0,
          1.0
        ],
        "feature_ids": [
          "stud@R98/studC",
          "snap_cyl@L8:I16"
        ],
        "residual": {
          "distance": 0.0,
          "axial_gap": 0.0,
          "alignment": 1.0,
          "roll_alignment": 1.0,
          "entry_face_gap": 0.0,
          "penetration": 12.0
        }
      },
      {
        "instances": [
          6,
          23
        ],
        "status": "confirmed",
        "kinds": [
          "stud",
          "stud_receptacle"
        ],
        "sources": [
          "ldcad_shadow",
          "ldcad_shadow"
        ],
        "confidence": [
          1.0,
          1.0
        ],
        "feature_ids": [
          "stud@R99/studC",
          "snap_cyl@L8:I12"
        ],
        "residual": {
          "distance": 0.0,
          "axial_gap": 0.0,
          "alignment": 1.0,
          "roll_alignment": 1.0,
          "entry_face_gap": 0.0,
          "penetration": 12.0
        }
      },
      {
        "instances": [
          7,
          21
        ],
        "status": "confirmed",
        "kinds": [
          "stud",
          "stud_receptacle"
        ],
        "sources": [
          "ldcad_shadow",
          "ldcad_shadow"
        ],
        "confidence": [
          1.0,
          1.0
        ],
        "feature_ids": [
          "stud@R39/studC",
          "snap_cyl@L8:I70"
        ],
        "residual": {
          "distance": 0.0,
          "axial_gap": 0.0,
          "alignment": 1.0,
          "roll_alignment": 1.0,
          "entry_face_gap": 0.0,
          "penetration": 12.0
        }
      },
      {
        "instances": [
          7,
          21
        ],
        "status": "confirmed",
        "kinds": [
          "stud",
          "stud_receptacle"
        ],
        "sources": [
          "ldcad_shadow",
          "ldcad_shadow"
        ],
        "confidence": [
          1.0,
          1.0
        ],
        "feature_ids": [
          "stud@R40/studC",
          "snap_cyl@L8:I71"
        ],
        "residual": {
          "distance": 0.0,
          "axial_gap": 0.0,
          "alignment": 1.0,
          "roll_alignment": 1.0,
          "entry_face_gap": 0.0,
          "penetration": 12.0
        }
      },
      {
        "instances": [
          7,
          21
        ],
        "status": "confirmed",
        "kinds": [
          "stud",
          "stud_receptacle"
        ],
        "sources": [
          "ldcad_shadow",
          "ldcad_shadow"
        ],
        "confidence": [
          1.0,
          1.0
        ],
        "feature_ids": [
          "stud@R47/studC",
          "snap_cyl@L8:I64"
        ],
        "residual": {
          "distance": 0.0,
          "axial_gap": 0.0,
          "alignment": 1.0,
          "roll_alignment": 1.0,
          "entry_face_gap": 0.0,
          "penetration": 12.0
        }
      },
      {
        "instances": [
          7,
          21
        ],
        "status": "confirmed",
        "kinds": [
          "stud",
          "stud_receptacle"
        ],
        "sources": [
          "ldcad_shadow",
          "ldcad_shadow"
        ],
        "confidence": [
          1.0,
          1.0
        ],
        "feature_ids": [
          "stud@R48/studC",
          "snap_cyl@L8:I65"
        ],
        "residual": {
          "distance": 0.0,
          "axial_gap": 0.0,
          "alignment": 1.0,
          "roll_alignment": 1.0,
          "entry_face_gap": 0.0,
          "penetration": 12.0
        }
      },
      {
        "instances": [
          7,
          23
        ],
        "status": "confirmed",
        "kinds": [
          "stud",
          "stud_receptacle"
        ],
        "sources": [
          "ldcad_shadow",
          "ldcad_shadow"
        ],
        "confidence": [
          1.0,
          1.0
        ],
        "feature_ids": [
          "stud@R41/studC",
          "snap_cyl@L8:I44"
        ],
        "residual": {
          "distance": 0.0,
          "axial_gap": 0.0,
          "alignment": 1.0,
          "roll_alignment": 1.0,
          "entry_face_gap": 0.0,
          "penetration": 12.0
        }
      },
      {
        "instances": [
          7,
          23
        ],
        "status": "confirmed",
        "kinds": [
          "stud",
          "stud_receptacle"
        ],
        "sources": [
          "ldcad_shadow",
          "ldcad_shadow"
        ],
        "confidence": [
          1.0,
          1.0
        ],
        "feature_ids": [
          "stud@R42/studC",
          "snap_cyl@L8:I45"
        ],
        "residual": {
          "distance": 0.0,
          "axial_gap": 0.0,
          "alignment": 1.0,
          "roll_alignment": 1.0,
          "entry_face_gap": 0.0,
          "penetration": 12.0
        }
      },
      {
        "instances": [
          7,
          23
        ],
        "status": "confirmed",
        "kinds": [
          "stud",
          "stud_receptacle"
        ],
        "sources": [
          "ldcad_shadow",
          "ldcad_shadow"
        ],
        "confidence": [
          1.0,
          1.0
        ],
        "feature_ids": [
          "stud@R43/studC",
          "snap_cyl@L8:I46"
        ],
        "residual": {
          "distance": 0.0,
          "axial_gap": 0.0,
          "alignment": 1.0,
          "roll_alignment": 1.0,
          "entry_face_gap": 0.0,
          "penetration": 12.0
        }
      },
      {
        "instances": [
          7,
          23
        ],
        "status": "confirmed",
        "kinds": [
          "stud",
          "stud_receptacle"
        ],
        "sources": [
          "ldcad_shadow",
          "ldcad_shadow"
        ],
        "confidence": [
          1.0,
          1.0
        ],
        "feature_ids": [
          "stud@R44/studC",
          "snap_cyl@L8:I47"
        ],
        "residual": {
          "distance": 0.0,
          "axial_gap": 0.0,
          "alignment": 1.0,
          "roll_alignment": 1.0,
          "entry_face_gap": 0.0,
          "penetration": 12.0
        }
      },
      {
        "instances": [
          7,
          23
        ],
        "status": "confirmed",
        "kinds": [
          "stud",
          "stud_receptacle"
        ],
        "sources": [
          "ldcad_shadow",
          "ldcad_shadow"
        ],
        "confidence": [
          1.0,
          1.0
        ],
        "feature_ids": [
          "stud@R49/studC",
          "snap_cyl@L8:I40"
        ],
        "residual": {
          "distance": 0.0,
          "axial_gap": 0.0,
          "alignment": 1.0,
          "roll_alignment": 1.0,
          "entry_face_gap": 0.0,
          "penetration": 12.0
        }
      },
      {
        "instances": [
          7,
          23
        ],
        "status": "confirmed",
        "kinds": [
          "stud",
          "stud_receptacle"
        ],
        "sources": [
          "ldcad_shadow",
          "ldcad_shadow"
        ],
        "confidence": [
          1.0,
          1.0
        ],
        "feature_ids": [
          "stud@R50/studC",
          "snap_cyl@L8:I41"
        ],
        "residual": {
          "distance": 0.0,
          "axial_gap": 0.0,
          "alignment": 1.0,
          "roll_alignment": 1.0,
          "entry_face_gap": 0.0,
          "penetration": 12.0
        }
      },
      {
        "instances": [
          7,
          23
        ],
        "status": "confirmed",
        "kinds": [
          "stud",
          "stud_receptacle"
        ],
        "sources": [
          "ldcad_shadow",
          "ldcad_shadow"
        ],
        "confidence": [
          1.0,
          1.0
        ],
        "feature_ids": [
          "stud@R51/studC",
          "snap_cyl@L8:I42"
        ],
        "residual": {
          "distance": 0.0,
          "axial_gap": 0.0,
          "alignment": 1.0,
          "roll_alignment": 1.0,
          "entry_face_gap": 0.0,
          "penetration": 12.0
        }
      },
      {
        "instances": [
          7,
          23
        ],
        "status": "confirmed",
        "kinds": [
          "stud",
          "stud_receptacle"
        ],
        "sources": [
          "ldcad_shadow",
          "ldcad_shadow"
        ],
        "confidence": [
          1.0,
          1.0
        ],
        "feature_ids": [
          "stud@R52/studC",
          "snap_cyl@L8:I43"
        ],
        "residual": {
          "distance": 0.0,
          "axial_gap": 0.0,
          "alignment": 1.0,
          "roll_alignment": 1.0,
          "entry_face_gap": 0.0,
          "penetration": 12.0
        }
      },
      {
        "instances": [
          7,
          26
        ],
        "status": "confirmed",
        "kinds": [
          "stud",
          "stud_receptacle"
        ],
        "sources": [
          "ldcad_shadow",
          "ldcad_shadow"
        ],
        "confidence": [
          1.0,
          1.0
        ],
        "feature_ids": [
          "stud@R45/studC",
          "snap_cyl@L8:I14"
        ],
        "residual": {
          "distance": 0.0,
          "axial_gap": 0.0,
          "alignment": 1.0,
          "roll_alignment": 1.0,
          "entry_face_gap": 0.0,
          "penetration": 12.0
        }
      },
      {
        "instances": [
          7,
          26
        ],
        "status": "confirmed",
        "kinds": [
          "stud",
          "stud_receptacle"
        ],
        "sources": [
          "ldcad_shadow",
          "ldcad_shadow"
        ],
        "confidence": [
          1.0,
          1.0
        ],
        "feature_ids": [
          "stud@R46/studC",
          "snap_cyl@L8:I15"
        ],
        "residual": {
          "distance": 0.0,
          "axial_gap": 0.0,
          "alignment": 1.0,
          "roll_alignment": 1.0,
          "entry_face_gap": 0.0,
          "penetration": 12.0
        }
      },
      {
        "instances": [
          7,
          26
        ],
        "status": "confirmed",
        "kinds": [
          "stud",
          "stud_receptacle"
        ],
        "sources": [
          "ldcad_shadow",
          "ldcad_shadow"
        ],
        "confidence": [
          1.0,
          1.0
        ],
        "feature_ids": [
          "stud@R53/studC",
          "snap_cyl@L8:I12"
        ],
        "residual": {
          "distance": 0.0,
          "axial_gap": 0.0,
          "alignment": 1.0,
          "roll_alignment": 1.0,
          "entry_face_gap": 0.0,
          "penetration": 12.0
        }
      },
      {
        "instances": [
          7,
          26
        ],
        "status": "confirmed",
        "kinds": [
          "stud",
          "stud_receptacle"
        ],
        "sources": [
          "ldcad_shadow",
          "ldcad_shadow"
        ],
        "confidence": [
          1.0,
          1.0
        ],
        "feature_ids": [
          "stud@R54/studC",
          "snap_cyl@L8:I13"
        ],
        "residual": {
          "distance": 0.0,
          "axial_gap": 0.0,
          "alignment": 1.0,
          "roll_alignment": 1.0,
          "entry_face_gap": 0.0,
          "penetration": 12.0
        }
      },
      {
        "instances": [
          7,
          29
        ],
        "status": "confirmed",
        "kinds": [
          "stud",
          "stud_receptacle"
        ],
        "sources": [
          "ldcad_shadow",
          "ldcad_shadow"
        ],
        "confidence": [
          1.0,
          1.0
        ],
        "feature_ids": [
          "stud@R23/studC",
          "snap_cyl@L8:I11"
        ],
        "residual": {
          "distance": 0.0,
          "axial_gap": 0.0,
          "alignment": 1.0,
          "roll_alignment": 1.0,
          "entry_face_gap": 0.0,
          "penetration": 12.0
        }
      },
      {
        "instances": [
          7,
          29
        ],
        "status": "confirmed",
        "kinds": [
          "stud",
          "stud_receptacle"
        ],
        "sources": [
          "ldcad_shadow",
          "ldcad_shadow"
        ],
        "confidence": [
          1.0,
          1.0
        ],
        "feature_ids": [
          "stud@R24/studC",
          "snap_cyl@L8:I9"
        ],
        "residual": {
          "distance": 0.0,
          "axial_gap": 0.0,
          "alignment": 1.0,
          "roll_alignment": 1.0,
          "entry_face_gap": 0.0,
          "penetration": 12.0
        }
      },
      {
        "instances": [
          7,
          29
        ],
        "status": "confirmed",
        "kinds": [
          "stud",
          "stud_receptacle"
        ],
        "sources": [
          "ldcad_shadow",
          "ldcad_shadow"
        ],
        "confidence": [
          1.0,
          1.0
        ],
        "feature_ids": [
          "stud@R25/studC",
          "snap_cyl@L8:I7"
        ],
        "residual": {
          "distance": 0.0,
          "axial_gap": 0.0,
          "alignment": 1.0,
          "roll_alignment": 1.0,
          "entry_face_gap": 0.0,
          "penetration": 12.0
        }
      },
      {
        "instances": [
          7,
          29
        ],
        "status": "confirmed",
        "kinds": [
          "stud",
          "stud_receptacle"
        ],
        "sources": [
          "ldcad_shadow",
          "ldcad_shadow"
        ],
        "confidence": [
          1.0,
          1.0
        ],
        "feature_ids": [
          "stud@R26/studC",
          "snap_cyl@L8:I5"
        ],
        "residual": {
          "distance": 0.0,
          "axial_gap": 0.0,
          "alignment": 1.0,
          "roll_alignment": 1.0,
          "entry_face_gap": 0.0,
          "penetration": 12.0
        }
      },
      {
        "instances": [
          7,
          29
        ],
        "status": "confirmed",
        "kinds": [
          "stud",
          "stud_receptacle"
        ],
        "sources": [
          "ldcad_shadow",
          "ldcad_shadow"
        ],
        "confidence": [
          1.0,
          1.0
        ],
        "feature_ids": [
          "stud@R27/studC",
          "snap_cyl@L8:I3"
        ],
        "residual": {
          "distance": 0.0,
          "axial_gap": 0.0,
          "alignment": 1.0,
          "roll_alignment": 1.0,
          "entry_face_gap": 0.0,
          "penetration": 12.0
        }
      },
      {
        "instances": [
          7,
          29
        ],
        "status": "confirmed",
        "kinds": [
          "stud",
          "stud_receptacle"
        ],
        "sources": [
          "ldcad_shadow",
          "ldcad_shadow"
        ],
        "confidence": [
          1.0,
          1.0
        ],
        "feature_ids": [
          "stud@R28/studC",
          "snap_cyl@L8:I1"
        ],
        "residual": {
          "distance": 0.0,
          "axial_gap": 0.0,
          "alignment": 1.0,
          "roll_alignment": 1.0,
          "entry_face_gap": 0.0,
          "penetration": 12.0
        }
      },
      {
        "instances": [
          7,
          29
        ],
        "status": "confirmed",
        "kinds": [
          "stud",
          "stud_receptacle"
        ],
        "sources": [
          "ldcad_shadow",
          "ldcad_shadow"
        ],
        "confidence": [
          1.0,
          1.0
        ],
        "feature_ids": [
          "stud@R31/studC",
          "snap_cyl@L8:I10"
        ],
        "residual": {
          "distance": 0.0,
          "axial_gap": 0.0,
          "alignment": 1.0,
          "roll_alignment": 1.0,
          "entry_face_gap": 0.0,
          "penetration": 12.0
        }
      },
      {
        "instances": [
          7,
          29
        ],
        "status": "confirmed",
        "kinds": [
          "stud",
          "stud_receptacle"
        ],
        "sources": [
          "ldcad_shadow",
          "ldcad_shadow"
        ],
        "confidence": [
          1.0,
          1.0
        ],
        "feature_ids": [
          "stud@R32/studC",
          "snap_cyl@L8:I8"
        ],
        "residual": {
          "distance": 0.0,
          "axial_gap": 0.0,
          "alignment": 1.0,
          "roll_alignment": 1.0,
          "entry_face_gap": 0.0,
          "penetration": 12.0
        }
      },
      {
        "instances": [
          7,
          29
        ],
        "status": "confirmed",
        "kinds": [
          "stud",
          "stud_receptacle"
        ],
        "sources": [
          "ldcad_shadow",
          "ldcad_shadow"
        ],
        "confidence": [
          1.0,
          1.0
        ],
        "feature_ids": [
          "stud@R33/studC",
          "snap_cyl@L8:I6"
        ],
        "residual": {
          "distance": 0.0,
          "axial_gap": 0.0,
          "alignment": 1.0,
          "roll_alignment": 1.0,
          "entry_face_gap": 0.0,
          "penetration": 12.0
        }
      },
      {
        "instances": [
          7,
          29
        ],
        "status": "confirmed",
        "kinds": [
          "stud",
          "stud_receptacle"
        ],
        "sources": [
          "ldcad_shadow",
          "ldcad_shadow"
        ],
        "confidence": [
          1.0,
          1.0
        ],
        "feature_ids": [
          "stud@R34/studC",
          "snap_cyl@L8:I4"
        ],
        "residual": {
          "distance": 0.0,
          "axial_gap": 0.0,
          "alignment": 1.0,
          "roll_alignment": 1.0,
          "entry_face_gap": 0.0,
          "penetration": 12.0
        }
      },
      {
        "instances": [
          7,
          29
        ],
        "status": "confirmed",
        "kinds": [
          "stud",
          "stud_receptacle"
        ],
        "sources": [
          "ldcad_shadow",
          "ldcad_shadow"
        ],
        "confidence": [
          1.0,
          1.0
        ],
        "feature_ids": [
          "stud@R35/studC",
          "snap_cyl@L8:I2"
        ],
        "residual": {
          "distance": 0.0,
          "axial_gap": 0.0,
          "alignment": 1.0,
          "roll_alignment": 1.0,
          "entry_face_gap": 0.0,
          "penetration": 12.0
        }
      },
      {
        "instances": [
          7,
          29
        ],
        "status": "confirmed",
        "kinds": [
          "stud",
          "stud_receptacle"
        ],
        "sources": [
          "ldcad_shadow",
          "ldcad_shadow"
        ],
        "confidence": [
          1.0,
          1.0
        ],
        "feature_ids": [
          "stud@R36/studC",
          "snap_cyl@L8:I0"
        ],
        "residual": {
          "distance": 0.0,
          "axial_gap": 0.0,
          "alignment": 1.0,
          "roll_alignment": 1.0,
          "entry_face_gap": 0.0,
          "penetration": 12.0
        }
      },
      {
        "instances": [
          7,
          30
        ],
        "status": "confirmed",
        "kinds": [
          "stud",
          "stud_receptacle"
        ],
        "sources": [
          "ldcad_shadow",
          "ldcad_shadow"
        ],
        "confidence": [
          1.0,
          1.0
        ],
        "feature_ids": [
          "stud@R29/studC",
          "snap_cyl@L9:I2"
        ],
        "residual": {
          "distance": 0.0,
          "axial_gap": 0.0,
          "alignment": 1.0,
          "roll_alignment": 1.0,
          "entry_face_gap": 0.0,
          "penetration": 12.0
        }
      },
      {
        "instances": [
          7,
          30
        ],
        "status": "confirmed",
        "kinds": [
          "stud",
          "stud_receptacle"
        ],
        "sources": [
          "ldcad_shadow",
          "ldcad_shadow"
        ],
        "confidence": [
          1.0,
          1.0
        ],
        "feature_ids": [
          "stud@R30/studC",
          "snap_cyl@L9:I3"
        ],
        "residual": {
          "distance": 0.0,
          "axial_gap": 0.0,
          "alignment": 1.0,
          "roll_alignment": 1.0,
          "entry_face_gap": 0.0,
          "penetration": 12.0
        }
      },
      {
        "instances": [
          7,
          30
        ],
        "status": "confirmed",
        "kinds": [
          "stud",
          "stud_receptacle"
        ],
        "sources": [
          "ldcad_shadow",
          "ldcad_shadow"
        ],
        "confidence": [
          1.0,
          1.0
        ],
        "feature_ids": [
          "stud@R37/studC",
          "snap_cyl@L9:I0"
        ],
        "residual": {
          "distance": 0.0,
          "axial_gap": 0.0,
          "alignment": 1.0,
          "roll_alignment": 1.0,
          "entry_face_gap": 0.0,
          "penetration": 12.0
        }
      },
      {
        "instances": [
          7,
          30
        ],
        "status": "confirmed",
        "kinds": [
          "stud",
          "stud_receptacle"
        ],
        "sources": [
          "ldcad_shadow",
          "ldcad_shadow"
        ],
        "confidence": [
          1.0,
          1.0
        ],
        "feature_ids": [
          "stud@R38/studC",
          "snap_cyl@L9:I1"
        ],
        "residual": {
          "distance": 0.0,
          "axial_gap": 0.0,
          "alignment": 1.0,
          "roll_alignment": 1.0,
          "entry_face_gap": 0.0,
          "penetration": 12.0
        }
      },
      {
        "instances": [
          8,
          14
        ],
        "status": "confirmed",
        "kinds": [
          "stud",
          "stud_receptacle"
        ],
        "sources": [
          "ldcad_shadow",
          "ldcad_shadow"
        ],
        "confidence": [
          1.0,
          1.0
        ],
        "feature_ids": [
          "stud@R15/studC",
          "snap_cyl@L9:I3"
        ],
        "residual": {
          "distance": 0.0,
          "axial_gap": 0.0,
          "alignment": 1.0,
          "roll_alignment": 1.0,
          "entry_face_gap": 0.0,
          "penetration": 12.0
        }
      },
      {
        "instances": [
          8,
          14
        ],
        "status": "confirmed",
        "kinds": [
          "stud",
          "stud_receptacle"
        ],
        "sources": [
          "ldcad_shadow",
          "ldcad_shadow"
        ],
        "confidence": [
          1.0,
          1.0
        ],
        "feature_ids": [
          "stud@R16/studC",
          "snap_cyl@L9:I1"
        ],
        "residual": {
          "distance": 0.0,
          "axial_gap": 0.0,
          "alignment": 1.0,
          "roll_alignment": 1.0,
          "entry_face_gap": 0.0,
          "penetration": 12.0
        }
      },
      {
        "instances": [
          8,
          14
        ],
        "status": "confirmed",
        "kinds": [
          "stud",
          "stud_receptacle"
        ],
        "sources": [
          "ldcad_shadow",
          "ldcad_shadow"
        ],
        "confidence": [
          1.0,
          1.0
        ],
        "feature_ids": [
          "stud@R23/studC",
          "snap_cyl@L9:I2"
        ],
        "residual": {
          "distance": 0.0,
          "axial_gap": 0.0,
          "alignment": 1.0,
          "roll_alignment": 1.0,
          "entry_face_gap": 0.0,
          "penetration": 12.0
        }
      },
      {
        "instances": [
          8,
          14
        ],
        "status": "confirmed",
        "kinds": [
          "stud",
          "stud_receptacle"
        ],
        "sources": [
          "ldcad_shadow",
          "ldcad_shadow"
        ],
        "confidence": [
          1.0,
          1.0
        ],
        "feature_ids": [
          "stud@R24/studC",
          "snap_cyl@L9:I0"
        ],
        "residual": {
          "distance": 0.0,
          "axial_gap": 0.0,
          "alignment": 1.0,
          "roll_alignment": 1.0,
          "entry_face_gap": 0.0,
          "penetration": 12.0
        }
      },
      {
        "instances": [
          8,
          24
        ],
        "status": "confirmed",
        "kinds": [
          "stud",
          "stud_receptacle"
        ],
        "sources": [
          "ldcad_shadow",
          "ldcad_shadow"
        ],
        "confidence": [
          1.0,
          1.0
        ],
        "feature_ids": [
          "stud@R10/studC",
          "snap_cyl@L8:I9"
        ],
        "residual": {
          "distance": 0.0,
          "axial_gap": 0.0,
          "alignment": 1.0,
          "roll_alignment": 1.0,
          "entry_face_gap": 0.0,
          "penetration": 12.0
        }
      },
      {
        "instances": [
          8,
          24
        ],
        "status": "confirmed",
        "kinds": [
          "stud",
          "stud_receptacle"
        ],
        "sources": [
          "ldcad_shadow",
          "ldcad_shadow"
        ],
        "confidence": [
          1.0,
          1.0
        ],
        "feature_ids": [
          "stud@R11/studC",
          "snap_cyl@L8:I7"
        ],
        "residual": {
          "distance": 0.0,
          "axial_gap": 0.0,
          "alignment": 1.0,
          "roll_alignment": 1.0,
          "entry_face_gap": 0.0,
          "penetration": 12.0
        }
      },
      {
        "instances": [
          8,
          24
        ],
        "status": "confirmed",
        "kinds": [
          "stud",
          "stud_receptacle"
        ],
        "sources": [
          "ldcad_shadow",
          "ldcad_shadow"
        ],
        "confidence": [
          1.0,
          1.0
        ],
        "feature_ids": [
          "stud@R12/studC",
          "snap_cyl@L8:I5"
        ],
        "residual": {
          "distance": 0.0,
          "axial_gap": 0.0,
          "alignment": 1.0,
          "roll_alignment": 1.0,
          "entry_face_gap": 0.0,
          "penetration": 12.0
        }
      },
      {
        "instances": [
          8,
          24
        ],
        "status": "confirmed",
        "kinds": [
          "stud",
          "stud_receptacle"
        ],
        "sources": [
          "ldcad_shadow",
          "ldcad_shadow"
        ],
        "confidence": [
          1.0,
          1.0
        ],
        "feature_ids": [
          "stud@R13/studC",
          "snap_cyl@L8:I3"
        ],
        "residual": {
          "distance": 0.0,
          "axial_gap": 0.0,
          "alignment": 1.0,
          "roll_alignment": 1.0,
          "entry_face_gap": 0.0,
          "penetration": 12.0
        }
      },
      {
        "instances": [
          8,
          24
        ],
        "status": "confirmed",
        "kinds": [
          "stud",
          "stud_receptacle"
        ],
        "sources": [
          "ldcad_shadow",
          "ldcad_shadow"
        ],
        "confidence": [
          1.0,
          1.0
        ],
        "feature_ids": [
          "stud@R14/studC",
          "snap_cyl@L8:I1"
        ],
        "residual": {
          "distance": 0.0,
          "axial_gap": 0.0,
          "alignment": 1.0,
          "roll_alignment": 1.0,
          "entry_face_gap": 0.0,
          "penetration": 12.0
        }
      },
      {
        "instances": [
          8,
          24
        ],
        "status": "confirmed",
        "kinds": [
          "stud",
          "stud_receptacle"
        ],
        "sources": [
          "ldcad_shadow",
          "ldcad_shadow"
        ],
        "confidence": [
          1.0,
          1.0
        ],
        "feature_ids": [
          "stud@R17/studC",
          "snap_cyl@L8:I10"
        ],
        "residual": {
          "distance": 0.0,
          "axial_gap": 0.0,
          "alignment": 1.0,
          "roll_alignment": 1.0,
          "entry_face_gap": 0.0,
          "penetration": 12.0
        }
      },
      {
        "instances": [
          8,
          24
        ],
        "status": "confirmed",
        "kinds": [
          "stud",
          "stud_receptacle"
        ],
        "sources": [
          "ldcad_shadow",
          "ldcad_shadow"
        ],
        "confidence": [
          1.0,
          1.0
        ],
        "feature_ids": [
          "stud@R18/studC",
          "snap_cyl@L8:I8"
        ],
        "residual": {
          "distance": 0.0,
          "axial_gap": 0.0,
          "alignment": 1.0,
          "roll_alignment": 1.0,
          "entry_face_gap": 0.0,
          "penetration": 12.0
        }
      },
      {
        "instances": [
          8,
          24
        ],
        "status": "confirmed",
        "kinds": [
          "stud",
          "stud_receptacle"
        ],
        "sources": [
          "ldcad_shadow",
          "ldcad_shadow"
        ],
        "confidence": [
          1.0,
          1.0
        ],
        "feature_ids": [
          "stud@R19/studC",
          "snap_cyl@L8:I6"
        ],
        "residual": {
          "distance": 0.0,
          "axial_gap": 0.0,
          "alignment": 1.0,
          "roll_alignment": 1.0,
          "entry_face_gap": 0.0,
          "penetration": 12.0
        }
      },
      {
        "instances": [
          8,
          24
        ],
        "status": "confirmed",
        "kinds": [
          "stud",
          "stud_receptacle"
        ],
        "sources": [
          "ldcad_shadow",
          "ldcad_shadow"
        ],
        "confidence": [
          1.0,
          1.0
        ],
        "feature_ids": [
          "stud@R20/studC",
          "snap_cyl@L8:I4"
        ],
        "residual": {
          "distance": 0.0,
          "axial_gap": 0.0,
          "alignment": 1.0,
          "roll_alignment": 1.0,
          "entry_face_gap": 0.0,
          "penetration": 12.0
        }
      },
      {
        "instances": [
          8,
          24
        ],
        "status": "confirmed",
        "kinds": [
          "stud",
          "stud_receptacle"
        ],
        "sources": [
          "ldcad_shadow",
          "ldcad_shadow"
        ],
        "confidence": [
          1.0,
          1.0
        ],
        "feature_ids": [
          "stud@R21/studC",
          "snap_cyl@L8:I2"
        ],
        "residual": {
          "distance": 0.0,
          "axial_gap": 0.0,
          "alignment": 1.0,
          "roll_alignment": 1.0,
          "entry_face_gap": 0.0,
          "penetration": 12.0
        }
      },
      {
        "instances": [
          8,
          24
        ],
        "status": "confirmed",
        "kinds": [
          "stud",
          "stud_receptacle"
        ],
        "sources": [
          "ldcad_shadow",
          "ldcad_shadow"
        ],
        "confidence": [
          1.0,
          1.0
        ],
        "feature_ids": [
          "stud@R22/studC",
          "snap_cyl@L8:I0"
        ],
        "residual": {
          "distance": 0.0,
          "axial_gap": 0.0,
          "alignment": 1.0,
          "roll_alignment": 1.0,
          "entry_face_gap": 0.0,
          "penetration": 12.0
        }
      },
      {
        "instances": [
          8,
          24
        ],
        "status": "confirmed",
        "kinds": [
          "stud",
          "stud_receptacle"
        ],
        "sources": [
          "ldcad_shadow",
          "ldcad_shadow"
        ],
        "confidence": [
          1.0,
          1.0
        ],
        "feature_ids": [
          "stud@R9/studC",
          "snap_cyl@L8:I11"
        ],
        "residual": {
          "distance": 0.0,
          "axial_gap": 0.0,
          "alignment": 1.0,
          "roll_alignment": 1.0,
          "entry_face_gap": 0.0,
          "penetration": 12.0
        }
      },
      {
        "instances": [
          9,
          24
        ],
        "status": "confirmed",
        "kinds": [
          "stud",
          "stud_receptacle"
        ],
        "sources": [
          "ldcad_shadow",
          "ldcad_shadow"
        ],
        "confidence": [
          1.0,
          1.0
        ],
        "feature_ids": [
          "stud@R15/studC",
          "snap_cyl@L8:I15"
        ],
        "residual": {
          "distance": 0.0,
          "axial_gap": 0.0,
          "alignment": 1.0,
          "roll_alignment": 1.0,
          "entry_face_gap": 0.0,
          "penetration": 12.0
        }
      },
      {
        "instances": [
          9,
          24
        ],
        "status": "confirmed",
        "kinds": [
          "stud",
          "stud_receptacle"
        ],
        "sources": [
          "ldcad_shadow",
          "ldcad_shadow"
        ],
        "confidence": [
          1.0,
          1.0
        ],
        "feature_ids": [
          "stud@R16/studC",
          "snap_cyl@L8:I13"
        ],
        "residual": {
          "distance": 0.0,
          "axial_gap": 0.0,
          "alignment": 1.0,
          "roll_alignment": 1.0,
          "entry_face_gap": 0.0,
          "penetration": 12.0
        }
      },
      {
        "instances": [
          9,
          24
        ],
        "status": "confirmed",
        "kinds": [
          "stud",
          "stud_receptacle"
        ],
        "sources": [
          "ldcad_shadow",
          "ldcad_shadow"
        ],
        "confidence": [
          1.0,
          1.0
        ],
        "feature_ids": [
          "stud@R23/studC",
          "snap_cyl@L8:I14"
        ],
        "residual": {
          "distance": 0.0,
          "axial_gap": 0.0,
          "alignment": 1.0,
          "roll_alignment": 1.0,
          "entry_face_gap": 0.0,
          "penetration": 12.0
        }
      },
      {
        "instances": [
          9,
          24
        ],
        "status": "confirmed",
        "kinds": [
          "stud",
          "stud_receptacle"
        ],
        "sources": [
          "ldcad_shadow",
          "ldcad_shadow"
        ],
        "confidence": [
          1.0,
          1.0
        ],
        "feature_ids": [
          "stud@R24/studC",
          "snap_cyl@L8:I12"
        ],
        "residual": {
          "distance": 0.0,
          "axial_gap": 0.0,
          "alignment": 1.0,
          "roll_alignment": 1.0,
          "entry_face_gap": 0.0,
          "penetration": 12.0
        }
      },
      {
        "instances": [
          9,
          25
        ],
        "status": "confirmed",
        "kinds": [
          "stud",
          "stud_receptacle"
        ],
        "sources": [
          "ldcad_shadow",
          "ldcad_shadow"
        ],
        "confidence": [
          1.0,
          1.0
        ],
        "feature_ids": [
          "stud@R10/studC",
          "snap_cyl@L8:I9"
        ],
        "residual": {
          "distance": 0.0,
          "axial_gap": 0.0,
          "alignment": 1.0,
          "roll_alignment": 1.0,
          "entry_face_gap": 0.0,
          "penetration": 12.0
        }
      },
      {
        "instances": [
          9,
          25
        ],
        "status": "confirmed",
        "kinds": [
          "stud",
          "stud_receptacle"
        ],
        "sources": [
          "ldcad_shadow",
          "ldcad_shadow"
        ],
        "confidence": [
          1.0,
          1.0
        ],
        "feature_ids": [
          "stud@R11/studC",
          "snap_cyl@L8:I7"
        ],
        "residual": {
          "distance": 0.0,
          "axial_gap": 0.0,
          "alignment": 1.0,
          "roll_alignment": 1.0,
          "entry_face_gap": 0.0,
          "penetration": 12.0
        }
      },
      {
        "instances": [
          9,
          25
        ],
        "status": "confirmed",
        "kinds": [
          "stud",
          "stud_receptacle"
        ],
        "sources": [
          "ldcad_shadow",
          "ldcad_shadow"
        ],
        "confidence": [
          1.0,
          1.0
        ],
        "feature_ids": [
          "stud@R12/studC",
          "snap_cyl@L8:I5"
        ],
        "residual": {
          "distance": 0.0,
          "axial_gap": 0.0,
          "alignment": 1.0,
          "roll_alignment": 1.0,
          "entry_face_gap": 0.0,
          "penetration": 12.0
        }
      },
      {
        "instances": [
          9,
          25
        ],
        "status": "confirmed",
        "kinds": [
          "stud",
          "stud_receptacle"
        ],
        "sources": [
          "ldcad_shadow",
          "ldcad_shadow"
        ],
        "confidence": [
          1.0,
          1.0
        ],
        "feature_ids": [
          "stud@R13/studC",
          "snap_cyl@L8:I3"
        ],
        "residual": {
          "distance": 0.0,
          "axial_gap": 0.0,
          "alignment": 1.0,
          "roll_alignment": 1.0,
          "entry_face_gap": 0.0,
          "penetration": 12.0
        }
      },
      {
        "instances": [
          9,
          25
        ],
        "status": "confirmed",
        "kinds": [
          "stud",
          "stud_receptacle"
        ],
        "sources": [
          "ldcad_shadow",
          "ldcad_shadow"
        ],
        "confidence": [
          1.0,
          1.0
        ],
        "feature_ids": [
          "stud@R14/studC",
          "snap_cyl@L8:I1"
        ],
        "residual": {
          "distance": 0.0,
          "axial_gap": 0.0,
          "alignment": 1.0,
          "roll_alignment": 1.0,
          "entry_face_gap": 0.0,
          "penetration": 12.0
        }
      },
      {
        "instances": [
          9,
          25
        ],
        "status": "confirmed",
        "kinds": [
          "stud",
          "stud_receptacle"
        ],
        "sources": [
          "ldcad_shadow",
          "ldcad_shadow"
        ],
        "confidence": [
          1.0,
          1.0
        ],
        "feature_ids": [
          "stud@R17/studC",
          "snap_cyl@L8:I10"
        ],
        "residual": {
          "distance": 0.0,
          "axial_gap": 0.0,
          "alignment": 1.0,
          "roll_alignment": 1.0,
          "entry_face_gap": 0.0,
          "penetration": 12.0
        }
      },
      {
        "instances": [
          9,
          25
        ],
        "status": "confirmed",
        "kinds": [
          "stud",
          "stud_receptacle"
        ],
        "sources": [
          "ldcad_shadow",
          "ldcad_shadow"
        ],
        "confidence": [
          1.0,
          1.0
        ],
        "feature_ids": [
          "stud@R18/studC",
          "snap_cyl@L8:I8"
        ],
        "residual": {
          "distance": 0.0,
          "axial_gap": 0.0,
          "alignment": 1.0,
          "roll_alignment": 1.0,
          "entry_face_gap": 0.0,
          "penetration": 12.0
        }
      },
      {
        "instances": [
          9,
          25
        ],
        "status": "confirmed",
        "kinds": [
          "stud",
          "stud_receptacle"
        ],
        "sources": [
          "ldcad_shadow",
          "ldcad_shadow"
        ],
        "confidence": [
          1.0,
          1.0
        ],
        "feature_ids": [
          "stud@R19/studC",
          "snap_cyl@L8:I6"
        ],
        "residual": {
          "distance": 0.0,
          "axial_gap": 0.0,
          "alignment": 1.0,
          "roll_alignment": 1.0,
          "entry_face_gap": 0.0,
          "penetration": 12.0
        }
      },
      {
        "instances": [
          9,
          25
        ],
        "status": "confirmed",
        "kinds": [
          "stud",
          "stud_receptacle"
        ],
        "sources": [
          "ldcad_shadow",
          "ldcad_shadow"
        ],
        "confidence": [
          1.0,
          1.0
        ],
        "feature_ids": [
          "stud@R20/studC",
          "snap_cyl@L8:I4"
        ],
        "residual": {
          "distance": 0.0,
          "axial_gap": 0.0,
          "alignment": 1.0,
          "roll_alignment": 1.0,
          "entry_face_gap": 0.0,
          "penetration": 12.0
        }
      },
      {
        "instances": [
          9,
          25
        ],
        "status": "confirmed",
        "kinds": [
          "stud",
          "stud_receptacle"
        ],
        "sources": [
          "ldcad_shadow",
          "ldcad_shadow"
        ],
        "confidence": [
          1.0,
          1.0
        ],
        "feature_ids": [
          "stud@R21/studC",
          "snap_cyl@L8:I2"
        ],
        "residual": {
          "distance": 0.0,
          "axial_gap": 0.0,
          "alignment": 1.0,
          "roll_alignment": 1.0,
          "entry_face_gap": 0.0,
          "penetration": 12.0
        }
      },
      {
        "instances": [
          9,
          25
        ],
        "status": "confirmed",
        "kinds": [
          "stud",
          "stud_receptacle"
        ],
        "sources": [
          "ldcad_shadow",
          "ldcad_shadow"
        ],
        "confidence": [
          1.0,
          1.0
        ],
        "feature_ids": [
          "stud@R22/studC",
          "snap_cyl@L8:I0"
        ],
        "residual": {
          "distance": 0.0,
          "axial_gap": 0.0,
          "alignment": 1.0,
          "roll_alignment": 1.0,
          "entry_face_gap": 0.0,
          "penetration": 12.0
        }
      },
      {
        "instances": [
          9,
          25
        ],
        "status": "confirmed",
        "kinds": [
          "stud",
          "stud_receptacle"
        ],
        "sources": [
          "ldcad_shadow",
          "ldcad_shadow"
        ],
        "confidence": [
          1.0,
          1.0
        ],
        "feature_ids": [
          "stud@R9/studC",
          "snap_cyl@L8:I11"
        ],
        "residual": {
          "distance": 0.0,
          "axial_gap": 0.0,
          "alignment": 1.0,
          "roll_alignment": 1.0,
          "entry_face_gap": 0.0,
          "penetration": 12.0
        }
      },
      {
        "instances": [
          10,
          25
        ],
        "status": "confirmed",
        "kinds": [
          "stud",
          "stud_receptacle"
        ],
        "sources": [
          "ldcad_shadow",
          "ldcad_shadow"
        ],
        "confidence": [
          1.0,
          1.0
        ],
        "feature_ids": [
          "stud@R15/studC",
          "snap_cyl@L8:I15"
        ],
        "residual": {
          "distance": 0.0,
          "axial_gap": 0.0,
          "alignment": 1.0,
          "roll_alignment": 1.0,
          "entry_face_gap": 0.0,
          "penetration": 12.0
        }
      },
      {
        "instances": [
          10,
          25
        ],
        "status": "confirmed",
        "kinds": [
          "stud",
          "stud_receptacle"
        ],
        "sources": [
          "ldcad_shadow",
          "ldcad_shadow"
        ],
        "confidence": [
          1.0,
          1.0
        ],
        "feature_ids": [
          "stud@R16/studC",
          "snap_cyl@L8:I13"
        ],
        "residual": {
          "distance": 0.0,
          "axial_gap": 0.0,
          "alignment": 1.0,
          "roll_alignment": 1.0,
          "entry_face_gap": 0.0,
          "penetration": 12.0
        }
      },
      {
        "instances": [
          10,
          25
        ],
        "status": "confirmed",
        "kinds": [
          "stud",
          "stud_receptacle"
        ],
        "sources": [
          "ldcad_shadow",
          "ldcad_shadow"
        ],
        "confidence": [
          1.0,
          1.0
        ],
        "feature_ids": [
          "stud@R23/studC",
          "snap_cyl@L8:I14"
        ],
        "residual": {
          "distance": 0.0,
          "axial_gap": 0.0,
          "alignment": 1.0,
          "roll_alignment": 1.0,
          "entry_face_gap": 0.0,
          "penetration": 12.0
        }
      },
      {
        "instances": [
          10,
          25
        ],
        "status": "confirmed",
        "kinds": [
          "stud",
          "stud_receptacle"
        ],
        "sources": [
          "ldcad_shadow",
          "ldcad_shadow"
        ],
        "confidence": [
          1.0,
          1.0
        ],
        "feature_ids": [
          "stud@R24/studC",
          "snap_cyl@L8:I12"
        ],
        "residual": {
          "distance": 0.0,
          "axial_gap": 0.0,
          "alignment": 1.0,
          "roll_alignment": 1.0,
          "entry_face_gap": 0.0,
          "penetration": 12.0
        }
      },
      {
        "instances": [
          10,
          26
        ],
        "status": "confirmed",
        "kinds": [
          "stud",
          "stud_receptacle"
        ],
        "sources": [
          "ldcad_shadow",
          "ldcad_shadow"
        ],
        "confidence": [
          1.0,
          1.0
        ],
        "feature_ids": [
          "stud@R10/studC",
          "snap_cyl@L8:I9"
        ],
        "residual": {
          "distance": 0.0,
          "axial_gap": 0.0,
          "alignment": 1.0,
          "roll_alignment": 1.0,
          "entry_face_gap": 0.0,
          "penetration": 12.0
        }
      },
      {
        "instances": [
          10,
          26
        ],
        "status": "confirmed",
        "kinds": [
          "stud",
          "stud_receptacle"
        ],
        "sources": [
          "ldcad_shadow",
          "ldcad_shadow"
        ],
        "confidence": [
          1.0,
          1.0
        ],
        "feature_ids": [
          "stud@R11/studC",
          "snap_cyl@L8:I7"
        ],
        "residual": {
          "distance": 0.0,
          "axial_gap": 0.0,
          "alignment": 1.0,
          "roll_alignment": 1.0,
          "entry_face_gap": 0.0,
          "penetration": 12.0
        }
      },
      {
        "instances": [
          10,
          26
        ],
        "status": "confirmed",
        "kinds": [
          "stud",
          "stud_receptacle"
        ],
        "sources": [
          "ldcad_shadow",
          "ldcad_shadow"
        ],
        "confidence": [
          1.0,
          1.0
        ],
        "feature_ids": [
          "stud@R12/studC",
          "snap_cyl@L8:I5"
        ],
        "residual": {
          "distance": 0.0,
          "axial_gap": 0.0,
          "alignment": 1.0,
          "roll_alignment": 1.0,
          "entry_face_gap": 0.0,
          "penetration": 12.0
        }
      },
      {
        "instances": [
          10,
          26
        ],
        "status": "confirmed",
        "kinds": [
          "stud",
          "stud_receptacle"
        ],
        "sources": [
          "ldcad_shadow",
          "ldcad_shadow"
        ],
        "confidence": [
          1.0,
          1.0
        ],
        "feature_ids": [
          "stud@R13/studC",
          "snap_cyl@L8:I3"
        ],
        "residual": {
          "distance": 0.0,
          "axial_gap": 0.0,
          "alignment": 1.0,
          "roll_alignment": 1.0,
          "entry_face_gap": 0.0,
          "penetration": 12.0
        }
      },
      {
        "instances": [
          10,
          26
        ],
        "status": "confirmed",
        "kinds": [
          "stud",
          "stud_receptacle"
        ],
        "sources": [
          "ldcad_shadow",
          "ldcad_shadow"
        ],
        "confidence": [
          1.0,
          1.0
        ],
        "feature_ids": [
          "stud@R14/studC",
          "snap_cyl@L8:I1"
        ],
        "residual": {
          "distance": 0.0,
          "axial_gap": 0.0,
          "alignment": 1.0,
          "roll_alignment": 1.0,
          "entry_face_gap": 0.0,
          "penetration": 12.0
        }
      },
      {
        "instances": [
          10,
          26
        ],
        "status": "confirmed",
        "kinds": [
          "stud",
          "stud_receptacle"
        ],
        "sources": [
          "ldcad_shadow",
          "ldcad_shadow"
        ],
        "confidence": [
          1.0,
          1.0
        ],
        "feature_ids": [
          "stud@R17/studC",
          "snap_cyl@L8:I10"
        ],
        "residual": {
          "distance": 0.0,
          "axial_gap": 0.0,
          "alignment": 1.0,
          "roll_alignment": 1.0,
          "entry_face_gap": 0.0,
          "penetration": 12.0
        }
      },
      {
        "instances": [
          10,
          26
        ],
        "status": "confirmed",
        "kinds": [
          "stud",
          "stud_receptacle"
        ],
        "sources": [
          "ldcad_shadow",
          "ldcad_shadow"
        ],
        "confidence": [
          1.0,
          1.0
        ],
        "feature_ids": [
          "stud@R18/studC",
          "snap_cyl@L8:I8"
        ],
        "residual": {
          "distance": 0.0,
          "axial_gap": 0.0,
          "alignment": 1.0,
          "roll_alignment": 1.0,
          "entry_face_gap": 0.0,
          "penetration": 12.0
        }
      },
      {
        "instances": [
          10,
          26
        ],
        "status": "confirmed",
        "kinds": [
          "stud",
          "stud_receptacle"
        ],
        "sources": [
          "ldcad_shadow",
          "ldcad_shadow"
        ],
        "confidence": [
          1.0,
          1.0
        ],
        "feature_ids": [
          "stud@R19/studC",
          "snap_cyl@L8:I6"
        ],
        "residual": {
          "distance": 0.0,
          "axial_gap": 0.0,
          "alignment": 1.0,
          "roll_alignment": 1.0,
          "entry_face_gap": 0.0,
          "penetration": 12.0
        }
      },
      {
        "instances": [
          10,
          26
        ],
        "status": "confirmed",
        "kinds": [
          "stud",
          "stud_receptacle"
        ],
        "sources": [
          "ldcad_shadow",
          "ldcad_shadow"
        ],
        "confidence": [
          1.0,
          1.0
        ],
        "feature_ids": [
          "stud@R20/studC",
          "snap_cyl@L8:I4"
        ],
        "residual": {
          "distance": 0.0,
          "axial_gap": 0.0,
          "alignment": 1.0,
          "roll_alignment": 1.0,
          "entry_face_gap": 0.0,
          "penetration": 12.0
        }
      },
      {
        "instances": [
          10,
          26
        ],
        "status": "confirmed",
        "kinds": [
          "stud",
          "stud_receptacle"
        ],
        "sources": [
          "ldcad_shadow",
          "ldcad_shadow"
        ],
        "confidence": [
          1.0,
          1.0
        ],
        "feature_ids": [
          "stud@R21/studC",
          "snap_cyl@L8:I2"
        ],
        "residual": {
          "distance": 0.0,
          "axial_gap": 0.0,
          "alignment": 1.0,
          "roll_alignment": 1.0,
          "entry_face_gap": 0.0,
          "penetration": 12.0
        }
      },
      {
        "instances": [
          10,
          26
        ],
        "status": "confirmed",
        "kinds": [
          "stud",
          "stud_receptacle"
        ],
        "sources": [
          "ldcad_shadow",
          "ldcad_shadow"
        ],
        "confidence": [
          1.0,
          1.0
        ],
        "feature_ids": [
          "stud@R22/studC",
          "snap_cyl@L8:I0"
        ],
        "residual": {
          "distance": 0.0,
          "axial_gap": 0.0,
          "alignment": 1.0,
          "roll_alignment": 1.0,
          "entry_face_gap": 0.0,
          "penetration": 12.0
        }
      },
      {
        "instances": [
          10,
          26
        ],
        "status": "confirmed",
        "kinds": [
          "stud",
          "stud_receptacle"
        ],
        "sources": [
          "ldcad_shadow",
          "ldcad_shadow"
        ],
        "confidence": [
          1.0,
          1.0
        ],
        "feature_ids": [
          "stud@R9/studC",
          "snap_cyl@L8:I11"
        ],
        "residual": {
          "distance": 0.0,
          "axial_gap": 0.0,
          "alignment": 1.0,
          "roll_alignment": 1.0,
          "entry_face_gap": 0.0,
          "penetration": 12.0
        }
      },
      {
        "instances": [
          11,
          104
        ],
        "status": "potential",
        "kinds": [
          "stud",
          "stud_receptacle"
        ],
        "sources": [
          "ldcad_shadow",
          "heuristic"
        ],
        "confidence": [
          1.0,
          0.8
        ],
        "feature_ids": [
          "stud@R5/studC",
          "snap_cyl@L8:I1"
        ],
        "residual": {
          "distance": 0.0,
          "axial_gap": 0.0,
          "alignment": 1.0,
          "roll_alignment": 1.0,
          "entry_face_gap": 0.0,
          "penetration": 12.0
        }
      },
      {
        "instances": [
          11,
          104
        ],
        "status": "potential",
        "kinds": [
          "stud",
          "stud_receptacle"
        ],
        "sources": [
          "ldcad_shadow",
          "heuristic"
        ],
        "confidence": [
          1.0,
          0.8
        ],
        "feature_ids": [
          "stud@R6/studC",
          "snap_cyl@L8:I0"
        ],
        "residual": {
          "distance": 0.0,
          "axial_gap": 0.0,
          "alignment": 1.0,
          "roll_alignment": 1.0,
          "entry_face_gap": 0.0,
          "penetration": 12.0
        }
      },
      {
        "instances": [
          11,
          112
        ],
        "status": "potential",
        "kinds": [
          "stud",
          "stud_receptacle"
        ],
        "sources": [
          "ldcad_shadow",
          "heuristic"
        ],
        "confidence": [
          1.0,
          0.8
        ],
        "feature_ids": [
          "stud@R4/studC",
          "snap_cyl@L8:I7"
        ],
        "residual": {
          "distance": 0.0,
          "axial_gap": 0.0,
          "alignment": 1.0,
          "roll_alignment": 1.0,
          "entry_face_gap": 0.0,
          "penetration": 12.0
        }
      },
      {
        "instances": [
          12,
          112
        ],
        "status": "potential",
        "kinds": [
          "stud",
          "stud_receptacle"
        ],
        "sources": [
          "ldcad_shadow",
          "heuristic"
        ],
        "confidence": [
          1.0,
          0.8
        ],
        "feature_ids": [
          "stud@R17/studC",
          "snap_cyl@L8:I6"
        ],
        "residual": {
          "distance": 0.0,
          "axial_gap": 0.0,
          "alignment": 1.0,
          "roll_alignment": 1.0,
          "entry_face_gap": 0.0,
          "penetration": 12.0
        }
      },
      {
        "instances": [
          12,
          112
        ],
        "status": "potential",
        "kinds": [
          "stud",
          "stud_receptacle"
        ],
        "sources": [
          "ldcad_shadow",
          "heuristic"
        ],
        "confidence": [
          1.0,
          0.8
        ],
        "feature_ids": [
          "stud@R18/studC",
          "snap_cyl@L8:I5"
        ],
        "residual": {
          "distance": 0.0,
          "axial_gap": 0.0,
          "alignment": 1.0,
          "roll_alignment": 1.0,
          "entry_face_gap": 0.0,
          "penetration": 12.0
        }
      },
      {
        "instances": [
          12,
          112
        ],
        "status": "potential",
        "kinds": [
          "stud",
          "stud_receptacle"
        ],
        "sources": [
          "ldcad_shadow",
          "heuristic"
        ],
        "confidence": [
          1.0,
          0.8
        ],
        "feature_ids": [
          "stud@R19/studC",
          "snap_cyl@L8:I4"
        ],
        "residual": {
          "distance": 0.0,
          "axial_gap": 0.0,
          "alignment": 1.0,
          "roll_alignment": 1.0,
          "entry_face_gap": 0.0,
          "penetration": 12.0
        }
      },
      {
        "instances": [
          12,
          112
        ],
        "status": "potential",
        "kinds": [
          "stud",
          "stud_receptacle"
        ],
        "sources": [
          "ldcad_shadow",
          "heuristic"
        ],
        "confidence": [
          1.0,
          0.8
        ],
        "feature_ids": [
          "stud@R20/studC",
          "snap_cyl@L8:I3"
        ],
        "residual": {
          "distance": 0.0,
          "axial_gap": 0.0,
          "alignment": 1.0,
          "roll_alignment": 1.0,
          "entry_face_gap": 0.0,
          "penetration": 12.0
        }
      },
      {
        "instances": [
          12,
          112
        ],
        "status": "potential",
        "kinds": [
          "stud",
          "stud_receptacle"
        ],
        "sources": [
          "ldcad_shadow",
          "heuristic"
        ],
        "confidence": [
          1.0,
          0.8
        ],
        "feature_ids": [
          "stud@R21/studC",
          "snap_cyl@L8:I2"
        ],
        "residual": {
          "distance": 0.0,
          "axial_gap": 0.0,
          "alignment": 1.0,
          "roll_alignment": 1.0,
          "entry_face_gap": 0.0,
          "penetration": 12.0
        }
      },
      {
        "instances": [
          12,
          112
        ],
        "status": "potential",
        "kinds": [
          "stud",
          "stud_receptacle"
        ],
        "sources": [
          "ldcad_shadow",
          "heuristic"
        ],
        "confidence": [
          1.0,
          0.8
        ],
        "feature_ids": [
          "stud@R22/studC",
          "snap_cyl@L8:I1"
        ],
        "residual": {
          "distance": 0.0,
          "axial_gap": 0.0,
          "alignment": 1.0,
          "roll_alignment": 1.0,
          "entry_face_gap": 0.0,
          "penetration": 12.0
        }
      },
      {
        "instances": [
          12,
          112
        ],
        "status": "potential",
        "kinds": [
          "stud",
          "stud_receptacle"
        ],
        "sources": [
          "ldcad_shadow",
          "heuristic"
        ],
        "confidence": [
          1.0,
          0.8
        ],
        "feature_ids": [
          "stud@R23/studC",
          "snap_cyl@L8:I0"
        ],
        "residual": {
          "distance": 0.0,
          "axial_gap": 0.0,
          "alignment": 1.0,
          "roll_alignment": 1.0,
          "entry_face_gap": 0.0,
          "penetration": 12.0
        }
      },
      {
        "instances": [
          12,
          113
        ],
        "status": "potential",
        "kinds": [
          "stud",
          "stud_receptacle"
        ],
        "sources": [
          "ldcad_shadow",
          "heuristic"
        ],
        "confidence": [
          1.0,
          0.8
        ],
        "feature_ids": [
          "stud@R24/studC",
          "snap_cyl@L8:I7"
        ],
        "residual": {
          "distance": 0.0,
          "axial_gap": 0.0,
          "alignment": 1.0,
          "roll_alignment": 1.0,
          "entry_face_gap": 0.0,
          "penetration": 12.0
        }
      },
      {
        "instances": [
          13,
          113
        ],
        "status": "potential",
        "kinds": [
          "stud",
          "stud_receptacle"
        ],
        "sources": [
          "ldcad_shadow",
          "heuristic"
        ],
        "confidence": [
          1.0,
          0.8
        ],
        "feature_ids": [
          "stud@R17/studC",
          "snap_cyl@L8:I6"
        ],
        "residual": {
          "distance": 0.0,
          "axial_gap": 0.0,
          "alignment": 1.0,
          "roll_alignment": 1.0,
          "entry_face_gap": 0.0,
          "penetration": 12.0
        }
      },
      {
        "instances": [
          13,
          113
        ],
        "status": "potential",
        "kinds": [
          "stud",
          "stud_receptacle"
        ],
        "sources": [
          "ldcad_shadow",
          "heuristic"
        ],
        "confidence": [
          1.0,
          0.8
        ],
        "feature_ids": [
          "stud@R18/studC",
          "snap_cyl@L8:I5"
        ],
        "residual": {
          "distance": 0.0,
          "axial_gap": 0.0,
          "alignment": 1.0,
          "roll_alignment": 1.0,
          "entry_face_gap": 0.0,
          "penetration": 12.0
        }
      },
      {
        "instances": [
          13,
          113
        ],
        "status": "potential",
        "kinds": [
          "stud",
          "stud_receptacle"
        ],
        "sources": [
          "ldcad_shadow",
          "heuristic"
        ],
        "confidence": [
          1.0,
          0.8
        ],
        "feature_ids": [
          "stud@R19/studC",
          "snap_cyl@L8:I4"
        ],
        "residual": {
          "distance": 0.0,
          "axial_gap": 0.0,
          "alignment": 1.0,
          "roll_alignment": 1.0,
          "entry_face_gap": 0.0,
          "penetration": 12.0
        }
      },
      {
        "instances": [
          13,
          113
        ],
        "status": "potential",
        "kinds": [
          "stud",
          "stud_receptacle"
        ],
        "sources": [
          "ldcad_shadow",
          "heuristic"
        ],
        "confidence": [
          1.0,
          0.8
        ],
        "feature_ids": [
          "stud@R20/studC",
          "snap_cyl@L8:I3"
        ],
        "residual": {
          "distance": 0.0,
          "axial_gap": 0.0,
          "alignment": 1.0,
          "roll_alignment": 1.0,
          "entry_face_gap": 0.0,
          "penetration": 12.0
        }
      },
      {
        "instances": [
          13,
          113
        ],
        "status": "potential",
        "kinds": [
          "stud",
          "stud_receptacle"
        ],
        "sources": [
          "ldcad_shadow",
          "heuristic"
        ],
        "confidence": [
          1.0,
          0.8
        ],
        "feature_ids": [
          "stud@R21/studC",
          "snap_cyl@L8:I2"
        ],
        "residual": {
          "distance": 0.0,
          "axial_gap": 0.0,
          "alignment": 1.0,
          "roll_alignment": 1.0,
          "entry_face_gap": 0.0,
          "penetration": 12.0
        }
      },
      {
        "instances": [
          13,
          113
        ],
        "status": "potential",
        "kinds": [
          "stud",
          "stud_receptacle"
        ],
        "sources": [
          "ldcad_shadow",
          "heuristic"
        ],
        "confidence": [
          1.0,
          0.8
        ],
        "feature_ids": [
          "stud@R22/studC",
          "snap_cyl@L8:I1"
        ],
        "residual": {
          "distance": 0.0,
          "axial_gap": 0.0,
          "alignment": 1.0,
          "roll_alignment": 1.0,
          "entry_face_gap": 0.0,
          "penetration": 12.0
        }
      },
      {
        "instances": [
          13,
          113
        ],
        "status": "potential",
        "kinds": [
          "stud",
          "stud_receptacle"
        ],
        "sources": [
          "ldcad_shadow",
          "heuristic"
        ],
        "confidence": [
          1.0,
          0.8
        ],
        "feature_ids": [
          "stud@R23/studC",
          "snap_cyl@L8:I0"
        ],
        "residual": {
          "distance": 0.0,
          "axial_gap": 0.0,
          "alignment": 1.0,
          "roll_alignment": 1.0,
          "entry_face_gap": 0.0,
          "penetration": 12.0
        }
      },
      {
        "instances": [
          13,
          114
        ],
        "status": "potential",
        "kinds": [
          "stud",
          "stud_receptacle"
        ],
        "sources": [
          "ldcad_shadow",
          "heuristic"
        ],
        "confidence": [
          1.0,
          0.8
        ],
        "feature_ids": [
          "stud@R24/studC",
          "s/3023bs01@R0/snap_cyl@L9:I1"
        ],
        "residual": {
          "distance": 0.0,
          "axial_gap": 0.0,
          "alignment": 1.0,
          "roll_alignment": 1.0,
          "entry_face_gap": 0.0,
          "penetration": 12.0
        }
      },
      {
        "instances": [
          14,
          108
        ],
        "status": "potential",
        "kinds": [
          "stud",
          "stud_receptacle"
        ],
        "sources": [
          "ldcad_shadow",
          "heuristic"
        ],
        "confidence": [
          1.0,
          0.8
        ],
        "feature_ids": [
          "stud@R3/studC",
          "snap_cyl@L8:I1"
        ],
        "residual": {
          "distance": 0.0,
          "axial_gap": 0.0,
          "alignment": 1.0,
          "roll_alignment": 1.0,
          "entry_face_gap": 0.0,
          "penetration": 12.0
        }
      },
      {
        "instances": [
          14,
          108
        ],
        "status": "potential",
        "kinds": [
          "stud",
          "stud_receptacle"
        ],
        "sources": [
          "ldcad_shadow",
          "heuristic"
        ],
        "confidence": [
          1.0,
          0.8
        ],
        "feature_ids": [
          "stud@R4/studC",
          "snap_cyl@L8:I0"
        ],
        "residual": {
          "distance": 0.0,
          "axial_gap": 0.0,
          "alignment": 1.0,
          "roll_alignment": 1.0,
          "entry_face_gap": 0.0,
          "penetration": 12.0
        }
      },
      {
        "instances": [
          14,
          114
        ],
        "status": "potential",
        "kinds": [
          "stud",
          "stud_receptacle"
        ],
        "sources": [
          "ldcad_shadow",
          "heuristic"
        ],
        "confidence": [
          1.0,
          0.8
        ],
        "feature_ids": [
          "stud@R6/studC",
          "s/3023bs01@R0/snap_cyl@L9:I0"
        ],
        "residual": {
          "distance": 0.0,
          "axial_gap": 0.0,
          "alignment": 1.0,
          "roll_alignment": 1.0,
          "entry_face_gap": 0.0,
          "penetration": 12.0
        }
      },
      {
        "instances": [
          15,
          104
        ],
        "status": "potential",
        "kinds": [
          "stud",
          "stud_receptacle"
        ],
        "sources": [
          "ldcad_shadow",
          "heuristic"
        ],
        "confidence": [
          1.0,
          0.8
        ],
        "feature_ids": [
          "stud@R19/studC",
          "snap_cyl@L8:I7"
        ],
        "residual": {
          "distance": 0.0,
          "axial_gap": 0.0,
          "alignment": 1.0,
          "roll_alignment": 1.0,
          "entry_face_gap": 0.0,
          "penetration": 12.0
        }
      },
      {
        "instances": [
          15,
          104
        ],
        "status": "potential",
        "kinds": [
          "stud",
          "stud_receptacle"
        ],
        "sources": [
          "ldcad_shadow",
          "heuristic"
        ],
        "confidence": [
          1.0,
          0.8
        ],
        "feature_ids": [
          "stud@R20/studC",
          "snap_cyl@L8:I6"
        ],
        "residual": {
          "distance": 0.0,
          "axial_gap": 0.0,
          "alignment": 1.0,
          "roll_alignment": 1.0,
          "entry_face_gap": 0.0,
          "penetration": 12.0
        }
      },
      {
        "instances": [
          15,
          104
        ],
        "status": "potential",
        "kinds": [
          "stud",
          "stud_receptacle"
        ],
        "sources": [
          "ldcad_shadow",
          "heuristic"
        ],
        "confidence": [
          1.0,
          0.8
        ],
        "feature_ids": [
          "stud@R21/studC",
          "snap_cyl@L8:I5"
        ],
        "residual": {
          "distance": 0.0,
          "axial_gap": 0.0,
          "alignment": 1.0,
          "roll_alignment": 1.0,
          "entry_face_gap": 0.0,
          "penetration": 12.0
        }
      },
      {
        "instances": [
          15,
          104
        ],
        "status": "potential",
        "kinds": [
          "stud",
          "stud_receptacle"
        ],
        "sources": [
          "ldcad_shadow",
          "heuristic"
        ],
        "confidence": [
          1.0,
          0.8
        ],
        "feature_ids": [
          "stud@R22/studC",
          "snap_cyl@L8:I4"
        ],
        "residual": {
          "distance": 0.0,
          "axial_gap": 0.0,
          "alignment": 1.0,
          "roll_alignment": 1.0,
          "entry_face_gap": 0.0,
          "penetration": 12.0
        }
      },
      {
        "instances": [
          15,
          104
        ],
        "status": "potential",
        "kinds": [
          "stud",
          "stud_receptacle"
        ],
        "sources": [
          "ldcad_shadow",
          "heuristic"
        ],
        "confidence": [
          1.0,
          0.8
        ],
        "feature_ids": [
          "stud@R23/studC",
          "snap_cyl@L8:I3"
        ],
        "residual": {
          "distance": 0.0,
          "axial_gap": 0.0,
          "alignment": 1.0,
          "roll_alignment": 1.0,
          "entry_face_gap": 0.0,
          "penetration": 12.0
        }
      },
      {
        "instances": [
          15,
          104
        ],
        "status": "potential",
        "kinds": [
          "stud",
          "stud_receptacle"
        ],
        "sources": [
          "ldcad_shadow",
          "heuristic"
        ],
        "confidence": [
          1.0,
          0.8
        ],
        "feature_ids": [
          "stud@R24/studC",
          "snap_cyl@L8:I2"
        ],
        "residual": {
          "distance": 0.0,
          "axial_gap": 0.0,
          "alignment": 1.0,
          "roll_alignment": 1.0,
          "entry_face_gap": 0.0,
          "penetration": 12.0
        }
      },
      {
        "instances": [
          15,
          105
        ],
        "status": "potential",
        "kinds": [
          "stud",
          "stud_receptacle"
        ],
        "sources": [
          "ldcad_shadow",
          "heuristic"
        ],
        "confidence": [
          1.0,
          0.8
        ],
        "feature_ids": [
          "stud@R17/studC",
          "snap_cyl@L8:I1"
        ],
        "residual": {
          "distance": 0.0,
          "axial_gap": 0.0,
          "alignment": 1.0,
          "roll_alignment": 1.0,
          "entry_face_gap": 0.0,
          "penetration": 12.0
        }
      },
      {
        "instances": [
          15,
          105
        ],
        "status": "potential",
        "kinds": [
          "stud",
          "stud_receptacle"
        ],
        "sources": [
          "ldcad_shadow",
          "heuristic"
        ],
        "confidence": [
          1.0,
          0.8
        ],
        "feature_ids": [
          "stud@R18/studC",
          "snap_cyl@L8:I0"
        ],
        "residual": {
          "distance": 0.0,
          "axial_gap": 0.0,
          "alignment": 1.0,
          "roll_alignment": 1.0,
          "entry_face_gap": 0.0,
          "penetration": 12.0
        }
      },
      {
        "instances": [
          16,
          105
        ],
        "status": "potential",
        "kinds": [
          "stud",
          "stud_receptacle"
        ],
        "sources": [
          "ldcad_shadow",
          "heuristic"
        ],
        "confidence": [
          1.0,
          0.8
        ],
        "feature_ids": [
          "stud@R19/studC",
          "snap_cyl@L8:I7"
        ],
        "residual": {
          "distance": 0.0,
          "axial_gap": 0.0,
          "alignment": 1.0,
          "roll_alignment": 1.0,
          "entry_face_gap": 0.0,
          "penetration": 12.0
        }
      },
      {
        "instances": [
          16,
          105
        ],
        "status": "potential",
        "kinds": [
          "stud",
          "stud_receptacle"
        ],
        "sources": [
          "ldcad_shadow",
          "heuristic"
        ],
        "confidence": [
          1.0,
          0.8
        ],
        "feature_ids": [
          "stud@R20/studC",
          "snap_cyl@L8:I6"
        ],
        "residual": {
          "distance": 0.0,
          "axial_gap": 0.0,
          "alignment": 1.0,
          "roll_alignment": 1.0,
          "entry_face_gap": 0.0,
          "penetration": 12.0
        }
      },
      {
        "instances": [
          16,
          105
        ],
        "status": "potential",
        "kinds": [
          "stud",
          "stud_receptacle"
        ],
        "sources": [
          "ldcad_shadow",
          "heuristic"
        ],
        "confidence": [
          1.0,
          0.8
        ],
        "feature_ids": [
          "stud@R21/studC",
          "snap_cyl@L8:I5"
        ],
        "residual": {
          "distance": 0.0,
          "axial_gap": 0.0,
          "alignment": 1.0,
          "roll_alignment": 1.0,
          "entry_face_gap": 0.0,
          "penetration": 12.0
        }
      },
      {
        "instances": [
          16,
          105
        ],
        "status": "potential",
        "kinds": [
          "stud",
          "stud_receptacle"
        ],
        "sources": [
          "ldcad_shadow",
          "heuristic"
        ],
        "confidence": [
          1.0,
          0.8
        ],
        "feature_ids": [
          "stud@R22/studC",
          "snap_cyl@L8:I4"
        ],
        "residual": {
          "distance": 0.0,
          "axial_gap": 0.0,
          "alignment": 1.0,
          "roll_alignment": 1.0,
          "entry_face_gap": 0.0,
          "penetration": 12.0
        }
      },
      {
        "instances": [
          16,
          105
        ],
        "status": "potential",
        "kinds": [
          "stud",
          "stud_receptacle"
        ],
        "sources": [
          "ldcad_shadow",
          "heuristic"
        ],
        "confidence": [
          1.0,
          0.8
        ],
        "feature_ids": [
          "stud@R23/studC",
          "snap_cyl@L8:I3"
        ],
        "residual": {
          "distance": 0.0,
          "axial_gap": 0.0,
          "alignment": 1.0,
          "roll_alignment": 1.0,
          "entry_face_gap": 0.0,
          "penetration": 12.0
        }
      },
      {
        "instances": [
          16,
          105
        ],
        "status": "potential",
        "kinds": [
          "stud",
          "stud_receptacle"
        ],
        "sources": [
          "ldcad_shadow",
          "heuristic"
        ],
        "confidence": [
          1.0,
          0.8
        ],
        "feature_ids": [
          "stud@R24/studC",
          "snap_cyl@L8:I2"
        ],
        "residual": {
          "distance": 0.0,
          "axial_gap": 0.0,
          "alignment": 1.0,
          "roll_alignment": 1.0,
          "entry_face_gap": 0.0,
          "penetration": 12.0
        }
      },
      {
        "instances": [
          16,
          106
        ],
        "status": "potential",
        "kinds": [
          "stud",
          "stud_receptacle"
        ],
        "sources": [
          "ldcad_shadow",
          "heuristic"
        ],
        "confidence": [
          1.0,
          0.8
        ],
        "feature_ids": [
          "stud@R17/studC",
          "snap_cyl@L8:I1"
        ],
        "residual": {
          "distance": 0.0,
          "axial_gap": 0.0,
          "alignment": 1.0,
          "roll_alignment": 1.0,
          "entry_face_gap": 0.0,
          "penetration": 12.0
        }
      },
      {
        "instances": [
          16,
          106
        ],
        "status": "potential",
        "kinds": [
          "stud",
          "stud_receptacle"
        ],
        "sources": [
          "ldcad_shadow",
          "heuristic"
        ],
        "confidence": [
          1.0,
          0.8
        ],
        "feature_ids": [
          "stud@R18/studC",
          "snap_cyl@L8:I0"
        ],
        "residual": {
          "distance": 0.0,
          "axial_gap": 0.0,
          "alignment": 1.0,
          "roll_alignment": 1.0,
          "entry_face_gap": 0.0,
          "penetration": 12.0
        }
      },
      {
        "instances": [
          17,
          106
        ],
        "status": "potential",
        "kinds": [
          "stud",
          "stud_receptacle"
        ],
        "sources": [
          "ldcad_shadow",
          "heuristic"
        ],
        "confidence": [
          1.0,
          0.8
        ],
        "feature_ids": [
          "stud@R19/studC",
          "snap_cyl@L8:I7"
        ],
        "residual": {
          "distance": 0.0,
          "axial_gap": 0.0,
          "alignment": 1.0,
          "roll_alignment": 1.0,
          "entry_face_gap": 0.0,
          "penetration": 12.0
        }
      },
      {
        "instances": [
          17,
          106
        ],
        "status": "potential",
        "kinds": [
          "stud",
          "stud_receptacle"
        ],
        "sources": [
          "ldcad_shadow",
          "heuristic"
        ],
        "confidence": [
          1.0,
          0.8
        ],
        "feature_ids": [
          "stud@R20/studC",
          "snap_cyl@L8:I6"
        ],
        "residual": {
          "distance": 0.0,
          "axial_gap": 0.0,
          "alignment": 1.0,
          "roll_alignment": 1.0,
          "entry_face_gap": 0.0,
          "penetration": 12.0
        }
      },
      {
        "instances": [
          17,
          106
        ],
        "status": "potential",
        "kinds": [
          "stud",
          "stud_receptacle"
        ],
        "sources": [
          "ldcad_shadow",
          "heuristic"
        ],
        "confidence": [
          1.0,
          0.8
        ],
        "feature_ids": [
          "stud@R21/studC",
          "snap_cyl@L8:I5"
        ],
        "residual": {
          "distance": 0.0,
          "axial_gap": 0.0,
          "alignment": 1.0,
          "roll_alignment": 1.0,
          "entry_face_gap": 0.0,
          "penetration": 12.0
        }
      },
      {
        "instances": [
          17,
          106
        ],
        "status": "potential",
        "kinds": [
          "stud",
          "stud_receptacle"
        ],
        "sources": [
          "ldcad_shadow",
          "heuristic"
        ],
        "confidence": [
          1.0,
          0.8
        ],
        "feature_ids": [
          "stud@R22/studC",
          "snap_cyl@L8:I4"
        ],
        "residual": {
          "distance": 0.0,
          "axial_gap": 0.0,
          "alignment": 1.0,
          "roll_alignment": 1.0,
          "entry_face_gap": 0.0,
          "penetration": 12.0
        }
      },
      {
        "instances": [
          17,
          106
        ],
        "status": "potential",
        "kinds": [
          "stud",
          "stud_receptacle"
        ],
        "sources": [
          "ldcad_shadow",
          "heuristic"
        ],
        "confidence": [
          1.0,
          0.8
        ],
        "feature_ids": [
          "stud@R23/studC",
          "snap_cyl@L8:I3"
        ],
        "residual": {
          "distance": 0.0,
          "axial_gap": 0.0,
          "alignment": 1.0,
          "roll_alignment": 1.0,
          "entry_face_gap": 0.0,
          "penetration": 12.0
        }
      },
      {
        "instances": [
          17,
          106
        ],
        "status": "potential",
        "kinds": [
          "stud",
          "stud_receptacle"
        ],
        "sources": [
          "ldcad_shadow",
          "heuristic"
        ],
        "confidence": [
          1.0,
          0.8
        ],
        "feature_ids": [
          "stud@R24/studC",
          "snap_cyl@L8:I2"
        ],
        "residual": {
          "distance": 0.0,
          "axial_gap": 0.0,
          "alignment": 1.0,
          "roll_alignment": 1.0,
          "entry_face_gap": 0.0,
          "penetration": 12.0
        }
      },
      {
        "instances": [
          17,
          107
        ],
        "status": "potential",
        "kinds": [
          "stud",
          "stud_receptacle"
        ],
        "sources": [
          "ldcad_shadow",
          "heuristic"
        ],
        "confidence": [
          1.0,
          0.8
        ],
        "feature_ids": [
          "stud@R17/studC",
          "snap_cyl@L8:I1"
        ],
        "residual": {
          "distance": 0.0,
          "axial_gap": 0.0,
          "alignment": 1.0,
          "roll_alignment": 1.0,
          "entry_face_gap": 0.0,
          "penetration": 12.0
        }
      },
      {
        "instances": [
          17,
          107
        ],
        "status": "potential",
        "kinds": [
          "stud",
          "stud_receptacle"
        ],
        "sources": [
          "ldcad_shadow",
          "heuristic"
        ],
        "confidence": [
          1.0,
          0.8
        ],
        "feature_ids": [
          "stud@R18/studC",
          "snap_cyl@L8:I0"
        ],
        "residual": {
          "distance": 0.0,
          "axial_gap": 0.0,
          "alignment": 1.0,
          "roll_alignment": 1.0,
          "entry_face_gap": 0.0,
          "penetration": 12.0
        }
      },
      {
        "instances": [
          18,
          31
        ],
        "status": "confirmed",
        "kinds": [
          "stud",
          "stud_receptacle"
        ],
        "sources": [
          "ldcad_shadow",
          "primitive"
        ],
        "confidence": [
          1.0,
          1.0
        ],
        "feature_ids": [
          "stud@R81/studC",
          "s/3007s01@R0/stug4-1x7@R4/stud4@R2/stud4:socket:+1-1"
        ],
        "residual": {
          "distance": 0.0,
          "axial_gap": 0.0,
          "alignment": 1.0,
          "roll_alignment": 1.0,
          "entry_face_gap": 0.0,
          "penetration": 28.0
        }
      },
      {
        "instances": [
          18,
          31
        ],
        "status": "confirmed",
        "kinds": [
          "stud",
          "stud_receptacle"
        ],
        "sources": [
          "ldcad_shadow",
          "primitive"
        ],
        "confidence": [
          1.0,
          1.0
        ],
        "feature_ids": [
          "stud@R82/studC",
          "s/3007s01@R0/stug4-1x7@R4/stud4@R1/stud4:socket:+1-1"
        ],
        "residual": {
          "distance": 0.0,
          "axial_gap": 0.0,
          "alignment": 1.0,
          "roll_alignment": 1.0,
          "entry_face_gap": 0.0,
          "penetration": 28.0
        }
      },
      {
        "instances": [
          18,
          31
        ],
        "status": "confirmed",
        "kinds": [
          "stud",
          "stud_receptacle"
        ],
        "sources": [
          "ldcad_shadow",
          "primitive"
        ],
        "confidence": [
          1.0,
          1.0
        ],
        "feature_ids": [
          "stud@R83/studC",
          "s/3007s01@R0/stug4-1x7@R4/stud4@R0/stud4:socket:+1-1"
        ],
        "residual": {
          "distance": 0.0,
          "axial_gap": 0.0,
          "alignment": 1.0,
          "roll_alignment": 1.0,
          "entry_face_gap": 0.0,
          "penetration": 28.0
        }
      },
      {
        "instances": [
          18,
          31
        ],
        "status": "confirmed",
        "kinds": [
          "stud",
          "stud_receptacle"
        ],
        "sources": [
          "ldcad_shadow",
          "primitive"
        ],
        "confidence": [
          1.0,
          1.0
        ],
        "feature_ids": [
          "stud@R84/studC",
          "s/3007s01@R0/stug4-1x7@R4/stud4@R0/stud4:socket:-1-1"
        ],
        "residual": {
          "distance": 0.0,
          "axial_gap": 0.0,
          "alignment": 1.0,
          "roll_alignment": 1.0,
          "entry_face_gap": 0.0,
          "penetration": 28.0
        }
      },
      {
        "instances": [
          18,
          31
        ],
        "status": "confirmed",
        "kinds": [
          "stud",
          "stud_receptacle"
        ],
        "sources": [
          "ldcad_shadow",
          "primitive"
        ],
        "confidence": [
          1.0,
          1.0
        ],
        "feature_ids": [
          "stud@R93/studC",
          "s/3007s01@R0/stug4-1x7@R4/stud4@R2/stud4:socket:+1+1"
        ],
        "residual": {
          "distance": 0.0,
          "axial_gap": 0.0,
          "alignment": 1.0,
          "roll_alignment": 1.0,
          "entry_face_gap": 0.0,
          "penetration": 28.0
        }
      },
      {
        "instances": [
          18,
          31
        ],
        "status": "confirmed",
        "kinds": [
          "stud",
          "stud_receptacle"
        ],
        "sources": [
          "ldcad_shadow",
          "primitive"
        ],
        "confidence": [
          1.0,
          1.0
        ],
        "feature_ids": [
          "stud@R94/studC",
          "s/3007s01@R0/stug4-1x7@R4/stud4@R1/stud4:socket:+1+1"
        ],
        "residual": {
          "distance": 0.0,
          "axial_gap": 0.0,
          "alignment": 1.0,
          "roll_alignment": 1.0,
          "entry_face_gap": 0.0,
          "penetration": 28.0
        }
      },
      {
        "instances": [
          18,
          31
        ],
        "status": "confirmed",
        "kinds": [
          "stud",
          "stud_receptacle"
        ],
        "sources": [
          "ldcad_shadow",
          "primitive"
        ],
        "confidence": [
          1.0,
          1.0
        ],
        "feature_ids": [
          "stud@R95/studC",
          "s/3007s01@R0/stug4-1x7@R4/stud4@R0/stud4:socket:+1+1"
        ],
        "residual": {
          "distance": 0.0,
          "axial_gap": 0.0,
          "alignment": 1.0,
          "roll_alignment": 1.0,
          "entry_face_gap": 0.0,
          "penetration": 28.0
        }
      },
      {
        "instances": [
          18,
          31
        ],
        "status": "confirmed",
        "kinds": [
          "stud",
          "stud_receptacle"
        ],
        "sources": [
          "ldcad_shadow",
          "primitive"
        ],
        "confidence": [
          1.0,
          1.0
        ],
        "feature_ids": [
          "stud@R96/studC",
          "s/3007s01@R0/stug4-1x7@R4/stud4@R0/stud4:socket:-1+1"
        ],
        "residual": {
          "distance": 0.0,
          "axial_gap": 0.0,
          "alignment": 1.0,
          "roll_alignment": 1.0,
          "entry_face_gap": 0.0,
          "penetration": 28.0
        }
      },
      {
        "instances": [
          18,
          32
        ],
        "status": "confirmed",
        "kinds": [
          "stud",
          "stud_receptacle"
        ],
        "sources": [
          "ldcad_shadow",
          "primitive"
        ],
        "confidence": [
          1.0,
          1.0
        ],
        "feature_ids": [
          "stud@R57/studC",
          "s/3007s01@R0/stug4-1x7@R4/stud4@R4/stud4:socket:+1-1"
        ],
        "residual": {
          "distance": 0.0,
          "axial_gap": 0.0,
          "alignment": 1.0,
          "roll_alignment": 1.0,
          "entry_face_gap": 0.0,
          "penetration": 28.0
        }
      },
      {
        "instances": [
          18,
          32
        ],
        "status": "confirmed",
        "kinds": [
          "stud",
          "stud_receptacle"
        ],
        "sources": [
          "ldcad_shadow",
          "primitive"
        ],
        "confidence": [
          1.0,
          1.0
        ],
        "feature_ids": [
          "stud@R58/studC",
          "s/3007s01@R0/stug4-1x7@R4/stud4@R3/stud4:socket:+1-1"
        ],
        "residual": {
          "distance": 0.0,
          "axial_gap": 0.0,
          "alignment": 1.0,
          "roll_alignment": 1.0,
          "entry_face_gap": 0.0,
          "penetration": 28.0
        }
      },
      {
        "instances": [
          18,
          32
        ],
        "status": "confirmed",
        "kinds": [
          "stud",
          "stud_receptacle"
        ],
        "sources": [
          "ldcad_shadow",
          "primitive"
        ],
        "confidence": [
          1.0,
          1.0
        ],
        "feature_ids": [
          "stud@R59/studC",
          "s/3007s01@R0/stug4-1x7@R4/stud4@R2/stud4:socket:+1-1"
        ],
        "residual": {
          "distance": 0.0,
          "axial_gap": 0.0,
          "alignment": 1.0,
          "roll_alignment": 1.0,
          "entry_face_gap": 0.0,
          "penetration": 28.0
        }
      },
      {
        "instances": [
          18,
          32
        ],
        "status": "confirmed",
        "kinds": [
          "stud",
          "stud_receptacle"
        ],
        "sources": [
          "ldcad_shadow",
          "primitive"
        ],
        "confidence": [
          1.0,
          1.0
        ],
        "feature_ids": [
          "stud@R60/studC",
          "s/3007s01@R0/stug4-1x7@R4/stud4@R1/stud4:socket:+1-1"
        ],
        "residual": {
          "distance": 0.0,
          "axial_gap": 0.0,
          "alignment": 1.0,
          "roll_alignment": 1.0,
          "entry_face_gap": 0.0,
          "penetration": 28.0
        }
      },
      {
        "instances": [
          18,
          32
        ],
        "status": "confirmed",
        "kinds": [
          "stud",
          "stud_receptacle"
        ],
        "sources": [
          "ldcad_shadow",
          "primitive"
        ],
        "confidence": [
          1.0,
          1.0
        ],
        "feature_ids": [
          "stud@R61/studC",
          "s/3007s01@R0/stug4-1x7@R4/stud4@R0/stud4:socket:+1-1"
        ],
        "residual": {
          "distance": 0.0,
          "axial_gap": 0.0,
          "alignment": 1.0,
          "roll_alignment": 1.0,
          "entry_face_gap": 0.0,
          "penetration": 28.0
        }
      },
      {
        "instances": [
          18,
          32
        ],
        "status": "confirmed",
        "kinds": [
          "stud",
          "stud_receptacle"
        ],
        "sources": [
          "ldcad_shadow",
          "primitive"
        ],
        "confidence": [
          1.0,
          1.0
        ],
        "feature_ids": [
          "stud@R62/studC",
          "s/3007s01@R0/stug4-1x7@R4/stud4@R0/stud4:socket:-1-1"
        ],
        "residual": {
          "distance": 0.0,
          "axial_gap": 0.0,
          "alignment": 1.0,
          "roll_alignment": 1.0,
          "entry_face_gap": 0.0,
          "penetration": 28.0
        }
      },
      {
        "instances": [
          18,
          32
        ],
        "status": "confirmed",
        "kinds": [
          "stud",
          "stud_receptacle"
        ],
        "sources": [
          "ldcad_shadow",
          "primitive"
        ],
        "confidence": [
          1.0,
          1.0
        ],
        "feature_ids": [
          "stud@R69/studC",
          "s/3007s01@R0/stug4-1x7@R4/stud4@R4/stud4:socket:+1+1"
        ],
        "residual": {
          "distance": 0.0,
          "axial_gap": 0.0,
          "alignment": 1.0,
          "roll_alignment": 1.0,
          "entry_face_gap": 0.0,
          "penetration": 28.0
        }
      },
      {
        "instances": [
          18,
          32
        ],
        "status": "confirmed",
        "kinds": [
          "stud",
          "stud_receptacle"
        ],
        "sources": [
          "ldcad_shadow",
          "primitive"
        ],
        "confidence": [
          1.0,
          1.0
        ],
        "feature_ids": [
          "stud@R70/studC",
          "s/3007s01@R0/stug4-1x7@R4/stud4@R3/stud4:socket:+1+1"
        ],
        "residual": {
          "distance": 0.0,
          "axial_gap": 0.0,
          "alignment": 1.0,
          "roll_alignment": 1.0,
          "entry_face_gap": 0.0,
          "penetration": 28.0
        }
      },
      {
        "instances": [
          18,
          32
        ],
        "status": "confirmed",
        "kinds": [
          "stud",
          "stud_receptacle"
        ],
        "sources": [
          "ldcad_shadow",
          "primitive"
        ],
        "confidence": [
          1.0,
          1.0
        ],
        "feature_ids": [
          "stud@R71/studC",
          "s/3007s01@R0/stug4-1x7@R4/stud4@R2/stud4:socket:+1+1"
        ],
        "residual": {
          "distance": 0.0,
          "axial_gap": 0.0,
          "alignment": 1.0,
          "roll_alignment": 1.0,
          "entry_face_gap": 0.0,
          "penetration": 28.0
        }
      },
      {
        "instances": [
          18,
          32
        ],
        "status": "confirmed",
        "kinds": [
          "stud",
          "stud_receptacle"
        ],
        "sources": [
          "ldcad_shadow",
          "primitive"
        ],
        "confidence": [
          1.0,
          1.0
        ],
        "feature_ids": [
          "stud@R72/studC",
          "s/3007s01@R0/stug4-1x7@R4/stud4@R1/stud4:socket:+1+1"
        ],
        "residual": {
          "distance": 0.0,
          "axial_gap": 0.0,
          "alignment": 1.0,
          "roll_alignment": 1.0,
          "entry_face_gap": 0.0,
          "penetration": 28.0
        }
      },
      {
        "instances": [
          18,
          32
        ],
        "status": "confirmed",
        "kinds": [
          "stud",
          "stud_receptacle"
        ],
        "sources": [
          "ldcad_shadow",
          "primitive"
        ],
        "confidence": [
          1.0,
          1.0
        ],
        "feature_ids": [
          "stud@R73/studC",
          "s/3007s01@R0/stug4-1x7@R4/stud4@R0/stud4:socket:+1+1"
        ],
        "residual": {
          "distance": 0.0,
          "axial_gap": 0.0,
          "alignment": 1.0,
          "roll_alignment": 1.0,
          "entry_face_gap": 0.0,
          "penetration": 28.0
        }
      },
      {
        "instances": [
          18,
          32
        ],
        "status": "confirmed",
        "kinds": [
          "stud",
          "stud_receptacle"
        ],
        "sources": [
          "ldcad_shadow",
          "primitive"
        ],
        "confidence": [
          1.0,
          1.0
        ],
        "feature_ids": [
          "stud@R74/studC",
          "s/3007s01@R0/stug4-1x7@R4/stud4@R0/stud4:socket:-1+1"
        ],
        "residual": {
          "distance": 0.0,
          "axial_gap": 0.0,
          "alignment": 1.0,
          "roll_alignment": 1.0,
          "entry_face_gap": 0.0,
          "penetration": 28.0
        }
      },
      {
        "instances": [
          18,
          72
        ],
        "status": "confirmed",
        "kinds": [
          "stud",
          "stud_receptacle"
        ],
        "sources": [
          "ldcad_shadow",
          "ldcad_shadow"
        ],
        "confidence": [
          1.0,
          1.0
        ],
        "feature_ids": [
          "stud@R115/studC",
          "s/3068bs01@R0/snap_cyl@L8:I3"
        ],
        "residual": {
          "distance": 0.0,
          "axial_gap": 0.0,
          "alignment": 1.0,
          "roll_alignment": 1.0,
          "entry_face_gap": 0.0,
          "penetration": 8.0
        }
      },
      {
        "instances": [
          18,
          72
        ],
        "status": "confirmed",
        "kinds": [
          "stud",
          "stud_receptacle"
        ],
        "sources": [
          "ldcad_shadow",
          "ldcad_shadow"
        ],
        "confidence": [
          1.0,
          1.0
        ],
        "feature_ids": [
          "stud@R116/studC",
          "s/3068bs01@R0/snap_cyl@L8:I1"
        ],
        "residual": {
          "distance": 0.0,
          "axial_gap": 0.0,
          "alignment": 1.0,
          "roll_alignment": 1.0,
          "entry_face_gap": 0.0,
          "penetration": 8.0
        }
      },
      {
        "instances": [
          18,
          72
        ],
        "status": "confirmed",
        "kinds": [
          "stud",
          "stud_receptacle"
        ],
        "sources": [
          "ldcad_shadow",
          "ldcad_shadow"
        ],
        "confidence": [
          1.0,
          1.0
        ],
        "feature_ids": [
          "stud@R127/studC",
          "s/3068bs01@R0/snap_cyl@L8:I2"
        ],
        "residual": {
          "distance": 0.0,
          "axial_gap": 0.0,
          "alignment": 1.0,
          "roll_alignment": 1.0,
          "entry_face_gap": 0.0,
          "penetration": 8.0
        }
      },
      {
        "instances": [
          18,
          72
        ],
        "status": "confirmed",
        "kinds": [
          "stud",
          "stud_receptacle"
        ],
        "sources": [
          "ldcad_shadow",
          "ldcad_shadow"
        ],
        "confidence": [
          1.0,
          1.0
        ],
        "feature_ids": [
          "stud@R128/studC",
          "s/3068bs01@R0/snap_cyl@L8:I0"
        ],
        "residual": {
          "distance": 0.0,
          "axial_gap": 0.0,
          "alignment": 1.0,
          "roll_alignment": 1.0,
          "entry_face_gap": 0.0,
          "penetration": 8.0
        }
      },
      {
        "instances": [
          18,
          73
        ],
        "status": "confirmed",
        "kinds": [
          "stud",
          "stud_receptacle"
        ],
        "sources": [
          "ldcad_shadow",
          "ldcad_shadow"
        ],
        "confidence": [
          1.0,
          1.0
        ],
        "feature_ids": [
          "stud@R103/studC",
          "s/3068bs01@R0/snap_cyl@L8:I2"
        ],
        "residual": {
          "distance": 0.0,
          "axial_gap": 0.0,
          "alignment": 1.0,
          "roll_alignment": 1.0,
          "entry_face_gap": 0.0,
          "penetration": 8.0
        }
      },
      {
        "instances": [
          18,
          73
        ],
        "status": "confirmed",
        "kinds": [
          "stud",
          "stud_receptacle"
        ],
        "sources": [
          "ldcad_shadow",
          "ldcad_shadow"
        ],
        "confidence": [
          1.0,
          1.0
        ],
        "feature_ids": [
          "stud@R104/studC",
          "s/3068bs01@R0/snap_cyl@L8:I0"
        ],
        "residual": {
          "distance": 0.0,
          "axial_gap": 0.0,
          "alignment": 1.0,
          "roll_alignment": 1.0,
          "entry_face_gap": 0.0,
          "penetration": 8.0
        }
      },
      {
        "instances": [
          18,
          73
        ],
        "status": "confirmed",
        "kinds": [
          "stud",
          "stud_receptacle"
        ],
        "sources": [
          "ldcad_shadow",
          "ldcad_shadow"
        ],
        "confidence": [
          1.0,
          1.0
        ],
        "feature_ids": [
          "stud@R91/studC",
          "s/3068bs01@R0/snap_cyl@L8:I3"
        ],
        "residual": {
          "distance": 0.0,
          "axial_gap": 0.0,
          "alignment": 1.0,
          "roll_alignment": 1.0,
          "entry_face_gap": 0.0,
          "penetration": 8.0
        }
      },
      {
        "instances": [
          18,
          73
        ],
        "status": "confirmed",
        "kinds": [
          "stud",
          "stud_receptacle"
        ],
        "sources": [
          "ldcad_shadow",
          "ldcad_shadow"
        ],
        "confidence": [
          1.0,
          1.0
        ],
        "feature_ids": [
          "stud@R92/studC",
          "s/3068bs01@R0/snap_cyl@L8:I1"
        ],
        "residual": {
          "distance": 0.0,
          "axial_gap": 0.0,
          "alignment": 1.0,
          "roll_alignment": 1.0,
          "entry_face_gap": 0.0,
          "penetration": 8.0
        }
      },
      {
        "instances": [
          18,
          74
        ],
        "status": "confirmed",
        "kinds": [
          "stud",
          "stud_receptacle"
        ],
        "sources": [
          "ldcad_shadow",
          "ldcad_shadow"
        ],
        "confidence": [
          1.0,
          1.0
        ],
        "feature_ids": [
          "stud@R67/studC",
          "s/3068bs01@R0/snap_cyl@L8:I3"
        ],
        "residual": {
          "distance": 0.0,
          "axial_gap": 0.0,
          "alignment": 1.0,
          "roll_alignment": 1.0,
          "entry_face_gap": 0.0,
          "penetration": 8.0
        }
      },
      {
        "instances": [
          18,
          74
        ],
        "status": "confirmed",
        "kinds": [
          "stud",
          "stud_receptacle"
        ],
        "sources": [
          "ldcad_shadow",
          "ldcad_shadow"
        ],
        "confidence": [
          1.0,
          1.0
        ],
        "feature_ids": [
          "stud@R68/studC",
          "s/3068bs01@R0/snap_cyl@L8:I1"
        ],
        "residual": {
          "distance": 0.0,
          "axial_gap": 0.0,
          "alignment": 1.0,
          "roll_alignment": 1.0,
          "entry_face_gap": 0.0,
          "penetration": 8.0
        }
      },
      {
        "instances": [
          18,
          74
        ],
        "status": "confirmed",
        "kinds": [
          "stud",
          "stud_receptacle"
        ],
        "sources": [
          "ldcad_shadow",
          "ldcad_shadow"
        ],
        "confidence": [
          1.0,
          1.0
        ],
        "feature_ids": [
          "stud@R79/studC",
          "s/3068bs01@R0/snap_cyl@L8:I2"
        ],
        "residual": {
          "distance": 0.0,
          "axial_gap": 0.0,
          "alignment": 1.0,
          "roll_alignment": 1.0,
          "entry_face_gap": 0.0,
          "penetration": 8.0
        }
      },
      {
        "instances": [
          18,
          74
        ],
        "status": "confirmed",
        "kinds": [
          "stud",
          "stud_receptacle"
        ],
        "sources": [
          "ldcad_shadow",
          "ldcad_shadow"
        ],
        "confidence": [
          1.0,
          1.0
        ],
        "feature_ids": [
          "stud@R80/studC",
          "s/3068bs01@R0/snap_cyl@L8:I0"
        ],
        "residual": {
          "distance": 0.0,
          "axial_gap": 0.0,
          "alignment": 1.0,
          "roll_alignment": 1.0,
          "entry_face_gap": 0.0,
          "penetration": 8.0
        }
      },
      {
        "instances": [
          18,
          80
        ],
        "status": "confirmed",
        "kinds": [
          "stud",
          "stud_receptacle"
        ],
        "sources": [
          "ldcad_shadow",
          "ldcad_shadow"
        ],
        "confidence": [
          1.0,
          1.0
        ],
        "feature_ids": [
          "stud@R113/studC",
          "s/3068bs01@R0/snap_cyl@L8:I3"
        ],
        "residual": {
          "distance": 0.0,
          "axial_gap": 0.0,
          "alignment": 1.0,
          "roll_alignment": 1.0,
          "entry_face_gap": 0.0,
          "penetration": 8.0
        }
      },
      {
        "instances": [
          18,
          80
        ],
        "status": "confirmed",
        "kinds": [
          "stud",
          "stud_receptacle"
        ],
        "sources": [
          "ldcad_shadow",
          "ldcad_shadow"
        ],
        "confidence": [
          1.0,
          1.0
        ],
        "feature_ids": [
          "stud@R114/studC",
          "s/3068bs01@R0/snap_cyl@L8:I1"
        ],
        "residual": {
          "distance": 0.0,
          "axial_gap": 0.0,
          "alignment": 1.0,
          "roll_alignment": 1.0,
          "entry_face_gap": 0.0,
          "penetration": 8.0
        }
      },
      {
        "instances": [
          18,
          80
        ],
        "status": "confirmed",
        "kinds": [
          "stud",
          "stud_receptacle"
        ],
        "sources": [
          "ldcad_shadow",
          "ldcad_shadow"
        ],
        "confidence": [
          1.0,
          1.0
        ],
        "feature_ids": [
          "stud@R125/studC",
          "s/3068bs01@R0/snap_cyl@L8:I2"
        ],
        "residual": {
          "distance": 0.0,
          "axial_gap": 0.0,
          "alignment": 1.0,
          "roll_alignment": 1.0,
          "entry_face_gap": 0.0,
          "penetration": 8.0
        }
      },
      {
        "instances": [
          18,
          80
        ],
        "status": "confirmed",
        "kinds": [
          "stud",
          "stud_receptacle"
        ],
        "sources": [
          "ldcad_shadow",
          "ldcad_shadow"
        ],
        "confidence": [
          1.0,
          1.0
        ],
        "feature_ids": [
          "stud@R126/studC",
          "s/3068bs01@R0/snap_cyl@L8:I0"
        ],
        "residual": {
          "distance": 0.0,
          "axial_gap": 0.0,
          "alignment": 1.0,
          "roll_alignment": 1.0,
          "entry_face_gap": 0.0,
          "penetration": 8.0
        }
      },
      {
        "instances": [
          18,
          81
        ],
        "status": "confirmed",
        "kinds": [
          "stud",
          "stud_receptacle"
        ],
        "sources": [
          "ldcad_shadow",
          "ldcad_shadow"
        ],
        "confidence": [
          1.0,
          1.0
        ],
        "feature_ids": [
          "stud@R101/studC",
          "s/3068bs01@R0/snap_cyl@L8:I2"
        ],
        "residual": {
          "distance": 0.0,
          "axial_gap": 0.0,
          "alignment": 1.0,
          "roll_alignment": 1.0,
          "entry_face_gap": 0.0,
          "penetration": 8.0
        }
      },
      {
        "instances": [
          18,
          81
        ],
        "status": "confirmed",
        "kinds": [
          "stud",
          "stud_receptacle"
        ],
        "sources": [
          "ldcad_shadow",
          "ldcad_shadow"
        ],
        "confidence": [
          1.0,
          1.0
        ],
        "feature_ids": [
          "stud@R102/studC",
          "s/3068bs01@R0/snap_cyl@L8:I0"
        ],
        "residual": {
          "distance": 0.0,
          "axial_gap": 0.0,
          "alignment": 1.0,
          "roll_alignment": 1.0,
          "entry_face_gap": 0.0,
          "penetration": 8.0
        }
      },
      {
        "instances": [
          18,
          81
        ],
        "status": "confirmed",
        "kinds": [
          "stud",
          "stud_receptacle"
        ],
        "sources": [
          "ldcad_shadow",
          "ldcad_shadow"
        ],
        "confidence": [
          1.0,
          1.0
        ],
        "feature_ids": [
          "stud@R89/studC",
          "s/3068bs01@R0/snap_cyl@L8:I3"
        ],
        "residual": {
          "distance": 0.0,
          "axial_gap": 0.0,
          "alignment": 1.0,
          "roll_alignment": 1.0,
          "entry_face_gap": 0.0,
          "penetration": 8.0
        }
      },
      {
        "instances": [
          18,
          81
        ],
        "status": "confirmed",
        "kinds": [
          "stud",
          "stud_receptacle"
        ],
        "sources": [
          "ldcad_shadow",
          "ldcad_shadow"
        ],
        "confidence": [
          1.0,
          1.0
        ],
        "feature_ids": [
          "stud@R90/studC",
          "s/3068bs01@R0/snap_cyl@L8:I1"
        ],
        "residual": {
          "distance": 0.0,
          "axial_gap": 0.0,
          "alignment": 1.0,
          "roll_alignment": 1.0,
          "entry_face_gap": 0.0,
          "penetration": 8.0
        }
      },
      {
        "instances": [
          18,
          82
        ],
        "status": "confirmed",
        "kinds": [
          "stud",
          "stud_receptacle"
        ],
        "sources": [
          "ldcad_shadow",
          "ldcad_shadow"
        ],
        "confidence": [
          1.0,
          1.0
        ],
        "feature_ids": [
          "stud@R65/studC",
          "s/3068bs01@R0/snap_cyl@L8:I3"
        ],
        "residual": {
          "distance": 0.0,
          "axial_gap": 0.0,
          "alignment": 1.0,
          "roll_alignment": 1.0,
          "entry_face_gap": 0.0,
          "penetration": 8.0
        }
      },
      {
        "instances": [
          18,
          82
        ],
        "status": "confirmed",
        "kinds": [
          "stud",
          "stud_receptacle"
        ],
        "sources": [
          "ldcad_shadow",
          "ldcad_shadow"
        ],
        "confidence": [
          1.0,
          1.0
        ],
        "feature_ids": [
          "stud@R66/studC",
          "s/3068bs01@R0/snap_cyl@L8:I1"
        ],
        "residual": {
          "distance": 0.0,
          "axial_gap": 0.0,
          "alignment": 1.0,
          "roll_alignment": 1.0,
          "entry_face_gap": 0.0,
          "penetration": 8.0
        }
      },
      {
        "instances": [
          18,
          82
        ],
        "status": "confirmed",
        "kinds": [
          "stud",
          "stud_receptacle"
        ],
        "sources": [
          "ldcad_shadow",
          "ldcad_shadow"
        ],
        "confidence": [
          1.0,
          1.0
        ],
        "feature_ids": [
          "stud@R77/studC",
          "s/3068bs01@R0/snap_cyl@L8:I2"
        ],
        "residual": {
          "distance": 0.0,
          "axial_gap": 0.0,
          "alignment": 1.0,
          "roll_alignment": 1.0,
          "entry_face_gap": 0.0,
          "penetration": 8.0
        }
      },
      {
        "instances": [
          18,
          82
        ],
        "status": "confirmed",
        "kinds": [
          "stud",
          "stud_receptacle"
        ],
        "sources": [
          "ldcad_shadow",
          "ldcad_shadow"
        ],
        "confidence": [
          1.0,
          1.0
        ],
        "feature_ids": [
          "stud@R78/studC",
          "s/3068bs01@R0/snap_cyl@L8:I0"
        ],
        "residual": {
          "distance": 0.0,
          "axial_gap": 0.0,
          "alignment": 1.0,
          "roll_alignment": 1.0,
          "entry_face_gap": 0.0,
          "penetration": 8.0
        }
      },
      {
        "instances": [
          19,
          31
        ],
        "status": "confirmed",
        "kinds": [
          "stud",
          "stud_receptacle"
        ],
        "sources": [
          "ldcad_shadow",
          "primitive"
        ],
        "confidence": [
          1.0,
          1.0
        ],
        "feature_ids": [
          "stud@R101/studC",
          "s/3007s01@R0/stug4-1x7@R4/stud4@R6/stud4:socket:+1+1"
        ],
        "residual": {
          "distance": 0.0,
          "axial_gap": 0.0,
          "alignment": 1.0,
          "roll_alignment": 1.0,
          "entry_face_gap": 0.0,
          "penetration": 28.0
        }
      },
      {
        "instances": [
          19,
          31
        ],
        "status": "confirmed",
        "kinds": [
          "stud",
          "stud_receptacle"
        ],
        "sources": [
          "ldcad_shadow",
          "primitive"
        ],
        "confidence": [
          1.0,
          1.0
        ],
        "feature_ids": [
          "stud@R102/studC",
          "s/3007s01@R0/stug4-1x7@R4/stud4@R5/stud4:socket:+1+1"
        ],
        "residual": {
          "distance": 0.0,
          "axial_gap": 0.0,
          "alignment": 1.0,
          "roll_alignment": 1.0,
          "entry_face_gap": 0.0,
          "penetration": 28.0
        }
      },
      {
        "instances": [
          19,
          31
        ],
        "status": "confirmed",
        "kinds": [
          "stud",
          "stud_receptacle"
        ],
        "sources": [
          "ldcad_shadow",
          "primitive"
        ],
        "confidence": [
          1.0,
          1.0
        ],
        "feature_ids": [
          "stud@R103/studC",
          "s/3007s01@R0/stug4-1x7@R4/stud4@R4/stud4:socket:+1+1"
        ],
        "residual": {
          "distance": 0.0,
          "axial_gap": 0.0,
          "alignment": 1.0,
          "roll_alignment": 1.0,
          "entry_face_gap": 0.0,
          "penetration": 28.0
        }
      },
      {
        "instances": [
          19,
          31
        ],
        "status": "confirmed",
        "kinds": [
          "stud",
          "stud_receptacle"
        ],
        "sources": [
          "ldcad_shadow",
          "primitive"
        ],
        "confidence": [
          1.0,
          1.0
        ],
        "feature_ids": [
          "stud@R104/studC",
          "s/3007s01@R0/stug4-1x7@R4/stud4@R3/stud4:socket:+1+1"
        ],
        "residual": {
          "distance": 0.0,
          "axial_gap": 0.0,
          "alignment": 1.0,
          "roll_alignment": 1.0,
          "entry_face_gap": 0.0,
          "penetration": 28.0
        }
      },
      {
        "instances": [
          19,
          31
        ],
        "status": "confirmed",
        "kinds": [
          "stud",
          "stud_receptacle"
        ],
        "sources": [
          "ldcad_shadow",
          "primitive"
        ],
        "confidence": [
          1.0,
          1.0
        ],
        "feature_ids": [
          "stud@R89/studC",
          "s/3007s01@R0/stug4-1x7@R4/stud4@R6/stud4:socket:+1-1"
        ],
        "residual": {
          "distance": 0.0,
          "axial_gap": 0.0,
          "alignment": 1.0,
          "roll_alignment": 1.0,
          "entry_face_gap": 0.0,
          "penetration": 28.0
        }
      },
      {
        "instances": [
          19,
          31
        ],
        "status": "confirmed",
        "kinds": [
          "stud",
          "stud_receptacle"
        ],
        "sources": [
          "ldcad_shadow",
          "primitive"
        ],
        "confidence": [
          1.0,
          1.0
        ],
        "feature_ids": [
          "stud@R90/studC",
          "s/3007s01@R0/stug4-1x7@R4/stud4@R5/stud4:socket:+1-1"
        ],
        "residual": {
          "distance": 0.0,
          "axial_gap": 0.0,
          "alignment": 1.0,
          "roll_alignment": 1.0,
          "entry_face_gap": 0.0,
          "penetration": 28.0
        }
      },
      {
        "instances": [
          19,
          31
        ],
        "status": "confirmed",
        "kinds": [
          "stud",
          "stud_receptacle"
        ],
        "sources": [
          "ldcad_shadow",
          "primitive"
        ],
        "confidence": [
          1.0,
          1.0
        ],
        "feature_ids": [
          "stud@R91/studC",
          "s/3007s01@R0/stug4-1x7@R4/stud4@R4/stud4:socket:+1-1"
        ],
        "residual": {
          "distance": 0.0,
          "axial_gap": 0.0,
          "alignment": 1.0,
          "roll_alignment": 1.0,
          "entry_face_gap": 0.0,
          "penetration": 28.0
        }
      },
      {
        "instances": [
          19,
          31
        ],
        "status": "confirmed",
        "kinds": [
          "stud",
          "stud_receptacle"
        ],
        "sources": [
          "ldcad_shadow",
          "primitive"
        ],
        "confidence": [
          1.0,
          1.0
        ],
        "feature_ids": [
          "stud@R92/studC",
          "s/3007s01@R0/stug4-1x7@R4/stud4@R3/stud4:socket:+1-1"
        ],
        "residual": {
          "distance": 0.0,
          "axial_gap": 0.0,
          "alignment": 1.0,
          "roll_alignment": 1.0,
          "entry_face_gap": 0.0,
          "penetration": 28.0
        }
      },
      {
        "instances": [
          19,
          32
        ],
        "status": "confirmed",
        "kinds": [
          "stud",
          "stud_receptacle"
        ],
        "sources": [
          "ldcad_shadow",
          "primitive"
        ],
        "confidence": [
          1.0,
          1.0
        ],
        "feature_ids": [
          "stud@R67/studC",
          "s/3007s01@R0/stug4-1x7@R4/stud4@R6/stud4:socket:+1-1"
        ],
        "residual": {
          "distance": 0.0,
          "axial_gap": 0.0,
          "alignment": 1.0,
          "roll_alignment": 1.0,
          "entry_face_gap": 0.0,
          "penetration": 28.0
        }
      },
      {
        "instances": [
          19,
          32
        ],
        "status": "confirmed",
        "kinds": [
          "stud",
          "stud_receptacle"
        ],
        "sources": [
          "ldcad_shadow",
          "primitive"
        ],
        "confidence": [
          1.0,
          1.0
        ],
        "feature_ids": [
          "stud@R68/studC",
          "s/3007s01@R0/stug4-1x7@R4/stud4@R5/stud4:socket:+1-1"
        ],
        "residual": {
          "distance": 0.0,
          "axial_gap": 0.0,
          "alignment": 1.0,
          "roll_alignment": 1.0,
          "entry_face_gap": 0.0,
          "penetration": 28.0
        }
      },
      {
        "instances": [
          19,
          32
        ],
        "status": "confirmed",
        "kinds": [
          "stud",
          "stud_receptacle"
        ],
        "sources": [
          "ldcad_shadow",
          "primitive"
        ],
        "confidence": [
          1.0,
          1.0
        ],
        "feature_ids": [
          "stud@R79/studC",
          "s/3007s01@R0/stug4-1x7@R4/stud4@R6/stud4:socket:+1+1"
        ],
        "residual": {
          "distance": 0.0,
          "axial_gap": 0.0,
          "alignment": 1.0,
          "roll_alignment": 1.0,
          "entry_face_gap": 0.0,
          "penetration": 28.0
        }
      },
      {
        "instances": [
          19,
          32
        ],
        "status": "confirmed",
        "kinds": [
          "stud",
          "stud_receptacle"
        ],
        "sources": [
          "ldcad_shadow",
          "primitive"
        ],
        "confidence": [
          1.0,
          1.0
        ],
        "feature_ids": [
          "stud@R80/studC",
          "s/3007s01@R0/stug4-1x7@R4/stud4@R5/stud4:socket:+1+1"
        ],
        "residual": {
          "distance": 0.0,
          "axial_gap": 0.0,
          "alignment": 1.0,
          "roll_alignment": 1.0,
          "entry_face_gap": 0.0,
          "penetration": 28.0
        }
      },
      {
        "instances": [
          19,
          33
        ],
        "status": "confirmed",
        "kinds": [
          "stud",
          "stud_receptacle"
        ],
        "sources": [
          "ldcad_shadow",
          "primitive"
        ],
        "confidence": [
          1.0,
          1.0
        ],
        "feature_ids": [
          "stud@R63/studC",
          "s/3001s01@R0/stud4@R0/stud4:socket:+1-1"
        ],
        "residual": {
          "distance": 0.0,
          "axial_gap": 0.0,
          "alignment": 1.0,
          "roll_alignment": 1.0,
          "entry_face_gap": 0.0,
          "penetration": 28.0
        }
      },
      {
        "instances": [
          19,
          33
        ],
        "status": "confirmed",
        "kinds": [
          "stud",
          "stud_receptacle"
        ],
        "sources": [
          "ldcad_shadow",
          "primitive"
        ],
        "confidence": [
          1.0,
          1.0
        ],
        "feature_ids": [
          "stud@R64/studC",
          "s/3001s01@R0/stud4@R0/stud4:socket:-1-1"
        ],
        "residual": {
          "distance": 0.0,
          "axial_gap": 0.0,
          "alignment": 1.0,
          "roll_alignment": 1.0,
          "entry_face_gap": 0.0,
          "penetration": 28.0
        }
      },
      {
        "instances": [
          19,
          33
        ],
        "status": "confirmed",
        "kinds": [
          "stud",
          "stud_receptacle"
        ],
        "sources": [
          "ldcad_shadow",
          "primitive"
        ],
        "confidence": [
          1.0,
          1.0
        ],
        "feature_ids": [
          "stud@R65/studC",
          "s/3001s01@R0/stud4@R1/stud4:socket:-1-1"
        ],
        "residual": {
          "distance": 0.0,
          "axial_gap": 0.0,
          "alignment": 1.0,
          "roll_alignment": 1.0,
          "entry_face_gap": 0.0,
          "penetration": 28.0
        }
      },
      {
        "instances": [
          19,
          33
        ],
        "status": "confirmed",
        "kinds": [
          "stud",
          "stud_receptacle"
        ],
        "sources": [
          "ldcad_shadow",
          "primitive"
        ],
        "confidence": [
          1.0,
          1.0
        ],
        "feature_ids": [
          "stud@R66/studC",
          "s/3001s01@R0/stud4@R2/stud4:socket:-1-1"
        ],
        "residual": {
          "distance": 0.0,
          "axial_gap": 0.0,
          "alignment": 1.0,
          "roll_alignment": 1.0,
          "entry_face_gap": 0.0,
          "penetration": 28.0
        }
      },
      {
        "instances": [
          19,
          33
        ],
        "status": "confirmed",
        "kinds": [
          "stud",
          "stud_receptacle"
        ],
        "sources": [
          "ldcad_shadow",
          "primitive"
        ],
        "confidence": [
          1.0,
          1.0
        ],
        "feature_ids": [
          "stud@R75/studC",
          "s/3001s01@R0/stud4@R0/stud4:socket:+1+1"
        ],
        "residual": {
          "distance": 0.0,
          "axial_gap": 0.0,
          "alignment": 1.0,
          "roll_alignment": 1.0,
          "entry_face_gap": 0.0,
          "penetration": 28.0
        }
      },
      {
        "instances": [
          19,
          33
        ],
        "status": "confirmed",
        "kinds": [
          "stud",
          "stud_receptacle"
        ],
        "sources": [
          "ldcad_shadow",
          "primitive"
        ],
        "confidence": [
          1.0,
          1.0
        ],
        "feature_ids": [
          "stud@R76/studC",
          "s/3001s01@R0/stud4@R0/stud4:socket:-1+1"
        ],
        "residual": {
          "distance": 0.0,
          "axial_gap": 0.0,
          "alignment": 1.0,
          "roll_alignment": 1.0,
          "entry_face_gap": 0.0,
          "penetration": 28.0
        }
      },
      {
        "instances": [
          19,
          33
        ],
        "status": "confirmed",
        "kinds": [
          "stud",
          "stud_receptacle"
        ],
        "sources": [
          "ldcad_shadow",
          "primitive"
        ],
        "confidence": [
          1.0,
          1.0
        ],
        "feature_ids": [
          "stud@R77/studC",
          "s/3001s01@R0/stud4@R1/stud4:socket:-1+1"
        ],
        "residual": {
          "distance": 0.0,
          "axial_gap": 0.0,
          "alignment": 1.0,
          "roll_alignment": 1.0,
          "entry_face_gap": 0.0,
          "penetration": 28.0
        }
      },
      {
        "instances": [
          19,
          33
        ],
        "status": "confirmed",
        "kinds": [
          "stud",
          "stud_receptacle"
        ],
        "sources": [
          "ldcad_shadow",
          "primitive"
        ],
        "confidence": [
          1.0,
          1.0
        ],
        "feature_ids": [
          "stud@R78/studC",
          "s/3001s01@R0/stud4@R2/stud4:socket:-1+1"
        ],
        "residual": {
          "distance": 0.0,
          "axial_gap": 0.0,
          "alignment": 1.0,
          "roll_alignment": 1.0,
          "entry_face_gap": 0.0,
          "penetration": 28.0
        }
      },
      {
        "instances": [
          19,
          88
        ],
        "status": "confirmed",
        "kinds": [
          "stud",
          "stud_receptacle"
        ],
        "sources": [
          "ldcad_shadow",
          "ldcad_shadow"
        ],
        "confidence": [
          1.0,
          1.0
        ],
        "feature_ids": [
          "stud@R107/studC",
          "s/3068bs01@R0/snap_cyl@L8:I3"
        ],
        "residual": {
          "distance": 0.0,
          "axial_gap": 0.0,
          "alignment": 1.0,
          "roll_alignment": 1.0,
          "entry_face_gap": 0.0,
          "penetration": 8.0
        }
      },
      {
        "instances": [
          19,
          88
        ],
        "status": "confirmed",
        "kinds": [
          "stud",
          "stud_receptacle"
        ],
        "sources": [
          "ldcad_shadow",
          "ldcad_shadow"
        ],
        "confidence": [
          1.0,
          1.0
        ],
        "feature_ids": [
          "stud@R108/studC",
          "s/3068bs01@R0/snap_cyl@L8:I1"
        ],
        "residual": {
          "distance": 0.0,
          "axial_gap": 0.0,
          "alignment": 1.0,
          "roll_alignment": 1.0,
          "entry_face_gap": 0.0,
          "penetration": 8.0
        }
      },
      {
        "instances": [
          19,
          88
        ],
        "status": "confirmed",
        "kinds": [
          "stud",
          "stud_receptacle"
        ],
        "sources": [
          "ldcad_shadow",
          "ldcad_shadow"
        ],
        "confidence": [
          1.0,
          1.0
        ],
        "feature_ids": [
          "stud@R119/studC",
          "s/3068bs01@R0/snap_cyl@L8:I2"
        ],
        "residual": {
          "distance": 0.0,
          "axial_gap": 0.0,
          "alignment": 1.0,
          "roll_alignment": 1.0,
          "entry_face_gap": 0.0,
          "penetration": 8.0
        }
      },
      {
        "instances": [
          19,
          88
        ],
        "status": "confirmed",
        "kinds": [
          "stud",
          "stud_receptacle"
        ],
        "sources": [
          "ldcad_shadow",
          "ldcad_shadow"
        ],
        "confidence": [
          1.0,
          1.0
        ],
        "feature_ids": [
          "stud@R120/studC",
          "s/3068bs01@R0/snap_cyl@L8:I0"
        ],
        "residual": {
          "distance": 0.0,
          "axial_gap": 0.0,
          "alignment": 1.0,
          "roll_alignment": 1.0,
          "entry_face_gap": 0.0,
          "penetration": 8.0
        }
      },
      {
        "instances": [
          19,
          89
        ],
        "status": "confirmed",
        "kinds": [
          "stud",
          "stud_receptacle"
        ],
        "sources": [
          "ldcad_shadow",
          "ldcad_shadow"
        ],
        "confidence": [
          1.0,
          1.0
        ],
        "feature_ids": [
          "stud@R83/studC",
          "s/3068bs01@R0/snap_cyl@L8:I3"
        ],
        "residual": {
          "distance": 0.0,
          "axial_gap": 0.0,
          "alignment": 1.0,
          "roll_alignment": 1.0,
          "entry_face_gap": 0.0,
          "penetration": 8.0
        }
      },
      {
        "instances": [
          19,
          89
        ],
        "status": "confirmed",
        "kinds": [
          "stud",
          "stud_receptacle"
        ],
        "sources": [
          "ldcad_shadow",
          "ldcad_shadow"
        ],
        "confidence": [
          1.0,
          1.0
        ],
        "feature_ids": [
          "stud@R84/studC",
          "s/3068bs01@R0/snap_cyl@L8:I1"
        ],
        "residual": {
          "distance": 0.0,
          "axial_gap": 0.0,
          "alignment": 1.0,
          "roll_alignment": 1.0,
          "entry_face_gap": 0.0,
          "penetration": 8.0
        }
      },
      {
        "instances": [
          19,
          89
        ],
        "status": "confirmed",
        "kinds": [
          "stud",
          "stud_receptacle"
        ],
        "sources": [
          "ldcad_shadow",
          "ldcad_shadow"
        ],
        "confidence": [
          1.0,
          1.0
        ],
        "feature_ids": [
          "stud@R95/studC",
          "s/3068bs01@R0/snap_cyl@L8:I2"
        ],
        "residual": {
          "distance": 0.0,
          "axial_gap": 0.0,
          "alignment": 1.0,
          "roll_alignment": 1.0,
          "entry_face_gap": 0.0,
          "penetration": 8.0
        }
      },
      {
        "instances": [
          19,
          89
        ],
        "status": "confirmed",
        "kinds": [
          "stud",
          "stud_receptacle"
        ],
        "sources": [
          "ldcad_shadow",
          "ldcad_shadow"
        ],
        "confidence": [
          1.0,
          1.0
        ],
        "feature_ids": [
          "stud@R96/studC",
          "s/3068bs01@R0/snap_cyl@L8:I0"
        ],
        "residual": {
          "distance": 0.0,
          "axial_gap": 0.0,
          "alignment": 1.0,
          "roll_alignment": 1.0,
          "entry_face_gap": 0.0,
          "penetration": 8.0
        }
      },
      {
        "instances": [
          19,
          90
        ],
        "status": "confirmed",
        "kinds": [
          "stud",
          "stud_receptacle"
        ],
        "sources": [
          "ldcad_shadow",
          "ldcad_shadow"
        ],
        "confidence": [
          1.0,
          1.0
        ],
        "feature_ids": [
          "stud@R59/studC",
          "s/3068bs01@R0/snap_cyl@L8:I3"
        ],
        "residual": {
          "distance": 0.0,
          "axial_gap": 0.0,
          "alignment": 1.0,
          "roll_alignment": 1.0,
          "entry_face_gap": 0.0,
          "penetration": 8.0
        }
      },
      {
        "instances": [
          19,
          90
        ],
        "status": "confirmed",
        "kinds": [
          "stud",
          "stud_receptacle"
        ],
        "sources": [
          "ldcad_shadow",
          "ldcad_shadow"
        ],
        "confidence": [
          1.0,
          1.0
        ],
        "feature_ids": [
          "stud@R60/studC",
          "s/3068bs01@R0/snap_cyl@L8:I1"
        ],
        "residual": {
          "distance": 0.0,
          "axial_gap": 0.0,
          "alignment": 1.0,
          "roll_alignment": 1.0,
          "entry_face_gap": 0.0,
          "penetration": 8.0
        }
      },
      {
        "instances": [
          19,
          90
        ],
        "status": "confirmed",
        "kinds": [
          "stud",
          "stud_receptacle"
        ],
        "sources": [
          "ldcad_shadow",
          "ldcad_shadow"
        ],
        "confidence": [
          1.0,
          1.0
        ],
        "feature_ids": [
          "stud@R71/studC",
          "s/3068bs01@R0/snap_cyl@L8:I2"
        ],
        "residual": {
          "distance": 0.0,
          "axial_gap": 0.0,
          "alignment": 1.0,
          "roll_alignment": 1.0,
          "entry_face_gap": 0.0,
          "penetration": 8.0
        }
      },
      {
        "instances": [
          19,
          90
        ],
        "status": "confirmed",
        "kinds": [
          "stud",
          "stud_receptacle"
        ],
        "sources": [
          "ldcad_shadow",
          "ldcad_shadow"
        ],
        "confidence": [
          1.0,
          1.0
        ],
        "feature_ids": [
          "stud@R72/studC",
          "s/3068bs01@R0/snap_cyl@L8:I0"
        ],
        "residual": {
          "distance": 0.0,
          "axial_gap": 0.0,
          "alignment": 1.0,
          "roll_alignment": 1.0,
          "entry_face_gap": 0.0,
          "penetration": 8.0
        }
      },
      {
        "instances": [
          19,
          96
        ],
        "status": "confirmed",
        "kinds": [
          "stud",
          "stud_receptacle"
        ],
        "sources": [
          "ldcad_shadow",
          "ldcad_shadow"
        ],
        "confidence": [
          1.0,
          1.0
        ],
        "feature_ids": [
          "stud@R105/studC",
          "s/3068bs01@R0/snap_cyl@L8:I3"
        ],
        "residual": {
          "distance": 0.0,
          "axial_gap": 0.0,
          "alignment": 1.0,
          "roll_alignment": 1.0,
          "entry_face_gap": 0.0,
          "penetration": 8.0
        }
      },
      {
        "instances": [
          19,
          96
        ],
        "status": "confirmed",
        "kinds": [
          "stud",
          "stud_receptacle"
        ],
        "sources": [
          "ldcad_shadow",
          "ldcad_shadow"
        ],
        "confidence": [
          1.0,
          1.0
        ],
        "feature_ids": [
          "stud@R106/studC",
          "s/3068bs01@R0/snap_cyl@L8:I1"
        ],
        "residual": {
          "distance": 0.0,
          "axial_gap": 0.0,
          "alignment": 1.0,
          "roll_alignment": 1.0,
          "entry_face_gap": 0.0,
          "penetration": 8.0
        }
      },
      {
        "instances": [
          19,
          96
        ],
        "status": "confirmed",
        "kinds": [
          "stud",
          "stud_receptacle"
        ],
        "sources": [
          "ldcad_shadow",
          "ldcad_shadow"
        ],
        "confidence": [
          1.0,
          1.0
        ],
        "feature_ids": [
          "stud@R117/studC",
          "s/3068bs01@R0/snap_cyl@L8:I2"
        ],
        "residual": {
          "distance": 0.0,
          "axial_gap": 0.0,
          "alignment": 1.0,
          "roll_alignment": 1.0,
          "entry_face_gap": 0.0,
          "penetration": 8.0
        }
      },
      {
        "instances": [
          19,
          96
        ],
        "status": "confirmed",
        "kinds": [
          "stud",
          "stud_receptacle"
        ],
        "sources": [
          "ldcad_shadow",
          "ldcad_shadow"
        ],
        "confidence": [
          1.0,
          1.0
        ],
        "feature_ids": [
          "stud@R118/studC",
          "s/3068bs01@R0/snap_cyl@L8:I0"
        ],
        "residual": {
          "distance": 0.0,
          "axial_gap": 0.0,
          "alignment": 1.0,
          "roll_alignment": 1.0,
          "entry_face_gap": 0.0,
          "penetration": 8.0
        }
      },
      {
        "instances": [
          19,
          97
        ],
        "status": "confirmed",
        "kinds": [
          "stud",
          "stud_receptacle"
        ],
        "sources": [
          "ldcad_shadow",
          "ldcad_shadow"
        ],
        "confidence": [
          1.0,
          1.0
        ],
        "feature_ids": [
          "stud@R81/studC",
          "s/3068bs01@R0/snap_cyl@L8:I3"
        ],
        "residual": {
          "distance": 0.0,
          "axial_gap": 0.0,
          "alignment": 1.0,
          "roll_alignment": 1.0,
          "entry_face_gap": 0.0,
          "penetration": 8.0
        }
      },
      {
        "instances": [
          19,
          97
        ],
        "status": "confirmed",
        "kinds": [
          "stud",
          "stud_receptacle"
        ],
        "sources": [
          "ldcad_shadow",
          "ldcad_shadow"
        ],
        "confidence": [
          1.0,
          1.0
        ],
        "feature_ids": [
          "stud@R82/studC",
          "s/3068bs01@R0/snap_cyl@L8:I1"
        ],
        "residual": {
          "distance": 0.0,
          "axial_gap": 0.0,
          "alignment": 1.0,
          "roll_alignment": 1.0,
          "entry_face_gap": 0.0,
          "penetration": 8.0
        }
      },
      {
        "instances": [
          19,
          97
        ],
        "status": "confirmed",
        "kinds": [
          "stud",
          "stud_receptacle"
        ],
        "sources": [
          "ldcad_shadow",
          "ldcad_shadow"
        ],
        "confidence": [
          1.0,
          1.0
        ],
        "feature_ids": [
          "stud@R93/studC",
          "s/3068bs01@R0/snap_cyl@L8:I2"
        ],
        "residual": {
          "distance": 0.0,
          "axial_gap": 0.0,
          "alignment": 1.0,
          "roll_alignment": 1.0,
          "entry_face_gap": 0.0,
          "penetration": 8.0
        }
      },
      {
        "instances": [
          19,
          97
        ],
        "status": "confirmed",
        "kinds": [
          "stud",
          "stud_receptacle"
        ],
        "sources": [
          "ldcad_shadow",
          "ldcad_shadow"
        ],
        "confidence": [
          1.0,
          1.0
        ],
        "feature_ids": [
          "stud@R94/studC",
          "s/3068bs01@R0/snap_cyl@L8:I0"
        ],
        "residual": {
          "distance": 0.0,
          "axial_gap": 0.0,
          "alignment": 1.0,
          "roll_alignment": 1.0,
          "entry_face_gap": 0.0,
          "penetration": 8.0
        }
      },
      {
        "instances": [
          19,
          98
        ],
        "status": "confirmed",
        "kinds": [
          "stud",
          "stud_receptacle"
        ],
        "sources": [
          "ldcad_shadow",
          "ldcad_shadow"
        ],
        "confidence": [
          1.0,
          1.0
        ],
        "feature_ids": [
          "stud@R57/studC",
          "s/3068bs01@R0/snap_cyl@L8:I3"
        ],
        "residual": {
          "distance": 0.0,
          "axial_gap": 0.0,
          "alignment": 1.0,
          "roll_alignment": 1.0,
          "entry_face_gap": 0.0,
          "penetration": 8.0
        }
      },
      {
        "instances": [
          19,
          98
        ],
        "status": "confirmed",
        "kinds": [
          "stud",
          "stud_receptacle"
        ],
        "sources": [
          "ldcad_shadow",
          "ldcad_shadow"
        ],
        "confidence": [
          1.0,
          1.0
        ],
        "feature_ids": [
          "stud@R58/studC",
          "s/3068bs01@R0/snap_cyl@L8:I1"
        ],
        "residual": {
          "distance": 0.0,
          "axial_gap": 0.0,
          "alignment": 1.0,
          "roll_alignment": 1.0,
          "entry_face_gap": 0.0,
          "penetration": 8.0
        }
      },
      {
        "instances": [
          19,
          98
        ],
        "status": "confirmed",
        "kinds": [
          "stud",
          "stud_receptacle"
        ],
        "sources": [
          "ldcad_shadow",
          "ldcad_shadow"
        ],
        "confidence": [
          1.0,
          1.0
        ],
        "feature_ids": [
          "stud@R69/studC",
          "s/3068bs01@R0/snap_cyl@L8:I2"
        ],
        "residual": {
          "distance": 0.0,
          "axial_gap": 0.0,
          "alignment": 1.0,
          "roll_alignment": 1.0,
          "entry_face_gap": 0.0,
          "penetration": 8.0
        }
      },
      {
        "instances": [
          19,
          98
        ],
        "status": "confirmed",
        "kinds": [
          "stud",
          "stud_receptacle"
        ],
        "sources": [
          "ldcad_shadow",
          "ldcad_shadow"
        ],
        "confidence": [
          1.0,
          1.0
        ],
        "feature_ids": [
          "stud@R70/studC",
          "s/3068bs01@R0/snap_cyl@L8:I0"
        ],
        "residual": {
          "distance": 0.0,
          "axial_gap": 0.0,
          "alignment": 1.0,
          "roll_alignment": 1.0,
          "entry_face_gap": 0.0,
          "penetration": 8.0
        }
      },
      {
        "instances": [
          20,
          34
        ],
        "status": "confirmed",
        "kinds": [
          "stud",
          "stud_receptacle"
        ],
        "sources": [
          "ldcad_shadow",
          "primitive"
        ],
        "confidence": [
          1.0,
          1.0
        ],
        "feature_ids": [
          "stud@R105/studC",
          "s/3007s01@R0/stug4-1x7@R4/stud4@R5/stud4:socket:+1-1"
        ],
        "residual": {
          "distance": 0.0,
          "axial_gap": 0.0,
          "alignment": 1.0,
          "roll_alignment": 1.0,
          "entry_face_gap": 0.0,
          "penetration": 28.0
        }
      },
      {
        "instances": [
          20,
          34
        ],
        "status": "confirmed",
        "kinds": [
          "stud",
          "stud_receptacle"
        ],
        "sources": [
          "ldcad_shadow",
          "primitive"
        ],
        "confidence": [
          1.0,
          1.0
        ],
        "feature_ids": [
          "stud@R106/studC",
          "s/3007s01@R0/stug4-1x7@R4/stud4@R4/stud4:socket:+1-1"
        ],
        "residual": {
          "distance": 0.0,
          "axial_gap": 0.0,
          "alignment": 1.0,
          "roll_alignment": 1.0,
          "entry_face_gap": 0.0,
          "penetration": 28.0
        }
      },
      {
        "instances": [
          20,
          34
        ],
        "status": "confirmed",
        "kinds": [
          "stud",
          "stud_receptacle"
        ],
        "sources": [
          "ldcad_shadow",
          "primitive"
        ],
        "confidence": [
          1.0,
          1.0
        ],
        "feature_ids": [
          "stud@R107/studC",
          "s/3007s01@R0/stug4-1x7@R4/stud4@R3/stud4:socket:+1-1"
        ],
        "residual": {
          "distance": 0.0,
          "axial_gap": 0.0,
          "alignment": 1.0,
          "roll_alignment": 1.0,
          "entry_face_gap": 0.0,
          "penetration": 28.0
        }
      },
      {
        "instances": [
          20,
          34
        ],
        "status": "confirmed",
        "kinds": [
          "stud",
          "stud_receptacle"
        ],
        "sources": [
          "ldcad_shadow",
          "primitive"
        ],
        "confidence": [
          1.0,
          1.0
        ],
        "feature_ids": [
          "stud@R108/studC",
          "s/3007s01@R0/stug4-1x7@R4/stud4@R2/stud4:socket:+1-1"
        ],
        "residual": {
          "distance": 0.0,
          "axial_gap": 0.0,
          "alignment": 1.0,
          "roll_alignment": 1.0,
          "entry_face_gap": 0.0,
          "penetration": 28.0
        }
      },
      {
        "instances": [
          20,
          34
        ],
        "status": "confirmed",
        "kinds": [
          "stud",
          "stud_receptacle"
        ],
        "sources": [
          "ldcad_shadow",
          "primitive"
        ],
        "confidence": [
          1.0,
          1.0
        ],
        "feature_ids": [
          "stud@R109/studC",
          "s/3007s01@R0/stug4-1x7@R4/stud4@R1/stud4:socket:+1-1"
        ],
        "residual": {
          "distance": 0.0,
          "axial_gap": 0.0,
          "alignment": 1.0,
          "roll_alignment": 1.0,
          "entry_face_gap": 0.0,
          "penetration": 28.0
        }
      },
      {
        "instances": [
          20,
          34
        ],
        "status": "confirmed",
        "kinds": [
          "stud",
          "stud_receptacle"
        ],
        "sources": [
          "ldcad_shadow",
          "primitive"
        ],
        "confidence": [
          1.0,
          1.0
        ],
        "feature_ids": [
          "stud@R110/studC",
          "s/3007s01@R0/stug4-1x7@R4/stud4@R0/stud4:socket:+1-1"
        ],
        "residual": {
          "distance": 0.0,
          "axial_gap": 0.0,
          "alignment": 1.0,
          "roll_alignment": 1.0,
          "entry_face_gap": 0.0,
          "penetration": 28.0
        }
      },
      {
        "instances": [
          20,
          34
        ],
        "status": "confirmed",
        "kinds": [
          "stud",
          "stud_receptacle"
        ],
        "sources": [
          "ldcad_shadow",
          "primitive"
        ],
        "confidence": [
          1.0,
          1.0
        ],
        "feature_ids": [
          "stud@R111/studC",
          "s/3007s01@R0/stug4-1x7@R4/stud4@R0/stud4:socket:-1-1"
        ],
        "residual": {
          "distance": 0.0,
          "axial_gap": 0.0,
          "alignment": 1.0,
          "roll_alignment": 1.0,
          "entry_face_gap": 0.0,
          "penetration": 28.0
        }
      },
      {
        "instances": [
          20,
          34
        ],
        "status": "confirmed",
        "kinds": [
          "stud",
          "stud_receptacle"
        ],
        "sources": [
          "ldcad_shadow",
          "primitive"
        ],
        "confidence": [
          1.0,
          1.0
        ],
        "feature_ids": [
          "stud@R117/studC",
          "s/3007s01@R0/stug4-1x7@R4/stud4@R5/stud4:socket:+1+1"
        ],
        "residual": {
          "distance": 0.0,
          "axial_gap": 0.0,
          "alignment": 1.0,
          "roll_alignment": 1.0,
          "entry_face_gap": 0.0,
          "penetration": 28.0
        }
      },
      {
        "instances": [
          20,
          34
        ],
        "status": "confirmed",
        "kinds": [
          "stud",
          "stud_receptacle"
        ],
        "sources": [
          "ldcad_shadow",
          "primitive"
        ],
        "confidence": [
          1.0,
          1.0
        ],
        "feature_ids": [
          "stud@R118/studC",
          "s/3007s01@R0/stug4-1x7@R4/stud4@R4/stud4:socket:+1+1"
        ],
        "residual": {
          "distance": 0.0,
          "axial_gap": 0.0,
          "alignment": 1.0,
          "roll_alignment": 1.0,
          "entry_face_gap": 0.0,
          "penetration": 28.0
        }
      },
      {
        "instances": [
          20,
          34
        ],
        "status": "confirmed",
        "kinds": [
          "stud",
          "stud_receptacle"
        ],
        "sources": [
          "ldcad_shadow",
          "primitive"
        ],
        "confidence": [
          1.0,
          1.0
        ],
        "feature_ids": [
          "stud@R119/studC",
          "s/3007s01@R0/stug4-1x7@R4/stud4@R3/stud4:socket:+1+1"
        ],
        "residual": {
          "distance": 0.0,
          "axial_gap": 0.0,
          "alignment": 1.0,
          "roll_alignment": 1.0,
          "entry_face_gap": 0.0,
          "penetration": 28.0
        }
      },
      {
        "instances": [
          20,
          34
        ],
        "status": "confirmed",
        "kinds": [
          "stud",
          "stud_receptacle"
        ],
        "sources": [
          "ldcad_shadow",
          "primitive"
        ],
        "confidence": [
          1.0,
          1.0
        ],
        "feature_ids": [
          "stud@R120/studC",
          "s/3007s01@R0/stug4-1x7@R4/stud4@R2/stud4:socket:+1+1"
        ],
        "residual": {
          "distance": 0.0,
          "axial_gap": 0.0,
          "alignment": 1.0,
          "roll_alignment": 1.0,
          "entry_face_gap": 0.0,
          "penetration": 28.0
        }
      },
      {
        "instances": [
          20,
          34
        ],
        "status": "confirmed",
        "kinds": [
          "stud",
          "stud_receptacle"
        ],
        "sources": [
          "ldcad_shadow",
          "primitive"
        ],
        "confidence": [
          1.0,
          1.0
        ],
        "feature_ids": [
          "stud@R121/studC",
          "s/3007s01@R0/stug4-1x7@R4/stud4@R1/stud4:socket:+1+1"
        ],
        "residual": {
          "distance": 0.0,
          "axial_gap": 0.0,
          "alignment": 1.0,
          "roll_alignment": 1.0,
          "entry_face_gap": 0.0,
          "penetration": 28.0
        }
      },
      {
        "instances": [
          20,
          34
        ],
        "status": "confirmed",
        "kinds": [
          "stud",
          "stud_receptacle"
        ],
        "sources": [
          "ldcad_shadow",
          "primitive"
        ],
        "confidence": [
          1.0,
          1.0
        ],
        "feature_ids": [
          "stud@R122/studC",
          "s/3007s01@R0/stug4-1x7@R4/stud4@R0/stud4:socket:+1+1"
        ],
        "residual": {
          "distance": 0.0,
          "axial_gap": 0.0,
          "alignment": 1.0,
          "roll_alignment": 1.0,
          "entry_face_gap": 0.0,
          "penetration": 28.0
        }
      },
      {
        "instances": [
          20,
          34
        ],
        "status": "confirmed",
        "kinds": [
          "stud",
          "stud_receptacle"
        ],
        "sources": [
          "ldcad_shadow",
          "primitive"
        ],
        "confidence": [
          1.0,
          1.0
        ],
        "feature_ids": [
          "stud@R123/studC",
          "s/3007s01@R0/stug4-1x7@R4/stud4@R0/stud4:socket:-1+1"
        ],
        "residual": {
          "distance": 0.0,
          "axial_gap": 0.0,
          "alignment": 1.0,
          "roll_alignment": 1.0,
          "entry_face_gap": 0.0,
          "penetration": 28.0
        }
      },
      {
        "instances": [
          20,
          36
        ],
        "status": "confirmed",
        "kinds": [
          "stud",
          "stud_receptacle"
        ],
        "sources": [
          "ldcad_shadow",
          "primitive"
        ],
        "confidence": [
          1.0,
          1.0
        ],
        "feature_ids": [
          "stud@R81/studC",
          "s/3007s01@R0/stug4-1x7@R4/stud4@R5/stud4:socket:+1-1"
        ],
        "residual": {
          "distance": 0.0,
          "axial_gap": 0.0,
          "alignment": 1.0,
          "roll_alignment": 1.0,
          "entry_face_gap": 0.0,
          "penetration": 28.0
        }
      },
      {
        "instances": [
          20,
          36
        ],
        "status": "confirmed",
        "kinds": [
          "stud",
          "stud_receptacle"
        ],
        "sources": [
          "ldcad_shadow",
          "primitive"
        ],
        "confidence": [
          1.0,
          1.0
        ],
        "feature_ids": [
          "stud@R82/studC",
          "s/3007s01@R0/stug4-1x7@R4/stud4@R4/stud4:socket:+1-1"
        ],
        "residual": {
          "distance": 0.0,
          "axial_gap": 0.0,
          "alignment": 1.0,
          "roll_alignment": 1.0,
          "entry_face_gap": 0.0,
          "penetration": 28.0
        }
      },
      {
        "instances": [
          20,
          36
        ],
        "status": "confirmed",
        "kinds": [
          "stud",
          "stud_receptacle"
        ],
        "sources": [
          "ldcad_shadow",
          "primitive"
        ],
        "confidence": [
          1.0,
          1.0
        ],
        "feature_ids": [
          "stud@R83/studC",
          "s/3007s01@R0/stug4-1x7@R4/stud4@R3/stud4:socket:+1-1"
        ],
        "residual": {
          "distance": 0.0,
          "axial_gap": 0.0,
          "alignment": 1.0,
          "roll_alignment": 1.0,
          "entry_face_gap": 0.0,
          "penetration": 28.0
        }
      },
      {
        "instances": [
          20,
          36
        ],
        "status": "confirmed",
        "kinds": [
          "stud",
          "stud_receptacle"
        ],
        "sources": [
          "ldcad_shadow",
          "primitive"
        ],
        "confidence": [
          1.0,
          1.0
        ],
        "feature_ids": [
          "stud@R84/studC",
          "s/3007s01@R0/stug4-1x7@R4/stud4@R2/stud4:socket:+1-1"
        ],
        "residual": {
          "distance": 0.0,
          "axial_gap": 0.0,
          "alignment": 1.0,
          "roll_alignment": 1.0,
          "entry_face_gap": 0.0,
          "penetration": 28.0
        }
      },
      {
        "instances": [
          20,
          36
        ],
        "status": "confirmed",
        "kinds": [
          "stud",
          "stud_receptacle"
        ],
        "sources": [
          "ldcad_shadow",
          "primitive"
        ],
        "confidence": [
          1.0,
          1.0
        ],
        "feature_ids": [
          "stud@R85/studC",
          "s/3007s01@R0/stug4-1x7@R4/stud4@R1/stud4:socket:+1-1"
        ],
        "residual": {
          "distance": 0.0,
          "axial_gap": 0.0,
          "alignment": 1.0,
          "roll_alignment": 1.0,
          "entry_face_gap": 0.0,
          "penetration": 28.0
        }
      },
      {
        "instances": [
          20,
          36
        ],
        "status": "confirmed",
        "kinds": [
          "stud",
          "stud_receptacle"
        ],
        "sources": [
          "ldcad_shadow",
          "primitive"
        ],
        "confidence": [
          1.0,
          1.0
        ],
        "feature_ids": [
          "stud@R86/studC",
          "s/3007s01@R0/stug4-1x7@R4/stud4@R0/stud4:socket:+1-1"
        ],
        "residual": {
          "distance": 0.0,
          "axial_gap": 0.0,
          "alignment": 1.0,
          "roll_alignment": 1.0,
          "entry_face_gap": 0.0,
          "penetration": 28.0
        }
      },
      {
        "instances": [
          20,
          36
        ],
        "status": "confirmed",
        "kinds": [
          "stud",
          "stud_receptacle"
        ],
        "sources": [
          "ldcad_shadow",
          "primitive"
        ],
        "confidence": [
          1.0,
          1.0
        ],
        "feature_ids": [
          "stud@R87/studC",
          "s/3007s01@R0/stug4-1x7@R4/stud4@R0/stud4:socket:-1-1"
        ],
        "residual": {
          "distance": 0.0,
          "axial_gap": 0.0,
          "alignment": 1.0,
          "roll_alignment": 1.0,
          "entry_face_gap": 0.0,
          "penetration": 28.0
        }
      },
      {
        "instances": [
          20,
          36
        ],
        "status": "confirmed",
        "kinds": [
          "stud",
          "stud_receptacle"
        ],
        "sources": [
          "ldcad_shadow",
          "primitive"
        ],
        "confidence": [
          1.0,
          1.0
        ],
        "feature_ids": [
          "stud@R93/studC",
          "s/3007s01@R0/stug4-1x7@R4/stud4@R5/stud4:socket:+1+1"
        ],
        "residual": {
          "distance": 0.0,
          "axial_gap": 0.0,
          "alignment": 1.0,
          "roll_alignment": 1.0,
          "entry_face_gap": 0.0,
          "penetration": 28.0
        }
      },
      {
        "instances": [
          20,
          36
        ],
        "status": "confirmed",
        "kinds": [
          "stud",
          "stud_receptacle"
        ],
        "sources": [
          "ldcad_shadow",
          "primitive"
        ],
        "confidence": [
          1.0,
          1.0
        ],
        "feature_ids": [
          "stud@R94/studC",
          "s/3007s01@R0/stug4-1x7@R4/stud4@R4/stud4:socket:+1+1"
        ],
        "residual": {
          "distance": 0.0,
          "axial_gap": 0.0,
          "alignment": 1.0,
          "roll_alignment": 1.0,
          "entry_face_gap": 0.0,
          "penetration": 28.0
        }
      },
      {
        "instances": [
          20,
          36
        ],
        "status": "confirmed",
        "kinds": [
          "stud",
          "stud_receptacle"
        ],
        "sources": [
          "ldcad_shadow",
          "primitive"
        ],
        "confidence": [
          1.0,
          1.0
        ],
        "feature_ids": [
          "stud@R95/studC",
          "s/3007s01@R0/stug4-1x7@R4/stud4@R3/stud4:socket:+1+1"
        ],
        "residual": {
          "distance": 0.0,
          "axial_gap": 0.0,
          "alignment": 1.0,
          "roll_alignment": 1.0,
          "entry_face_gap": 0.0,
          "penetration": 28.0
        }
      },
      {
        "instances": [
          20,
          36
        ],
        "status": "confirmed",
        "kinds": [
          "stud",
          "stud_receptacle"
        ],
        "sources": [
          "ldcad_shadow",
          "primitive"
        ],
        "confidence": [
          1.0,
          1.0
        ],
        "feature_ids": [
          "stud@R96/studC",
          "s/3007s01@R0/stug4-1x7@R4/stud4@R2/stud4:socket:+1+1"
        ],
        "residual": {
          "distance": 0.0,
          "axial_gap": 0.0,
          "alignment": 1.0,
          "roll_alignment": 1.0,
          "entry_face_gap": 0.0,
          "penetration": 28.0
        }
      },
      {
        "instances": [
          20,
          36
        ],
        "status": "confirmed",
        "kinds": [
          "stud",
          "stud_receptacle"
        ],
        "sources": [
          "ldcad_shadow",
          "primitive"
        ],
        "confidence": [
          1.0,
          1.0
        ],
        "feature_ids": [
          "stud@R97/studC",
          "s/3007s01@R0/stug4-1x7@R4/stud4@R1/stud4:socket:+1+1"
        ],
        "residual": {
          "distance": 0.0,
          "axial_gap": 0.0,
          "alignment": 1.0,
          "roll_alignment": 1.0,
          "entry_face_gap": 0.0,
          "penetration": 28.0
        }
      },
      {
        "instances": [
          20,
          36
        ],
        "status": "confirmed",
        "kinds": [
          "stud",
          "stud_receptacle"
        ],
        "sources": [
          "ldcad_shadow",
          "primitive"
        ],
        "confidence": [
          1.0,
          1.0
        ],
        "feature_ids": [
          "stud@R98/studC",
          "s/3007s01@R0/stug4-1x7@R4/stud4@R0/stud4:socket:+1+1"
        ],
        "residual": {
          "distance": 0.0,
          "axial_gap": 0.0,
          "alignment": 1.0,
          "roll_alignment": 1.0,
          "entry_face_gap": 0.0,
          "penetration": 28.0
        }
      },
      {
        "instances": [
          20,
          36
        ],
        "status": "confirmed",
        "kinds": [
          "stud",
          "stud_receptacle"
        ],
        "sources": [
          "ldcad_shadow",
          "primitive"
        ],
        "confidence": [
          1.0,
          1.0
        ],
        "feature_ids": [
          "stud@R99/studC",
          "s/3007s01@R0/stug4-1x7@R4/stud4@R0/stud4:socket:-1+1"
        ],
        "residual": {
          "distance": 0.0,
          "axial_gap": 0.0,
          "alignment": 1.0,
          "roll_alignment": 1.0,
          "entry_face_gap": 0.0,
          "penetration": 28.0
        }
      },
      {
        "instances": [
          20,
          38
        ],
        "status": "confirmed",
        "kinds": [
          "stud",
          "stud_receptacle"
        ],
        "sources": [
          "ldcad_shadow",
          "primitive"
        ],
        "confidence": [
          1.0,
          1.0
        ],
        "feature_ids": [
          "stud@R57/studC",
          "s/3007s01@R0/stug4-1x7@R4/stud4@R4/stud4:socket:+1-1"
        ],
        "residual": {
          "distance": 0.0,
          "axial_gap": 0.0,
          "alignment": 1.0,
          "roll_alignment": 1.0,
          "entry_face_gap": 0.0,
          "penetration": 28.0
        }
      },
      {
        "instances": [
          20,
          38
        ],
        "status": "confirmed",
        "kinds": [
          "stud",
          "stud_receptacle"
        ],
        "sources": [
          "ldcad_shadow",
          "primitive"
        ],
        "confidence": [
          1.0,
          1.0
        ],
        "feature_ids": [
          "stud@R58/studC",
          "s/3007s01@R0/stug4-1x7@R4/stud4@R3/stud4:socket:+1-1"
        ],
        "residual": {
          "distance": 0.0,
          "axial_gap": 0.0,
          "alignment": 1.0,
          "roll_alignment": 1.0,
          "entry_face_gap": 0.0,
          "penetration": 28.0
        }
      },
      {
        "instances": [
          20,
          38
        ],
        "status": "confirmed",
        "kinds": [
          "stud",
          "stud_receptacle"
        ],
        "sources": [
          "ldcad_shadow",
          "primitive"
        ],
        "confidence": [
          1.0,
          1.0
        ],
        "feature_ids": [
          "stud@R59/studC",
          "s/3007s01@R0/stug4-1x7@R4/stud4@R2/stud4:socket:+1-1"
        ],
        "residual": {
          "distance": 0.0,
          "axial_gap": 0.0,
          "alignment": 1.0,
          "roll_alignment": 1.0,
          "entry_face_gap": 0.0,
          "penetration": 28.0
        }
      },
      {
        "instances": [
          20,
          38
        ],
        "status": "confirmed",
        "kinds": [
          "stud",
          "stud_receptacle"
        ],
        "sources": [
          "ldcad_shadow",
          "primitive"
        ],
        "confidence": [
          1.0,
          1.0
        ],
        "feature_ids": [
          "stud@R60/studC",
          "s/3007s01@R0/stug4-1x7@R4/stud4@R1/stud4:socket:+1-1"
        ],
        "residual": {
          "distance": 0.0,
          "axial_gap": 0.0,
          "alignment": 1.0,
          "roll_alignment": 1.0,
          "entry_face_gap": 0.0,
          "penetration": 28.0
        }
      },
      {
        "instances": [
          20,
          38
        ],
        "status": "confirmed",
        "kinds": [
          "stud",
          "stud_receptacle"
        ],
        "sources": [
          "ldcad_shadow",
          "primitive"
        ],
        "confidence": [
          1.0,
          1.0
        ],
        "feature_ids": [
          "stud@R61/studC",
          "s/3007s01@R0/stug4-1x7@R4/stud4@R0/stud4:socket:+1-1"
        ],
        "residual": {
          "distance": 0.0,
          "axial_gap": 0.0,
          "alignment": 1.0,
          "roll_alignment": 1.0,
          "entry_face_gap": 0.0,
          "penetration": 28.0
        }
      },
      {
        "instances": [
          20,
          38
        ],
        "status": "confirmed",
        "kinds": [
          "stud",
          "stud_receptacle"
        ],
        "sources": [
          "ldcad_shadow",
          "primitive"
        ],
        "confidence": [
          1.0,
          1.0
        ],
        "feature_ids": [
          "stud@R62/studC",
          "s/3007s01@R0/stug4-1x7@R4/stud4@R0/stud4:socket:-1-1"
        ],
        "residual": {
          "distance": 0.0,
          "axial_gap": 0.0,
          "alignment": 1.0,
          "roll_alignment": 1.0,
          "entry_face_gap": 0.0,
          "penetration": 28.0
        }
      },
      {
        "instances": [
          20,
          38
        ],
        "status": "confirmed",
        "kinds": [
          "stud",
          "stud_receptacle"
        ],
        "sources": [
          "ldcad_shadow",
          "primitive"
        ],
        "confidence": [
          1.0,
          1.0
        ],
        "feature_ids": [
          "stud@R69/studC",
          "s/3007s01@R0/stug4-1x7@R4/stud4@R4/stud4:socket:+1+1"
        ],
        "residual": {
          "distance": 0.0,
          "axial_gap": 0.0,
          "alignment": 1.0,
          "roll_alignment": 1.0,
          "entry_face_gap": 0.0,
          "penetration": 28.0
        }
      },
      {
        "instances": [
          20,
          38
        ],
        "status": "confirmed",
        "kinds": [
          "stud",
          "stud_receptacle"
        ],
        "sources": [
          "ldcad_shadow",
          "primitive"
        ],
        "confidence": [
          1.0,
          1.0
        ],
        "feature_ids": [
          "stud@R70/studC",
          "s/3007s01@R0/stug4-1x7@R4/stud4@R3/stud4:socket:+1+1"
        ],
        "residual": {
          "distance": 0.0,
          "axial_gap": 0.0,
          "alignment": 1.0,
          "roll_alignment": 1.0,
          "entry_face_gap": 0.0,
          "penetration": 28.0
        }
      },
      {
        "instances": [
          20,
          38
        ],
        "status": "confirmed",
        "kinds": [
          "stud",
          "stud_receptacle"
        ],
        "sources": [
          "ldcad_shadow",
          "primitive"
        ],
        "confidence": [
          1.0,
          1.0
        ],
        "feature_ids": [
          "stud@R71/studC",
          "s/3007s01@R0/stug4-1x7@R4/stud4@R2/stud4:socket:+1+1"
        ],
        "residual": {
          "distance": 0.0,
          "axial_gap": 0.0,
          "alignment": 1.0,
          "roll_alignment": 1.0,
          "entry_face_gap": 0.0,
          "penetration": 28.0
        }
      },
      {
        "instances": [
          20,
          38
        ],
        "status": "confirmed",
        "kinds": [
          "stud",
          "stud_receptacle"
        ],
        "sources": [
          "ldcad_shadow",
          "primitive"
        ],
        "confidence": [
          1.0,
          1.0
        ],
        "feature_ids": [
          "stud@R72/studC",
          "s/3007s01@R0/stug4-1x7@R4/stud4@R1/stud4:socket:+1+1"
        ],
        "residual": {
          "distance": 0.0,
          "axial_gap": 0.0,
          "alignment": 1.0,
          "roll_alignment": 1.0,
          "entry_face_gap": 0.0,
          "penetration": 28.0
        }
      },
      {
        "instances": [
          20,
          38
        ],
        "status": "confirmed",
        "kinds": [
          "stud",
          "stud_receptacle"
        ],
        "sources": [
          "ldcad_shadow",
          "primitive"
        ],
        "confidence": [
          1.0,
          1.0
        ],
        "feature_ids": [
          "stud@R73/studC",
          "s/3007s01@R0/stug4-1x7@R4/stud4@R0/stud4:socket:+1+1"
        ],
        "residual": {
          "distance": 0.0,
          "axial_gap": 0.0,
          "alignment": 1.0,
          "roll_alignment": 1.0,
          "entry_face_gap": 0.0,
          "penetration": 28.0
        }
      },
      {
        "instances": [
          20,
          38
        ],
        "status": "confirmed",
        "kinds": [
          "stud",
          "stud_receptacle"
        ],
        "sources": [
          "ldcad_shadow",
          "primitive"
        ],
        "confidence": [
          1.0,
          1.0
        ],
        "feature_ids": [
          "stud@R74/studC",
          "s/3007s01@R0/stug4-1x7@R4/stud4@R0/stud4:socket:-1+1"
        ],
        "residual": {
          "distance": 0.0,
          "axial_gap": 0.0,
          "alignment": 1.0,
          "roll_alignment": 1.0,
          "entry_face_gap": 0.0,
          "penetration": 28.0
        }
      },
      {
        "instances": [
          20,
          75
        ],
        "status": "confirmed",
        "kinds": [
          "stud",
          "stud_receptacle"
        ],
        "sources": [
          "ldcad_shadow",
          "ldcad_shadow"
        ],
        "confidence": [
          1.0,
          1.0
        ],
        "feature_ids": [
          "stud@R115/studC",
          "s/3068bs01@R0/snap_cyl@L8:I3"
        ],
        "residual": {
          "distance": 0.0,
          "axial_gap": 0.0,
          "alignment": 1.0,
          "roll_alignment": 1.0,
          "entry_face_gap": 0.0,
          "penetration": 8.0
        }
      },
      {
        "instances": [
          20,
          75
        ],
        "status": "confirmed",
        "kinds": [
          "stud",
          "stud_receptacle"
        ],
        "sources": [
          "ldcad_shadow",
          "ldcad_shadow"
        ],
        "confidence": [
          1.0,
          1.0
        ],
        "feature_ids": [
          "stud@R116/studC",
          "s/3068bs01@R0/snap_cyl@L8:I1"
        ],
        "residual": {
          "distance": 0.0,
          "axial_gap": 0.0,
          "alignment": 1.0,
          "roll_alignment": 1.0,
          "entry_face_gap": 0.0,
          "penetration": 8.0
        }
      },
      {
        "instances": [
          20,
          75
        ],
        "status": "confirmed",
        "kinds": [
          "stud",
          "stud_receptacle"
        ],
        "sources": [
          "ldcad_shadow",
          "ldcad_shadow"
        ],
        "confidence": [
          1.0,
          1.0
        ],
        "feature_ids": [
          "stud@R127/studC",
          "s/3068bs01@R0/snap_cyl@L8:I2"
        ],
        "residual": {
          "distance": 0.0,
          "axial_gap": 0.0,
          "alignment": 1.0,
          "roll_alignment": 1.0,
          "entry_face_gap": 0.0,
          "penetration": 8.0
        }
      },
      {
        "instances": [
          20,
          75
        ],
        "status": "confirmed",
        "kinds": [
          "stud",
          "stud_receptacle"
        ],
        "sources": [
          "ldcad_shadow",
          "ldcad_shadow"
        ],
        "confidence": [
          1.0,
          1.0
        ],
        "feature_ids": [
          "stud@R128/studC",
          "s/3068bs01@R0/snap_cyl@L8:I0"
        ],
        "residual": {
          "distance": 0.0,
          "axial_gap": 0.0,
          "alignment": 1.0,
          "roll_alignment": 1.0,
          "entry_face_gap": 0.0,
          "penetration": 8.0
        }
      },
      {
        "instances": [
          20,
          76
        ],
        "status": "confirmed",
        "kinds": [
          "stud",
          "stud_receptacle"
        ],
        "sources": [
          "ldcad_shadow",
          "ldcad_shadow"
        ],
        "confidence": [
          1.0,
          1.0
        ],
        "feature_ids": [
          "stud@R103/studC",
          "s/3068bs01@R0/snap_cyl@L8:I2"
        ],
        "residual": {
          "distance": 0.0,
          "axial_gap": 0.0,
          "alignment": 1.0,
          "roll_alignment": 1.0,
          "entry_face_gap": 0.0,
          "penetration": 8.0
        }
      },
      {
        "instances": [
          20,
          76
        ],
        "status": "confirmed",
        "kinds": [
          "stud",
          "stud_receptacle"
        ],
        "sources": [
          "ldcad_shadow",
          "ldcad_shadow"
        ],
        "confidence": [
          1.0,
          1.0
        ],
        "feature_ids": [
          "stud@R104/studC",
          "s/3068bs01@R0/snap_cyl@L8:I0"
        ],
        "residual": {
          "distance": 0.0,
          "axial_gap": 0.0,
          "alignment": 1.0,
          "roll_alignment": 1.0,
          "entry_face_gap": 0.0,
          "penetration": 8.0
        }
      },
      {
        "instances": [
          20,
          76
        ],
        "status": "confirmed",
        "kinds": [
          "stud",
          "stud_receptacle"
        ],
        "sources": [
          "ldcad_shadow",
          "ldcad_shadow"
        ],
        "confidence": [
          1.0,
          1.0
        ],
        "feature_ids": [
          "stud@R91/studC",
          "s/3068bs01@R0/snap_cyl@L8:I3"
        ],
        "residual": {
          "distance": 0.0,
          "axial_gap": 0.0,
          "alignment": 1.0,
          "roll_alignment": 1.0,
          "entry_face_gap": 0.0,
          "penetration": 8.0
        }
      },
      {
        "instances": [
          20,
          76
        ],
        "status": "confirmed",
        "kinds": [
          "stud",
          "stud_receptacle"
        ],
        "sources": [
          "ldcad_shadow",
          "ldcad_shadow"
        ],
        "confidence": [
          1.0,
          1.0
        ],
        "feature_ids": [
          "stud@R92/studC",
          "s/3068bs01@R0/snap_cyl@L8:I1"
        ],
        "residual": {
          "distance": 0.0,
          "axial_gap": 0.0,
          "alignment": 1.0,
          "roll_alignment": 1.0,
          "entry_face_gap": 0.0,
          "penetration": 8.0
        }
      },
      {
        "instances": [
          20,
          77
        ],
        "status": "confirmed",
        "kinds": [
          "stud",
          "stud_receptacle"
        ],
        "sources": [
          "ldcad_shadow",
          "ldcad_shadow"
        ],
        "confidence": [
          1.0,
          1.0
        ],
        "feature_ids": [
          "stud@R67/studC",
          "s/3068bs01@R0/snap_cyl@L8:I3"
        ],
        "residual": {
          "distance": 0.0,
          "axial_gap": 0.0,
          "alignment": 1.0,
          "roll_alignment": 1.0,
          "entry_face_gap": 0.0,
          "penetration": 8.0
        }
      },
      {
        "instances": [
          20,
          77
        ],
        "status": "confirmed",
        "kinds": [
          "stud",
          "stud_receptacle"
        ],
        "sources": [
          "ldcad_shadow",
          "ldcad_shadow"
        ],
        "confidence": [
          1.0,
          1.0
        ],
        "feature_ids": [
          "stud@R68/studC",
          "s/3068bs01@R0/snap_cyl@L8:I1"
        ],
        "residual": {
          "distance": 0.0,
          "axial_gap": 0.0,
          "alignment": 1.0,
          "roll_alignment": 1.0,
          "entry_face_gap": 0.0,
          "penetration": 8.0
        }
      },
      {
        "instances": [
          20,
          77
        ],
        "status": "confirmed",
        "kinds": [
          "stud",
          "stud_receptacle"
        ],
        "sources": [
          "ldcad_shadow",
          "ldcad_shadow"
        ],
        "confidence": [
          1.0,
          1.0
        ],
        "feature_ids": [
          "stud@R79/studC",
          "s/3068bs01@R0/snap_cyl@L8:I2"
        ],
        "residual": {
          "distance": 0.0,
          "axial_gap": 0.0,
          "alignment": 1.0,
          "roll_alignment": 1.0,
          "entry_face_gap": 0.0,
          "penetration": 8.0
        }
      },
      {
        "instances": [
          20,
          77
        ],
        "status": "confirmed",
        "kinds": [
          "stud",
          "stud_receptacle"
        ],
        "sources": [
          "ldcad_shadow",
          "ldcad_shadow"
        ],
        "confidence": [
          1.0,
          1.0
        ],
        "feature_ids": [
          "stud@R80/studC",
          "s/3068bs01@R0/snap_cyl@L8:I0"
        ],
        "residual": {
          "distance": 0.0,
          "axial_gap": 0.0,
          "alignment": 1.0,
          "roll_alignment": 1.0,
          "entry_face_gap": 0.0,
          "penetration": 8.0
        }
      },
      {
        "instances": [
          20,
          83
        ],
        "status": "confirmed",
        "kinds": [
          "stud",
          "stud_receptacle"
        ],
        "sources": [
          "ldcad_shadow",
          "ldcad_shadow"
        ],
        "confidence": [
          1.0,
          1.0
        ],
        "feature_ids": [
          "stud@R113/studC",
          "s/3068bs01@R0/snap_cyl@L8:I3"
        ],
        "residual": {
          "distance": 0.0,
          "axial_gap": 0.0,
          "alignment": 1.0,
          "roll_alignment": 1.0,
          "entry_face_gap": 0.0,
          "penetration": 8.0
        }
      },
      {
        "instances": [
          20,
          83
        ],
        "status": "confirmed",
        "kinds": [
          "stud",
          "stud_receptacle"
        ],
        "sources": [
          "ldcad_shadow",
          "ldcad_shadow"
        ],
        "confidence": [
          1.0,
          1.0
        ],
        "feature_ids": [
          "stud@R114/studC",
          "s/3068bs01@R0/snap_cyl@L8:I1"
        ],
        "residual": {
          "distance": 0.0,
          "axial_gap": 0.0,
          "alignment": 1.0,
          "roll_alignment": 1.0,
          "entry_face_gap": 0.0,
          "penetration": 8.0
        }
      },
      {
        "instances": [
          20,
          83
        ],
        "status": "confirmed",
        "kinds": [
          "stud",
          "stud_receptacle"
        ],
        "sources": [
          "ldcad_shadow",
          "ldcad_shadow"
        ],
        "confidence": [
          1.0,
          1.0
        ],
        "feature_ids": [
          "stud@R125/studC",
          "s/3068bs01@R0/snap_cyl@L8:I2"
        ],
        "residual": {
          "distance": 0.0,
          "axial_gap": 0.0,
          "alignment": 1.0,
          "roll_alignment": 1.0,
          "entry_face_gap": 0.0,
          "penetration": 8.0
        }
      },
      {
        "instances": [
          20,
          83
        ],
        "status": "confirmed",
        "kinds": [
          "stud",
          "stud_receptacle"
        ],
        "sources": [
          "ldcad_shadow",
          "ldcad_shadow"
        ],
        "confidence": [
          1.0,
          1.0
        ],
        "feature_ids": [
          "stud@R126/studC",
          "s/3068bs01@R0/snap_cyl@L8:I0"
        ],
        "residual": {
          "distance": 0.0,
          "axial_gap": 0.0,
          "alignment": 1.0,
          "roll_alignment": 1.0,
          "entry_face_gap": 0.0,
          "penetration": 8.0
        }
      },
      {
        "instances": [
          20,
          84
        ],
        "status": "confirmed",
        "kinds": [
          "stud",
          "stud_receptacle"
        ],
        "sources": [
          "ldcad_shadow",
          "ldcad_shadow"
        ],
        "confidence": [
          1.0,
          1.0
        ],
        "feature_ids": [
          "stud@R101/studC",
          "s/3068bs01@R0/snap_cyl@L8:I2"
        ],
        "residual": {
          "distance": 0.0,
          "axial_gap": 0.0,
          "alignment": 1.0,
          "roll_alignment": 1.0,
          "entry_face_gap": 0.0,
          "penetration": 8.0
        }
      },
      {
        "instances": [
          20,
          84
        ],
        "status": "confirmed",
        "kinds": [
          "stud",
          "stud_receptacle"
        ],
        "sources": [
          "ldcad_shadow",
          "ldcad_shadow"
        ],
        "confidence": [
          1.0,
          1.0
        ],
        "feature_ids": [
          "stud@R102/studC",
          "s/3068bs01@R0/snap_cyl@L8:I0"
        ],
        "residual": {
          "distance": 0.0,
          "axial_gap": 0.0,
          "alignment": 1.0,
          "roll_alignment": 1.0,
          "entry_face_gap": 0.0,
          "penetration": 8.0
        }
      },
      {
        "instances": [
          20,
          84
        ],
        "status": "confirmed",
        "kinds": [
          "stud",
          "stud_receptacle"
        ],
        "sources": [
          "ldcad_shadow",
          "ldcad_shadow"
        ],
        "confidence": [
          1.0,
          1.0
        ],
        "feature_ids": [
          "stud@R89/studC",
          "s/3068bs01@R0/snap_cyl@L8:I3"
        ],
        "residual": {
          "distance": 0.0,
          "axial_gap": 0.0,
          "alignment": 1.0,
          "roll_alignment": 1.0,
          "entry_face_gap": 0.0,
          "penetration": 8.0
        }
      },
      {
        "instances": [
          20,
          84
        ],
        "status": "confirmed",
        "kinds": [
          "stud",
          "stud_receptacle"
        ],
        "sources": [
          "ldcad_shadow",
          "ldcad_shadow"
        ],
        "confidence": [
          1.0,
          1.0
        ],
        "feature_ids": [
          "stud@R90/studC",
          "s/3068bs01@R0/snap_cyl@L8:I1"
        ],
        "residual": {
          "distance": 0.0,
          "axial_gap": 0.0,
          "alignment": 1.0,
          "roll_alignment": 1.0,
          "entry_face_gap": 0.0,
          "penetration": 8.0
        }
      },
      {
        "instances": [
          20,
          85
        ],
        "status": "confirmed",
        "kinds": [
          "stud",
          "stud_receptacle"
        ],
        "sources": [
          "ldcad_shadow",
          "ldcad_shadow"
        ],
        "confidence": [
          1.0,
          1.0
        ],
        "feature_ids": [
          "stud@R65/studC",
          "s/3068bs01@R0/snap_cyl@L8:I3"
        ],
        "residual": {
          "distance": 0.0,
          "axial_gap": 0.0,
          "alignment": 1.0,
          "roll_alignment": 1.0,
          "entry_face_gap": 0.0,
          "penetration": 8.0
        }
      },
      {
        "instances": [
          20,
          85
        ],
        "status": "confirmed",
        "kinds": [
          "stud",
          "stud_receptacle"
        ],
        "sources": [
          "ldcad_shadow",
          "ldcad_shadow"
        ],
        "confidence": [
          1.0,
          1.0
        ],
        "feature_ids": [
          "stud@R66/studC",
          "s/3068bs01@R0/snap_cyl@L8:I1"
        ],
        "residual": {
          "distance": 0.0,
          "axial_gap": 0.0,
          "alignment": 1.0,
          "roll_alignment": 1.0,
          "entry_face_gap": 0.0,
          "penetration": 8.0
        }
      },
      {
        "instances": [
          20,
          85
        ],
        "status": "confirmed",
        "kinds": [
          "stud",
          "stud_receptacle"
        ],
        "sources": [
          "ldcad_shadow",
          "ldcad_shadow"
        ],
        "confidence": [
          1.0,
          1.0
        ],
        "feature_ids": [
          "stud@R77/studC",
          "s/3068bs01@R0/snap_cyl@L8:I2"
        ],
        "residual": {
          "distance": 0.0,
          "axial_gap": 0.0,
          "alignment": 1.0,
          "roll_alignment": 1.0,
          "entry_face_gap": 0.0,
          "penetration": 8.0
        }
      },
      {
        "instances": [
          20,
          85
        ],
        "status": "confirmed",
        "kinds": [
          "stud",
          "stud_receptacle"
        ],
        "sources": [
          "ldcad_shadow",
          "ldcad_shadow"
        ],
        "confidence": [
          1.0,
          1.0
        ],
        "feature_ids": [
          "stud@R78/studC",
          "s/3068bs01@R0/snap_cyl@L8:I0"
        ],
        "residual": {
          "distance": 0.0,
          "axial_gap": 0.0,
          "alignment": 1.0,
          "roll_alignment": 1.0,
          "entry_face_gap": 0.0,
          "penetration": 8.0
        }
      },
      {
        "instances": [
          21,
          34
        ],
        "status": "confirmed",
        "kinds": [
          "stud",
          "stud_receptacle"
        ],
        "sources": [
          "ldcad_shadow",
          "primitive"
        ],
        "confidence": [
          1.0,
          1.0
        ],
        "feature_ids": [
          "stud@R116/studC",
          "s/3007s01@R0/stug4-1x7@R4/stud4@R6/stud4:socket:+1-1"
        ],
        "residual": {
          "distance": 0.0,
          "axial_gap": 0.0,
          "alignment": 1.0,
          "roll_alignment": 1.0,
          "entry_face_gap": 0.0,
          "penetration": 28.0
        }
      },
      {
        "instances": [
          21,
          34
        ],
        "status": "confirmed",
        "kinds": [
          "stud",
          "stud_receptacle"
        ],
        "sources": [
          "ldcad_shadow",
          "primitive"
        ],
        "confidence": [
          1.0,
          1.0
        ],
        "feature_ids": [
          "stud@R128/studC",
          "s/3007s01@R0/stug4-1x7@R4/stud4@R6/stud4:socket:+1+1"
        ],
        "residual": {
          "distance": 0.0,
          "axial_gap": 0.0,
          "alignment": 1.0,
          "roll_alignment": 1.0,
          "entry_face_gap": 0.0,
          "penetration": 28.0
        }
      },
      {
        "instances": [
          21,
          35
        ],
        "status": "confirmed",
        "kinds": [
          "stud",
          "stud_receptacle"
        ],
        "sources": [
          "ldcad_shadow",
          "primitive"
        ],
        "confidence": [
          1.0,
          1.0
        ],
        "feature_ids": [
          "stud@R110/studC",
          "stud4@R0/stud4:socket:+1-1"
        ],
        "residual": {
          "distance": 0.0,
          "axial_gap": 0.0,
          "alignment": 1.0,
          "roll_alignment": 1.0,
          "entry_face_gap": 0.0,
          "penetration": 28.0
        }
      },
      {
        "instances": [
          21,
          35
        ],
        "status": "confirmed",
        "kinds": [
          "stud",
          "stud_receptacle"
        ],
        "sources": [
          "ldcad_shadow",
          "primitive"
        ],
        "confidence": [
          1.0,
          1.0
        ],
        "feature_ids": [
          "stud@R111/studC",
          "stud4@R0/stud4:socket:-1-1"
        ],
        "residual": {
          "distance": 0.0,
          "axial_gap": 0.0,
          "alignment": 1.0,
          "roll_alignment": 1.0,
          "entry_face_gap": 0.0,
          "penetration": 28.0
        }
      },
      {
        "instances": [
          21,
          35
        ],
        "status": "confirmed",
        "kinds": [
          "stud",
          "stud_receptacle"
        ],
        "sources": [
          "ldcad_shadow",
          "primitive"
        ],
        "confidence": [
          1.0,
          1.0
        ],
        "feature_ids": [
          "stud@R112/studC",
          "stud4@R1/stud4:socket:-1-1"
        ],
        "residual": {
          "distance": 0.0,
          "axial_gap": 0.0,
          "alignment": 1.0,
          "roll_alignment": 1.0,
          "entry_face_gap": 0.0,
          "penetration": 28.0
        }
      },
      {
        "instances": [
          21,
          35
        ],
        "status": "confirmed",
        "kinds": [
          "stud",
          "stud_receptacle"
        ],
        "sources": [
          "ldcad_shadow",
          "primitive"
        ],
        "confidence": [
          1.0,
          1.0
        ],
        "feature_ids": [
          "stud@R113/studC",
          "stud4@R2/stud4:socket:-1-1"
        ],
        "residual": {
          "distance": 0.0,
          "axial_gap": 0.0,
          "alignment": 1.0,
          "roll_alignment": 1.0,
          "entry_face_gap": 0.0,
          "penetration": 28.0
        }
      },
      {
        "instances": [
          21,
          35
        ],
        "status": "confirmed",
        "kinds": [
          "stud",
          "stud_receptacle"
        ],
        "sources": [
          "ldcad_shadow",
          "primitive"
        ],
        "confidence": [
          1.0,
          1.0
        ],
        "feature_ids": [
          "stud@R114/studC",
          "stud4@R3/stud4:socket:-1-1"
        ],
        "residual": {
          "distance": 0.0,
          "axial_gap": 0.0,
          "alignment": 1.0,
          "roll_alignment": 1.0,
          "entry_face_gap": 0.0,
          "penetration": 28.0
        }
      },
      {
        "instances": [
          21,
          35
        ],
        "status": "confirmed",
        "kinds": [
          "stud",
          "stud_receptacle"
        ],
        "sources": [
          "ldcad_shadow",
          "primitive"
        ],
        "confidence": [
          1.0,
          1.0
        ],
        "feature_ids": [
          "stud@R115/studC",
          "stud4@R4/stud4:socket:-1-1"
        ],
        "residual": {
          "distance": 0.0,
          "axial_gap": 0.0,
          "alignment": 1.0,
          "roll_alignment": 1.0,
          "entry_face_gap": 0.0,
          "penetration": 28.0
        }
      },
      {
        "instances": [
          21,
          35
        ],
        "status": "confirmed",
        "kinds": [
          "stud",
          "stud_receptacle"
        ],
        "sources": [
          "ldcad_shadow",
          "primitive"
        ],
        "confidence": [
          1.0,
          1.0
        ],
        "feature_ids": [
          "stud@R122/studC",
          "stud4@R0/stud4:socket:+1+1"
        ],
        "residual": {
          "distance": 0.0,
          "axial_gap": 0.0,
          "alignment": 1.0,
          "roll_alignment": 1.0,
          "entry_face_gap": 0.0,
          "penetration": 28.0
        }
      },
      {
        "instances": [
          21,
          35
        ],
        "status": "confirmed",
        "kinds": [
          "stud",
          "stud_receptacle"
        ],
        "sources": [
          "ldcad_shadow",
          "primitive"
        ],
        "confidence": [
          1.0,
          1.0
        ],
        "feature_ids": [
          "stud@R123/studC",
          "stud4@R0/stud4:socket:-1+1"
        ],
        "residual": {
          "distance": 0.0,
          "axial_gap": 0.0,
          "alignment": 1.0,
          "roll_alignment": 1.0,
          "entry_face_gap": 0.0,
          "penetration": 28.0
        }
      },
      {
        "instances": [
          21,
          35
        ],
        "status": "confirmed",
        "kinds": [
          "stud",
          "stud_receptacle"
        ],
        "sources": [
          "ldcad_shadow",
          "primitive"
        ],
        "confidence": [
          1.0,
          1.0
        ],
        "feature_ids": [
          "stud@R124/studC",
          "stud4@R1/stud4:socket:-1+1"
        ],
        "residual": {
          "distance": 0.0,
          "axial_gap": 0.0,
          "alignment": 1.0,
          "roll_alignment": 1.0,
          "entry_face_gap": 0.0,
          "penetration": 28.0
        }
      },
      {
        "instances": [
          21,
          35
        ],
        "status": "confirmed",
        "kinds": [
          "stud",
          "stud_receptacle"
        ],
        "sources": [
          "ldcad_shadow",
          "primitive"
        ],
        "confidence": [
          1.0,
          1.0
        ],
        "feature_ids": [
          "stud@R125/studC",
          "stud4@R2/stud4:socket:-1+1"
        ],
        "residual": {
          "distance": 0.0,
          "axial_gap": 0.0,
          "alignment": 1.0,
          "roll_alignment": 1.0,
          "entry_face_gap": 0.0,
          "penetration": 28.0
        }
      },
      {
        "instances": [
          21,
          35
        ],
        "status": "confirmed",
        "kinds": [
          "stud",
          "stud_receptacle"
        ],
        "sources": [
          "ldcad_shadow",
          "primitive"
        ],
        "confidence": [
          1.0,
          1.0
        ],
        "feature_ids": [
          "stud@R126/studC",
          "stud4@R3/stud4:socket:-1+1"
        ],
        "residual": {
          "distance": 0.0,
          "axial_gap": 0.0,
          "alignment": 1.0,
          "roll_alignment": 1.0,
          "entry_face_gap": 0.0,
          "penetration": 28.0
        }
      },
      {
        "instances": [
          21,
          35
        ],
        "status": "confirmed",
        "kinds": [
          "stud",
          "stud_receptacle"
        ],
        "sources": [
          "ldcad_shadow",
          "primitive"
        ],
        "confidence": [
          1.0,
          1.0
        ],
        "feature_ids": [
          "stud@R127/studC",
          "stud4@R4/stud4:socket:-1+1"
        ],
        "residual": {
          "distance": 0.0,
          "axial_gap": 0.0,
          "alignment": 1.0,
          "roll_alignment": 1.0,
          "entry_face_gap": 0.0,
          "penetration": 28.0
        }
      },
      {
        "instances": [
          21,
          36
        ],
        "status": "confirmed",
        "kinds": [
          "stud",
          "stud_receptacle"
        ],
        "sources": [
          "ldcad_shadow",
          "primitive"
        ],
        "confidence": [
          1.0,
          1.0
        ],
        "feature_ids": [
          "stud@R104/studC",
          "s/3007s01@R0/stug4-1x7@R4/stud4@R6/stud4:socket:+1+1"
        ],
        "residual": {
          "distance": 0.0,
          "axial_gap": 0.0,
          "alignment": 1.0,
          "roll_alignment": 1.0,
          "entry_face_gap": 0.0,
          "penetration": 28.0
        }
      },
      {
        "instances": [
          21,
          36
        ],
        "status": "confirmed",
        "kinds": [
          "stud",
          "stud_receptacle"
        ],
        "sources": [
          "ldcad_shadow",
          "primitive"
        ],
        "confidence": [
          1.0,
          1.0
        ],
        "feature_ids": [
          "stud@R92/studC",
          "s/3007s01@R0/stug4-1x7@R4/stud4@R6/stud4:socket:+1-1"
        ],
        "residual": {
          "distance": 0.0,
          "axial_gap": 0.0,
          "alignment": 1.0,
          "roll_alignment": 1.0,
          "entry_face_gap": 0.0,
          "penetration": 28.0
        }
      },
      {
        "instances": [
          21,
          37
        ],
        "status": "confirmed",
        "kinds": [
          "stud",
          "stud_receptacle"
        ],
        "sources": [
          "ldcad_shadow",
          "primitive"
        ],
        "confidence": [
          1.0,
          1.0
        ],
        "feature_ids": [
          "stud@R100/studC",
          "stud4@R1/stud4:socket:-1+1"
        ],
        "residual": {
          "distance": 0.0,
          "axial_gap": 0.0,
          "alignment": 1.0,
          "roll_alignment": 1.0,
          "entry_face_gap": 0.0,
          "penetration": 28.0
        }
      },
      {
        "instances": [
          21,
          37
        ],
        "status": "confirmed",
        "kinds": [
          "stud",
          "stud_receptacle"
        ],
        "sources": [
          "ldcad_shadow",
          "primitive"
        ],
        "confidence": [
          1.0,
          1.0
        ],
        "feature_ids": [
          "stud@R101/studC",
          "stud4@R2/stud4:socket:-1+1"
        ],
        "residual": {
          "distance": 0.0,
          "axial_gap": 0.0,
          "alignment": 1.0,
          "roll_alignment": 1.0,
          "entry_face_gap": 0.0,
          "penetration": 28.0
        }
      },
      {
        "instances": [
          21,
          37
        ],
        "status": "confirmed",
        "kinds": [
          "stud",
          "stud_receptacle"
        ],
        "sources": [
          "ldcad_shadow",
          "primitive"
        ],
        "confidence": [
          1.0,
          1.0
        ],
        "feature_ids": [
          "stud@R102/studC",
          "stud4@R3/stud4:socket:-1+1"
        ],
        "residual": {
          "distance": 0.0,
          "axial_gap": 0.0,
          "alignment": 1.0,
          "roll_alignment": 1.0,
          "entry_face_gap": 0.0,
          "penetration": 28.0
        }
      },
      {
        "instances": [
          21,
          37
        ],
        "status": "confirmed",
        "kinds": [
          "stud",
          "stud_receptacle"
        ],
        "sources": [
          "ldcad_shadow",
          "primitive"
        ],
        "confidence": [
          1.0,
          1.0
        ],
        "feature_ids": [
          "stud@R103/studC",
          "stud4@R4/stud4:socket:-1+1"
        ],
        "residual": {
          "distance": 0.0,
          "axial_gap": 0.0,
          "alignment": 1.0,
          "roll_alignment": 1.0,
          "entry_face_gap": 0.0,
          "penetration": 28.0
        }
      },
      {
        "instances": [
          21,
          37
        ],
        "status": "confirmed",
        "kinds": [
          "stud",
          "stud_receptacle"
        ],
        "sources": [
          "ldcad_shadow",
          "primitive"
        ],
        "confidence": [
          1.0,
          1.0
        ],
        "feature_ids": [
          "stud@R86/studC",
          "stud4@R0/stud4:socket:+1-1"
        ],
        "residual": {
          "distance": 0.0,
          "axial_gap": 0.0,
          "alignment": 1.0,
          "roll_alignment": 1.0,
          "entry_face_gap": 0.0,
          "penetration": 28.0
        }
      },
      {
        "instances": [
          21,
          37
        ],
        "status": "confirmed",
        "kinds": [
          "stud",
          "stud_receptacle"
        ],
        "sources": [
          "ldcad_shadow",
          "primitive"
        ],
        "confidence": [
          1.0,
          1.0
        ],
        "feature_ids": [
          "stud@R87/studC",
          "stud4@R0/stud4:socket:-1-1"
        ],
        "residual": {
          "distance": 0.0,
          "axial_gap": 0.0,
          "alignment": 1.0,
          "roll_alignment": 1.0,
          "entry_face_gap": 0.0,
          "penetration": 28.0
        }
      },
      {
        "instances": [
          21,
          37
        ],
        "status": "confirmed",
        "kinds": [
          "stud",
          "stud_receptacle"
        ],
        "sources": [
          "ldcad_shadow",
          "primitive"
        ],
        "confidence": [
          1.0,
          1.0
        ],
        "feature_ids": [
          "stud@R88/studC",
          "stud4@R1/stud4:socket:-1-1"
        ],
        "residual": {
          "distance": 0.0,
          "axial_gap": 0.0,
          "alignment": 1.0,
          "roll_alignment": 1.0,
          "entry_face_gap": 0.0,
          "penetration": 28.0
        }
      },
      {
        "instances": [
          21,
          37
        ],
        "status": "confirmed",
        "kinds": [
          "stud",
          "stud_receptacle"
        ],
        "sources": [
          "ldcad_shadow",
          "primitive"
        ],
        "confidence": [
          1.0,
          1.0
        ],
        "feature_ids": [
          "stud@R89/studC",
          "stud4@R2/stud4:socket:-1-1"
        ],
        "residual": {
          "distance": 0.0,
          "axial_gap": 0.0,
          "alignment": 1.0,
          "roll_alignment": 1.0,
          "entry_face_gap": 0.0,
          "penetration": 28.0
        }
      },
      {
        "instances": [
          21,
          37
        ],
        "status": "confirmed",
        "kinds": [
          "stud",
          "stud_receptacle"
        ],
        "sources": [
          "ldcad_shadow",
          "primitive"
        ],
        "confidence": [
          1.0,
          1.0
        ],
        "feature_ids": [
          "stud@R90/studC",
          "stud4@R3/stud4:socket:-1-1"
        ],
        "residual": {
          "distance": 0.0,
          "axial_gap": 0.0,
          "alignment": 1.0,
          "roll_alignment": 1.0,
          "entry_face_gap": 0.0,
          "penetration": 28.0
        }
      },
      {
        "instances": [
          21,
          37
        ],
        "status": "confirmed",
        "kinds": [
          "stud",
          "stud_receptacle"
        ],
        "sources": [
          "ldcad_shadow",
          "primitive"
        ],
        "confidence": [
          1.0,
          1.0
        ],
        "feature_ids": [
          "stud@R91/studC",
          "stud4@R4/stud4:socket:-1-1"
        ],
        "residual": {
          "distance": 0.0,
          "axial_gap": 0.0,
          "alignment": 1.0,
          "roll_alignment": 1.0,
          "entry_face_gap": 0.0,
          "penetration": 28.0
        }
      },
      {
        "instances": [
          21,
          37
        ],
        "status": "confirmed",
        "kinds": [
          "stud",
          "stud_receptacle"
        ],
        "sources": [
          "ldcad_shadow",
          "primitive"
        ],
        "confidence": [
          1.0,
          1.0
        ],
        "feature_ids": [
          "stud@R98/studC",
          "stud4@R0/stud4:socket:+1+1"
        ],
        "residual": {
          "distance": 0.0,
          "axial_gap": 0.0,
          "alignment": 1.0,
          "roll_alignment": 1.0,
          "entry_face_gap": 0.0,
          "penetration": 28.0
        }
      },
      {
        "instances": [
          21,
          37
        ],
        "status": "confirmed",
        "kinds": [
          "stud",
          "stud_receptacle"
        ],
        "sources": [
          "ldcad_shadow",
          "primitive"
        ],
        "confidence": [
          1.0,
          1.0
        ],
        "feature_ids": [
          "stud@R99/studC",
          "stud4@R0/stud4:socket:-1+1"
        ],
        "residual": {
          "distance": 0.0,
          "axial_gap": 0.0,
          "alignment": 1.0,
          "roll_alignment": 1.0,
          "entry_face_gap": 0.0,
          "penetration": 28.0
        }
      },
      {
        "instances": [
          21,
          38
        ],
        "status": "confirmed",
        "kinds": [
          "stud",
          "stud_receptacle"
        ],
        "sources": [
          "ldcad_shadow",
          "primitive"
        ],
        "confidence": [
          1.0,
          1.0
        ],
        "feature_ids": [
          "stud@R67/studC",
          "s/3007s01@R0/stug4-1x7@R4/stud4@R6/stud4:socket:+1-1"
        ],
        "residual": {
          "distance": 0.0,
          "axial_gap": 0.0,
          "alignment": 1.0,
          "roll_alignment": 1.0,
          "entry_face_gap": 0.0,
          "penetration": 28.0
        }
      },
      {
        "instances": [
          21,
          38
        ],
        "status": "confirmed",
        "kinds": [
          "stud",
          "stud_receptacle"
        ],
        "sources": [
          "ldcad_shadow",
          "primitive"
        ],
        "confidence": [
          1.0,
          1.0
        ],
        "feature_ids": [
          "stud@R68/studC",
          "s/3007s01@R0/stug4-1x7@R4/stud4@R5/stud4:socket:+1-1"
        ],
        "residual": {
          "distance": 0.0,
          "axial_gap": 0.0,
          "alignment": 1.0,
          "roll_alignment": 1.0,
          "entry_face_gap": 0.0,
          "penetration": 28.0
        }
      },
      {
        "instances": [
          21,
          38
        ],
        "status": "confirmed",
        "kinds": [
          "stud",
          "stud_receptacle"
        ],
        "sources": [
          "ldcad_shadow",
          "primitive"
        ],
        "confidence": [
          1.0,
          1.0
        ],
        "feature_ids": [
          "stud@R79/studC",
          "s/3007s01@R0/stug4-1x7@R4/stud4@R6/stud4:socket:+1+1"
        ],
        "residual": {
          "distance": 0.0,
          "axial_gap": 0.0,
          "alignment": 1.0,
          "roll_alignment": 1.0,
          "entry_face_gap": 0.0,
          "penetration": 28.0
        }
      },
      {
        "instances": [
          21,
          38
        ],
        "status": "confirmed",
        "kinds": [
          "stud",
          "stud_receptacle"
        ],
        "sources": [
          "ldcad_shadow",
          "primitive"
        ],
        "confidence": [
          1.0,
          1.0
        ],
        "feature_ids": [
          "stud@R80/studC",
          "s/3007s01@R0/stug4-1x7@R4/stud4@R5/stud4:socket:+1+1"
        ],
        "residual": {
          "distance": 0.0,
          "axial_gap": 0.0,
          "alignment": 1.0,
          "roll_alignment": 1.0,
          "entry_face_gap": 0.0,
          "penetration": 28.0
        }
      },
      {
        "instances": [
          21,
          39
        ],
        "status": "confirmed",
        "kinds": [
          "stud",
          "stud_receptacle"
        ],
        "sources": [
          "ldcad_shadow",
          "primitive"
        ],
        "confidence": [
          1.0,
          1.0
        ],
        "feature_ids": [
          "stud@R63/studC",
          "s/3001s01@R0/stud4@R0/stud4:socket:+1-1"
        ],
        "residual": {
          "distance": 0.0,
          "axial_gap": 0.0,
          "alignment": 1.0,
          "roll_alignment": 1.0,
          "entry_face_gap": 0.0,
          "penetration": 28.0
        }
      },
      {
        "instances": [
          21,
          39
        ],
        "status": "confirmed",
        "kinds": [
          "stud",
          "stud_receptacle"
        ],
        "sources": [
          "ldcad_shadow",
          "primitive"
        ],
        "confidence": [
          1.0,
          1.0
        ],
        "feature_ids": [
          "stud@R64/studC",
          "s/3001s01@R0/stud4@R0/stud4:socket:-1-1"
        ],
        "residual": {
          "distance": 0.0,
          "axial_gap": 0.0,
          "alignment": 1.0,
          "roll_alignment": 1.0,
          "entry_face_gap": 0.0,
          "penetration": 28.0
        }
      },
      {
        "instances": [
          21,
          39
        ],
        "status": "confirmed",
        "kinds": [
          "stud",
          "stud_receptacle"
        ],
        "sources": [
          "ldcad_shadow",
          "primitive"
        ],
        "confidence": [
          1.0,
          1.0
        ],
        "feature_ids": [
          "stud@R65/studC",
          "s/3001s01@R0/stud4@R1/stud4:socket:-1-1"
        ],
        "residual": {
          "distance": 0.0,
          "axial_gap": 0.0,
          "alignment": 1.0,
          "roll_alignment": 1.0,
          "entry_face_gap": 0.0,
          "penetration": 28.0
        }
      },
      {
        "instances": [
          21,
          39
        ],
        "status": "confirmed",
        "kinds": [
          "stud",
          "stud_receptacle"
        ],
        "sources": [
          "ldcad_shadow",
          "primitive"
        ],
        "confidence": [
          1.0,
          1.0
        ],
        "feature_ids": [
          "stud@R66/studC",
          "s/3001s01@R0/stud4@R2/stud4:socket:-1-1"
        ],
        "residual": {
          "distance": 0.0,
          "axial_gap": 0.0,
          "alignment": 1.0,
          "roll_alignment": 1.0,
          "entry_face_gap": 0.0,
          "penetration": 28.0
        }
      },
      {
        "instances": [
          21,
          39
        ],
        "status": "confirmed",
        "kinds": [
          "stud",
          "stud_receptacle"
        ],
        "sources": [
          "ldcad_shadow",
          "primitive"
        ],
        "confidence": [
          1.0,
          1.0
        ],
        "feature_ids": [
          "stud@R75/studC",
          "s/3001s01@R0/stud4@R0/stud4:socket:+1+1"
        ],
        "residual": {
          "distance": 0.0,
          "axial_gap": 0.0,
          "alignment": 1.0,
          "roll_alignment": 1.0,
          "entry_face_gap": 0.0,
          "penetration": 28.0
        }
      },
      {
        "instances": [
          21,
          39
        ],
        "status": "confirmed",
        "kinds": [
          "stud",
          "stud_receptacle"
        ],
        "sources": [
          "ldcad_shadow",
          "primitive"
        ],
        "confidence": [
          1.0,
          1.0
        ],
        "feature_ids": [
          "stud@R76/studC",
          "s/3001s01@R0/stud4@R0/stud4:socket:-1+1"
        ],
        "residual": {
          "distance": 0.0,
          "axial_gap": 0.0,
          "alignment": 1.0,
          "roll_alignment": 1.0,
          "entry_face_gap": 0.0,
          "penetration": 28.0
        }
      },
      {
        "instances": [
          21,
          39
        ],
        "status": "confirmed",
        "kinds": [
          "stud",
          "stud_receptacle"
        ],
        "sources": [
          "ldcad_shadow",
          "primitive"
        ],
        "confidence": [
          1.0,
          1.0
        ],
        "feature_ids": [
          "stud@R77/studC",
          "s/3001s01@R0/stud4@R1/stud4:socket:-1+1"
        ],
        "residual": {
          "distance": 0.0,
          "axial_gap": 0.0,
          "alignment": 1.0,
          "roll_alignment": 1.0,
          "entry_face_gap": 0.0,
          "penetration": 28.0
        }
      },
      {
        "instances": [
          21,
          39
        ],
        "status": "confirmed",
        "kinds": [
          "stud",
          "stud_receptacle"
        ],
        "sources": [
          "ldcad_shadow",
          "primitive"
        ],
        "confidence": [
          1.0,
          1.0
        ],
        "feature_ids": [
          "stud@R78/studC",
          "s/3001s01@R0/stud4@R2/stud4:socket:-1+1"
        ],
        "residual": {
          "distance": 0.0,
          "axial_gap": 0.0,
          "alignment": 1.0,
          "roll_alignment": 1.0,
          "entry_face_gap": 0.0,
          "penetration": 28.0
        }
      },
      {
        "instances": [
          21,
          91
        ],
        "status": "confirmed",
        "kinds": [
          "stud",
          "stud_receptacle"
        ],
        "sources": [
          "ldcad_shadow",
          "ldcad_shadow"
        ],
        "confidence": [
          1.0,
          1.0
        ],
        "feature_ids": [
          "stud@R107/studC",
          "s/3068bs01@R0/snap_cyl@L8:I3"
        ],
        "residual": {
          "distance": 0.0,
          "axial_gap": 0.0,
          "alignment": 1.0,
          "roll_alignment": 1.0,
          "entry_face_gap": 0.0,
          "penetration": 8.0
        }
      },
      {
        "instances": [
          21,
          91
        ],
        "status": "confirmed",
        "kinds": [
          "stud",
          "stud_receptacle"
        ],
        "sources": [
          "ldcad_shadow",
          "ldcad_shadow"
        ],
        "confidence": [
          1.0,
          1.0
        ],
        "feature_ids": [
          "stud@R108/studC",
          "s/3068bs01@R0/snap_cyl@L8:I1"
        ],
        "residual": {
          "distance": 0.0,
          "axial_gap": 0.0,
          "alignment": 1.0,
          "roll_alignment": 1.0,
          "entry_face_gap": 0.0,
          "penetration": 8.0
        }
      },
      {
        "instances": [
          21,
          91
        ],
        "status": "confirmed",
        "kinds": [
          "stud",
          "stud_receptacle"
        ],
        "sources": [
          "ldcad_shadow",
          "ldcad_shadow"
        ],
        "confidence": [
          1.0,
          1.0
        ],
        "feature_ids": [
          "stud@R119/studC",
          "s/3068bs01@R0/snap_cyl@L8:I2"
        ],
        "residual": {
          "distance": 0.0,
          "axial_gap": 0.0,
          "alignment": 1.0,
          "roll_alignment": 1.0,
          "entry_face_gap": 0.0,
          "penetration": 8.0
        }
      },
      {
        "instances": [
          21,
          91
        ],
        "status": "confirmed",
        "kinds": [
          "stud",
          "stud_receptacle"
        ],
        "sources": [
          "ldcad_shadow",
          "ldcad_shadow"
        ],
        "confidence": [
          1.0,
          1.0
        ],
        "feature_ids": [
          "stud@R120/studC",
          "s/3068bs01@R0/snap_cyl@L8:I0"
        ],
        "residual": {
          "distance": 0.0,
          "axial_gap": 0.0,
          "alignment": 1.0,
          "roll_alignment": 1.0,
          "entry_face_gap": 0.0,
          "penetration": 8.0
        }
      },
      {
        "instances": [
          21,
          92
        ],
        "status": "confirmed",
        "kinds": [
          "stud",
          "stud_receptacle"
        ],
        "sources": [
          "ldcad_shadow",
          "ldcad_shadow"
        ],
        "confidence": [
          1.0,
          1.0
        ],
        "feature_ids": [
          "stud@R83/studC",
          "s/3068bs01@R0/snap_cyl@L8:I3"
        ],
        "residual": {
          "distance": 0.0,
          "axial_gap": 0.0,
          "alignment": 1.0,
          "roll_alignment": 1.0,
          "entry_face_gap": 0.0,
          "penetration": 8.0
        }
      },
      {
        "instances": [
          21,
          92
        ],
        "status": "confirmed",
        "kinds": [
          "stud",
          "stud_receptacle"
        ],
        "sources": [
          "ldcad_shadow",
          "ldcad_shadow"
        ],
        "confidence": [
          1.0,
          1.0
        ],
        "feature_ids": [
          "stud@R84/studC",
          "s/3068bs01@R0/snap_cyl@L8:I1"
        ],
        "residual": {
          "distance": 0.0,
          "axial_gap": 0.0,
          "alignment": 1.0,
          "roll_alignment": 1.0,
          "entry_face_gap": 0.0,
          "penetration": 8.0
        }
      },
      {
        "instances": [
          21,
          92
        ],
        "status": "confirmed",
        "kinds": [
          "stud",
          "stud_receptacle"
        ],
        "sources": [
          "ldcad_shadow",
          "ldcad_shadow"
        ],
        "confidence": [
          1.0,
          1.0
        ],
        "feature_ids": [
          "stud@R95/studC",
          "s/3068bs01@R0/snap_cyl@L8:I2"
        ],
        "residual": {
          "distance": 0.0,
          "axial_gap": 0.0,
          "alignment": 1.0,
          "roll_alignment": 1.0,
          "entry_face_gap": 0.0,
          "penetration": 8.0
        }
      },
      {
        "instances": [
          21,
          92
        ],
        "status": "confirmed",
        "kinds": [
          "stud",
          "stud_receptacle"
        ],
        "sources": [
          "ldcad_shadow",
          "ldcad_shadow"
        ],
        "confidence": [
          1.0,
          1.0
        ],
        "feature_ids": [
          "stud@R96/studC",
          "s/3068bs01@R0/snap_cyl@L8:I0"
        ],
        "residual": {
          "distance": 0.0,
          "axial_gap": 0.0,
          "alignment": 1.0,
          "roll_alignment": 1.0,
          "entry_face_gap": 0.0,
          "penetration": 8.0
        }
      },
      {
        "instances": [
          21,
          93
        ],
        "status": "confirmed",
        "kinds": [
          "stud",
          "stud_receptacle"
        ],
        "sources": [
          "ldcad_shadow",
          "ldcad_shadow"
        ],
        "confidence": [
          1.0,
          1.0
        ],
        "feature_ids": [
          "stud@R59/studC",
          "s/3068bs01@R0/snap_cyl@L8:I3"
        ],
        "residual": {
          "distance": 0.0,
          "axial_gap": 0.0,
          "alignment": 1.0,
          "roll_alignment": 1.0,
          "entry_face_gap": 0.0,
          "penetration": 8.0
        }
      },
      {
        "instances": [
          21,
          93
        ],
        "status": "confirmed",
        "kinds": [
          "stud",
          "stud_receptacle"
        ],
        "sources": [
          "ldcad_shadow",
          "ldcad_shadow"
        ],
        "confidence": [
          1.0,
          1.0
        ],
        "feature_ids": [
          "stud@R60/studC",
          "s/3068bs01@R0/snap_cyl@L8:I1"
        ],
        "residual": {
          "distance": 0.0,
          "axial_gap": 0.0,
          "alignment": 1.0,
          "roll_alignment": 1.0,
          "entry_face_gap": 0.0,
          "penetration": 8.0
        }
      },
      {
        "instances": [
          21,
          93
        ],
        "status": "confirmed",
        "kinds": [
          "stud",
          "stud_receptacle"
        ],
        "sources": [
          "ldcad_shadow",
          "ldcad_shadow"
        ],
        "confidence": [
          1.0,
          1.0
        ],
        "feature_ids": [
          "stud@R71/studC",
          "s/3068bs01@R0/snap_cyl@L8:I2"
        ],
        "residual": {
          "distance": 0.0,
          "axial_gap": 0.0,
          "alignment": 1.0,
          "roll_alignment": 1.0,
          "entry_face_gap": 0.0,
          "penetration": 8.0
        }
      },
      {
        "instances": [
          21,
          93
        ],
        "status": "confirmed",
        "kinds": [
          "stud",
          "stud_receptacle"
        ],
        "sources": [
          "ldcad_shadow",
          "ldcad_shadow"
        ],
        "confidence": [
          1.0,
          1.0
        ],
        "feature_ids": [
          "stud@R72/studC",
          "s/3068bs01@R0/snap_cyl@L8:I0"
        ],
        "residual": {
          "distance": 0.0,
          "axial_gap": 0.0,
          "alignment": 1.0,
          "roll_alignment": 1.0,
          "entry_face_gap": 0.0,
          "penetration": 8.0
        }
      },
      {
        "instances": [
          21,
          99
        ],
        "status": "confirmed",
        "kinds": [
          "stud",
          "stud_receptacle"
        ],
        "sources": [
          "ldcad_shadow",
          "ldcad_shadow"
        ],
        "confidence": [
          1.0,
          1.0
        ],
        "feature_ids": [
          "stud@R105/studC",
          "s/3068bs01@R0/snap_cyl@L8:I3"
        ],
        "residual": {
          "distance": 0.0,
          "axial_gap": 0.0,
          "alignment": 1.0,
          "roll_alignment": 1.0,
          "entry_face_gap": 0.0,
          "penetration": 8.0
        }
      },
      {
        "instances": [
          21,
          99
        ],
        "status": "confirmed",
        "kinds": [
          "stud",
          "stud_receptacle"
        ],
        "sources": [
          "ldcad_shadow",
          "ldcad_shadow"
        ],
        "confidence": [
          1.0,
          1.0
        ],
        "feature_ids": [
          "stud@R106/studC",
          "s/3068bs01@R0/snap_cyl@L8:I1"
        ],
        "residual": {
          "distance": 0.0,
          "axial_gap": 0.0,
          "alignment": 1.0,
          "roll_alignment": 1.0,
          "entry_face_gap": 0.0,
          "penetration": 8.0
        }
      },
      {
        "instances": [
          21,
          99
        ],
        "status": "confirmed",
        "kinds": [
          "stud",
          "stud_receptacle"
        ],
        "sources": [
          "ldcad_shadow",
          "ldcad_shadow"
        ],
        "confidence": [
          1.0,
          1.0
        ],
        "feature_ids": [
          "stud@R117/studC",
          "s/3068bs01@R0/snap_cyl@L8:I2"
        ],
        "residual": {
          "distance": 0.0,
          "axial_gap": 0.0,
          "alignment": 1.0,
          "roll_alignment": 1.0,
          "entry_face_gap": 0.0,
          "penetration": 8.0
        }
      },
      {
        "instances": [
          21,
          99
        ],
        "status": "confirmed",
        "kinds": [
          "stud",
          "stud_receptacle"
        ],
        "sources": [
          "ldcad_shadow",
          "ldcad_shadow"
        ],
        "confidence": [
          1.0,
          1.0
        ],
        "feature_ids": [
          "stud@R118/studC",
          "s/3068bs01@R0/snap_cyl@L8:I0"
        ],
        "residual": {
          "distance": 0.0,
          "axial_gap": 0.0,
          "alignment": 1.0,
          "roll_alignment": 1.0,
          "entry_face_gap": 0.0,
          "penetration": 8.0
        }
      },
      {
        "instances": [
          21,
          100
        ],
        "status": "confirmed",
        "kinds": [
          "stud",
          "stud_receptacle"
        ],
        "sources": [
          "ldcad_shadow",
          "ldcad_shadow"
        ],
        "confidence": [
          1.0,
          1.0
        ],
        "feature_ids": [
          "stud@R81/studC",
          "s/3068bs01@R0/snap_cyl@L8:I3"
        ],
        "residual": {
          "distance": 0.0,
          "axial_gap": 0.0,
          "alignment": 1.0,
          "roll_alignment": 1.0,
          "entry_face_gap": 0.0,
          "penetration": 8.0
        }
      },
      {
        "instances": [
          21,
          100
        ],
        "status": "confirmed",
        "kinds": [
          "stud",
          "stud_receptacle"
        ],
        "sources": [
          "ldcad_shadow",
          "ldcad_shadow"
        ],
        "confidence": [
          1.0,
          1.0
        ],
        "feature_ids": [
          "stud@R82/studC",
          "s/3068bs01@R0/snap_cyl@L8:I1"
        ],
        "residual": {
          "distance": 0.0,
          "axial_gap": 0.0,
          "alignment": 1.0,
          "roll_alignment": 1.0,
          "entry_face_gap": 0.0,
          "penetration": 8.0
        }
      },
      {
        "instances": [
          21,
          100
        ],
        "status": "confirmed",
        "kinds": [
          "stud",
          "stud_receptacle"
        ],
        "sources": [
          "ldcad_shadow",
          "ldcad_shadow"
        ],
        "confidence": [
          1.0,
          1.0
        ],
        "feature_ids": [
          "stud@R93/studC",
          "s/3068bs01@R0/snap_cyl@L8:I2"
        ],
        "residual": {
          "distance": 0.0,
          "axial_gap": 0.0,
          "alignment": 1.0,
          "roll_alignment": 1.0,
          "entry_face_gap": 0.0,
          "penetration": 8.0
        }
      },
      {
        "instances": [
          21,
          100
        ],
        "status": "confirmed",
        "kinds": [
          "stud",
          "stud_receptacle"
        ],
        "sources": [
          "ldcad_shadow",
          "ldcad_shadow"
        ],
        "confidence": [
          1.0,
          1.0
        ],
        "feature_ids": [
          "stud@R94/studC",
          "s/3068bs01@R0/snap_cyl@L8:I0"
        ],
        "residual": {
          "distance": 0.0,
          "axial_gap": 0.0,
          "alignment": 1.0,
          "roll_alignment": 1.0,
          "entry_face_gap": 0.0,
          "penetration": 8.0
        }
      },
      {
        "instances": [
          21,
          101
        ],
        "status": "confirmed",
        "kinds": [
          "stud",
          "stud_receptacle"
        ],
        "sources": [
          "ldcad_shadow",
          "ldcad_shadow"
        ],
        "confidence": [
          1.0,
          1.0
        ],
        "feature_ids": [
          "stud@R57/studC",
          "s/3068bs01@R0/snap_cyl@L8:I3"
        ],
        "residual": {
          "distance": 0.0,
          "axial_gap": 0.0,
          "alignment": 1.0,
          "roll_alignment": 1.0,
          "entry_face_gap": 0.0,
          "penetration": 8.0
        }
      },
      {
        "instances": [
          21,
          101
        ],
        "status": "confirmed",
        "kinds": [
          "stud",
          "stud_receptacle"
        ],
        "sources": [
          "ldcad_shadow",
          "ldcad_shadow"
        ],
        "confidence": [
          1.0,
          1.0
        ],
        "feature_ids": [
          "stud@R58/studC",
          "s/3068bs01@R0/snap_cyl@L8:I1"
        ],
        "residual": {
          "distance": 0.0,
          "axial_gap": 0.0,
          "alignment": 1.0,
          "roll_alignment": 1.0,
          "entry_face_gap": 0.0,
          "penetration": 8.0
        }
      },
      {
        "instances": [
          21,
          101
        ],
        "status": "confirmed",
        "kinds": [
          "stud",
          "stud_receptacle"
        ],
        "sources": [
          "ldcad_shadow",
          "ldcad_shadow"
        ],
        "confidence": [
          1.0,
          1.0
        ],
        "feature_ids": [
          "stud@R69/studC",
          "s/3068bs01@R0/snap_cyl@L8:I2"
        ],
        "residual": {
          "distance": 0.0,
          "axial_gap": 0.0,
          "alignment": 1.0,
          "roll_alignment": 1.0,
          "entry_face_gap": 0.0,
          "penetration": 8.0
        }
      },
      {
        "instances": [
          21,
          101
        ],
        "status": "confirmed",
        "kinds": [
          "stud",
          "stud_receptacle"
        ],
        "sources": [
          "ldcad_shadow",
          "ldcad_shadow"
        ],
        "confidence": [
          1.0,
          1.0
        ],
        "feature_ids": [
          "stud@R70/studC",
          "s/3068bs01@R0/snap_cyl@L8:I0"
        ],
        "residual": {
          "distance": 0.0,
          "axial_gap": 0.0,
          "alignment": 1.0,
          "roll_alignment": 1.0,
          "entry_face_gap": 0.0,
          "penetration": 8.0
        }
      },
      {
        "instances": [
          22,
          40
        ],
        "status": "confirmed",
        "kinds": [
          "stud",
          "stud_receptacle"
        ],
        "sources": [
          "ldcad_shadow",
          "primitive"
        ],
        "confidence": [
          1.0,
          1.0
        ],
        "feature_ids": [
          "stud@R59/studC",
          "s/3007s01@R0/stug4-1x7@R4/stud4@R2/stud4:socket:+1-1"
        ],
        "residual": {
          "distance": 0.0,
          "axial_gap": 0.0,
          "alignment": 1.0,
          "roll_alignment": 1.0,
          "entry_face_gap": 0.0,
          "penetration": 28.0
        }
      },
      {
        "instances": [
          22,
          40
        ],
        "status": "confirmed",
        "kinds": [
          "stud",
          "stud_receptacle"
        ],
        "sources": [
          "ldcad_shadow",
          "primitive"
        ],
        "confidence": [
          1.0,
          1.0
        ],
        "feature_ids": [
          "stud@R60/studC",
          "s/3007s01@R0/stug4-1x7@R4/stud4@R1/stud4:socket:+1-1"
        ],
        "residual": {
          "distance": 0.0,
          "axial_gap": 0.0,
          "alignment": 1.0,
          "roll_alignment": 1.0,
          "entry_face_gap": 0.0,
          "penetration": 28.0
        }
      },
      {
        "instances": [
          22,
          40
        ],
        "status": "confirmed",
        "kinds": [
          "stud",
          "stud_receptacle"
        ],
        "sources": [
          "ldcad_shadow",
          "primitive"
        ],
        "confidence": [
          1.0,
          1.0
        ],
        "feature_ids": [
          "stud@R61/studC",
          "s/3007s01@R0/stug4-1x7@R4/stud4@R0/stud4:socket:+1-1"
        ],
        "residual": {
          "distance": 0.0,
          "axial_gap": 0.0,
          "alignment": 1.0,
          "roll_alignment": 1.0,
          "entry_face_gap": 0.0,
          "penetration": 28.0
        }
      },
      {
        "instances": [
          22,
          40
        ],
        "status": "confirmed",
        "kinds": [
          "stud",
          "stud_receptacle"
        ],
        "sources": [
          "ldcad_shadow",
          "primitive"
        ],
        "confidence": [
          1.0,
          1.0
        ],
        "feature_ids": [
          "stud@R62/studC",
          "s/3007s01@R0/stug4-1x7@R4/stud4@R0/stud4:socket:-1-1"
        ],
        "residual": {
          "distance": 0.0,
          "axial_gap": 0.0,
          "alignment": 1.0,
          "roll_alignment": 1.0,
          "entry_face_gap": 0.0,
          "penetration": 28.0
        }
      },
      {
        "instances": [
          22,
          40
        ],
        "status": "confirmed",
        "kinds": [
          "stud",
          "stud_receptacle"
        ],
        "sources": [
          "ldcad_shadow",
          "primitive"
        ],
        "confidence": [
          1.0,
          1.0
        ],
        "feature_ids": [
          "stud@R71/studC",
          "s/3007s01@R0/stug4-1x7@R4/stud4@R2/stud4:socket:+1+1"
        ],
        "residual": {
          "distance": 0.0,
          "axial_gap": 0.0,
          "alignment": 1.0,
          "roll_alignment": 1.0,
          "entry_face_gap": 0.0,
          "penetration": 28.0
        }
      },
      {
        "instances": [
          22,
          40
        ],
        "status": "confirmed",
        "kinds": [
          "stud",
          "stud_receptacle"
        ],
        "sources": [
          "ldcad_shadow",
          "primitive"
        ],
        "confidence": [
          1.0,
          1.0
        ],
        "feature_ids": [
          "stud@R72/studC",
          "s/3007s01@R0/stug4-1x7@R4/stud4@R1/stud4:socket:+1+1"
        ],
        "residual": {
          "distance": 0.0,
          "axial_gap": 0.0,
          "alignment": 1.0,
          "roll_alignment": 1.0,
          "entry_face_gap": 0.0,
          "penetration": 28.0
        }
      },
      {
        "instances": [
          22,
          40
        ],
        "status": "confirmed",
        "kinds": [
          "stud",
          "stud_receptacle"
        ],
        "sources": [
          "ldcad_shadow",
          "primitive"
        ],
        "confidence": [
          1.0,
          1.0
        ],
        "feature_ids": [
          "stud@R73/studC",
          "s/3007s01@R0/stug4-1x7@R4/stud4@R0/stud4:socket:+1+1"
        ],
        "residual": {
          "distance": 0.0,
          "axial_gap": 0.0,
          "alignment": 1.0,
          "roll_alignment": 1.0,
          "entry_face_gap": 0.0,
          "penetration": 28.0
        }
      },
      {
        "instances": [
          22,
          40
        ],
        "status": "confirmed",
        "kinds": [
          "stud",
          "stud_receptacle"
        ],
        "sources": [
          "ldcad_shadow",
          "primitive"
        ],
        "confidence": [
          1.0,
          1.0
        ],
        "feature_ids": [
          "stud@R74/studC",
          "s/3007s01@R0/stug4-1x7@R4/stud4@R0/stud4:socket:-1+1"
        ],
        "residual": {
          "distance": 0.0,
          "axial_gap": 0.0,
          "alignment": 1.0,
          "roll_alignment": 1.0,
          "entry_face_gap": 0.0,
          "penetration": 28.0
        }
      },
      {
        "instances": [
          22,
          78
        ],
        "status": "confirmed",
        "kinds": [
          "stud",
          "stud_receptacle"
        ],
        "sources": [
          "ldcad_shadow",
          "ldcad_shadow"
        ],
        "confidence": [
          1.0,
          1.0
        ],
        "feature_ids": [
          "stud@R69/studC",
          "s/3068bs01@R0/snap_cyl@L8:I3"
        ],
        "residual": {
          "distance": 0.0,
          "axial_gap": 0.0,
          "alignment": 1.0,
          "roll_alignment": 1.0,
          "entry_face_gap": 0.0,
          "penetration": 8.0
        }
      },
      {
        "instances": [
          22,
          78
        ],
        "status": "confirmed",
        "kinds": [
          "stud",
          "stud_receptacle"
        ],
        "sources": [
          "ldcad_shadow",
          "ldcad_shadow"
        ],
        "confidence": [
          1.0,
          1.0
        ],
        "feature_ids": [
          "stud@R70/studC",
          "s/3068bs01@R0/snap_cyl@L8:I1"
        ],
        "residual": {
          "distance": 0.0,
          "axial_gap": 0.0,
          "alignment": 1.0,
          "roll_alignment": 1.0,
          "entry_face_gap": 0.0,
          "penetration": 8.0
        }
      },
      {
        "instances": [
          22,
          78
        ],
        "status": "confirmed",
        "kinds": [
          "stud",
          "stud_receptacle"
        ],
        "sources": [
          "ldcad_shadow",
          "ldcad_shadow"
        ],
        "confidence": [
          1.0,
          1.0
        ],
        "feature_ids": [
          "stud@R81/studC",
          "s/3068bs01@R0/snap_cyl@L8:I2"
        ],
        "residual": {
          "distance": 0.0,
          "axial_gap": 0.0,
          "alignment": 1.0,
          "roll_alignment": 1.0,
          "entry_face_gap": 0.0,
          "penetration": 8.0
        }
      },
      {
        "instances": [
          22,
          78
        ],
        "status": "confirmed",
        "kinds": [
          "stud",
          "stud_receptacle"
        ],
        "sources": [
          "ldcad_shadow",
          "ldcad_shadow"
        ],
        "confidence": [
          1.0,
          1.0
        ],
        "feature_ids": [
          "stud@R82/studC",
          "s/3068bs01@R0/snap_cyl@L8:I0"
        ],
        "residual": {
          "distance": 0.0,
          "axial_gap": 0.0,
          "alignment": 1.0,
          "roll_alignment": 1.0,
          "entry_face_gap": 0.0,
          "penetration": 8.0
        }
      },
      {
        "instances": [
          22,
          79
        ],
        "status": "confirmed",
        "kinds": [
          "stud",
          "stud_receptacle"
        ],
        "sources": [
          "ldcad_shadow",
          "ldcad_shadow"
        ],
        "confidence": [
          1.0,
          1.0
        ],
        "feature_ids": [
          "stud@R45/studC",
          "s/3068bs01@R0/snap_cyl@L8:I3"
        ],
        "residual": {
          "distance": 0.0,
          "axial_gap": 0.0,
          "alignment": 1.0,
          "roll_alignment": 1.0,
          "entry_face_gap": 0.0,
          "penetration": 8.0
        }
      },
      {
        "instances": [
          22,
          79
        ],
        "status": "confirmed",
        "kinds": [
          "stud",
          "stud_receptacle"
        ],
        "sources": [
          "ldcad_shadow",
          "ldcad_shadow"
        ],
        "confidence": [
          1.0,
          1.0
        ],
        "feature_ids": [
          "stud@R46/studC",
          "s/3068bs01@R0/snap_cyl@L8:I1"
        ],
        "residual": {
          "distance": 0.0,
          "axial_gap": 0.0,
          "alignment": 1.0,
          "roll_alignment": 1.0,
          "entry_face_gap": 0.0,
          "penetration": 8.0
        }
      },
      {
        "instances": [
          22,
          79
        ],
        "status": "confirmed",
        "kinds": [
          "stud",
          "stud_receptacle"
        ],
        "sources": [
          "ldcad_shadow",
          "ldcad_shadow"
        ],
        "confidence": [
          1.0,
          1.0
        ],
        "feature_ids": [
          "stud@R57/studC",
          "s/3068bs01@R0/snap_cyl@L8:I2"
        ],
        "residual": {
          "distance": 0.0,
          "axial_gap": 0.0,
          "alignment": 1.0,
          "roll_alignment": 1.0,
          "entry_face_gap": 0.0,
          "penetration": 8.0
        }
      },
      {
        "instances": [
          22,
          79
        ],
        "status": "confirmed",
        "kinds": [
          "stud",
          "stud_receptacle"
        ],
        "sources": [
          "ldcad_shadow",
          "ldcad_shadow"
        ],
        "confidence": [
          1.0,
          1.0
        ],
        "feature_ids": [
          "stud@R58/studC",
          "s/3068bs01@R0/snap_cyl@L8:I0"
        ],
        "residual": {
          "distance": 0.0,
          "axial_gap": 0.0,
          "alignment": 1.0,
          "roll_alignment": 1.0,
          "entry_face_gap": 0.0,
          "penetration": 8.0
        }
      },
      {
        "instances": [
          22,
          86
        ],
        "status": "confirmed",
        "kinds": [
          "stud",
          "stud_receptacle"
        ],
        "sources": [
          "ldcad_shadow",
          "ldcad_shadow"
        ],
        "confidence": [
          1.0,
          1.0
        ],
        "feature_ids": [
          "stud@R67/studC",
          "s/3068bs01@R0/snap_cyl@L8:I3"
        ],
        "residual": {
          "distance": 0.0,
          "axial_gap": 0.0,
          "alignment": 1.0,
          "roll_alignment": 1.0,
          "entry_face_gap": 0.0,
          "penetration": 8.0
        }
      },
      {
        "instances": [
          22,
          86
        ],
        "status": "confirmed",
        "kinds": [
          "stud",
          "stud_receptacle"
        ],
        "sources": [
          "ldcad_shadow",
          "ldcad_shadow"
        ],
        "confidence": [
          1.0,
          1.0
        ],
        "feature_ids": [
          "stud@R68/studC",
          "s/3068bs01@R0/snap_cyl@L8:I1"
        ],
        "residual": {
          "distance": 0.0,
          "axial_gap": 0.0,
          "alignment": 1.0,
          "roll_alignment": 1.0,
          "entry_face_gap": 0.0,
          "penetration": 8.0
        }
      },
      {
        "instances": [
          22,
          86
        ],
        "status": "confirmed",
        "kinds": [
          "stud",
          "stud_receptacle"
        ],
        "sources": [
          "ldcad_shadow",
          "ldcad_shadow"
        ],
        "confidence": [
          1.0,
          1.0
        ],
        "feature_ids": [
          "stud@R79/studC",
          "s/3068bs01@R0/snap_cyl@L8:I2"
        ],
        "residual": {
          "distance": 0.0,
          "axial_gap": 0.0,
          "alignment": 1.0,
          "roll_alignment": 1.0,
          "entry_face_gap": 0.0,
          "penetration": 8.0
        }
      },
      {
        "instances": [
          22,
          86
        ],
        "status": "confirmed",
        "kinds": [
          "stud",
          "stud_receptacle"
        ],
        "sources": [
          "ldcad_shadow",
          "ldcad_shadow"
        ],
        "confidence": [
          1.0,
          1.0
        ],
        "feature_ids": [
          "stud@R80/studC",
          "s/3068bs01@R0/snap_cyl@L8:I0"
        ],
        "residual": {
          "distance": 0.0,
          "axial_gap": 0.0,
          "alignment": 1.0,
          "roll_alignment": 1.0,
          "entry_face_gap": 0.0,
          "penetration": 8.0
        }
      },
      {
        "instances": [
          22,
          87
        ],
        "status": "confirmed",
        "kinds": [
          "stud",
          "stud_receptacle"
        ],
        "sources": [
          "ldcad_shadow",
          "ldcad_shadow"
        ],
        "confidence": [
          1.0,
          1.0
        ],
        "feature_ids": [
          "stud@R43/studC",
          "s/3068bs01@R0/snap_cyl@L8:I3"
        ],
        "residual": {
          "distance": 0.0,
          "axial_gap": 0.0,
          "alignment": 1.0,
          "roll_alignment": 1.0,
          "entry_face_gap": 0.0,
          "penetration": 8.0
        }
      },
      {
        "instances": [
          22,
          87
        ],
        "status": "confirmed",
        "kinds": [
          "stud",
          "stud_receptacle"
        ],
        "sources": [
          "ldcad_shadow",
          "ldcad_shadow"
        ],
        "confidence": [
          1.0,
          1.0
        ],
        "feature_ids": [
          "stud@R44/studC",
          "s/3068bs01@R0/snap_cyl@L8:I1"
        ],
        "residual": {
          "distance": 0.0,
          "axial_gap": 0.0,
          "alignment": 1.0,
          "roll_alignment": 1.0,
          "entry_face_gap": 0.0,
          "penetration": 8.0
        }
      },
      {
        "instances": [
          22,
          87
        ],
        "status": "confirmed",
        "kinds": [
          "stud",
          "stud_receptacle"
        ],
        "sources": [
          "ldcad_shadow",
          "ldcad_shadow"
        ],
        "confidence": [
          1.0,
          1.0
        ],
        "feature_ids": [
          "stud@R55/studC",
          "s/3068bs01@R0/snap_cyl@L8:I2"
        ],
        "residual": {
          "distance": 0.0,
          "axial_gap": 0.0,
          "alignment": 1.0,
          "roll_alignment": 1.0,
          "entry_face_gap": 0.0,
          "penetration": 8.0
        }
      },
      {
        "instances": [
          22,
          87
        ],
        "status": "confirmed",
        "kinds": [
          "stud",
          "stud_receptacle"
        ],
        "sources": [
          "ldcad_shadow",
          "ldcad_shadow"
        ],
        "confidence": [
          1.0,
          1.0
        ],
        "feature_ids": [
          "stud@R56/studC",
          "s/3068bs01@R0/snap_cyl@L8:I0"
        ],
        "residual": {
          "distance": 0.0,
          "axial_gap": 0.0,
          "alignment": 1.0,
          "roll_alignment": 1.0,
          "entry_face_gap": 0.0,
          "penetration": 8.0
        }
      },
      {
        "instances": [
          23,
          40
        ],
        "status": "confirmed",
        "kinds": [
          "stud",
          "stud_receptacle"
        ],
        "sources": [
          "ldcad_shadow",
          "primitive"
        ],
        "confidence": [
          1.0,
          1.0
        ],
        "feature_ids": [
          "stud@R67/studC",
          "s/3007s01@R0/stug4-1x7@R4/stud4@R6/stud4:socket:+1-1"
        ],
        "residual": {
          "distance": 0.0,
          "axial_gap": 0.0,
          "alignment": 1.0,
          "roll_alignment": 1.0,
          "entry_face_gap": 0.0,
          "penetration": 28.0
        }
      },
      {
        "instances": [
          23,
          40
        ],
        "status": "confirmed",
        "kinds": [
          "stud",
          "stud_receptacle"
        ],
        "sources": [
          "ldcad_shadow",
          "primitive"
        ],
        "confidence": [
          1.0,
          1.0
        ],
        "feature_ids": [
          "stud@R68/studC",
          "s/3007s01@R0/stug4-1x7@R4/stud4@R5/stud4:socket:+1-1"
        ],
        "residual": {
          "distance": 0.0,
          "axial_gap": 0.0,
          "alignment": 1.0,
          "roll_alignment": 1.0,
          "entry_face_gap": 0.0,
          "penetration": 28.0
        }
      },
      {
        "instances": [
          23,
          40
        ],
        "status": "confirmed",
        "kinds": [
          "stud",
          "stud_receptacle"
        ],
        "sources": [
          "ldcad_shadow",
          "primitive"
        ],
        "confidence": [
          1.0,
          1.0
        ],
        "feature_ids": [
          "stud@R69/studC",
          "s/3007s01@R0/stug4-1x7@R4/stud4@R4/stud4:socket:+1-1"
        ],
        "residual": {
          "distance": 0.0,
          "axial_gap": 0.0,
          "alignment": 1.0,
          "roll_alignment": 1.0,
          "entry_face_gap": 0.0,
          "penetration": 28.0
        }
      },
      {
        "instances": [
          23,
          40
        ],
        "status": "confirmed",
        "kinds": [
          "stud",
          "stud_receptacle"
        ],
        "sources": [
          "ldcad_shadow",
          "primitive"
        ],
        "confidence": [
          1.0,
          1.0
        ],
        "feature_ids": [
          "stud@R70/studC",
          "s/3007s01@R0/stug4-1x7@R4/stud4@R3/stud4:socket:+1-1"
        ],
        "residual": {
          "distance": 0.0,
          "axial_gap": 0.0,
          "alignment": 1.0,
          "roll_alignment": 1.0,
          "entry_face_gap": 0.0,
          "penetration": 28.0
        }
      },
      {
        "instances": [
          23,
          40
        ],
        "status": "confirmed",
        "kinds": [
          "stud",
          "stud_receptacle"
        ],
        "sources": [
          "ldcad_shadow",
          "primitive"
        ],
        "confidence": [
          1.0,
          1.0
        ],
        "feature_ids": [
          "stud@R79/studC",
          "s/3007s01@R0/stug4-1x7@R4/stud4@R6/stud4:socket:+1+1"
        ],
        "residual": {
          "distance": 0.0,
          "axial_gap": 0.0,
          "alignment": 1.0,
          "roll_alignment": 1.0,
          "entry_face_gap": 0.0,
          "penetration": 28.0
        }
      },
      {
        "instances": [
          23,
          40
        ],
        "status": "confirmed",
        "kinds": [
          "stud",
          "stud_receptacle"
        ],
        "sources": [
          "ldcad_shadow",
          "primitive"
        ],
        "confidence": [
          1.0,
          1.0
        ],
        "feature_ids": [
          "stud@R80/studC",
          "s/3007s01@R0/stug4-1x7@R4/stud4@R5/stud4:socket:+1+1"
        ],
        "residual": {
          "distance": 0.0,
          "axial_gap": 0.0,
          "alignment": 1.0,
          "roll_alignment": 1.0,
          "entry_face_gap": 0.0,
          "penetration": 28.0
        }
      },
      {
        "instances": [
          23,
          40
        ],
        "status": "confirmed",
        "kinds": [
          "stud",
          "stud_receptacle"
        ],
        "sources": [
          "ldcad_shadow",
          "primitive"
        ],
        "confidence": [
          1.0,
          1.0
        ],
        "feature_ids": [
          "stud@R81/studC",
          "s/3007s01@R0/stug4-1x7@R4/stud4@R4/stud4:socket:+1+1"
        ],
        "residual": {
          "distance": 0.0,
          "axial_gap": 0.0,
          "alignment": 1.0,
          "roll_alignment": 1.0,
          "entry_face_gap": 0.0,
          "penetration": 28.0
        }
      },
      {
        "instances": [
          23,
          40
        ],
        "status": "confirmed",
        "kinds": [
          "stud",
          "stud_receptacle"
        ],
        "sources": [
          "ldcad_shadow",
          "primitive"
        ],
        "confidence": [
          1.0,
          1.0
        ],
        "feature_ids": [
          "stud@R82/studC",
          "s/3007s01@R0/stug4-1x7@R4/stud4@R3/stud4:socket:+1+1"
        ],
        "residual": {
          "distance": 0.0,
          "axial_gap": 0.0,
          "alignment": 1.0,
          "roll_alignment": 1.0,
          "entry_face_gap": 0.0,
          "penetration": 28.0
        }
      },
      {
        "instances": [
          23,
          94
        ],
        "status": "confirmed",
        "kinds": [
          "stud",
          "stud_receptacle"
        ],
        "sources": [
          "ldcad_shadow",
          "ldcad_shadow"
        ],
        "confidence": [
          1.0,
          1.0
        ],
        "feature_ids": [
          "stud@R61/studC",
          "s/3068bs01@R0/snap_cyl@L8:I3"
        ],
        "residual": {
          "distance": 0.0,
          "axial_gap": 0.0,
          "alignment": 1.0,
          "roll_alignment": 1.0,
          "entry_face_gap": 0.0,
          "penetration": 8.0
        }
      },
      {
        "instances": [
          23,
          94
        ],
        "status": "confirmed",
        "kinds": [
          "stud",
          "stud_receptacle"
        ],
        "sources": [
          "ldcad_shadow",
          "ldcad_shadow"
        ],
        "confidence": [
          1.0,
          1.0
        ],
        "feature_ids": [
          "stud@R62/studC",
          "s/3068bs01@R0/snap_cyl@L8:I1"
        ],
        "residual": {
          "distance": 0.0,
          "axial_gap": 0.0,
          "alignment": 1.0,
          "roll_alignment": 1.0,
          "entry_face_gap": 0.0,
          "penetration": 8.0
        }
      },
      {
        "instances": [
          23,
          94
        ],
        "status": "confirmed",
        "kinds": [
          "stud",
          "stud_receptacle"
        ],
        "sources": [
          "ldcad_shadow",
          "ldcad_shadow"
        ],
        "confidence": [
          1.0,
          1.0
        ],
        "feature_ids": [
          "stud@R73/studC",
          "s/3068bs01@R0/snap_cyl@L8:I2"
        ],
        "residual": {
          "distance": 0.0,
          "axial_gap": 0.0,
          "alignment": 1.0,
          "roll_alignment": 1.0,
          "entry_face_gap": 0.0,
          "penetration": 8.0
        }
      },
      {
        "instances": [
          23,
          94
        ],
        "status": "confirmed",
        "kinds": [
          "stud",
          "stud_receptacle"
        ],
        "sources": [
          "ldcad_shadow",
          "ldcad_shadow"
        ],
        "confidence": [
          1.0,
          1.0
        ],
        "feature_ids": [
          "stud@R74/studC",
          "s/3068bs01@R0/snap_cyl@L8:I0"
        ],
        "residual": {
          "distance": 0.0,
          "axial_gap": 0.0,
          "alignment": 1.0,
          "roll_alignment": 1.0,
          "entry_face_gap": 0.0,
          "penetration": 8.0
        }
      },
      {
        "instances": [
          23,
          95
        ],
        "status": "confirmed",
        "kinds": [
          "stud",
          "stud_receptacle"
        ],
        "sources": [
          "ldcad_shadow",
          "ldcad_shadow"
        ],
        "confidence": [
          1.0,
          1.0
        ],
        "feature_ids": [
          "stud@R37/studC",
          "s/3068bs01@R0/snap_cyl@L8:I3"
        ],
        "residual": {
          "distance": 0.0,
          "axial_gap": 0.0,
          "alignment": 1.0,
          "roll_alignment": 1.0,
          "entry_face_gap": 0.0,
          "penetration": 8.0
        }
      },
      {
        "instances": [
          23,
          95
        ],
        "status": "confirmed",
        "kinds": [
          "stud",
          "stud_receptacle"
        ],
        "sources": [
          "ldcad_shadow",
          "ldcad_shadow"
        ],
        "confidence": [
          1.0,
          1.0
        ],
        "feature_ids": [
          "stud@R38/studC",
          "s/3068bs01@R0/snap_cyl@L8:I1"
        ],
        "residual": {
          "distance": 0.0,
          "axial_gap": 0.0,
          "alignment": 1.0,
          "roll_alignment": 1.0,
          "entry_face_gap": 0.0,
          "penetration": 8.0
        }
      },
      {
        "instances": [
          23,
          95
        ],
        "status": "confirmed",
        "kinds": [
          "stud",
          "stud_receptacle"
        ],
        "sources": [
          "ldcad_shadow",
          "ldcad_shadow"
        ],
        "confidence": [
          1.0,
          1.0
        ],
        "feature_ids": [
          "stud@R49/studC",
          "s/3068bs01@R0/snap_cyl@L8:I2"
        ],
        "residual": {
          "distance": 0.0,
          "axial_gap": 0.0,
          "alignment": 1.0,
          "roll_alignment": 1.0,
          "entry_face_gap": 0.0,
          "penetration": 8.0
        }
      },
      {
        "instances": [
          23,
          95
        ],
        "status": "confirmed",
        "kinds": [
          "stud",
          "stud_receptacle"
        ],
        "sources": [
          "ldcad_shadow",
          "ldcad_shadow"
        ],
        "confidence": [
          1.0,
          1.0
        ],
        "feature_ids": [
          "stud@R50/studC",
          "s/3068bs01@R0/snap_cyl@L8:I0"
        ],
        "residual": {
          "distance": 0.0,
          "axial_gap": 0.0,
          "alignment": 1.0,
          "roll_alignment": 1.0,
          "entry_face_gap": 0.0,
          "penetration": 8.0
        }
      },
      {
        "instances": [
          23,
          102
        ],
        "status": "confirmed",
        "kinds": [
          "stud",
          "stud_receptacle"
        ],
        "sources": [
          "ldcad_shadow",
          "ldcad_shadow"
        ],
        "confidence": [
          1.0,
          1.0
        ],
        "feature_ids": [
          "stud@R59/studC",
          "s/3068bs01@R0/snap_cyl@L8:I3"
        ],
        "residual": {
          "distance": 0.0,
          "axial_gap": 0.0,
          "alignment": 1.0,
          "roll_alignment": 1.0,
          "entry_face_gap": 0.0,
          "penetration": 8.0
        }
      },
      {
        "instances": [
          23,
          102
        ],
        "status": "confirmed",
        "kinds": [
          "stud",
          "stud_receptacle"
        ],
        "sources": [
          "ldcad_shadow",
          "ldcad_shadow"
        ],
        "confidence": [
          1.0,
          1.0
        ],
        "feature_ids": [
          "stud@R60/studC",
          "s/3068bs01@R0/snap_cyl@L8:I1"
        ],
        "residual": {
          "distance": 0.0,
          "axial_gap": 0.0,
          "alignment": 1.0,
          "roll_alignment": 1.0,
          "entry_face_gap": 0.0,
          "penetration": 8.0
        }
      },
      {
        "instances": [
          23,
          102
        ],
        "status": "confirmed",
        "kinds": [
          "stud",
          "stud_receptacle"
        ],
        "sources": [
          "ldcad_shadow",
          "ldcad_shadow"
        ],
        "confidence": [
          1.0,
          1.0
        ],
        "feature_ids": [
          "stud@R71/studC",
          "s/3068bs01@R0/snap_cyl@L8:I2"
        ],
        "residual": {
          "distance": 0.0,
          "axial_gap": 0.0,
          "alignment": 1.0,
          "roll_alignment": 1.0,
          "entry_face_gap": 0.0,
          "penetration": 8.0
        }
      },
      {
        "instances": [
          23,
          102
        ],
        "status": "confirmed",
        "kinds": [
          "stud",
          "stud_receptacle"
        ],
        "sources": [
          "ldcad_shadow",
          "ldcad_shadow"
        ],
        "confidence": [
          1.0,
          1.0
        ],
        "feature_ids": [
          "stud@R72/studC",
          "s/3068bs01@R0/snap_cyl@L8:I0"
        ],
        "residual": {
          "distance": 0.0,
          "axial_gap": 0.0,
          "alignment": 1.0,
          "roll_alignment": 1.0,
          "entry_face_gap": 0.0,
          "penetration": 8.0
        }
      },
      {
        "instances": [
          23,
          103
        ],
        "status": "confirmed",
        "kinds": [
          "stud",
          "stud_receptacle"
        ],
        "sources": [
          "ldcad_shadow",
          "ldcad_shadow"
        ],
        "confidence": [
          1.0,
          1.0
        ],
        "feature_ids": [
          "stud@R35/studC",
          "s/3068bs01@R0/snap_cyl@L8:I3"
        ],
        "residual": {
          "distance": 0.0,
          "axial_gap": 0.0,
          "alignment": 1.0,
          "roll_alignment": 1.0,
          "entry_face_gap": 0.0,
          "penetration": 8.0
        }
      },
      {
        "instances": [
          23,
          103
        ],
        "status": "confirmed",
        "kinds": [
          "stud",
          "stud_receptacle"
        ],
        "sources": [
          "ldcad_shadow",
          "ldcad_shadow"
        ],
        "confidence": [
          1.0,
          1.0
        ],
        "feature_ids": [
          "stud@R36/studC",
          "s/3068bs01@R0/snap_cyl@L8:I1"
        ],
        "residual": {
          "distance": 0.0,
          "axial_gap": 0.0,
          "alignment": 1.0,
          "roll_alignment": 1.0,
          "entry_face_gap": 0.0,
          "penetration": 8.0
        }
      },
      {
        "instances": [
          23,
          103
        ],
        "status": "confirmed",
        "kinds": [
          "stud",
          "stud_receptacle"
        ],
        "sources": [
          "ldcad_shadow",
          "ldcad_shadow"
        ],
        "confidence": [
          1.0,
          1.0
        ],
        "feature_ids": [
          "stud@R47/studC",
          "s/3068bs01@R0/snap_cyl@L8:I2"
        ],
        "residual": {
          "distance": 0.0,
          "axial_gap": 0.0,
          "alignment": 1.0,
          "roll_alignment": 1.0,
          "entry_face_gap": 0.0,
          "penetration": 8.0
        }
      },
      {
        "instances": [
          23,
          103
        ],
        "status": "confirmed",
        "kinds": [
          "stud",
          "stud_receptacle"
        ],
        "sources": [
          "ldcad_shadow",
          "ldcad_shadow"
        ],
        "confidence": [
          1.0,
          1.0
        ],
        "feature_ids": [
          "stud@R48/studC",
          "s/3068bs01@R0/snap_cyl@L8:I0"
        ],
        "residual": {
          "distance": 0.0,
          "axial_gap": 0.0,
          "alignment": 1.0,
          "roll_alignment": 1.0,
          "entry_face_gap": 0.0,
          "penetration": 8.0
        }
      },
      {
        "instances": [
          24,
          108
        ],
        "status": "potential",
        "kinds": [
          "stud",
          "stud_receptacle"
        ],
        "sources": [
          "ldcad_shadow",
          "heuristic"
        ],
        "confidence": [
          1.0,
          0.8
        ],
        "feature_ids": [
          "stud@R11/studC",
          "snap_cyl@L8:I7"
        ],
        "residual": {
          "distance": 0.0,
          "axial_gap": 0.0,
          "alignment": 1.0,
          "roll_alignment": 1.0,
          "entry_face_gap": 0.0,
          "penetration": 12.0
        }
      },
      {
        "instances": [
          24,
          108
        ],
        "status": "potential",
        "kinds": [
          "stud",
          "stud_receptacle"
        ],
        "sources": [
          "ldcad_shadow",
          "heuristic"
        ],
        "confidence": [
          1.0,
          0.8
        ],
        "feature_ids": [
          "stud@R12/studC",
          "snap_cyl@L8:I6"
        ],
        "residual": {
          "distance": 0.0,
          "axial_gap": 0.0,
          "alignment": 1.0,
          "roll_alignment": 1.0,
          "entry_face_gap": 0.0,
          "penetration": 12.0
        }
      },
      {
        "instances": [
          24,
          108
        ],
        "status": "potential",
        "kinds": [
          "stud",
          "stud_receptacle"
        ],
        "sources": [
          "ldcad_shadow",
          "heuristic"
        ],
        "confidence": [
          1.0,
          0.8
        ],
        "feature_ids": [
          "stud@R13/studC",
          "snap_cyl@L8:I5"
        ],
        "residual": {
          "distance": 0.0,
          "axial_gap": 0.0,
          "alignment": 1.0,
          "roll_alignment": 1.0,
          "entry_face_gap": 0.0,
          "penetration": 12.0
        }
      },
      {
        "instances": [
          24,
          108
        ],
        "status": "potential",
        "kinds": [
          "stud",
          "stud_receptacle"
        ],
        "sources": [
          "ldcad_shadow",
          "heuristic"
        ],
        "confidence": [
          1.0,
          0.8
        ],
        "feature_ids": [
          "stud@R14/studC",
          "snap_cyl@L8:I4"
        ],
        "residual": {
          "distance": 0.0,
          "axial_gap": 0.0,
          "alignment": 1.0,
          "roll_alignment": 1.0,
          "entry_face_gap": 0.0,
          "penetration": 12.0
        }
      },
      {
        "instances": [
          24,
          108
        ],
        "status": "potential",
        "kinds": [
          "stud",
          "stud_receptacle"
        ],
        "sources": [
          "ldcad_shadow",
          "heuristic"
        ],
        "confidence": [
          1.0,
          0.8
        ],
        "feature_ids": [
          "stud@R15/studC",
          "snap_cyl@L8:I3"
        ],
        "residual": {
          "distance": 0.0,
          "axial_gap": 0.0,
          "alignment": 1.0,
          "roll_alignment": 1.0,
          "entry_face_gap": 0.0,
          "penetration": 12.0
        }
      },
      {
        "instances": [
          24,
          108
        ],
        "status": "potential",
        "kinds": [
          "stud",
          "stud_receptacle"
        ],
        "sources": [
          "ldcad_shadow",
          "heuristic"
        ],
        "confidence": [
          1.0,
          0.8
        ],
        "feature_ids": [
          "stud@R16/studC",
          "snap_cyl@L8:I2"
        ],
        "residual": {
          "distance": 0.0,
          "axial_gap": 0.0,
          "alignment": 1.0,
          "roll_alignment": 1.0,
          "entry_face_gap": 0.0,
          "penetration": 12.0
        }
      },
      {
        "instances": [
          24,
          109
        ],
        "status": "potential",
        "kinds": [
          "stud",
          "stud_receptacle"
        ],
        "sources": [
          "ldcad_shadow",
          "heuristic"
        ],
        "confidence": [
          1.0,
          0.8
        ],
        "feature_ids": [
          "stud@R10/studC",
          "snap_cyl@L8:I0"
        ],
        "residual": {
          "distance": 0.0,
          "axial_gap": 0.0,
          "alignment": 1.0,
          "roll_alignment": 1.0,
          "entry_face_gap": 0.0,
          "penetration": 12.0
        }
      },
      {
        "instances": [
          24,
          109
        ],
        "status": "potential",
        "kinds": [
          "stud",
          "stud_receptacle"
        ],
        "sources": [
          "ldcad_shadow",
          "heuristic"
        ],
        "confidence": [
          1.0,
          0.8
        ],
        "feature_ids": [
          "stud@R9/studC",
          "snap_cyl@L8:I1"
        ],
        "residual": {
          "distance": 0.0,
          "axial_gap": 0.0,
          "alignment": 1.0,
          "roll_alignment": 1.0,
          "entry_face_gap": 0.0,
          "penetration": 12.0
        }
      },
      {
        "instances": [
          25,
          109
        ],
        "status": "potential",
        "kinds": [
          "stud",
          "stud_receptacle"
        ],
        "sources": [
          "ldcad_shadow",
          "heuristic"
        ],
        "confidence": [
          1.0,
          0.8
        ],
        "feature_ids": [
          "stud@R11/studC",
          "snap_cyl@L8:I7"
        ],
        "residual": {
          "distance": 0.0,
          "axial_gap": 0.0,
          "alignment": 1.0,
          "roll_alignment": 1.0,
          "entry_face_gap": 0.0,
          "penetration": 12.0
        }
      },
      {
        "instances": [
          25,
          109
        ],
        "status": "potential",
        "kinds": [
          "stud",
          "stud_receptacle"
        ],
        "sources": [
          "ldcad_shadow",
          "heuristic"
        ],
        "confidence": [
          1.0,
          0.8
        ],
        "feature_ids": [
          "stud@R12/studC",
          "snap_cyl@L8:I6"
        ],
        "residual": {
          "distance": 0.0,
          "axial_gap": 0.0,
          "alignment": 1.0,
          "roll_alignment": 1.0,
          "entry_face_gap": 0.0,
          "penetration": 12.0
        }
      },
      {
        "instances": [
          25,
          109
        ],
        "status": "potential",
        "kinds": [
          "stud",
          "stud_receptacle"
        ],
        "sources": [
          "ldcad_shadow",
          "heuristic"
        ],
        "confidence": [
          1.0,
          0.8
        ],
        "feature_ids": [
          "stud@R13/studC",
          "snap_cyl@L8:I5"
        ],
        "residual": {
          "distance": 0.0,
          "axial_gap": 0.0,
          "alignment": 1.0,
          "roll_alignment": 1.0,
          "entry_face_gap": 0.0,
          "penetration": 12.0
        }
      },
      {
        "instances": [
          25,
          109
        ],
        "status": "potential",
        "kinds": [
          "stud",
          "stud_receptacle"
        ],
        "sources": [
          "ldcad_shadow",
          "heuristic"
        ],
        "confidence": [
          1.0,
          0.8
        ],
        "feature_ids": [
          "stud@R14/studC",
          "snap_cyl@L8:I4"
        ],
        "residual": {
          "distance": 0.0,
          "axial_gap": 0.0,
          "alignment": 1.0,
          "roll_alignment": 1.0,
          "entry_face_gap": 0.0,
          "penetration": 12.0
        }
      },
      {
        "instances": [
          25,
          109
        ],
        "status": "potential",
        "kinds": [
          "stud",
          "stud_receptacle"
        ],
        "sources": [
          "ldcad_shadow",
          "heuristic"
        ],
        "confidence": [
          1.0,
          0.8
        ],
        "feature_ids": [
          "stud@R15/studC",
          "snap_cyl@L8:I3"
        ],
        "residual": {
          "distance": 0.0,
          "axial_gap": 0.0,
          "alignment": 1.0,
          "roll_alignment": 1.0,
          "entry_face_gap": 0.0,
          "penetration": 12.0
        }
      },
      {
        "instances": [
          25,
          109
        ],
        "status": "potential",
        "kinds": [
          "stud",
          "stud_receptacle"
        ],
        "sources": [
          "ldcad_shadow",
          "heuristic"
        ],
        "confidence": [
          1.0,
          0.8
        ],
        "feature_ids": [
          "stud@R16/studC",
          "snap_cyl@L8:I2"
        ],
        "residual": {
          "distance": 0.0,
          "axial_gap": 0.0,
          "alignment": 1.0,
          "roll_alignment": 1.0,
          "entry_face_gap": 0.0,
          "penetration": 12.0
        }
      },
      {
        "instances": [
          25,
          110
        ],
        "status": "potential",
        "kinds": [
          "stud",
          "stud_receptacle"
        ],
        "sources": [
          "ldcad_shadow",
          "heuristic"
        ],
        "confidence": [
          1.0,
          0.8
        ],
        "feature_ids": [
          "stud@R10/studC",
          "snap_cyl@L8:I0"
        ],
        "residual": {
          "distance": 0.0,
          "axial_gap": 0.0,
          "alignment": 1.0,
          "roll_alignment": 1.0,
          "entry_face_gap": 0.0,
          "penetration": 12.0
        }
      },
      {
        "instances": [
          25,
          110
        ],
        "status": "potential",
        "kinds": [
          "stud",
          "stud_receptacle"
        ],
        "sources": [
          "ldcad_shadow",
          "heuristic"
        ],
        "confidence": [
          1.0,
          0.8
        ],
        "feature_ids": [
          "stud@R9/studC",
          "snap_cyl@L8:I1"
        ],
        "residual": {
          "distance": 0.0,
          "axial_gap": 0.0,
          "alignment": 1.0,
          "roll_alignment": 1.0,
          "entry_face_gap": 0.0,
          "penetration": 12.0
        }
      },
      {
        "instances": [
          26,
          110
        ],
        "status": "potential",
        "kinds": [
          "stud",
          "stud_receptacle"
        ],
        "sources": [
          "ldcad_shadow",
          "heuristic"
        ],
        "confidence": [
          1.0,
          0.8
        ],
        "feature_ids": [
          "stud@R11/studC",
          "snap_cyl@L8:I7"
        ],
        "residual": {
          "distance": 0.0,
          "axial_gap": 0.0,
          "alignment": 1.0,
          "roll_alignment": 1.0,
          "entry_face_gap": 0.0,
          "penetration": 12.0
        }
      },
      {
        "instances": [
          26,
          110
        ],
        "status": "potential",
        "kinds": [
          "stud",
          "stud_receptacle"
        ],
        "sources": [
          "ldcad_shadow",
          "heuristic"
        ],
        "confidence": [
          1.0,
          0.8
        ],
        "feature_ids": [
          "stud@R12/studC",
          "snap_cyl@L8:I6"
        ],
        "residual": {
          "distance": 0.0,
          "axial_gap": 0.0,
          "alignment": 1.0,
          "roll_alignment": 1.0,
          "entry_face_gap": 0.0,
          "penetration": 12.0
        }
      },
      {
        "instances": [
          26,
          110
        ],
        "status": "potential",
        "kinds": [
          "stud",
          "stud_receptacle"
        ],
        "sources": [
          "ldcad_shadow",
          "heuristic"
        ],
        "confidence": [
          1.0,
          0.8
        ],
        "feature_ids": [
          "stud@R13/studC",
          "snap_cyl@L8:I5"
        ],
        "residual": {
          "distance": 0.0,
          "axial_gap": 0.0,
          "alignment": 1.0,
          "roll_alignment": 1.0,
          "entry_face_gap": 0.0,
          "penetration": 12.0
        }
      },
      {
        "instances": [
          26,
          110
        ],
        "status": "potential",
        "kinds": [
          "stud",
          "stud_receptacle"
        ],
        "sources": [
          "ldcad_shadow",
          "heuristic"
        ],
        "confidence": [
          1.0,
          0.8
        ],
        "feature_ids": [
          "stud@R14/studC",
          "snap_cyl@L8:I4"
        ],
        "residual": {
          "distance": 0.0,
          "axial_gap": 0.0,
          "alignment": 1.0,
          "roll_alignment": 1.0,
          "entry_face_gap": 0.0,
          "penetration": 12.0
        }
      },
      {
        "instances": [
          26,
          110
        ],
        "status": "potential",
        "kinds": [
          "stud",
          "stud_receptacle"
        ],
        "sources": [
          "ldcad_shadow",
          "heuristic"
        ],
        "confidence": [
          1.0,
          0.8
        ],
        "feature_ids": [
          "stud@R15/studC",
          "snap_cyl@L8:I3"
        ],
        "residual": {
          "distance": 0.0,
          "axial_gap": 0.0,
          "alignment": 1.0,
          "roll_alignment": 1.0,
          "entry_face_gap": 0.0,
          "penetration": 12.0
        }
      },
      {
        "instances": [
          26,
          110
        ],
        "status": "potential",
        "kinds": [
          "stud",
          "stud_receptacle"
        ],
        "sources": [
          "ldcad_shadow",
          "heuristic"
        ],
        "confidence": [
          1.0,
          0.8
        ],
        "feature_ids": [
          "stud@R16/studC",
          "snap_cyl@L8:I2"
        ],
        "residual": {
          "distance": 0.0,
          "axial_gap": 0.0,
          "alignment": 1.0,
          "roll_alignment": 1.0,
          "entry_face_gap": 0.0,
          "penetration": 12.0
        }
      },
      {
        "instances": [
          26,
          111
        ],
        "status": "potential",
        "kinds": [
          "stud",
          "stud_receptacle"
        ],
        "sources": [
          "ldcad_shadow",
          "heuristic"
        ],
        "confidence": [
          1.0,
          0.8
        ],
        "feature_ids": [
          "stud@R10/studC",
          "snap_cyl@L8:I0"
        ],
        "residual": {
          "distance": 0.0,
          "axial_gap": 0.0,
          "alignment": 1.0,
          "roll_alignment": 1.0,
          "entry_face_gap": 0.0,
          "penetration": 12.0
        }
      },
      {
        "instances": [
          26,
          111
        ],
        "status": "potential",
        "kinds": [
          "stud",
          "stud_receptacle"
        ],
        "sources": [
          "ldcad_shadow",
          "heuristic"
        ],
        "confidence": [
          1.0,
          0.8
        ],
        "feature_ids": [
          "stud@R9/studC",
          "snap_cyl@L8:I1"
        ],
        "residual": {
          "distance": 0.0,
          "axial_gap": 0.0,
          "alignment": 1.0,
          "roll_alignment": 1.0,
          "entry_face_gap": 0.0,
          "penetration": 12.0
        }
      },
      {
        "instances": [
          27,
          107
        ],
        "status": "potential",
        "kinds": [
          "stud",
          "stud_receptacle"
        ],
        "sources": [
          "ldcad_shadow",
          "heuristic"
        ],
        "confidence": [
          1.0,
          0.8
        ],
        "feature_ids": [
          "stud@R5/studC",
          "snap_cyl@L8:I3"
        ],
        "residual": {
          "distance": 0.0,
          "axial_gap": 0.0,
          "alignment": 1.0,
          "roll_alignment": 1.0,
          "entry_face_gap": 0.0,
          "penetration": 12.0
        }
      },
      {
        "instances": [
          27,
          107
        ],
        "status": "potential",
        "kinds": [
          "stud",
          "stud_receptacle"
        ],
        "sources": [
          "ldcad_shadow",
          "heuristic"
        ],
        "confidence": [
          1.0,
          0.8
        ],
        "feature_ids": [
          "stud@R6/studC",
          "snap_cyl@L8:I2"
        ],
        "residual": {
          "distance": 0.0,
          "axial_gap": 0.0,
          "alignment": 1.0,
          "roll_alignment": 1.0,
          "entry_face_gap": 0.0,
          "penetration": 12.0
        }
      },
      {
        "instances": [
          27,
          115
        ],
        "status": "potential",
        "kinds": [
          "stud",
          "stud_receptacle"
        ],
        "sources": [
          "ldcad_shadow",
          "heuristic"
        ],
        "confidence": [
          1.0,
          0.8
        ],
        "feature_ids": [
          "stud@R3/studC",
          "snap_cyl@L8:I7"
        ],
        "residual": {
          "distance": 0.0,
          "axial_gap": 0.0,
          "alignment": 1.0,
          "roll_alignment": 1.0,
          "entry_face_gap": 0.0,
          "penetration": 12.0
        }
      },
      {
        "instances": [
          28,
          115
        ],
        "status": "potential",
        "kinds": [
          "stud",
          "stud_receptacle"
        ],
        "sources": [
          "ldcad_shadow",
          "heuristic"
        ],
        "confidence": [
          1.0,
          0.8
        ],
        "feature_ids": [
          "stud@R10/studC",
          "snap_cyl@L8:I5"
        ],
        "residual": {
          "distance": 0.0,
          "axial_gap": 0.0,
          "alignment": 1.0,
          "roll_alignment": 1.0,
          "entry_face_gap": 0.0,
          "penetration": 12.0
        }
      },
      {
        "instances": [
          28,
          115
        ],
        "status": "potential",
        "kinds": [
          "stud",
          "stud_receptacle"
        ],
        "sources": [
          "ldcad_shadow",
          "heuristic"
        ],
        "confidence": [
          1.0,
          0.8
        ],
        "feature_ids": [
          "stud@R11/studC",
          "snap_cyl@L8:I4"
        ],
        "residual": {
          "distance": 0.0,
          "axial_gap": 0.0,
          "alignment": 1.0,
          "roll_alignment": 1.0,
          "entry_face_gap": 0.0,
          "penetration": 12.0
        }
      },
      {
        "instances": [
          28,
          115
        ],
        "status": "potential",
        "kinds": [
          "stud",
          "stud_receptacle"
        ],
        "sources": [
          "ldcad_shadow",
          "heuristic"
        ],
        "confidence": [
          1.0,
          0.8
        ],
        "feature_ids": [
          "stud@R12/studC",
          "snap_cyl@L8:I3"
        ],
        "residual": {
          "distance": 0.0,
          "axial_gap": 0.0,
          "alignment": 1.0,
          "roll_alignment": 1.0,
          "entry_face_gap": 0.0,
          "penetration": 12.0
        }
      },
      {
        "instances": [
          28,
          115
        ],
        "status": "potential",
        "kinds": [
          "stud",
          "stud_receptacle"
        ],
        "sources": [
          "ldcad_shadow",
          "heuristic"
        ],
        "confidence": [
          1.0,
          0.8
        ],
        "feature_ids": [
          "stud@R13/studC",
          "snap_cyl@L8:I2"
        ],
        "residual": {
          "distance": 0.0,
          "axial_gap": 0.0,
          "alignment": 1.0,
          "roll_alignment": 1.0,
          "entry_face_gap": 0.0,
          "penetration": 12.0
        }
      },
      {
        "instances": [
          28,
          115
        ],
        "status": "potential",
        "kinds": [
          "stud",
          "stud_receptacle"
        ],
        "sources": [
          "ldcad_shadow",
          "heuristic"
        ],
        "confidence": [
          1.0,
          0.8
        ],
        "feature_ids": [
          "stud@R14/studC",
          "snap_cyl@L8:I1"
        ],
        "residual": {
          "distance": 0.0,
          "axial_gap": 0.0,
          "alignment": 1.0,
          "roll_alignment": 1.0,
          "entry_face_gap": 0.0,
          "penetration": 12.0
        }
      },
      {
        "instances": [
          28,
          115
        ],
        "status": "potential",
        "kinds": [
          "stud",
          "stud_receptacle"
        ],
        "sources": [
          "ldcad_shadow",
          "heuristic"
        ],
        "confidence": [
          1.0,
          0.8
        ],
        "feature_ids": [
          "stud@R15/studC",
          "snap_cyl@L8:I0"
        ],
        "residual": {
          "distance": 0.0,
          "axial_gap": 0.0,
          "alignment": 1.0,
          "roll_alignment": 1.0,
          "entry_face_gap": 0.0,
          "penetration": 12.0
        }
      },
      {
        "instances": [
          28,
          115
        ],
        "status": "potential",
        "kinds": [
          "stud",
          "stud_receptacle"
        ],
        "sources": [
          "ldcad_shadow",
          "heuristic"
        ],
        "confidence": [
          1.0,
          0.8
        ],
        "feature_ids": [
          "stud@R9/studC",
          "snap_cyl@L8:I6"
        ],
        "residual": {
          "distance": 0.0,
          "axial_gap": 0.0,
          "alignment": 1.0,
          "roll_alignment": 1.0,
          "entry_face_gap": 0.0,
          "penetration": 12.0
        }
      },
      {
        "instances": [
          28,
          116
        ],
        "status": "potential",
        "kinds": [
          "stud",
          "stud_receptacle"
        ],
        "sources": [
          "ldcad_shadow",
          "heuristic"
        ],
        "confidence": [
          1.0,
          0.8
        ],
        "feature_ids": [
          "stud@R16/studC",
          "snap_cyl@L8:I7"
        ],
        "residual": {
          "distance": 0.0,
          "axial_gap": 0.0,
          "alignment": 1.0,
          "roll_alignment": 1.0,
          "entry_face_gap": 0.0,
          "penetration": 12.0
        }
      },
      {
        "instances": [
          29,
          116
        ],
        "status": "potential",
        "kinds": [
          "stud",
          "stud_receptacle"
        ],
        "sources": [
          "ldcad_shadow",
          "heuristic"
        ],
        "confidence": [
          1.0,
          0.8
        ],
        "feature_ids": [
          "stud@R10/studC",
          "snap_cyl@L8:I5"
        ],
        "residual": {
          "distance": 0.0,
          "axial_gap": 0.0,
          "alignment": 1.0,
          "roll_alignment": 1.0,
          "entry_face_gap": 0.0,
          "penetration": 12.0
        }
      },
      {
        "instances": [
          29,
          116
        ],
        "status": "potential",
        "kinds": [
          "stud",
          "stud_receptacle"
        ],
        "sources": [
          "ldcad_shadow",
          "heuristic"
        ],
        "confidence": [
          1.0,
          0.8
        ],
        "feature_ids": [
          "stud@R11/studC",
          "snap_cyl@L8:I4"
        ],
        "residual": {
          "distance": 0.0,
          "axial_gap": 0.0,
          "alignment": 1.0,
          "roll_alignment": 1.0,
          "entry_face_gap": 0.0,
          "penetration": 12.0
        }
      },
      {
        "instances": [
          29,
          116
        ],
        "status": "potential",
        "kinds": [
          "stud",
          "stud_receptacle"
        ],
        "sources": [
          "ldcad_shadow",
          "heuristic"
        ],
        "confidence": [
          1.0,
          0.8
        ],
        "feature_ids": [
          "stud@R12/studC",
          "snap_cyl@L8:I3"
        ],
        "residual": {
          "distance": 0.0,
          "axial_gap": 0.0,
          "alignment": 1.0,
          "roll_alignment": 1.0,
          "entry_face_gap": 0.0,
          "penetration": 12.0
        }
      },
      {
        "instances": [
          29,
          116
        ],
        "status": "potential",
        "kinds": [
          "stud",
          "stud_receptacle"
        ],
        "sources": [
          "ldcad_shadow",
          "heuristic"
        ],
        "confidence": [
          1.0,
          0.8
        ],
        "feature_ids": [
          "stud@R13/studC",
          "snap_cyl@L8:I2"
        ],
        "residual": {
          "distance": 0.0,
          "axial_gap": 0.0,
          "alignment": 1.0,
          "roll_alignment": 1.0,
          "entry_face_gap": 0.0,
          "penetration": 12.0
        }
      },
      {
        "instances": [
          29,
          116
        ],
        "status": "potential",
        "kinds": [
          "stud",
          "stud_receptacle"
        ],
        "sources": [
          "ldcad_shadow",
          "heuristic"
        ],
        "confidence": [
          1.0,
          0.8
        ],
        "feature_ids": [
          "stud@R14/studC",
          "snap_cyl@L8:I1"
        ],
        "residual": {
          "distance": 0.0,
          "axial_gap": 0.0,
          "alignment": 1.0,
          "roll_alignment": 1.0,
          "entry_face_gap": 0.0,
          "penetration": 12.0
        }
      },
      {
        "instances": [
          29,
          116
        ],
        "status": "potential",
        "kinds": [
          "stud",
          "stud_receptacle"
        ],
        "sources": [
          "ldcad_shadow",
          "heuristic"
        ],
        "confidence": [
          1.0,
          0.8
        ],
        "feature_ids": [
          "stud@R15/studC",
          "snap_cyl@L8:I0"
        ],
        "residual": {
          "distance": 0.0,
          "axial_gap": 0.0,
          "alignment": 1.0,
          "roll_alignment": 1.0,
          "entry_face_gap": 0.0,
          "penetration": 12.0
        }
      },
      {
        "instances": [
          29,
          116
        ],
        "status": "potential",
        "kinds": [
          "stud",
          "stud_receptacle"
        ],
        "sources": [
          "ldcad_shadow",
          "heuristic"
        ],
        "confidence": [
          1.0,
          0.8
        ],
        "feature_ids": [
          "stud@R9/studC",
          "snap_cyl@L8:I6"
        ],
        "residual": {
          "distance": 0.0,
          "axial_gap": 0.0,
          "alignment": 1.0,
          "roll_alignment": 1.0,
          "entry_face_gap": 0.0,
          "penetration": 12.0
        }
      },
      {
        "instances": [
          29,
          117
        ],
        "status": "potential",
        "kinds": [
          "stud",
          "stud_receptacle"
        ],
        "sources": [
          "ldcad_shadow",
          "heuristic"
        ],
        "confidence": [
          1.0,
          0.8
        ],
        "feature_ids": [
          "stud@R16/studC",
          "s/3023bs01@R0/snap_cyl@L9:I1"
        ],
        "residual": {
          "distance": 0.0,
          "axial_gap": 0.0,
          "alignment": 1.0,
          "roll_alignment": 1.0,
          "entry_face_gap": 0.0,
          "penetration": 12.0
        }
      },
      {
        "instances": [
          30,
          111
        ],
        "status": "potential",
        "kinds": [
          "stud",
          "stud_receptacle"
        ],
        "sources": [
          "ldcad_shadow",
          "heuristic"
        ],
        "confidence": [
          1.0,
          0.8
        ],
        "feature_ids": [
          "stud@R3/studC",
          "snap_cyl@L8:I3"
        ],
        "residual": {
          "distance": 0.0,
          "axial_gap": 0.0,
          "alignment": 1.0,
          "roll_alignment": 1.0,
          "entry_face_gap": 0.0,
          "penetration": 12.0
        }
      },
      {
        "instances": [
          30,
          111
        ],
        "status": "potential",
        "kinds": [
          "stud",
          "stud_receptacle"
        ],
        "sources": [
          "ldcad_shadow",
          "heuristic"
        ],
        "confidence": [
          1.0,
          0.8
        ],
        "feature_ids": [
          "stud@R4/studC",
          "snap_cyl@L8:I2"
        ],
        "residual": {
          "distance": 0.0,
          "axial_gap": 0.0,
          "alignment": 1.0,
          "roll_alignment": 1.0,
          "entry_face_gap": 0.0,
          "penetration": 12.0
        }
      },
      {
        "instances": [
          30,
          117
        ],
        "status": "potential",
        "kinds": [
          "stud",
          "stud_receptacle"
        ],
        "sources": [
          "ldcad_shadow",
          "heuristic"
        ],
        "confidence": [
          1.0,
          0.8
        ],
        "feature_ids": [
          "stud@R5/studC",
          "s/3023bs01@R0/snap_cyl@L9:I0"
        ],
        "residual": {
          "distance": 0.0,
          "axial_gap": 0.0,
          "alignment": 1.0,
          "roll_alignment": 1.0,
          "entry_face_gap": 0.0,
          "penetration": 12.0
        }
      },
      {
        "instances": [
          31,
          41
        ],
        "status": "confirmed",
        "kinds": [
          "stud",
          "stud_receptacle"
        ],
        "sources": [
          "ldcad_shadow",
          "primitive"
        ],
        "confidence": [
          1.0,
          1.0
        ],
        "feature_ids": [
          "s/3007s01@R0/stug-1x8@R2/stud@R0/studC",
          "s/3007s01@R0/stug4-1x7@R4/stud4@R0/stud4:socket:-1-1"
        ],
        "residual": {
          "distance": 0.0,
          "axial_gap": 0.0,
          "alignment": 1.0,
          "roll_alignment": 1.0,
          "entry_face_gap": 0.0,
          "penetration": 28.0
        }
      },
      {
        "instances": [
          31,
          41
        ],
        "status": "confirmed",
        "kinds": [
          "stud",
          "stud_receptacle"
        ],
        "sources": [
          "ldcad_shadow",
          "primitive"
        ],
        "confidence": [
          1.0,
          1.0
        ],
        "feature_ids": [
          "s/3007s01@R0/stug-1x8@R2/stud@R1/studC",
          "s/3007s01@R0/stug4-1x7@R4/stud4@R0/stud4:socket:+1-1"
        ],
        "residual": {
          "distance": 0.0,
          "axial_gap": 0.0,
          "alignment": 1.0,
          "roll_alignment": 1.0,
          "entry_face_gap": 0.0,
          "penetration": 28.0
        }
      },
      {
        "instances": [
          31,
          41
        ],
        "status": "confirmed",
        "kinds": [
          "stud",
          "stud_receptacle"
        ],
        "sources": [
          "ldcad_shadow",
          "primitive"
        ],
        "confidence": [
          1.0,
          1.0
        ],
        "feature_ids": [
          "s/3007s01@R0/stug-1x8@R2/stud@R2/studC",
          "s/3007s01@R0/stug4-1x7@R4/stud4@R1/stud4:socket:+1-1"
        ],
        "residual": {
          "distance": 0.0,
          "axial_gap": 0.0,
          "alignment": 1.0,
          "roll_alignment": 1.0,
          "entry_face_gap": 0.0,
          "penetration": 28.0
        }
      },
      {
        "instances": [
          31,
          41
        ],
        "status": "confirmed",
        "kinds": [
          "stud",
          "stud_receptacle"
        ],
        "sources": [
          "ldcad_shadow",
          "primitive"
        ],
        "confidence": [
          1.0,
          1.0
        ],
        "feature_ids": [
          "s/3007s01@R0/stug-1x8@R2/stud@R3/studC",
          "s/3007s01@R0/stug4-1x7@R4/stud4@R2/stud4:socket:+1-1"
        ],
        "residual": {
          "distance": 0.0,
          "axial_gap": 0.0,
          "alignment": 1.0,
          "roll_alignment": 1.0,
          "entry_face_gap": 0.0,
          "penetration": 28.0
        }
      },
      {
        "instances": [
          31,
          41
        ],
        "status": "confirmed",
        "kinds": [
          "stud",
          "stud_receptacle"
        ],
        "sources": [
          "ldcad_shadow",
          "primitive"
        ],
        "confidence": [
          1.0,
          1.0
        ],
        "feature_ids": [
          "s/3007s01@R0/stug-1x8@R2/stud@R4/studC",
          "s/3007s01@R0/stug4-1x7@R4/stud4@R3/stud4:socket:+1-1"
        ],
        "residual": {
          "distance": 0.0,
          "axial_gap": 0.0,
          "alignment": 1.0,
          "roll_alignment": 1.0,
          "entry_face_gap": 0.0,
          "penetration": 28.0
        }
      },
      {
        "instances": [
          31,
          41
        ],
        "status": "confirmed",
        "kinds": [
          "stud",
          "stud_receptacle"
        ],
        "sources": [
          "ldcad_shadow",
          "primitive"
        ],
        "confidence": [
          1.0,
          1.0
        ],
        "feature_ids": [
          "s/3007s01@R0/stug-1x8@R2/stud@R5/studC",
          "s/3007s01@R0/stug4-1x7@R4/stud4@R4/stud4:socket:+1-1"
        ],
        "residual": {
          "distance": 0.0,
          "axial_gap": 0.0,
          "alignment": 1.0,
          "roll_alignment": 1.0,
          "entry_face_gap": 0.0,
          "penetration": 28.0
        }
      },
      {
        "instances": [
          31,
          41
        ],
        "status": "confirmed",
        "kinds": [
          "stud",
          "stud_receptacle"
        ],
        "sources": [
          "ldcad_shadow",
          "primitive"
        ],
        "confidence": [
          1.0,
          1.0
        ],
        "feature_ids": [
          "s/3007s01@R0/stug-1x8@R2/stud@R6/studC",
          "s/3007s01@R0/stug4-1x7@R4/stud4@R5/stud4:socket:+1-1"
        ],
        "residual": {
          "distance": 0.0,
          "axial_gap": 0.0,
          "alignment": 1.0,
          "roll_alignment": 1.0,
          "entry_face_gap": 0.0,
          "penetration": 28.0
        }
      },
      {
        "instances": [
          31,
          41
        ],
        "status": "confirmed",
        "kinds": [
          "stud",
          "stud_receptacle"
        ],
        "sources": [
          "ldcad_shadow",
          "primitive"
        ],
        "confidence": [
          1.0,
          1.0
        ],
        "feature_ids": [
          "s/3007s01@R0/stug-1x8@R2/stud@R7/studC",
          "s/3007s01@R0/stug4-1x7@R4/stud4@R6/stud4:socket:+1-1"
        ],
        "residual": {
          "distance": 0.0,
          "axial_gap": 0.0,
          "alignment": 1.0,
          "roll_alignment": 1.0,
          "entry_face_gap": 0.0,
          "penetration": 28.0
        }
      },
      {
        "instances": [
          31,
          41
        ],
        "status": "confirmed",
        "kinds": [
          "stud",
          "stud_receptacle"
        ],
        "sources": [
          "ldcad_shadow",
          "primitive"
        ],
        "confidence": [
          1.0,
          1.0
        ],
        "feature_ids": [
          "s/3007s01@R0/stug-1x8@R3/stud@R0/studC",
          "s/3007s01@R0/stug4-1x7@R4/stud4@R0/stud4:socket:-1+1"
        ],
        "residual": {
          "distance": 0.0,
          "axial_gap": 0.0,
          "alignment": 1.0,
          "roll_alignment": 1.0,
          "entry_face_gap": 0.0,
          "penetration": 28.0
        }
      },
      {
        "instances": [
          31,
          41
        ],
        "status": "confirmed",
        "kinds": [
          "stud",
          "stud_receptacle"
        ],
        "sources": [
          "ldcad_shadow",
          "primitive"
        ],
        "confidence": [
          1.0,
          1.0
        ],
        "feature_ids": [
          "s/3007s01@R0/stug-1x8@R3/stud@R1/studC",
          "s/3007s01@R0/stug4-1x7@R4/stud4@R0/stud4:socket:+1+1"
        ],
        "residual": {
          "distance": 0.0,
          "axial_gap": 0.0,
          "alignment": 1.0,
          "roll_alignment": 1.0,
          "entry_face_gap": 0.0,
          "penetration": 28.0
        }
      },
      {
        "instances": [
          31,
          41
        ],
        "status": "confirmed",
        "kinds": [
          "stud",
          "stud_receptacle"
        ],
        "sources": [
          "ldcad_shadow",
          "primitive"
        ],
        "confidence": [
          1.0,
          1.0
        ],
        "feature_ids": [
          "s/3007s01@R0/stug-1x8@R3/stud@R2/studC",
          "s/3007s01@R0/stug4-1x7@R4/stud4@R1/stud4:socket:+1+1"
        ],
        "residual": {
          "distance": 0.0,
          "axial_gap": 0.0,
          "alignment": 1.0,
          "roll_alignment": 1.0,
          "entry_face_gap": 0.0,
          "penetration": 28.0
        }
      },
      {
        "instances": [
          31,
          41
        ],
        "status": "confirmed",
        "kinds": [
          "stud",
          "stud_receptacle"
        ],
        "sources": [
          "ldcad_shadow",
          "primitive"
        ],
        "confidence": [
          1.0,
          1.0
        ],
        "feature_ids": [
          "s/3007s01@R0/stug-1x8@R3/stud@R3/studC",
          "s/3007s01@R0/stug4-1x7@R4/stud4@R2/stud4:socket:+1+1"
        ],
        "residual": {
          "distance": 0.0,
          "axial_gap": 0.0,
          "alignment": 1.0,
          "roll_alignment": 1.0,
          "entry_face_gap": 0.0,
          "penetration": 28.0
        }
      },
      {
        "instances": [
          31,
          41
        ],
        "status": "confirmed",
        "kinds": [
          "stud",
          "stud_receptacle"
        ],
        "sources": [
          "ldcad_shadow",
          "primitive"
        ],
        "confidence": [
          1.0,
          1.0
        ],
        "feature_ids": [
          "s/3007s01@R0/stug-1x8@R3/stud@R4/studC",
          "s/3007s01@R0/stug4-1x7@R4/stud4@R3/stud4:socket:+1+1"
        ],
        "residual": {
          "distance": 0.0,
          "axial_gap": 0.0,
          "alignment": 1.0,
          "roll_alignment": 1.0,
          "entry_face_gap": 0.0,
          "penetration": 28.0
        }
      },
      {
        "instances": [
          31,
          41
        ],
        "status": "confirmed",
        "kinds": [
          "stud",
          "stud_receptacle"
        ],
        "sources": [
          "ldcad_shadow",
          "primitive"
        ],
        "confidence": [
          1.0,
          1.0
        ],
        "feature_ids": [
          "s/3007s01@R0/stug-1x8@R3/stud@R5/studC",
          "s/3007s01@R0/stug4-1x7@R4/stud4@R4/stud4:socket:+1+1"
        ],
        "residual": {
          "distance": 0.0,
          "axial_gap": 0.0,
          "alignment": 1.0,
          "roll_alignment": 1.0,
          "entry_face_gap": 0.0,
          "penetration": 28.0
        }
      },
      {
        "instances": [
          31,
          41
        ],
        "status": "confirmed",
        "kinds": [
          "stud",
          "stud_receptacle"
        ],
        "sources": [
          "ldcad_shadow",
          "primitive"
        ],
        "confidence": [
          1.0,
          1.0
        ],
        "feature_ids": [
          "s/3007s01@R0/stug-1x8@R3/stud@R6/studC",
          "s/3007s01@R0/stug4-1x7@R4/stud4@R5/stud4:socket:+1+1"
        ],
        "residual": {
          "distance": 0.0,
          "axial_gap": 0.0,
          "alignment": 1.0,
          "roll_alignment": 1.0,
          "entry_face_gap": 0.0,
          "penetration": 28.0
        }
      },
      {
        "instances": [
          31,
          41
        ],
        "status": "confirmed",
        "kinds": [
          "stud",
          "stud_receptacle"
        ],
        "sources": [
          "ldcad_shadow",
          "primitive"
        ],
        "confidence": [
          1.0,
          1.0
        ],
        "feature_ids": [
          "s/3007s01@R0/stug-1x8@R3/stud@R7/studC",
          "s/3007s01@R0/stug4-1x7@R4/stud4@R6/stud4:socket:+1+1"
        ],
        "residual": {
          "distance": 0.0,
          "axial_gap": 0.0,
          "alignment": 1.0,
          "roll_alignment": 1.0,
          "entry_face_gap": 0.0,
          "penetration": 28.0
        }
      },
      {
        "instances": [
          32,
          42
        ],
        "status": "confirmed",
        "kinds": [
          "stud",
          "stud_receptacle"
        ],
        "sources": [
          "ldcad_shadow",
          "primitive"
        ],
        "confidence": [
          1.0,
          1.0
        ],
        "feature_ids": [
          "s/3007s01@R0/stug-1x8@R2/stud@R0/studC",
          "s/3007s01@R0/stug4-1x7@R4/stud4@R0/stud4:socket:-1-1"
        ],
        "residual": {
          "distance": 0.0,
          "axial_gap": 0.0,
          "alignment": 1.0,
          "roll_alignment": 1.0,
          "entry_face_gap": 0.0,
          "penetration": 28.0
        }
      },
      {
        "instances": [
          32,
          42
        ],
        "status": "confirmed",
        "kinds": [
          "stud",
          "stud_receptacle"
        ],
        "sources": [
          "ldcad_shadow",
          "primitive"
        ],
        "confidence": [
          1.0,
          1.0
        ],
        "feature_ids": [
          "s/3007s01@R0/stug-1x8@R2/stud@R1/studC",
          "s/3007s01@R0/stug4-1x7@R4/stud4@R0/stud4:socket:+1-1"
        ],
        "residual": {
          "distance": 0.0,
          "axial_gap": 0.0,
          "alignment": 1.0,
          "roll_alignment": 1.0,
          "entry_face_gap": 0.0,
          "penetration": 28.0
        }
      },
      {
        "instances": [
          32,
          42
        ],
        "status": "confirmed",
        "kinds": [
          "stud",
          "stud_receptacle"
        ],
        "sources": [
          "ldcad_shadow",
          "primitive"
        ],
        "confidence": [
          1.0,
          1.0
        ],
        "feature_ids": [
          "s/3007s01@R0/stug-1x8@R2/stud@R2/studC",
          "s/3007s01@R0/stug4-1x7@R4/stud4@R1/stud4:socket:+1-1"
        ],
        "residual": {
          "distance": 0.0,
          "axial_gap": 0.0,
          "alignment": 1.0,
          "roll_alignment": 1.0,
          "entry_face_gap": 0.0,
          "penetration": 28.0
        }
      },
      {
        "instances": [
          32,
          42
        ],
        "status": "confirmed",
        "kinds": [
          "stud",
          "stud_receptacle"
        ],
        "sources": [
          "ldcad_shadow",
          "primitive"
        ],
        "confidence": [
          1.0,
          1.0
        ],
        "feature_ids": [
          "s/3007s01@R0/stug-1x8@R2/stud@R3/studC",
          "s/3007s01@R0/stug4-1x7@R4/stud4@R2/stud4:socket:+1-1"
        ],
        "residual": {
          "distance": 0.0,
          "axial_gap": 0.0,
          "alignment": 1.0,
          "roll_alignment": 1.0,
          "entry_face_gap": 0.0,
          "penetration": 28.0
        }
      },
      {
        "instances": [
          32,
          42
        ],
        "status": "confirmed",
        "kinds": [
          "stud",
          "stud_receptacle"
        ],
        "sources": [
          "ldcad_shadow",
          "primitive"
        ],
        "confidence": [
          1.0,
          1.0
        ],
        "feature_ids": [
          "s/3007s01@R0/stug-1x8@R2/stud@R4/studC",
          "s/3007s01@R0/stug4-1x7@R4/stud4@R3/stud4:socket:+1-1"
        ],
        "residual": {
          "distance": 0.0,
          "axial_gap": 0.0,
          "alignment": 1.0,
          "roll_alignment": 1.0,
          "entry_face_gap": 0.0,
          "penetration": 28.0
        }
      },
      {
        "instances": [
          32,
          42
        ],
        "status": "confirmed",
        "kinds": [
          "stud",
          "stud_receptacle"
        ],
        "sources": [
          "ldcad_shadow",
          "primitive"
        ],
        "confidence": [
          1.0,
          1.0
        ],
        "feature_ids": [
          "s/3007s01@R0/stug-1x8@R2/stud@R5/studC",
          "s/3007s01@R0/stug4-1x7@R4/stud4@R4/stud4:socket:+1-1"
        ],
        "residual": {
          "distance": 0.0,
          "axial_gap": 0.0,
          "alignment": 1.0,
          "roll_alignment": 1.0,
          "entry_face_gap": 0.0,
          "penetration": 28.0
        }
      },
      {
        "instances": [
          32,
          42
        ],
        "status": "confirmed",
        "kinds": [
          "stud",
          "stud_receptacle"
        ],
        "sources": [
          "ldcad_shadow",
          "primitive"
        ],
        "confidence": [
          1.0,
          1.0
        ],
        "feature_ids": [
          "s/3007s01@R0/stug-1x8@R2/stud@R6/studC",
          "s/3007s01@R0/stug4-1x7@R4/stud4@R5/stud4:socket:+1-1"
        ],
        "residual": {
          "distance": 0.0,
          "axial_gap": 0.0,
          "alignment": 1.0,
          "roll_alignment": 1.0,
          "entry_face_gap": 0.0,
          "penetration": 28.0
        }
      },
      {
        "instances": [
          32,
          42
        ],
        "status": "confirmed",
        "kinds": [
          "stud",
          "stud_receptacle"
        ],
        "sources": [
          "ldcad_shadow",
          "primitive"
        ],
        "confidence": [
          1.0,
          1.0
        ],
        "feature_ids": [
          "s/3007s01@R0/stug-1x8@R2/stud@R7/studC",
          "s/3007s01@R0/stug4-1x7@R4/stud4@R6/stud4:socket:+1-1"
        ],
        "residual": {
          "distance": 0.0,
          "axial_gap": 0.0,
          "alignment": 1.0,
          "roll_alignment": 1.0,
          "entry_face_gap": 0.0,
          "penetration": 28.0
        }
      },
      {
        "instances": [
          32,
          42
        ],
        "status": "confirmed",
        "kinds": [
          "stud",
          "stud_receptacle"
        ],
        "sources": [
          "ldcad_shadow",
          "primitive"
        ],
        "confidence": [
          1.0,
          1.0
        ],
        "feature_ids": [
          "s/3007s01@R0/stug-1x8@R3/stud@R0/studC",
          "s/3007s01@R0/stug4-1x7@R4/stud4@R0/stud4:socket:-1+1"
        ],
        "residual": {
          "distance": 0.0,
          "axial_gap": 0.0,
          "alignment": 1.0,
          "roll_alignment": 1.0,
          "entry_face_gap": 0.0,
          "penetration": 28.0
        }
      },
      {
        "instances": [
          32,
          42
        ],
        "status": "confirmed",
        "kinds": [
          "stud",
          "stud_receptacle"
        ],
        "sources": [
          "ldcad_shadow",
          "primitive"
        ],
        "confidence": [
          1.0,
          1.0
        ],
        "feature_ids": [
          "s/3007s01@R0/stug-1x8@R3/stud@R1/studC",
          "s/3007s01@R0/stug4-1x7@R4/stud4@R0/stud4:socket:+1+1"
        ],
        "residual": {
          "distance": 0.0,
          "axial_gap": 0.0,
          "alignment": 1.0,
          "roll_alignment": 1.0,
          "entry_face_gap": 0.0,
          "penetration": 28.0
        }
      },
      {
        "instances": [
          32,
          42
        ],
        "status": "confirmed",
        "kinds": [
          "stud",
          "stud_receptacle"
        ],
        "sources": [
          "ldcad_shadow",
          "primitive"
        ],
        "confidence": [
          1.0,
          1.0
        ],
        "feature_ids": [
          "s/3007s01@R0/stug-1x8@R3/stud@R2/studC",
          "s/3007s01@R0/stug4-1x7@R4/stud4@R1/stud4:socket:+1+1"
        ],
        "residual": {
          "distance": 0.0,
          "axial_gap": 0.0,
          "alignment": 1.0,
          "roll_alignment": 1.0,
          "entry_face_gap": 0.0,
          "penetration": 28.0
        }
      },
      {
        "instances": [
          32,
          42
        ],
        "status": "confirmed",
        "kinds": [
          "stud",
          "stud_receptacle"
        ],
        "sources": [
          "ldcad_shadow",
          "primitive"
        ],
        "confidence": [
          1.0,
          1.0
        ],
        "feature_ids": [
          "s/3007s01@R0/stug-1x8@R3/stud@R3/studC",
          "s/3007s01@R0/stug4-1x7@R4/stud4@R2/stud4:socket:+1+1"
        ],
        "residual": {
          "distance": 0.0,
          "axial_gap": 0.0,
          "alignment": 1.0,
          "roll_alignment": 1.0,
          "entry_face_gap": 0.0,
          "penetration": 28.0
        }
      },
      {
        "instances": [
          32,
          42
        ],
        "status": "confirmed",
        "kinds": [
          "stud",
          "stud_receptacle"
        ],
        "sources": [
          "ldcad_shadow",
          "primitive"
        ],
        "confidence": [
          1.0,
          1.0
        ],
        "feature_ids": [
          "s/3007s01@R0/stug-1x8@R3/stud@R4/studC",
          "s/3007s01@R0/stug4-1x7@R4/stud4@R3/stud4:socket:+1+1"
        ],
        "residual": {
          "distance": 0.0,
          "axial_gap": 0.0,
          "alignment": 1.0,
          "roll_alignment": 1.0,
          "entry_face_gap": 0.0,
          "penetration": 28.0
        }
      },
      {
        "instances": [
          32,
          42
        ],
        "status": "confirmed",
        "kinds": [
          "stud",
          "stud_receptacle"
        ],
        "sources": [
          "ldcad_shadow",
          "primitive"
        ],
        "confidence": [
          1.0,
          1.0
        ],
        "feature_ids": [
          "s/3007s01@R0/stug-1x8@R3/stud@R5/studC",
          "s/3007s01@R0/stug4-1x7@R4/stud4@R4/stud4:socket:+1+1"
        ],
        "residual": {
          "distance": 0.0,
          "axial_gap": 0.0,
          "alignment": 1.0,
          "roll_alignment": 1.0,
          "entry_face_gap": 0.0,
          "penetration": 28.0
        }
      },
      {
        "instances": [
          32,
          42
        ],
        "status": "confirmed",
        "kinds": [
          "stud",
          "stud_receptacle"
        ],
        "sources": [
          "ldcad_shadow",
          "primitive"
        ],
        "confidence": [
          1.0,
          1.0
        ],
        "feature_ids": [
          "s/3007s01@R0/stug-1x8@R3/stud@R6/studC",
          "s/3007s01@R0/stug4-1x7@R4/stud4@R5/stud4:socket:+1+1"
        ],
        "residual": {
          "distance": 0.0,
          "axial_gap": 0.0,
          "alignment": 1.0,
          "roll_alignment": 1.0,
          "entry_face_gap": 0.0,
          "penetration": 28.0
        }
      },
      {
        "instances": [
          32,
          42
        ],
        "status": "confirmed",
        "kinds": [
          "stud",
          "stud_receptacle"
        ],
        "sources": [
          "ldcad_shadow",
          "primitive"
        ],
        "confidence": [
          1.0,
          1.0
        ],
        "feature_ids": [
          "s/3007s01@R0/stug-1x8@R3/stud@R7/studC",
          "s/3007s01@R0/stug4-1x7@R4/stud4@R6/stud4:socket:+1+1"
        ],
        "residual": {
          "distance": 0.0,
          "axial_gap": 0.0,
          "alignment": 1.0,
          "roll_alignment": 1.0,
          "entry_face_gap": 0.0,
          "penetration": 28.0
        }
      },
      {
        "instances": [
          33,
          43
        ],
        "status": "confirmed",
        "kinds": [
          "stud",
          "stud_receptacle"
        ],
        "sources": [
          "ldcad_shadow",
          "primitive"
        ],
        "confidence": [
          1.0,
          1.0
        ],
        "feature_ids": [
          "s/3001s01@R0/stud@R10/studC",
          "s/3001s01@R0/stud4@R0/stud4:socket:-1+1"
        ],
        "residual": {
          "distance": 0.0,
          "axial_gap": 0.0,
          "alignment": 1.0,
          "roll_alignment": 1.0,
          "entry_face_gap": 0.0,
          "penetration": 28.0
        }
      },
      {
        "instances": [
          33,
          43
        ],
        "status": "confirmed",
        "kinds": [
          "stud",
          "stud_receptacle"
        ],
        "sources": [
          "ldcad_shadow",
          "primitive"
        ],
        "confidence": [
          1.0,
          1.0
        ],
        "feature_ids": [
          "s/3001s01@R0/stud@R11/studC",
          "s/3001s01@R0/stud4@R1/stud4:socket:-1+1"
        ],
        "residual": {
          "distance": 0.0,
          "axial_gap": 0.0,
          "alignment": 1.0,
          "roll_alignment": 1.0,
          "entry_face_gap": 0.0,
          "penetration": 28.0
        }
      },
      {
        "instances": [
          33,
          43
        ],
        "status": "confirmed",
        "kinds": [
          "stud",
          "stud_receptacle"
        ],
        "sources": [
          "ldcad_shadow",
          "primitive"
        ],
        "confidence": [
          1.0,
          1.0
        ],
        "feature_ids": [
          "s/3001s01@R0/stud@R12/studC",
          "s/3001s01@R0/stud4@R2/stud4:socket:-1+1"
        ],
        "residual": {
          "distance": 0.0,
          "axial_gap": 0.0,
          "alignment": 1.0,
          "roll_alignment": 1.0,
          "entry_face_gap": 0.0,
          "penetration": 28.0
        }
      },
      {
        "instances": [
          33,
          43
        ],
        "status": "confirmed",
        "kinds": [
          "stud",
          "stud_receptacle"
        ],
        "sources": [
          "ldcad_shadow",
          "primitive"
        ],
        "confidence": [
          1.0,
          1.0
        ],
        "feature_ids": [
          "s/3001s01@R0/stud@R5/studC",
          "s/3001s01@R0/stud4@R0/stud4:socket:+1-1"
        ],
        "residual": {
          "distance": 0.0,
          "axial_gap": 0.0,
          "alignment": 1.0,
          "roll_alignment": 1.0,
          "entry_face_gap": 0.0,
          "penetration": 28.0
        }
      },
      {
        "instances": [
          33,
          43
        ],
        "status": "confirmed",
        "kinds": [
          "stud",
          "stud_receptacle"
        ],
        "sources": [
          "ldcad_shadow",
          "primitive"
        ],
        "confidence": [
          1.0,
          1.0
        ],
        "feature_ids": [
          "s/3001s01@R0/stud@R6/studC",
          "s/3001s01@R0/stud4@R0/stud4:socket:-1-1"
        ],
        "residual": {
          "distance": 0.0,
          "axial_gap": 0.0,
          "alignment": 1.0,
          "roll_alignment": 1.0,
          "entry_face_gap": 0.0,
          "penetration": 28.0
        }
      },
      {
        "instances": [
          33,
          43
        ],
        "status": "confirmed",
        "kinds": [
          "stud",
          "stud_receptacle"
        ],
        "sources": [
          "ldcad_shadow",
          "primitive"
        ],
        "confidence": [
          1.0,
          1.0
        ],
        "feature_ids": [
          "s/3001s01@R0/stud@R7/studC",
          "s/3001s01@R0/stud4@R1/stud4:socket:-1-1"
        ],
        "residual": {
          "distance": 0.0,
          "axial_gap": 0.0,
          "alignment": 1.0,
          "roll_alignment": 1.0,
          "entry_face_gap": 0.0,
          "penetration": 28.0
        }
      },
      {
        "instances": [
          33,
          43
        ],
        "status": "confirmed",
        "kinds": [
          "stud",
          "stud_receptacle"
        ],
        "sources": [
          "ldcad_shadow",
          "primitive"
        ],
        "confidence": [
          1.0,
          1.0
        ],
        "feature_ids": [
          "s/3001s01@R0/stud@R8/studC",
          "s/3001s01@R0/stud4@R2/stud4:socket:-1-1"
        ],
        "residual": {
          "distance": 0.0,
          "axial_gap": 0.0,
          "alignment": 1.0,
          "roll_alignment": 1.0,
          "entry_face_gap": 0.0,
          "penetration": 28.0
        }
      },
      {
        "instances": [
          33,
          43
        ],
        "status": "confirmed",
        "kinds": [
          "stud",
          "stud_receptacle"
        ],
        "sources": [
          "ldcad_shadow",
          "primitive"
        ],
        "confidence": [
          1.0,
          1.0
        ],
        "feature_ids": [
          "s/3001s01@R0/stud@R9/studC",
          "s/3001s01@R0/stud4@R0/stud4:socket:+1+1"
        ],
        "residual": {
          "distance": 0.0,
          "axial_gap": 0.0,
          "alignment": 1.0,
          "roll_alignment": 1.0,
          "entry_face_gap": 0.0,
          "penetration": 28.0
        }
      },
      {
        "instances": [
          34,
          44
        ],
        "status": "confirmed",
        "kinds": [
          "stud",
          "stud_receptacle"
        ],
        "sources": [
          "ldcad_shadow",
          "primitive"
        ],
        "confidence": [
          1.0,
          1.0
        ],
        "feature_ids": [
          "s/3007s01@R0/stug-1x8@R2/stud@R0/studC",
          "s/3007s01@R0/stug4-1x7@R4/stud4@R0/stud4:socket:-1-1"
        ],
        "residual": {
          "distance": 0.0,
          "axial_gap": 0.0,
          "alignment": 1.0,
          "roll_alignment": 1.0,
          "entry_face_gap": 0.0,
          "penetration": 28.0
        }
      },
      {
        "instances": [
          34,
          44
        ],
        "status": "confirmed",
        "kinds": [
          "stud",
          "stud_receptacle"
        ],
        "sources": [
          "ldcad_shadow",
          "primitive"
        ],
        "confidence": [
          1.0,
          1.0
        ],
        "feature_ids": [
          "s/3007s01@R0/stug-1x8@R2/stud@R1/studC",
          "s/3007s01@R0/stug4-1x7@R4/stud4@R0/stud4:socket:+1-1"
        ],
        "residual": {
          "distance": 0.0,
          "axial_gap": 0.0,
          "alignment": 1.0,
          "roll_alignment": 1.0,
          "entry_face_gap": 0.0,
          "penetration": 28.0
        }
      },
      {
        "instances": [
          34,
          44
        ],
        "status": "confirmed",
        "kinds": [
          "stud",
          "stud_receptacle"
        ],
        "sources": [
          "ldcad_shadow",
          "primitive"
        ],
        "confidence": [
          1.0,
          1.0
        ],
        "feature_ids": [
          "s/3007s01@R0/stug-1x8@R2/stud@R2/studC",
          "s/3007s01@R0/stug4-1x7@R4/stud4@R1/stud4:socket:+1-1"
        ],
        "residual": {
          "distance": 0.0,
          "axial_gap": 0.0,
          "alignment": 1.0,
          "roll_alignment": 1.0,
          "entry_face_gap": 0.0,
          "penetration": 28.0
        }
      },
      {
        "instances": [
          34,
          44
        ],
        "status": "confirmed",
        "kinds": [
          "stud",
          "stud_receptacle"
        ],
        "sources": [
          "ldcad_shadow",
          "primitive"
        ],
        "confidence": [
          1.0,
          1.0
        ],
        "feature_ids": [
          "s/3007s01@R0/stug-1x8@R2/stud@R3/studC",
          "s/3007s01@R0/stug4-1x7@R4/stud4@R2/stud4:socket:+1-1"
        ],
        "residual": {
          "distance": 0.0,
          "axial_gap": 0.0,
          "alignment": 1.0,
          "roll_alignment": 1.0,
          "entry_face_gap": 0.0,
          "penetration": 28.0
        }
      },
      {
        "instances": [
          34,
          44
        ],
        "status": "confirmed",
        "kinds": [
          "stud",
          "stud_receptacle"
        ],
        "sources": [
          "ldcad_shadow",
          "primitive"
        ],
        "confidence": [
          1.0,
          1.0
        ],
        "feature_ids": [
          "s/3007s01@R0/stug-1x8@R2/stud@R4/studC",
          "s/3007s01@R0/stug4-1x7@R4/stud4@R3/stud4:socket:+1-1"
        ],
        "residual": {
          "distance": 0.0,
          "axial_gap": 0.0,
          "alignment": 1.0,
          "roll_alignment": 1.0,
          "entry_face_gap": 0.0,
          "penetration": 28.0
        }
      },
      {
        "instances": [
          34,
          44
        ],
        "status": "confirmed",
        "kinds": [
          "stud",
          "stud_receptacle"
        ],
        "sources": [
          "ldcad_shadow",
          "primitive"
        ],
        "confidence": [
          1.0,
          1.0
        ],
        "feature_ids": [
          "s/3007s01@R0/stug-1x8@R2/stud@R5/studC",
          "s/3007s01@R0/stug4-1x7@R4/stud4@R4/stud4:socket:+1-1"
        ],
        "residual": {
          "distance": 0.0,
          "axial_gap": 0.0,
          "alignment": 1.0,
          "roll_alignment": 1.0,
          "entry_face_gap": 0.0,
          "penetration": 28.0
        }
      },
      {
        "instances": [
          34,
          44
        ],
        "status": "confirmed",
        "kinds": [
          "stud",
          "stud_receptacle"
        ],
        "sources": [
          "ldcad_shadow",
          "primitive"
        ],
        "confidence": [
          1.0,
          1.0
        ],
        "feature_ids": [
          "s/3007s01@R0/stug-1x8@R2/stud@R6/studC",
          "s/3007s01@R0/stug4-1x7@R4/stud4@R5/stud4:socket:+1-1"
        ],
        "residual": {
          "distance": 0.0,
          "axial_gap": 0.0,
          "alignment": 1.0,
          "roll_alignment": 1.0,
          "entry_face_gap": 0.0,
          "penetration": 28.0
        }
      },
      {
        "instances": [
          34,
          44
        ],
        "status": "confirmed",
        "kinds": [
          "stud",
          "stud_receptacle"
        ],
        "sources": [
          "ldcad_shadow",
          "primitive"
        ],
        "confidence": [
          1.0,
          1.0
        ],
        "feature_ids": [
          "s/3007s01@R0/stug-1x8@R2/stud@R7/studC",
          "s/3007s01@R0/stug4-1x7@R4/stud4@R6/stud4:socket:+1-1"
        ],
        "residual": {
          "distance": 0.0,
          "axial_gap": 0.0,
          "alignment": 1.0,
          "roll_alignment": 1.0,
          "entry_face_gap": 0.0,
          "penetration": 28.0
        }
      },
      {
        "instances": [
          34,
          44
        ],
        "status": "confirmed",
        "kinds": [
          "stud",
          "stud_receptacle"
        ],
        "sources": [
          "ldcad_shadow",
          "primitive"
        ],
        "confidence": [
          1.0,
          1.0
        ],
        "feature_ids": [
          "s/3007s01@R0/stug-1x8@R3/stud@R0/studC",
          "s/3007s01@R0/stug4-1x7@R4/stud4@R0/stud4:socket:-1+1"
        ],
        "residual": {
          "distance": 0.0,
          "axial_gap": 0.0,
          "alignment": 1.0,
          "roll_alignment": 1.0,
          "entry_face_gap": 0.0,
          "penetration": 28.0
        }
      },
      {
        "instances": [
          34,
          44
        ],
        "status": "confirmed",
        "kinds": [
          "stud",
          "stud_receptacle"
        ],
        "sources": [
          "ldcad_shadow",
          "primitive"
        ],
        "confidence": [
          1.0,
          1.0
        ],
        "feature_ids": [
          "s/3007s01@R0/stug-1x8@R3/stud@R1/studC",
          "s/3007s01@R0/stug4-1x7@R4/stud4@R0/stud4:socket:+1+1"
        ],
        "residual": {
          "distance": 0.0,
          "axial_gap": 0.0,
          "alignment": 1.0,
          "roll_alignment": 1.0,
          "entry_face_gap": 0.0,
          "penetration": 28.0
        }
      },
      {
        "instances": [
          34,
          44
        ],
        "status": "confirmed",
        "kinds": [
          "stud",
          "stud_receptacle"
        ],
        "sources": [
          "ldcad_shadow",
          "primitive"
        ],
        "confidence": [
          1.0,
          1.0
        ],
        "feature_ids": [
          "s/3007s01@R0/stug-1x8@R3/stud@R2/studC",
          "s/3007s01@R0/stug4-1x7@R4/stud4@R1/stud4:socket:+1+1"
        ],
        "residual": {
          "distance": 0.0,
          "axial_gap": 0.0,
          "alignment": 1.0,
          "roll_alignment": 1.0,
          "entry_face_gap": 0.0,
          "penetration": 28.0
        }
      },
      {
        "instances": [
          34,
          44
        ],
        "status": "confirmed",
        "kinds": [
          "stud",
          "stud_receptacle"
        ],
        "sources": [
          "ldcad_shadow",
          "primitive"
        ],
        "confidence": [
          1.0,
          1.0
        ],
        "feature_ids": [
          "s/3007s01@R0/stug-1x8@R3/stud@R3/studC",
          "s/3007s01@R0/stug4-1x7@R4/stud4@R2/stud4:socket:+1+1"
        ],
        "residual": {
          "distance": 0.0,
          "axial_gap": 0.0,
          "alignment": 1.0,
          "roll_alignment": 1.0,
          "entry_face_gap": 0.0,
          "penetration": 28.0
        }
      },
      {
        "instances": [
          34,
          44
        ],
        "status": "confirmed",
        "kinds": [
          "stud",
          "stud_receptacle"
        ],
        "sources": [
          "ldcad_shadow",
          "primitive"
        ],
        "confidence": [
          1.0,
          1.0
        ],
        "feature_ids": [
          "s/3007s01@R0/stug-1x8@R3/stud@R4/studC",
          "s/3007s01@R0/stug4-1x7@R4/stud4@R3/stud4:socket:+1+1"
        ],
        "residual": {
          "distance": 0.0,
          "axial_gap": 0.0,
          "alignment": 1.0,
          "roll_alignment": 1.0,
          "entry_face_gap": 0.0,
          "penetration": 28.0
        }
      },
      {
        "instances": [
          34,
          44
        ],
        "status": "confirmed",
        "kinds": [
          "stud",
          "stud_receptacle"
        ],
        "sources": [
          "ldcad_shadow",
          "primitive"
        ],
        "confidence": [
          1.0,
          1.0
        ],
        "feature_ids": [
          "s/3007s01@R0/stug-1x8@R3/stud@R5/studC",
          "s/3007s01@R0/stug4-1x7@R4/stud4@R4/stud4:socket:+1+1"
        ],
        "residual": {
          "distance": 0.0,
          "axial_gap": 0.0,
          "alignment": 1.0,
          "roll_alignment": 1.0,
          "entry_face_gap": 0.0,
          "penetration": 28.0
        }
      },
      {
        "instances": [
          34,
          44
        ],
        "status": "confirmed",
        "kinds": [
          "stud",
          "stud_receptacle"
        ],
        "sources": [
          "ldcad_shadow",
          "primitive"
        ],
        "confidence": [
          1.0,
          1.0
        ],
        "feature_ids": [
          "s/3007s01@R0/stug-1x8@R3/stud@R6/studC",
          "s/3007s01@R0/stug4-1x7@R4/stud4@R5/stud4:socket:+1+1"
        ],
        "residual": {
          "distance": 0.0,
          "axial_gap": 0.0,
          "alignment": 1.0,
          "roll_alignment": 1.0,
          "entry_face_gap": 0.0,
          "penetration": 28.0
        }
      },
      {
        "instances": [
          34,
          44
        ],
        "status": "confirmed",
        "kinds": [
          "stud",
          "stud_receptacle"
        ],
        "sources": [
          "ldcad_shadow",
          "primitive"
        ],
        "confidence": [
          1.0,
          1.0
        ],
        "feature_ids": [
          "s/3007s01@R0/stug-1x8@R3/stud@R7/studC",
          "s/3007s01@R0/stug4-1x7@R4/stud4@R6/stud4:socket:+1+1"
        ],
        "residual": {
          "distance": 0.0,
          "axial_gap": 0.0,
          "alignment": 1.0,
          "roll_alignment": 1.0,
          "entry_face_gap": 0.0,
          "penetration": 28.0
        }
      },
      {
        "instances": [
          35,
          45
        ],
        "status": "confirmed",
        "kinds": [
          "stud",
          "stud_receptacle"
        ],
        "sources": [
          "ldcad_shadow",
          "primitive"
        ],
        "confidence": [
          1.0,
          1.0
        ],
        "feature_ids": [
          "stud@R10/studC",
          "stud4@R2/stud4:socket:-1-1"
        ],
        "residual": {
          "distance": 0.0,
          "axial_gap": 0.0,
          "alignment": 1.0,
          "roll_alignment": 1.0,
          "entry_face_gap": 0.0,
          "penetration": 28.0
        }
      },
      {
        "instances": [
          35,
          45
        ],
        "status": "confirmed",
        "kinds": [
          "stud",
          "stud_receptacle"
        ],
        "sources": [
          "ldcad_shadow",
          "primitive"
        ],
        "confidence": [
          1.0,
          1.0
        ],
        "feature_ids": [
          "stud@R11/studC",
          "stud4@R3/stud4:socket:-1-1"
        ],
        "residual": {
          "distance": 0.0,
          "axial_gap": 0.0,
          "alignment": 1.0,
          "roll_alignment": 1.0,
          "entry_face_gap": 0.0,
          "penetration": 28.0
        }
      },
      {
        "instances": [
          35,
          45
        ],
        "status": "confirmed",
        "kinds": [
          "stud",
          "stud_receptacle"
        ],
        "sources": [
          "ldcad_shadow",
          "primitive"
        ],
        "confidence": [
          1.0,
          1.0
        ],
        "feature_ids": [
          "stud@R12/studC",
          "stud4@R4/stud4:socket:-1-1"
        ],
        "residual": {
          "distance": 0.0,
          "axial_gap": 0.0,
          "alignment": 1.0,
          "roll_alignment": 1.0,
          "entry_face_gap": 0.0,
          "penetration": 28.0
        }
      },
      {
        "instances": [
          35,
          45
        ],
        "status": "confirmed",
        "kinds": [
          "stud",
          "stud_receptacle"
        ],
        "sources": [
          "ldcad_shadow",
          "primitive"
        ],
        "confidence": [
          1.0,
          1.0
        ],
        "feature_ids": [
          "stud@R13/studC",
          "stud4@R0/stud4:socket:+1+1"
        ],
        "residual": {
          "distance": 0.0,
          "axial_gap": 0.0,
          "alignment": 1.0,
          "roll_alignment": 1.0,
          "entry_face_gap": 0.0,
          "penetration": 28.0
        }
      },
      {
        "instances": [
          35,
          45
        ],
        "status": "confirmed",
        "kinds": [
          "stud",
          "stud_receptacle"
        ],
        "sources": [
          "ldcad_shadow",
          "primitive"
        ],
        "confidence": [
          1.0,
          1.0
        ],
        "feature_ids": [
          "stud@R14/studC",
          "stud4@R0/stud4:socket:-1+1"
        ],
        "residual": {
          "distance": 0.0,
          "axial_gap": 0.0,
          "alignment": 1.0,
          "roll_alignment": 1.0,
          "entry_face_gap": 0.0,
          "penetration": 28.0
        }
      },
      {
        "instances": [
          35,
          45
        ],
        "status": "confirmed",
        "kinds": [
          "stud",
          "stud_receptacle"
        ],
        "sources": [
          "ldcad_shadow",
          "primitive"
        ],
        "confidence": [
          1.0,
          1.0
        ],
        "feature_ids": [
          "stud@R15/studC",
          "stud4@R1/stud4:socket:-1+1"
        ],
        "residual": {
          "distance": 0.0,
          "axial_gap": 0.0,
          "alignment": 1.0,
          "roll_alignment": 1.0,
          "entry_face_gap": 0.0,
          "penetration": 28.0
        }
      },
      {
        "instances": [
          35,
          45
        ],
        "status": "confirmed",
        "kinds": [
          "stud",
          "stud_receptacle"
        ],
        "sources": [
          "ldcad_shadow",
          "primitive"
        ],
        "confidence": [
          1.0,
          1.0
        ],
        "feature_ids": [
          "stud@R16/studC",
          "stud4@R2/stud4:socket:-1+1"
        ],
        "residual": {
          "distance": 0.0,
          "axial_gap": 0.0,
          "alignment": 1.0,
          "roll_alignment": 1.0,
          "entry_face_gap": 0.0,
          "penetration": 28.0
        }
      },
      {
        "instances": [
          35,
          45
        ],
        "status": "confirmed",
        "kinds": [
          "stud",
          "stud_receptacle"
        ],
        "sources": [
          "ldcad_shadow",
          "primitive"
        ],
        "confidence": [
          1.0,
          1.0
        ],
        "feature_ids": [
          "stud@R17/studC",
          "stud4@R3/stud4:socket:-1+1"
        ],
        "residual": {
          "distance": 0.0,
          "axial_gap": 0.0,
          "alignment": 1.0,
          "roll_alignment": 1.0,
          "entry_face_gap": 0.0,
          "penetration": 28.0
        }
      },
      {
        "instances": [
          35,
          45
        ],
        "status": "confirmed",
        "kinds": [
          "stud",
          "stud_receptacle"
        ],
        "sources": [
          "ldcad_shadow",
          "primitive"
        ],
        "confidence": [
          1.0,
          1.0
        ],
        "feature_ids": [
          "stud@R18/studC",
          "stud4@R4/stud4:socket:-1+1"
        ],
        "residual": {
          "distance": 0.0,
          "axial_gap": 0.0,
          "alignment": 1.0,
          "roll_alignment": 1.0,
          "entry_face_gap": 0.0,
          "penetration": 28.0
        }
      },
      {
        "instances": [
          35,
          45
        ],
        "status": "confirmed",
        "kinds": [
          "stud",
          "stud_receptacle"
        ],
        "sources": [
          "ldcad_shadow",
          "primitive"
        ],
        "confidence": [
          1.0,
          1.0
        ],
        "feature_ids": [
          "stud@R7/studC",
          "stud4@R0/stud4:socket:+1-1"
        ],
        "residual": {
          "distance": 0.0,
          "axial_gap": 0.0,
          "alignment": 1.0,
          "roll_alignment": 1.0,
          "entry_face_gap": 0.0,
          "penetration": 28.0
        }
      },
      {
        "instances": [
          35,
          45
        ],
        "status": "confirmed",
        "kinds": [
          "stud",
          "stud_receptacle"
        ],
        "sources": [
          "ldcad_shadow",
          "primitive"
        ],
        "confidence": [
          1.0,
          1.0
        ],
        "feature_ids": [
          "stud@R8/studC",
          "stud4@R0/stud4:socket:-1-1"
        ],
        "residual": {
          "distance": 0.0,
          "axial_gap": 0.0,
          "alignment": 1.0,
          "roll_alignment": 1.0,
          "entry_face_gap": 0.0,
          "penetration": 28.0
        }
      },
      {
        "instances": [
          35,
          45
        ],
        "status": "confirmed",
        "kinds": [
          "stud",
          "stud_receptacle"
        ],
        "sources": [
          "ldcad_shadow",
          "primitive"
        ],
        "confidence": [
          1.0,
          1.0
        ],
        "feature_ids": [
          "stud@R9/studC",
          "stud4@R1/stud4:socket:-1-1"
        ],
        "residual": {
          "distance": 0.0,
          "axial_gap": 0.0,
          "alignment": 1.0,
          "roll_alignment": 1.0,
          "entry_face_gap": 0.0,
          "penetration": 28.0
        }
      },
      {
        "instances": [
          36,
          46
        ],
        "status": "confirmed",
        "kinds": [
          "stud",
          "stud_receptacle"
        ],
        "sources": [
          "ldcad_shadow",
          "primitive"
        ],
        "confidence": [
          1.0,
          1.0
        ],
        "feature_ids": [
          "s/3007s01@R0/stug-1x8@R2/stud@R0/studC",
          "s/3007s01@R0/stug4-1x7@R4/stud4@R0/stud4:socket:-1-1"
        ],
        "residual": {
          "distance": 0.0,
          "axial_gap": 0.0,
          "alignment": 1.0,
          "roll_alignment": 1.0,
          "entry_face_gap": 0.0,
          "penetration": 28.0
        }
      },
      {
        "instances": [
          36,
          46
        ],
        "status": "confirmed",
        "kinds": [
          "stud",
          "stud_receptacle"
        ],
        "sources": [
          "ldcad_shadow",
          "primitive"
        ],
        "confidence": [
          1.0,
          1.0
        ],
        "feature_ids": [
          "s/3007s01@R0/stug-1x8@R2/stud@R1/studC",
          "s/3007s01@R0/stug4-1x7@R4/stud4@R0/stud4:socket:+1-1"
        ],
        "residual": {
          "distance": 0.0,
          "axial_gap": 0.0,
          "alignment": 1.0,
          "roll_alignment": 1.0,
          "entry_face_gap": 0.0,
          "penetration": 28.0
        }
      },
      {
        "instances": [
          36,
          46
        ],
        "status": "confirmed",
        "kinds": [
          "stud",
          "stud_receptacle"
        ],
        "sources": [
          "ldcad_shadow",
          "primitive"
        ],
        "confidence": [
          1.0,
          1.0
        ],
        "feature_ids": [
          "s/3007s01@R0/stug-1x8@R2/stud@R2/studC",
          "s/3007s01@R0/stug4-1x7@R4/stud4@R1/stud4:socket:+1-1"
        ],
        "residual": {
          "distance": 0.0,
          "axial_gap": 0.0,
          "alignment": 1.0,
          "roll_alignment": 1.0,
          "entry_face_gap": 0.0,
          "penetration": 28.0
        }
      },
      {
        "instances": [
          36,
          46
        ],
        "status": "confirmed",
        "kinds": [
          "stud",
          "stud_receptacle"
        ],
        "sources": [
          "ldcad_shadow",
          "primitive"
        ],
        "confidence": [
          1.0,
          1.0
        ],
        "feature_ids": [
          "s/3007s01@R0/stug-1x8@R2/stud@R3/studC",
          "s/3007s01@R0/stug4-1x7@R4/stud4@R2/stud4:socket:+1-1"
        ],
        "residual": {
          "distance": 0.0,
          "axial_gap": 0.0,
          "alignment": 1.0,
          "roll_alignment": 1.0,
          "entry_face_gap": 0.0,
          "penetration": 28.0
        }
      },
      {
        "instances": [
          36,
          46
        ],
        "status": "confirmed",
        "kinds": [
          "stud",
          "stud_receptacle"
        ],
        "sources": [
          "ldcad_shadow",
          "primitive"
        ],
        "confidence": [
          1.0,
          1.0
        ],
        "feature_ids": [
          "s/3007s01@R0/stug-1x8@R2/stud@R4/studC",
          "s/3007s01@R0/stug4-1x7@R4/stud4@R3/stud4:socket:+1-1"
        ],
        "residual": {
          "distance": 0.0,
          "axial_gap": 0.0,
          "alignment": 1.0,
          "roll_alignment": 1.0,
          "entry_face_gap": 0.0,
          "penetration": 28.0
        }
      },
      {
        "instances": [
          36,
          46
        ],
        "status": "confirmed",
        "kinds": [
          "stud",
          "stud_receptacle"
        ],
        "sources": [
          "ldcad_shadow",
          "primitive"
        ],
        "confidence": [
          1.0,
          1.0
        ],
        "feature_ids": [
          "s/3007s01@R0/stug-1x8@R2/stud@R5/studC",
          "s/3007s01@R0/stug4-1x7@R4/stud4@R4/stud4:socket:+1-1"
        ],
        "residual": {
          "distance": 0.0,
          "axial_gap": 0.0,
          "alignment": 1.0,
          "roll_alignment": 1.0,
          "entry_face_gap": 0.0,
          "penetration": 28.0
        }
      },
      {
        "instances": [
          36,
          46
        ],
        "status": "confirmed",
        "kinds": [
          "stud",
          "stud_receptacle"
        ],
        "sources": [
          "ldcad_shadow",
          "primitive"
        ],
        "confidence": [
          1.0,
          1.0
        ],
        "feature_ids": [
          "s/3007s01@R0/stug-1x8@R2/stud@R6/studC",
          "s/3007s01@R0/stug4-1x7@R4/stud4@R5/stud4:socket:+1-1"
        ],
        "residual": {
          "distance": 0.0,
          "axial_gap": 0.0,
          "alignment": 1.0,
          "roll_alignment": 1.0,
          "entry_face_gap": 0.0,
          "penetration": 28.0
        }
      },
      {
        "instances": [
          36,
          46
        ],
        "status": "confirmed",
        "kinds": [
          "stud",
          "stud_receptacle"
        ],
        "sources": [
          "ldcad_shadow",
          "primitive"
        ],
        "confidence": [
          1.0,
          1.0
        ],
        "feature_ids": [
          "s/3007s01@R0/stug-1x8@R2/stud@R7/studC",
          "s/3007s01@R0/stug4-1x7@R4/stud4@R6/stud4:socket:+1-1"
        ],
        "residual": {
          "distance": 0.0,
          "axial_gap": 0.0,
          "alignment": 1.0,
          "roll_alignment": 1.0,
          "entry_face_gap": 0.0,
          "penetration": 28.0
        }
      },
      {
        "instances": [
          36,
          46
        ],
        "status": "confirmed",
        "kinds": [
          "stud",
          "stud_receptacle"
        ],
        "sources": [
          "ldcad_shadow",
          "primitive"
        ],
        "confidence": [
          1.0,
          1.0
        ],
        "feature_ids": [
          "s/3007s01@R0/stug-1x8@R3/stud@R0/studC",
          "s/3007s01@R0/stug4-1x7@R4/stud4@R0/stud4:socket:-1+1"
        ],
        "residual": {
          "distance": 0.0,
          "axial_gap": 0.0,
          "alignment": 1.0,
          "roll_alignment": 1.0,
          "entry_face_gap": 0.0,
          "penetration": 28.0
        }
      },
      {
        "instances": [
          36,
          46
        ],
        "status": "confirmed",
        "kinds": [
          "stud",
          "stud_receptacle"
        ],
        "sources": [
          "ldcad_shadow",
          "primitive"
        ],
        "confidence": [
          1.0,
          1.0
        ],
        "feature_ids": [
          "s/3007s01@R0/stug-1x8@R3/stud@R1/studC",
          "s/3007s01@R0/stug4-1x7@R4/stud4@R0/stud4:socket:+1+1"
        ],
        "residual": {
          "distance": 0.0,
          "axial_gap": 0.0,
          "alignment": 1.0,
          "roll_alignment": 1.0,
          "entry_face_gap": 0.0,
          "penetration": 28.0
        }
      },
      {
        "instances": [
          36,
          46
        ],
        "status": "confirmed",
        "kinds": [
          "stud",
          "stud_receptacle"
        ],
        "sources": [
          "ldcad_shadow",
          "primitive"
        ],
        "confidence": [
          1.0,
          1.0
        ],
        "feature_ids": [
          "s/3007s01@R0/stug-1x8@R3/stud@R2/studC",
          "s/3007s01@R0/stug4-1x7@R4/stud4@R1/stud4:socket:+1+1"
        ],
        "residual": {
          "distance": 0.0,
          "axial_gap": 0.0,
          "alignment": 1.0,
          "roll_alignment": 1.0,
          "entry_face_gap": 0.0,
          "penetration": 28.0
        }
      },
      {
        "instances": [
          36,
          46
        ],
        "status": "confirmed",
        "kinds": [
          "stud",
          "stud_receptacle"
        ],
        "sources": [
          "ldcad_shadow",
          "primitive"
        ],
        "confidence": [
          1.0,
          1.0
        ],
        "feature_ids": [
          "s/3007s01@R0/stug-1x8@R3/stud@R3/studC",
          "s/3007s01@R0/stug4-1x7@R4/stud4@R2/stud4:socket:+1+1"
        ],
        "residual": {
          "distance": 0.0,
          "axial_gap": 0.0,
          "alignment": 1.0,
          "roll_alignment": 1.0,
          "entry_face_gap": 0.0,
          "penetration": 28.0
        }
      },
      {
        "instances": [
          36,
          46
        ],
        "status": "confirmed",
        "kinds": [
          "stud",
          "stud_receptacle"
        ],
        "sources": [
          "ldcad_shadow",
          "primitive"
        ],
        "confidence": [
          1.0,
          1.0
        ],
        "feature_ids": [
          "s/3007s01@R0/stug-1x8@R3/stud@R4/studC",
          "s/3007s01@R0/stug4-1x7@R4/stud4@R3/stud4:socket:+1+1"
        ],
        "residual": {
          "distance": 0.0,
          "axial_gap": 0.0,
          "alignment": 1.0,
          "roll_alignment": 1.0,
          "entry_face_gap": 0.0,
          "penetration": 28.0
        }
      },
      {
        "instances": [
          36,
          46
        ],
        "status": "confirmed",
        "kinds": [
          "stud",
          "stud_receptacle"
        ],
        "sources": [
          "ldcad_shadow",
          "primitive"
        ],
        "confidence": [
          1.0,
          1.0
        ],
        "feature_ids": [
          "s/3007s01@R0/stug-1x8@R3/stud@R5/studC",
          "s/3007s01@R0/stug4-1x7@R4/stud4@R4/stud4:socket:+1+1"
        ],
        "residual": {
          "distance": 0.0,
          "axial_gap": 0.0,
          "alignment": 1.0,
          "roll_alignment": 1.0,
          "entry_face_gap": 0.0,
          "penetration": 28.0
        }
      },
      {
        "instances": [
          36,
          46
        ],
        "status": "confirmed",
        "kinds": [
          "stud",
          "stud_receptacle"
        ],
        "sources": [
          "ldcad_shadow",
          "primitive"
        ],
        "confidence": [
          1.0,
          1.0
        ],
        "feature_ids": [
          "s/3007s01@R0/stug-1x8@R3/stud@R6/studC",
          "s/3007s01@R0/stug4-1x7@R4/stud4@R5/stud4:socket:+1+1"
        ],
        "residual": {
          "distance": 0.0,
          "axial_gap": 0.0,
          "alignment": 1.0,
          "roll_alignment": 1.0,
          "entry_face_gap": 0.0,
          "penetration": 28.0
        }
      },
      {
        "instances": [
          36,
          46
        ],
        "status": "confirmed",
        "kinds": [
          "stud",
          "stud_receptacle"
        ],
        "sources": [
          "ldcad_shadow",
          "primitive"
        ],
        "confidence": [
          1.0,
          1.0
        ],
        "feature_ids": [
          "s/3007s01@R0/stug-1x8@R3/stud@R7/studC",
          "s/3007s01@R0/stug4-1x7@R4/stud4@R6/stud4:socket:+1+1"
        ],
        "residual": {
          "distance": 0.0,
          "axial_gap": 0.0,
          "alignment": 1.0,
          "roll_alignment": 1.0,
          "entry_face_gap": 0.0,
          "penetration": 28.0
        }
      },
      {
        "instances": [
          37,
          47
        ],
        "status": "confirmed",
        "kinds": [
          "stud",
          "stud_receptacle"
        ],
        "sources": [
          "ldcad_shadow",
          "primitive"
        ],
        "confidence": [
          1.0,
          1.0
        ],
        "feature_ids": [
          "stud@R10/studC",
          "stud4@R2/stud4:socket:-1-1"
        ],
        "residual": {
          "distance": 0.0,
          "axial_gap": 0.0,
          "alignment": 1.0,
          "roll_alignment": 1.0,
          "entry_face_gap": 0.0,
          "penetration": 28.0
        }
      },
      {
        "instances": [
          37,
          47
        ],
        "status": "confirmed",
        "kinds": [
          "stud",
          "stud_receptacle"
        ],
        "sources": [
          "ldcad_shadow",
          "primitive"
        ],
        "confidence": [
          1.0,
          1.0
        ],
        "feature_ids": [
          "stud@R11/studC",
          "stud4@R3/stud4:socket:-1-1"
        ],
        "residual": {
          "distance": 0.0,
          "axial_gap": 0.0,
          "alignment": 1.0,
          "roll_alignment": 1.0,
          "entry_face_gap": 0.0,
          "penetration": 28.0
        }
      },
      {
        "instances": [
          37,
          47
        ],
        "status": "confirmed",
        "kinds": [
          "stud",
          "stud_receptacle"
        ],
        "sources": [
          "ldcad_shadow",
          "primitive"
        ],
        "confidence": [
          1.0,
          1.0
        ],
        "feature_ids": [
          "stud@R12/studC",
          "stud4@R4/stud4:socket:-1-1"
        ],
        "residual": {
          "distance": 0.0,
          "axial_gap": 0.0,
          "alignment": 1.0,
          "roll_alignment": 1.0,
          "entry_face_gap": 0.0,
          "penetration": 28.0
        }
      },
      {
        "instances": [
          37,
          47
        ],
        "status": "confirmed",
        "kinds": [
          "stud",
          "stud_receptacle"
        ],
        "sources": [
          "ldcad_shadow",
          "primitive"
        ],
        "confidence": [
          1.0,
          1.0
        ],
        "feature_ids": [
          "stud@R13/studC",
          "stud4@R0/stud4:socket:+1+1"
        ],
        "residual": {
          "distance": 0.0,
          "axial_gap": 0.0,
          "alignment": 1.0,
          "roll_alignment": 1.0,
          "entry_face_gap": 0.0,
          "penetration": 28.0
        }
      },
      {
        "instances": [
          37,
          47
        ],
        "status": "confirmed",
        "kinds": [
          "stud",
          "stud_receptacle"
        ],
        "sources": [
          "ldcad_shadow",
          "primitive"
        ],
        "confidence": [
          1.0,
          1.0
        ],
        "feature_ids": [
          "stud@R14/studC",
          "stud4@R0/stud4:socket:-1+1"
        ],
        "residual": {
          "distance": 0.0,
          "axial_gap": 0.0,
          "alignment": 1.0,
          "roll_alignment": 1.0,
          "entry_face_gap": 0.0,
          "penetration": 28.0
        }
      },
      {
        "instances": [
          37,
          47
        ],
        "status": "confirmed",
        "kinds": [
          "stud",
          "stud_receptacle"
        ],
        "sources": [
          "ldcad_shadow",
          "primitive"
        ],
        "confidence": [
          1.0,
          1.0
        ],
        "feature_ids": [
          "stud@R15/studC",
          "stud4@R1/stud4:socket:-1+1"
        ],
        "residual": {
          "distance": 0.0,
          "axial_gap": 0.0,
          "alignment": 1.0,
          "roll_alignment": 1.0,
          "entry_face_gap": 0.0,
          "penetration": 28.0
        }
      },
      {
        "instances": [
          37,
          47
        ],
        "status": "confirmed",
        "kinds": [
          "stud",
          "stud_receptacle"
        ],
        "sources": [
          "ldcad_shadow",
          "primitive"
        ],
        "confidence": [
          1.0,
          1.0
        ],
        "feature_ids": [
          "stud@R16/studC",
          "stud4@R2/stud4:socket:-1+1"
        ],
        "residual": {
          "distance": 0.0,
          "axial_gap": 0.0,
          "alignment": 1.0,
          "roll_alignment": 1.0,
          "entry_face_gap": 0.0,
          "penetration": 28.0
        }
      },
      {
        "instances": [
          37,
          47
        ],
        "status": "confirmed",
        "kinds": [
          "stud",
          "stud_receptacle"
        ],
        "sources": [
          "ldcad_shadow",
          "primitive"
        ],
        "confidence": [
          1.0,
          1.0
        ],
        "feature_ids": [
          "stud@R17/studC",
          "stud4@R3/stud4:socket:-1+1"
        ],
        "residual": {
          "distance": 0.0,
          "axial_gap": 0.0,
          "alignment": 1.0,
          "roll_alignment": 1.0,
          "entry_face_gap": 0.0,
          "penetration": 28.0
        }
      },
      {
        "instances": [
          37,
          47
        ],
        "status": "confirmed",
        "kinds": [
          "stud",
          "stud_receptacle"
        ],
        "sources": [
          "ldcad_shadow",
          "primitive"
        ],
        "confidence": [
          1.0,
          1.0
        ],
        "feature_ids": [
          "stud@R18/studC",
          "stud4@R4/stud4:socket:-1+1"
        ],
        "residual": {
          "distance": 0.0,
          "axial_gap": 0.0,
          "alignment": 1.0,
          "roll_alignment": 1.0,
          "entry_face_gap": 0.0,
          "penetration": 28.0
        }
      },
      {
        "instances": [
          37,
          47
        ],
        "status": "confirmed",
        "kinds": [
          "stud",
          "stud_receptacle"
        ],
        "sources": [
          "ldcad_shadow",
          "primitive"
        ],
        "confidence": [
          1.0,
          1.0
        ],
        "feature_ids": [
          "stud@R7/studC",
          "stud4@R0/stud4:socket:+1-1"
        ],
        "residual": {
          "distance": 0.0,
          "axial_gap": 0.0,
          "alignment": 1.0,
          "roll_alignment": 1.0,
          "entry_face_gap": 0.0,
          "penetration": 28.0
        }
      },
      {
        "instances": [
          37,
          47
        ],
        "status": "confirmed",
        "kinds": [
          "stud",
          "stud_receptacle"
        ],
        "sources": [
          "ldcad_shadow",
          "primitive"
        ],
        "confidence": [
          1.0,
          1.0
        ],
        "feature_ids": [
          "stud@R8/studC",
          "stud4@R0/stud4:socket:-1-1"
        ],
        "residual": {
          "distance": 0.0,
          "axial_gap": 0.0,
          "alignment": 1.0,
          "roll_alignment": 1.0,
          "entry_face_gap": 0.0,
          "penetration": 28.0
        }
      },
      {
        "instances": [
          37,
          47
        ],
        "status": "confirmed",
        "kinds": [
          "stud",
          "stud_receptacle"
        ],
        "sources": [
          "ldcad_shadow",
          "primitive"
        ],
        "confidence": [
          1.0,
          1.0
        ],
        "feature_ids": [
          "stud@R9/studC",
          "stud4@R1/stud4:socket:-1-1"
        ],
        "residual": {
          "distance": 0.0,
          "axial_gap": 0.0,
          "alignment": 1.0,
          "roll_alignment": 1.0,
          "entry_face_gap": 0.0,
          "penetration": 28.0
        }
      },
      {
        "instances": [
          38,
          48
        ],
        "status": "confirmed",
        "kinds": [
          "stud",
          "stud_receptacle"
        ],
        "sources": [
          "ldcad_shadow",
          "primitive"
        ],
        "confidence": [
          1.0,
          1.0
        ],
        "feature_ids": [
          "s/3007s01@R0/stug-1x8@R2/stud@R0/studC",
          "s/3007s01@R0/stug4-1x7@R4/stud4@R0/stud4:socket:-1-1"
        ],
        "residual": {
          "distance": 0.0,
          "axial_gap": 0.0,
          "alignment": 1.0,
          "roll_alignment": 1.0,
          "entry_face_gap": 0.0,
          "penetration": 28.0
        }
      },
      {
        "instances": [
          38,
          48
        ],
        "status": "confirmed",
        "kinds": [
          "stud",
          "stud_receptacle"
        ],
        "sources": [
          "ldcad_shadow",
          "primitive"
        ],
        "confidence": [
          1.0,
          1.0
        ],
        "feature_ids": [
          "s/3007s01@R0/stug-1x8@R2/stud@R1/studC",
          "s/3007s01@R0/stug4-1x7@R4/stud4@R0/stud4:socket:+1-1"
        ],
        "residual": {
          "distance": 0.0,
          "axial_gap": 0.0,
          "alignment": 1.0,
          "roll_alignment": 1.0,
          "entry_face_gap": 0.0,
          "penetration": 28.0
        }
      },
      {
        "instances": [
          38,
          48
        ],
        "status": "confirmed",
        "kinds": [
          "stud",
          "stud_receptacle"
        ],
        "sources": [
          "ldcad_shadow",
          "primitive"
        ],
        "confidence": [
          1.0,
          1.0
        ],
        "feature_ids": [
          "s/3007s01@R0/stug-1x8@R2/stud@R2/studC",
          "s/3007s01@R0/stug4-1x7@R4/stud4@R1/stud4:socket:+1-1"
        ],
        "residual": {
          "distance": 0.0,
          "axial_gap": 0.0,
          "alignment": 1.0,
          "roll_alignment": 1.0,
          "entry_face_gap": 0.0,
          "penetration": 28.0
        }
      },
      {
        "instances": [
          38,
          48
        ],
        "status": "confirmed",
        "kinds": [
          "stud",
          "stud_receptacle"
        ],
        "sources": [
          "ldcad_shadow",
          "primitive"
        ],
        "confidence": [
          1.0,
          1.0
        ],
        "feature_ids": [
          "s/3007s01@R0/stug-1x8@R2/stud@R3/studC",
          "s/3007s01@R0/stug4-1x7@R4/stud4@R2/stud4:socket:+1-1"
        ],
        "residual": {
          "distance": 0.0,
          "axial_gap": 0.0,
          "alignment": 1.0,
          "roll_alignment": 1.0,
          "entry_face_gap": 0.0,
          "penetration": 28.0
        }
      },
      {
        "instances": [
          38,
          48
        ],
        "status": "confirmed",
        "kinds": [
          "stud",
          "stud_receptacle"
        ],
        "sources": [
          "ldcad_shadow",
          "primitive"
        ],
        "confidence": [
          1.0,
          1.0
        ],
        "feature_ids": [
          "s/3007s01@R0/stug-1x8@R2/stud@R4/studC",
          "s/3007s01@R0/stug4-1x7@R4/stud4@R3/stud4:socket:+1-1"
        ],
        "residual": {
          "distance": 0.0,
          "axial_gap": 0.0,
          "alignment": 1.0,
          "roll_alignment": 1.0,
          "entry_face_gap": 0.0,
          "penetration": 28.0
        }
      },
      {
        "instances": [
          38,
          48
        ],
        "status": "confirmed",
        "kinds": [
          "stud",
          "stud_receptacle"
        ],
        "sources": [
          "ldcad_shadow",
          "primitive"
        ],
        "confidence": [
          1.0,
          1.0
        ],
        "feature_ids": [
          "s/3007s01@R0/stug-1x8@R2/stud@R5/studC",
          "s/3007s01@R0/stug4-1x7@R4/stud4@R4/stud4:socket:+1-1"
        ],
        "residual": {
          "distance": 0.0,
          "axial_gap": 0.0,
          "alignment": 1.0,
          "roll_alignment": 1.0,
          "entry_face_gap": 0.0,
          "penetration": 28.0
        }
      },
      {
        "instances": [
          38,
          48
        ],
        "status": "confirmed",
        "kinds": [
          "stud",
          "stud_receptacle"
        ],
        "sources": [
          "ldcad_shadow",
          "primitive"
        ],
        "confidence": [
          1.0,
          1.0
        ],
        "feature_ids": [
          "s/3007s01@R0/stug-1x8@R2/stud@R6/studC",
          "s/3007s01@R0/stug4-1x7@R4/stud4@R5/stud4:socket:+1-1"
        ],
        "residual": {
          "distance": 0.0,
          "axial_gap": 0.0,
          "alignment": 1.0,
          "roll_alignment": 1.0,
          "entry_face_gap": 0.0,
          "penetration": 28.0
        }
      },
      {
        "instances": [
          38,
          48
        ],
        "status": "confirmed",
        "kinds": [
          "stud",
          "stud_receptacle"
        ],
        "sources": [
          "ldcad_shadow",
          "primitive"
        ],
        "confidence": [
          1.0,
          1.0
        ],
        "feature_ids": [
          "s/3007s01@R0/stug-1x8@R2/stud@R7/studC",
          "s/3007s01@R0/stug4-1x7@R4/stud4@R6/stud4:socket:+1-1"
        ],
        "residual": {
          "distance": 0.0,
          "axial_gap": 0.0,
          "alignment": 1.0,
          "roll_alignment": 1.0,
          "entry_face_gap": 0.0,
          "penetration": 28.0
        }
      },
      {
        "instances": [
          38,
          48
        ],
        "status": "confirmed",
        "kinds": [
          "stud",
          "stud_receptacle"
        ],
        "sources": [
          "ldcad_shadow",
          "primitive"
        ],
        "confidence": [
          1.0,
          1.0
        ],
        "feature_ids": [
          "s/3007s01@R0/stug-1x8@R3/stud@R0/studC",
          "s/3007s01@R0/stug4-1x7@R4/stud4@R0/stud4:socket:-1+1"
        ],
        "residual": {
          "distance": 0.0,
          "axial_gap": 0.0,
          "alignment": 1.0,
          "roll_alignment": 1.0,
          "entry_face_gap": 0.0,
          "penetration": 28.0
        }
      },
      {
        "instances": [
          38,
          48
        ],
        "status": "confirmed",
        "kinds": [
          "stud",
          "stud_receptacle"
        ],
        "sources": [
          "ldcad_shadow",
          "primitive"
        ],
        "confidence": [
          1.0,
          1.0
        ],
        "feature_ids": [
          "s/3007s01@R0/stug-1x8@R3/stud@R1/studC",
          "s/3007s01@R0/stug4-1x7@R4/stud4@R0/stud4:socket:+1+1"
        ],
        "residual": {
          "distance": 0.0,
          "axial_gap": 0.0,
          "alignment": 1.0,
          "roll_alignment": 1.0,
          "entry_face_gap": 0.0,
          "penetration": 28.0
        }
      },
      {
        "instances": [
          38,
          48
        ],
        "status": "confirmed",
        "kinds": [
          "stud",
          "stud_receptacle"
        ],
        "sources": [
          "ldcad_shadow",
          "primitive"
        ],
        "confidence": [
          1.0,
          1.0
        ],
        "feature_ids": [
          "s/3007s01@R0/stug-1x8@R3/stud@R2/studC",
          "s/3007s01@R0/stug4-1x7@R4/stud4@R1/stud4:socket:+1+1"
        ],
        "residual": {
          "distance": 0.0,
          "axial_gap": 0.0,
          "alignment": 1.0,
          "roll_alignment": 1.0,
          "entry_face_gap": 0.0,
          "penetration": 28.0
        }
      },
      {
        "instances": [
          38,
          48
        ],
        "status": "confirmed",
        "kinds": [
          "stud",
          "stud_receptacle"
        ],
        "sources": [
          "ldcad_shadow",
          "primitive"
        ],
        "confidence": [
          1.0,
          1.0
        ],
        "feature_ids": [
          "s/3007s01@R0/stug-1x8@R3/stud@R3/studC",
          "s/3007s01@R0/stug4-1x7@R4/stud4@R2/stud4:socket:+1+1"
        ],
        "residual": {
          "distance": 0.0,
          "axial_gap": 0.0,
          "alignment": 1.0,
          "roll_alignment": 1.0,
          "entry_face_gap": 0.0,
          "penetration": 28.0
        }
      },
      {
        "instances": [
          38,
          48
        ],
        "status": "confirmed",
        "kinds": [
          "stud",
          "stud_receptacle"
        ],
        "sources": [
          "ldcad_shadow",
          "primitive"
        ],
        "confidence": [
          1.0,
          1.0
        ],
        "feature_ids": [
          "s/3007s01@R0/stug-1x8@R3/stud@R4/studC",
          "s/3007s01@R0/stug4-1x7@R4/stud4@R3/stud4:socket:+1+1"
        ],
        "residual": {
          "distance": 0.0,
          "axial_gap": 0.0,
          "alignment": 1.0,
          "roll_alignment": 1.0,
          "entry_face_gap": 0.0,
          "penetration": 28.0
        }
      },
      {
        "instances": [
          38,
          48
        ],
        "status": "confirmed",
        "kinds": [
          "stud",
          "stud_receptacle"
        ],
        "sources": [
          "ldcad_shadow",
          "primitive"
        ],
        "confidence": [
          1.0,
          1.0
        ],
        "feature_ids": [
          "s/3007s01@R0/stug-1x8@R3/stud@R5/studC",
          "s/3007s01@R0/stug4-1x7@R4/stud4@R4/stud4:socket:+1+1"
        ],
        "residual": {
          "distance": 0.0,
          "axial_gap": 0.0,
          "alignment": 1.0,
          "roll_alignment": 1.0,
          "entry_face_gap": 0.0,
          "penetration": 28.0
        }
      },
      {
        "instances": [
          38,
          48
        ],
        "status": "confirmed",
        "kinds": [
          "stud",
          "stud_receptacle"
        ],
        "sources": [
          "ldcad_shadow",
          "primitive"
        ],
        "confidence": [
          1.0,
          1.0
        ],
        "feature_ids": [
          "s/3007s01@R0/stug-1x8@R3/stud@R6/studC",
          "s/3007s01@R0/stug4-1x7@R4/stud4@R5/stud4:socket:+1+1"
        ],
        "residual": {
          "distance": 0.0,
          "axial_gap": 0.0,
          "alignment": 1.0,
          "roll_alignment": 1.0,
          "entry_face_gap": 0.0,
          "penetration": 28.0
        }
      },
      {
        "instances": [
          38,
          48
        ],
        "status": "confirmed",
        "kinds": [
          "stud",
          "stud_receptacle"
        ],
        "sources": [
          "ldcad_shadow",
          "primitive"
        ],
        "confidence": [
          1.0,
          1.0
        ],
        "feature_ids": [
          "s/3007s01@R0/stug-1x8@R3/stud@R7/studC",
          "s/3007s01@R0/stug4-1x7@R4/stud4@R6/stud4:socket:+1+1"
        ],
        "residual": {
          "distance": 0.0,
          "axial_gap": 0.0,
          "alignment": 1.0,
          "roll_alignment": 1.0,
          "entry_face_gap": 0.0,
          "penetration": 28.0
        }
      },
      {
        "instances": [
          39,
          49
        ],
        "status": "confirmed",
        "kinds": [
          "stud",
          "stud_receptacle"
        ],
        "sources": [
          "ldcad_shadow",
          "primitive"
        ],
        "confidence": [
          1.0,
          1.0
        ],
        "feature_ids": [
          "s/3001s01@R0/stud@R10/studC",
          "s/3001s01@R0/stud4@R0/stud4:socket:-1+1"
        ],
        "residual": {
          "distance": 0.0,
          "axial_gap": 0.0,
          "alignment": 1.0,
          "roll_alignment": 1.0,
          "entry_face_gap": 0.0,
          "penetration": 28.0
        }
      },
      {
        "instances": [
          39,
          49
        ],
        "status": "confirmed",
        "kinds": [
          "stud",
          "stud_receptacle"
        ],
        "sources": [
          "ldcad_shadow",
          "primitive"
        ],
        "confidence": [
          1.0,
          1.0
        ],
        "feature_ids": [
          "s/3001s01@R0/stud@R11/studC",
          "s/3001s01@R0/stud4@R1/stud4:socket:-1+1"
        ],
        "residual": {
          "distance": 0.0,
          "axial_gap": 0.0,
          "alignment": 1.0,
          "roll_alignment": 1.0,
          "entry_face_gap": 0.0,
          "penetration": 28.0
        }
      },
      {
        "instances": [
          39,
          49
        ],
        "status": "confirmed",
        "kinds": [
          "stud",
          "stud_receptacle"
        ],
        "sources": [
          "ldcad_shadow",
          "primitive"
        ],
        "confidence": [
          1.0,
          1.0
        ],
        "feature_ids": [
          "s/3001s01@R0/stud@R12/studC",
          "s/3001s01@R0/stud4@R2/stud4:socket:-1+1"
        ],
        "residual": {
          "distance": 0.0,
          "axial_gap": 0.0,
          "alignment": 1.0,
          "roll_alignment": 1.0,
          "entry_face_gap": 0.0,
          "penetration": 28.0
        }
      },
      {
        "instances": [
          39,
          49
        ],
        "status": "confirmed",
        "kinds": [
          "stud",
          "stud_receptacle"
        ],
        "sources": [
          "ldcad_shadow",
          "primitive"
        ],
        "confidence": [
          1.0,
          1.0
        ],
        "feature_ids": [
          "s/3001s01@R0/stud@R5/studC",
          "s/3001s01@R0/stud4@R0/stud4:socket:+1-1"
        ],
        "residual": {
          "distance": 0.0,
          "axial_gap": 0.0,
          "alignment": 1.0,
          "roll_alignment": 1.0,
          "entry_face_gap": 0.0,
          "penetration": 28.0
        }
      },
      {
        "instances": [
          39,
          49
        ],
        "status": "confirmed",
        "kinds": [
          "stud",
          "stud_receptacle"
        ],
        "sources": [
          "ldcad_shadow",
          "primitive"
        ],
        "confidence": [
          1.0,
          1.0
        ],
        "feature_ids": [
          "s/3001s01@R0/stud@R6/studC",
          "s/3001s01@R0/stud4@R0/stud4:socket:-1-1"
        ],
        "residual": {
          "distance": 0.0,
          "axial_gap": 0.0,
          "alignment": 1.0,
          "roll_alignment": 1.0,
          "entry_face_gap": 0.0,
          "penetration": 28.0
        }
      },
      {
        "instances": [
          39,
          49
        ],
        "status": "confirmed",
        "kinds": [
          "stud",
          "stud_receptacle"
        ],
        "sources": [
          "ldcad_shadow",
          "primitive"
        ],
        "confidence": [
          1.0,
          1.0
        ],
        "feature_ids": [
          "s/3001s01@R0/stud@R7/studC",
          "s/3001s01@R0/stud4@R1/stud4:socket:-1-1"
        ],
        "residual": {
          "distance": 0.0,
          "axial_gap": 0.0,
          "alignment": 1.0,
          "roll_alignment": 1.0,
          "entry_face_gap": 0.0,
          "penetration": 28.0
        }
      },
      {
        "instances": [
          39,
          49
        ],
        "status": "confirmed",
        "kinds": [
          "stud",
          "stud_receptacle"
        ],
        "sources": [
          "ldcad_shadow",
          "primitive"
        ],
        "confidence": [
          1.0,
          1.0
        ],
        "feature_ids": [
          "s/3001s01@R0/stud@R8/studC",
          "s/3001s01@R0/stud4@R2/stud4:socket:-1-1"
        ],
        "residual": {
          "distance": 0.0,
          "axial_gap": 0.0,
          "alignment": 1.0,
          "roll_alignment": 1.0,
          "entry_face_gap": 0.0,
          "penetration": 28.0
        }
      },
      {
        "instances": [
          39,
          49
        ],
        "status": "confirmed",
        "kinds": [
          "stud",
          "stud_receptacle"
        ],
        "sources": [
          "ldcad_shadow",
          "primitive"
        ],
        "confidence": [
          1.0,
          1.0
        ],
        "feature_ids": [
          "s/3001s01@R0/stud@R9/studC",
          "s/3001s01@R0/stud4@R0/stud4:socket:+1+1"
        ],
        "residual": {
          "distance": 0.0,
          "axial_gap": 0.0,
          "alignment": 1.0,
          "roll_alignment": 1.0,
          "entry_face_gap": 0.0,
          "penetration": 28.0
        }
      },
      {
        "instances": [
          40,
          50
        ],
        "status": "confirmed",
        "kinds": [
          "stud",
          "stud_receptacle"
        ],
        "sources": [
          "ldcad_shadow",
          "primitive"
        ],
        "confidence": [
          1.0,
          1.0
        ],
        "feature_ids": [
          "s/3007s01@R0/stug-1x8@R2/stud@R0/studC",
          "s/3007s01@R0/stug4-1x7@R4/stud4@R0/stud4:socket:-1-1"
        ],
        "residual": {
          "distance": 0.0,
          "axial_gap": 0.0,
          "alignment": 1.0,
          "roll_alignment": 1.0,
          "entry_face_gap": 0.0,
          "penetration": 28.0
        }
      },
      {
        "instances": [
          40,
          50
        ],
        "status": "confirmed",
        "kinds": [
          "stud",
          "stud_receptacle"
        ],
        "sources": [
          "ldcad_shadow",
          "primitive"
        ],
        "confidence": [
          1.0,
          1.0
        ],
        "feature_ids": [
          "s/3007s01@R0/stug-1x8@R2/stud@R1/studC",
          "s/3007s01@R0/stug4-1x7@R4/stud4@R0/stud4:socket:+1-1"
        ],
        "residual": {
          "distance": 0.0,
          "axial_gap": 0.0,
          "alignment": 1.0,
          "roll_alignment": 1.0,
          "entry_face_gap": 0.0,
          "penetration": 28.0
        }
      },
      {
        "instances": [
          40,
          50
        ],
        "status": "confirmed",
        "kinds": [
          "stud",
          "stud_receptacle"
        ],
        "sources": [
          "ldcad_shadow",
          "primitive"
        ],
        "confidence": [
          1.0,
          1.0
        ],
        "feature_ids": [
          "s/3007s01@R0/stug-1x8@R2/stud@R2/studC",
          "s/3007s01@R0/stug4-1x7@R4/stud4@R1/stud4:socket:+1-1"
        ],
        "residual": {
          "distance": 0.0,
          "axial_gap": 0.0,
          "alignment": 1.0,
          "roll_alignment": 1.0,
          "entry_face_gap": 0.0,
          "penetration": 28.0
        }
      },
      {
        "instances": [
          40,
          50
        ],
        "status": "confirmed",
        "kinds": [
          "stud",
          "stud_receptacle"
        ],
        "sources": [
          "ldcad_shadow",
          "primitive"
        ],
        "confidence": [
          1.0,
          1.0
        ],
        "feature_ids": [
          "s/3007s01@R0/stug-1x8@R2/stud@R3/studC",
          "s/3007s01@R0/stug4-1x7@R4/stud4@R2/stud4:socket:+1-1"
        ],
        "residual": {
          "distance": 0.0,
          "axial_gap": 0.0,
          "alignment": 1.0,
          "roll_alignment": 1.0,
          "entry_face_gap": 0.0,
          "penetration": 28.0
        }
      },
      {
        "instances": [
          40,
          50
        ],
        "status": "confirmed",
        "kinds": [
          "stud",
          "stud_receptacle"
        ],
        "sources": [
          "ldcad_shadow",
          "primitive"
        ],
        "confidence": [
          1.0,
          1.0
        ],
        "feature_ids": [
          "s/3007s01@R0/stug-1x8@R2/stud@R4/studC",
          "s/3007s01@R0/stug4-1x7@R4/stud4@R3/stud4:socket:+1-1"
        ],
        "residual": {
          "distance": 0.0,
          "axial_gap": 0.0,
          "alignment": 1.0,
          "roll_alignment": 1.0,
          "entry_face_gap": 0.0,
          "penetration": 28.0
        }
      },
      {
        "instances": [
          40,
          50
        ],
        "status": "confirmed",
        "kinds": [
          "stud",
          "stud_receptacle"
        ],
        "sources": [
          "ldcad_shadow",
          "primitive"
        ],
        "confidence": [
          1.0,
          1.0
        ],
        "feature_ids": [
          "s/3007s01@R0/stug-1x8@R2/stud@R5/studC",
          "s/3007s01@R0/stug4-1x7@R4/stud4@R4/stud4:socket:+1-1"
        ],
        "residual": {
          "distance": 0.0,
          "axial_gap": 0.0,
          "alignment": 1.0,
          "roll_alignment": 1.0,
          "entry_face_gap": 0.0,
          "penetration": 28.0
        }
      },
      {
        "instances": [
          40,
          50
        ],
        "status": "confirmed",
        "kinds": [
          "stud",
          "stud_receptacle"
        ],
        "sources": [
          "ldcad_shadow",
          "primitive"
        ],
        "confidence": [
          1.0,
          1.0
        ],
        "feature_ids": [
          "s/3007s01@R0/stug-1x8@R2/stud@R6/studC",
          "s/3007s01@R0/stug4-1x7@R4/stud4@R5/stud4:socket:+1-1"
        ],
        "residual": {
          "distance": 0.0,
          "axial_gap": 0.0,
          "alignment": 1.0,
          "roll_alignment": 1.0,
          "entry_face_gap": 0.0,
          "penetration": 28.0
        }
      },
      {
        "instances": [
          40,
          50
        ],
        "status": "confirmed",
        "kinds": [
          "stud",
          "stud_receptacle"
        ],
        "sources": [
          "ldcad_shadow",
          "primitive"
        ],
        "confidence": [
          1.0,
          1.0
        ],
        "feature_ids": [
          "s/3007s01@R0/stug-1x8@R2/stud@R7/studC",
          "s/3007s01@R0/stug4-1x7@R4/stud4@R6/stud4:socket:+1-1"
        ],
        "residual": {
          "distance": 0.0,
          "axial_gap": 0.0,
          "alignment": 1.0,
          "roll_alignment": 1.0,
          "entry_face_gap": 0.0,
          "penetration": 28.0
        }
      },
      {
        "instances": [
          40,
          50
        ],
        "status": "confirmed",
        "kinds": [
          "stud",
          "stud_receptacle"
        ],
        "sources": [
          "ldcad_shadow",
          "primitive"
        ],
        "confidence": [
          1.0,
          1.0
        ],
        "feature_ids": [
          "s/3007s01@R0/stug-1x8@R3/stud@R0/studC",
          "s/3007s01@R0/stug4-1x7@R4/stud4@R0/stud4:socket:-1+1"
        ],
        "residual": {
          "distance": 0.0,
          "axial_gap": 0.0,
          "alignment": 1.0,
          "roll_alignment": 1.0,
          "entry_face_gap": 0.0,
          "penetration": 28.0
        }
      },
      {
        "instances": [
          40,
          50
        ],
        "status": "confirmed",
        "kinds": [
          "stud",
          "stud_receptacle"
        ],
        "sources": [
          "ldcad_shadow",
          "primitive"
        ],
        "confidence": [
          1.0,
          1.0
        ],
        "feature_ids": [
          "s/3007s01@R0/stug-1x8@R3/stud@R1/studC",
          "s/3007s01@R0/stug4-1x7@R4/stud4@R0/stud4:socket:+1+1"
        ],
        "residual": {
          "distance": 0.0,
          "axial_gap": 0.0,
          "alignment": 1.0,
          "roll_alignment": 1.0,
          "entry_face_gap": 0.0,
          "penetration": 28.0
        }
      },
      {
        "instances": [
          40,
          50
        ],
        "status": "confirmed",
        "kinds": [
          "stud",
          "stud_receptacle"
        ],
        "sources": [
          "ldcad_shadow",
          "primitive"
        ],
        "confidence": [
          1.0,
          1.0
        ],
        "feature_ids": [
          "s/3007s01@R0/stug-1x8@R3/stud@R2/studC",
          "s/3007s01@R0/stug4-1x7@R4/stud4@R1/stud4:socket:+1+1"
        ],
        "residual": {
          "distance": 0.0,
          "axial_gap": 0.0,
          "alignment": 1.0,
          "roll_alignment": 1.0,
          "entry_face_gap": 0.0,
          "penetration": 28.0
        }
      },
      {
        "instances": [
          40,
          50
        ],
        "status": "confirmed",
        "kinds": [
          "stud",
          "stud_receptacle"
        ],
        "sources": [
          "ldcad_shadow",
          "primitive"
        ],
        "confidence": [
          1.0,
          1.0
        ],
        "feature_ids": [
          "s/3007s01@R0/stug-1x8@R3/stud@R3/studC",
          "s/3007s01@R0/stug4-1x7@R4/stud4@R2/stud4:socket:+1+1"
        ],
        "residual": {
          "distance": 0.0,
          "axial_gap": 0.0,
          "alignment": 1.0,
          "roll_alignment": 1.0,
          "entry_face_gap": 0.0,
          "penetration": 28.0
        }
      },
      {
        "instances": [
          40,
          50
        ],
        "status": "confirmed",
        "kinds": [
          "stud",
          "stud_receptacle"
        ],
        "sources": [
          "ldcad_shadow",
          "primitive"
        ],
        "confidence": [
          1.0,
          1.0
        ],
        "feature_ids": [
          "s/3007s01@R0/stug-1x8@R3/stud@R4/studC",
          "s/3007s01@R0/stug4-1x7@R4/stud4@R3/stud4:socket:+1+1"
        ],
        "residual": {
          "distance": 0.0,
          "axial_gap": 0.0,
          "alignment": 1.0,
          "roll_alignment": 1.0,
          "entry_face_gap": 0.0,
          "penetration": 28.0
        }
      },
      {
        "instances": [
          40,
          50
        ],
        "status": "confirmed",
        "kinds": [
          "stud",
          "stud_receptacle"
        ],
        "sources": [
          "ldcad_shadow",
          "primitive"
        ],
        "confidence": [
          1.0,
          1.0
        ],
        "feature_ids": [
          "s/3007s01@R0/stug-1x8@R3/stud@R5/studC",
          "s/3007s01@R0/stug4-1x7@R4/stud4@R4/stud4:socket:+1+1"
        ],
        "residual": {
          "distance": 0.0,
          "axial_gap": 0.0,
          "alignment": 1.0,
          "roll_alignment": 1.0,
          "entry_face_gap": 0.0,
          "penetration": 28.0
        }
      },
      {
        "instances": [
          40,
          50
        ],
        "status": "confirmed",
        "kinds": [
          "stud",
          "stud_receptacle"
        ],
        "sources": [
          "ldcad_shadow",
          "primitive"
        ],
        "confidence": [
          1.0,
          1.0
        ],
        "feature_ids": [
          "s/3007s01@R0/stug-1x8@R3/stud@R6/studC",
          "s/3007s01@R0/stug4-1x7@R4/stud4@R5/stud4:socket:+1+1"
        ],
        "residual": {
          "distance": 0.0,
          "axial_gap": 0.0,
          "alignment": 1.0,
          "roll_alignment": 1.0,
          "entry_face_gap": 0.0,
          "penetration": 28.0
        }
      },
      {
        "instances": [
          40,
          50
        ],
        "status": "confirmed",
        "kinds": [
          "stud",
          "stud_receptacle"
        ],
        "sources": [
          "ldcad_shadow",
          "primitive"
        ],
        "confidence": [
          1.0,
          1.0
        ],
        "feature_ids": [
          "s/3007s01@R0/stug-1x8@R3/stud@R7/studC",
          "s/3007s01@R0/stug4-1x7@R4/stud4@R6/stud4:socket:+1+1"
        ],
        "residual": {
          "distance": 0.0,
          "axial_gap": 0.0,
          "alignment": 1.0,
          "roll_alignment": 1.0,
          "entry_face_gap": 0.0,
          "penetration": 28.0
        }
      },
      {
        "instances": [
          41,
          51
        ],
        "status": "confirmed",
        "kinds": [
          "stud",
          "stud_receptacle"
        ],
        "sources": [
          "ldcad_shadow",
          "ldcad_shadow"
        ],
        "confidence": [
          1.0,
          1.0
        ],
        "feature_ids": [
          "s/3007s01@R0/stug-1x8@R2/stud@R4/studC",
          "snap_cyl@L12:I0"
        ],
        "residual": {
          "distance": 0.0,
          "axial_gap": 0.0,
          "alignment": 1.0,
          "roll_alignment": 1.0,
          "entry_face_gap": 0.0,
          "penetration": 52.0
        }
      },
      {
        "instances": [
          41,
          51
        ],
        "status": "confirmed",
        "kinds": [
          "stud",
          "stud_receptacle"
        ],
        "sources": [
          "ldcad_shadow",
          "ldcad_shadow"
        ],
        "confidence": [
          1.0,
          1.0
        ],
        "feature_ids": [
          "s/3007s01@R0/stug-1x8@R2/stud@R5/studC",
          "snap_cyl@L12:I1"
        ],
        "residual": {
          "distance": 0.0,
          "axial_gap": 0.0,
          "alignment": 1.0,
          "roll_alignment": 1.0,
          "entry_face_gap": 0.0,
          "penetration": 52.0
        }
      },
      {
        "instances": [
          41,
          51
        ],
        "status": "confirmed",
        "kinds": [
          "stud",
          "stud_receptacle"
        ],
        "sources": [
          "ldcad_shadow",
          "ldcad_shadow"
        ],
        "confidence": [
          1.0,
          1.0
        ],
        "feature_ids": [
          "s/3007s01@R0/stug-1x8@R2/stud@R6/studC",
          "snap_cyl@L12:I2"
        ],
        "residual": {
          "distance": 0.0,
          "axial_gap": 0.0,
          "alignment": 1.0,
          "roll_alignment": 1.0,
          "entry_face_gap": 0.0,
          "penetration": 52.0
        }
      },
      {
        "instances": [
          41,
          51
        ],
        "status": "confirmed",
        "kinds": [
          "stud",
          "stud_receptacle"
        ],
        "sources": [
          "ldcad_shadow",
          "ldcad_shadow"
        ],
        "confidence": [
          1.0,
          1.0
        ],
        "feature_ids": [
          "s/3007s01@R0/stug-1x8@R2/stud@R7/studC",
          "snap_cyl@L12:I3"
        ],
        "residual": {
          "distance": 0.0,
          "axial_gap": 0.0,
          "alignment": 1.0,
          "roll_alignment": 1.0,
          "entry_face_gap": 0.0,
          "penetration": 52.0
        }
      },
      {
        "instances": [
          41,
          51
        ],
        "status": "confirmed",
        "kinds": [
          "stud",
          "stud_receptacle"
        ],
        "sources": [
          "ldcad_shadow",
          "ldcad_shadow"
        ],
        "confidence": [
          1.0,
          1.0
        ],
        "feature_ids": [
          "s/3007s01@R0/stug-1x8@R3/stud@R4/studC",
          "snap_cyl@L13:I0"
        ],
        "residual": {
          "distance": 0.0,
          "axial_gap": 0.0,
          "alignment": 1.0,
          "roll_alignment": 1.0,
          "entry_face_gap": 0.0,
          "penetration": 52.0
        }
      },
      {
        "instances": [
          41,
          51
        ],
        "status": "confirmed",
        "kinds": [
          "stud",
          "stud_receptacle"
        ],
        "sources": [
          "ldcad_shadow",
          "ldcad_shadow"
        ],
        "confidence": [
          1.0,
          1.0
        ],
        "feature_ids": [
          "s/3007s01@R0/stug-1x8@R3/stud@R5/studC",
          "snap_cyl@L13:I1"
        ],
        "residual": {
          "distance": 0.0,
          "axial_gap": 0.0,
          "alignment": 1.0,
          "roll_alignment": 1.0,
          "entry_face_gap": 0.0,
          "penetration": 52.0
        }
      },
      {
        "instances": [
          41,
          53
        ],
        "status": "confirmed",
        "kinds": [
          "stud",
          "stud_receptacle"
        ],
        "sources": [
          "ldcad_shadow",
          "ldcad_shadow"
        ],
        "confidence": [
          1.0,
          1.0
        ],
        "feature_ids": [
          "s/3007s01@R0/stug-1x8@R2/stud@R0/studC",
          "snap_cyl@L11:I4"
        ],
        "residual": {
          "distance": 0.0,
          "axial_gap": 0.0,
          "alignment": 1.0,
          "roll_alignment": 1.0,
          "entry_face_gap": 0.0,
          "penetration": 52.0
        }
      },
      {
        "instances": [
          41,
          53
        ],
        "status": "confirmed",
        "kinds": [
          "stud",
          "stud_receptacle"
        ],
        "sources": [
          "ldcad_shadow",
          "ldcad_shadow"
        ],
        "confidence": [
          1.0,
          1.0
        ],
        "feature_ids": [
          "s/3007s01@R0/stug-1x8@R2/stud@R2/studC",
          "snap_cyl@L9:I1"
        ],
        "residual": {
          "distance": 0.0,
          "axial_gap": 0.0,
          "alignment": 1.0,
          "roll_alignment": 1.0,
          "entry_face_gap": 0.0,
          "penetration": 52.0
        }
      },
      {
        "instances": [
          41,
          53
        ],
        "status": "confirmed",
        "kinds": [
          "stud",
          "stud_receptacle"
        ],
        "sources": [
          "ldcad_shadow",
          "ldcad_shadow"
        ],
        "confidence": [
          1.0,
          1.0
        ],
        "feature_ids": [
          "s/3007s01@R0/stug-1x8@R2/stud@R3/studC",
          "snap_cyl@L8:I1"
        ],
        "residual": {
          "distance": 0.0,
          "axial_gap": 0.0,
          "alignment": 1.0,
          "roll_alignment": 1.0,
          "entry_face_gap": 0.0,
          "penetration": 52.0
        }
      },
      {
        "instances": [
          41,
          53
        ],
        "status": "confirmed",
        "kinds": [
          "stud",
          "stud_receptacle"
        ],
        "sources": [
          "ldcad_shadow",
          "ldcad_shadow"
        ],
        "confidence": [
          1.0,
          1.0
        ],
        "feature_ids": [
          "s/3007s01@R0/stug-1x8@R3/stud@R2/studC",
          "snap_cyl@L9:I2"
        ],
        "residual": {
          "distance": 0.0,
          "axial_gap": 0.0,
          "alignment": 1.0,
          "roll_alignment": 1.0,
          "entry_face_gap": 0.0,
          "penetration": 52.0
        }
      },
      {
        "instances": [
          41,
          53
        ],
        "status": "confirmed",
        "kinds": [
          "stud",
          "stud_receptacle"
        ],
        "sources": [
          "ldcad_shadow",
          "ldcad_shadow"
        ],
        "confidence": [
          1.0,
          1.0
        ],
        "feature_ids": [
          "s/3007s01@R0/stug-1x8@R3/stud@R3/studC",
          "snap_cyl@L8:I2"
        ],
        "residual": {
          "distance": 0.0,
          "axial_gap": 0.0,
          "alignment": 1.0,
          "roll_alignment": 1.0,
          "entry_face_gap": 0.0,
          "penetration": 52.0
        }
      },
      {
        "instances": [
          42,
          51
        ],
        "status": "confirmed",
        "kinds": [
          "stud",
          "stud_receptacle"
        ],
        "sources": [
          "ldcad_shadow",
          "ldcad_shadow"
        ],
        "confidence": [
          1.0,
          1.0
        ],
        "feature_ids": [
          "s/3007s01@R0/stug-1x8@R3/stud@R6/studC",
          "snap_cyl@L11:I0"
        ],
        "residual": {
          "distance": 0.0,
          "axial_gap": 0.0,
          "alignment": 1.0,
          "roll_alignment": 1.0,
          "entry_face_gap": 0.0,
          "penetration": 52.0
        }
      },
      {
        "instances": [
          42,
          51
        ],
        "status": "confirmed",
        "kinds": [
          "stud",
          "stud_receptacle"
        ],
        "sources": [
          "ldcad_shadow",
          "ldcad_shadow"
        ],
        "confidence": [
          1.0,
          1.0
        ],
        "feature_ids": [
          "s/3007s01@R0/stug-1x8@R3/stud@R7/studC",
          "snap_cyl@L11:I1"
        ],
        "residual": {
          "distance": 0.0,
          "axial_gap": 0.0,
          "alignment": 1.0,
          "roll_alignment": 1.0,
          "entry_face_gap": 0.0,
          "penetration": 52.0
        }
      },
      {
        "instances": [
          42,
          53
        ],
        "status": "confirmed",
        "kinds": [
          "stud",
          "stud_receptacle"
        ],
        "sources": [
          "ldcad_shadow",
          "ldcad_shadow"
        ],
        "confidence": [
          1.0,
          1.0
        ],
        "feature_ids": [
          "s/3007s01@R0/stug-1x8@R2/stud@R1/studC",
          "snap_cyl@L12:I2"
        ],
        "residual": {
          "distance": 0.0,
          "axial_gap": 0.0,
          "alignment": 1.0,
          "roll_alignment": 1.0,
          "entry_face_gap": 0.0,
          "penetration": 52.0
        }
      },
      {
        "instances": [
          42,
          53
        ],
        "status": "confirmed",
        "kinds": [
          "stud",
          "stud_receptacle"
        ],
        "sources": [
          "ldcad_shadow",
          "ldcad_shadow"
        ],
        "confidence": [
          1.0,
          1.0
        ],
        "feature_ids": [
          "s/3007s01@R0/stug-1x8@R2/stud@R2/studC",
          "snap_cyl@L11:I2"
        ],
        "residual": {
          "distance": 0.0,
          "axial_gap": 0.0,
          "alignment": 1.0,
          "roll_alignment": 1.0,
          "entry_face_gap": 0.0,
          "penetration": 52.0
        }
      },
      {
        "instances": [
          42,
          53
        ],
        "status": "confirmed",
        "kinds": [
          "stud",
          "stud_receptacle"
        ],
        "sources": [
          "ldcad_shadow",
          "ldcad_shadow"
        ],
        "confidence": [
          1.0,
          1.0
        ],
        "feature_ids": [
          "s/3007s01@R0/stug-1x8@R3/stud@R1/studC",
          "snap_cyl@L12:I3"
        ],
        "residual": {
          "distance": 0.0,
          "axial_gap": 0.0,
          "alignment": 1.0,
          "roll_alignment": 1.0,
          "entry_face_gap": 0.0,
          "penetration": 52.0
        }
      },
      {
        "instances": [
          42,
          53
        ],
        "status": "confirmed",
        "kinds": [
          "stud",
          "stud_receptacle"
        ],
        "sources": [
          "ldcad_shadow",
          "ldcad_shadow"
        ],
        "confidence": [
          1.0,
          1.0
        ],
        "feature_ids": [
          "s/3007s01@R0/stug-1x8@R3/stud@R2/studC",
          "snap_cyl@L11:I3"
        ],
        "residual": {
          "distance": 0.0,
          "axial_gap": 0.0,
          "alignment": 1.0,
          "roll_alignment": 1.0,
          "entry_face_gap": 0.0,
          "penetration": 52.0
        }
      },
      {
        "instances": [
          42,
          53
        ],
        "status": "confirmed",
        "kinds": [
          "stud",
          "stud_receptacle"
        ],
        "sources": [
          "ldcad_shadow",
          "ldcad_shadow"
        ],
        "confidence": [
          1.0,
          1.0
        ],
        "feature_ids": [
          "s/3007s01@R0/stug-1x8@R3/stud@R4/studC",
          "snap_cyl@L9:I0"
        ],
        "residual": {
          "distance": 0.0,
          "axial_gap": 0.0,
          "alignment": 1.0,
          "roll_alignment": 1.0,
          "entry_face_gap": 0.0,
          "penetration": 52.0
        }
      },
      {
        "instances": [
          42,
          53
        ],
        "status": "confirmed",
        "kinds": [
          "stud",
          "stud_receptacle"
        ],
        "sources": [
          "ldcad_shadow",
          "ldcad_shadow"
        ],
        "confidence": [
          1.0,
          1.0
        ],
        "feature_ids": [
          "s/3007s01@R0/stug-1x8@R3/stud@R5/studC",
          "snap_cyl@L8:I0"
        ],
        "residual": {
          "distance": 0.0,
          "axial_gap": 0.0,
          "alignment": 1.0,
          "roll_alignment": 1.0,
          "entry_face_gap": 0.0,
          "penetration": 52.0
        }
      },
      {
        "instances": [
          43,
          51
        ],
        "status": "confirmed",
        "kinds": [
          "stud",
          "stud_receptacle"
        ],
        "sources": [
          "ldcad_shadow",
          "ldcad_shadow"
        ],
        "confidence": [
          1.0,
          1.0
        ],
        "feature_ids": [
          "s/3001s01@R0/stud@R10/studC",
          "snap_cyl@L11:I4"
        ],
        "residual": {
          "distance": 0.0,
          "axial_gap": 0.0,
          "alignment": 1.0,
          "roll_alignment": 1.0,
          "entry_face_gap": 0.0,
          "penetration": 52.0
        }
      },
      {
        "instances": [
          43,
          51
        ],
        "status": "confirmed",
        "kinds": [
          "stud",
          "stud_receptacle"
        ],
        "sources": [
          "ldcad_shadow",
          "ldcad_shadow"
        ],
        "confidence": [
          1.0,
          1.0
        ],
        "feature_ids": [
          "s/3001s01@R0/stud@R11/studC",
          "snap_cyl@L11:I3"
        ],
        "residual": {
          "distance": 0.0,
          "axial_gap": 0.0,
          "alignment": 1.0,
          "roll_alignment": 1.0,
          "entry_face_gap": 0.0,
          "penetration": 52.0
        }
      },
      {
        "instances": [
          43,
          51
        ],
        "status": "confirmed",
        "kinds": [
          "stud",
          "stud_receptacle"
        ],
        "sources": [
          "ldcad_shadow",
          "ldcad_shadow"
        ],
        "confidence": [
          1.0,
          1.0
        ],
        "feature_ids": [
          "s/3001s01@R0/stud@R12/studC",
          "snap_cyl@L11:I2"
        ],
        "residual": {
          "distance": 0.0,
          "axial_gap": 0.0,
          "alignment": 1.0,
          "roll_alignment": 1.0,
          "entry_face_gap": 0.0,
          "penetration": 52.0
        }
      },
      {
        "instances": [
          44,
          53
        ],
        "status": "confirmed",
        "kinds": [
          "stud",
          "stud_receptacle"
        ],
        "sources": [
          "ldcad_shadow",
          "ldcad_shadow"
        ],
        "confidence": [
          1.0,
          1.0
        ],
        "feature_ids": [
          "s/3007s01@R0/stug-1x8@R2/stud@R1/studC",
          "snap_cyl@L13:I0"
        ],
        "residual": {
          "distance": 0.0,
          "axial_gap": 0.0,
          "alignment": 1.0,
          "roll_alignment": 1.0,
          "entry_face_gap": 0.0,
          "penetration": 52.0
        }
      },
      {
        "instances": [
          44,
          53
        ],
        "status": "confirmed",
        "kinds": [
          "stud",
          "stud_receptacle"
        ],
        "sources": [
          "ldcad_shadow",
          "ldcad_shadow"
        ],
        "confidence": [
          1.0,
          1.0
        ],
        "feature_ids": [
          "s/3007s01@R0/stug-1x8@R2/stud@R2/studC",
          "snap_cyl@L12:I0"
        ],
        "residual": {
          "distance": 0.0,
          "axial_gap": 0.0,
          "alignment": 1.0,
          "roll_alignment": 1.0,
          "entry_face_gap": 0.0,
          "penetration": 52.0
        }
      },
      {
        "instances": [
          44,
          53
        ],
        "status": "confirmed",
        "kinds": [
          "stud",
          "stud_receptacle"
        ],
        "sources": [
          "ldcad_shadow",
          "ldcad_shadow"
        ],
        "confidence": [
          1.0,
          1.0
        ],
        "feature_ids": [
          "s/3007s01@R0/stug-1x8@R2/stud@R3/studC",
          "snap_cyl@L11:I0"
        ],
        "residual": {
          "distance": 0.0,
          "axial_gap": 0.0,
          "alignment": 1.0,
          "roll_alignment": 1.0,
          "entry_face_gap": 0.0,
          "penetration": 52.0
        }
      },
      {
        "instances": [
          44,
          53
        ],
        "status": "confirmed",
        "kinds": [
          "stud",
          "stud_receptacle"
        ],
        "sources": [
          "ldcad_shadow",
          "ldcad_shadow"
        ],
        "confidence": [
          1.0,
          1.0
        ],
        "feature_ids": [
          "s/3007s01@R0/stug-1x8@R3/stud@R1/studC",
          "snap_cyl@L13:I1"
        ],
        "residual": {
          "distance": 0.0,
          "axial_gap": 0.0,
          "alignment": 1.0,
          "roll_alignment": 1.0,
          "entry_face_gap": 0.0,
          "penetration": 52.0
        }
      },
      {
        "instances": [
          44,
          53
        ],
        "status": "confirmed",
        "kinds": [
          "stud",
          "stud_receptacle"
        ],
        "sources": [
          "ldcad_shadow",
          "ldcad_shadow"
        ],
        "confidence": [
          1.0,
          1.0
        ],
        "feature_ids": [
          "s/3007s01@R0/stug-1x8@R3/stud@R2/studC",
          "snap_cyl@L12:I1"
        ],
        "residual": {
          "distance": 0.0,
          "axial_gap": 0.0,
          "alignment": 1.0,
          "roll_alignment": 1.0,
          "entry_face_gap": 0.0,
          "penetration": 52.0
        }
      },
      {
        "instances": [
          44,
          53
        ],
        "status": "confirmed",
        "kinds": [
          "stud",
          "stud_receptacle"
        ],
        "sources": [
          "ldcad_shadow",
          "ldcad_shadow"
        ],
        "confidence": [
          1.0,
          1.0
        ],
        "feature_ids": [
          "s/3007s01@R0/stug-1x8@R3/stud@R3/studC",
          "snap_cyl@L11:I1"
        ],
        "residual": {
          "distance": 0.0,
          "axial_gap": 0.0,
          "alignment": 1.0,
          "roll_alignment": 1.0,
          "entry_face_gap": 0.0,
          "penetration": 52.0
        }
      },
      {
        "instances": [
          44,
          59
        ],
        "status": "confirmed",
        "kinds": [
          "stud",
          "stud_receptacle"
        ],
        "sources": [
          "ldcad_shadow",
          "primitive"
        ],
        "confidence": [
          1.0,
          1.0
        ],
        "feature_ids": [
          "s/3007s01@R0/stug-1x8@R2/stud@R5/studC",
          "s/3001s01@R0/stud4@R2/stud4:socket:-1-1"
        ],
        "residual": {
          "distance": 0.0,
          "axial_gap": 0.0,
          "alignment": 1.0,
          "roll_alignment": 1.0,
          "entry_face_gap": 0.0,
          "penetration": 28.0
        }
      },
      {
        "instances": [
          44,
          59
        ],
        "status": "confirmed",
        "kinds": [
          "stud",
          "stud_receptacle"
        ],
        "sources": [
          "ldcad_shadow",
          "primitive"
        ],
        "confidence": [
          1.0,
          1.0
        ],
        "feature_ids": [
          "s/3007s01@R0/stug-1x8@R2/stud@R6/studC",
          "s/3001s01@R0/stud4@R1/stud4:socket:-1-1"
        ],
        "residual": {
          "distance": 0.0,
          "axial_gap": 0.0,
          "alignment": 1.0,
          "roll_alignment": 1.0,
          "entry_face_gap": 0.0,
          "penetration": 28.0
        }
      },
      {
        "instances": [
          44,
          59
        ],
        "status": "confirmed",
        "kinds": [
          "stud",
          "stud_receptacle"
        ],
        "sources": [
          "ldcad_shadow",
          "primitive"
        ],
        "confidence": [
          1.0,
          1.0
        ],
        "feature_ids": [
          "s/3007s01@R0/stug-1x8@R2/stud@R7/studC",
          "s/3001s01@R0/stud4@R0/stud4:socket:-1-1"
        ],
        "residual": {
          "distance": 0.0,
          "axial_gap": 0.0,
          "alignment": 1.0,
          "roll_alignment": 1.0,
          "entry_face_gap": 0.0,
          "penetration": 28.0
        }
      },
      {
        "instances": [
          44,
          59
        ],
        "status": "confirmed",
        "kinds": [
          "stud",
          "stud_receptacle"
        ],
        "sources": [
          "ldcad_shadow",
          "primitive"
        ],
        "confidence": [
          1.0,
          1.0
        ],
        "feature_ids": [
          "s/3007s01@R0/stug-1x8@R3/stud@R5/studC",
          "s/3001s01@R0/stud4@R2/stud4:socket:-1+1"
        ],
        "residual": {
          "distance": 0.0,
          "axial_gap": 0.0,
          "alignment": 1.0,
          "roll_alignment": 1.0,
          "entry_face_gap": 0.0,
          "penetration": 28.0
        }
      },
      {
        "instances": [
          44,
          59
        ],
        "status": "confirmed",
        "kinds": [
          "stud",
          "stud_receptacle"
        ],
        "sources": [
          "ldcad_shadow",
          "primitive"
        ],
        "confidence": [
          1.0,
          1.0
        ],
        "feature_ids": [
          "s/3007s01@R0/stug-1x8@R3/stud@R6/studC",
          "s/3001s01@R0/stud4@R1/stud4:socket:-1+1"
        ],
        "residual": {
          "distance": 0.0,
          "axial_gap": 0.0,
          "alignment": 1.0,
          "roll_alignment": 1.0,
          "entry_face_gap": 0.0,
          "penetration": 28.0
        }
      },
      {
        "instances": [
          44,
          59
        ],
        "status": "confirmed",
        "kinds": [
          "stud",
          "stud_receptacle"
        ],
        "sources": [
          "ldcad_shadow",
          "primitive"
        ],
        "confidence": [
          1.0,
          1.0
        ],
        "feature_ids": [
          "s/3007s01@R0/stug-1x8@R3/stud@R7/studC",
          "s/3001s01@R0/stud4@R0/stud4:socket:-1+1"
        ],
        "residual": {
          "distance": 0.0,
          "axial_gap": 0.0,
          "alignment": 1.0,
          "roll_alignment": 1.0,
          "entry_face_gap": 0.0,
          "penetration": 28.0
        }
      },
      {
        "instances": [
          45,
          51
        ],
        "status": "confirmed",
        "kinds": [
          "stud",
          "stud_receptacle"
        ],
        "sources": [
          "ldcad_shadow",
          "ldcad_shadow"
        ],
        "confidence": [
          1.0,
          1.0
        ],
        "feature_ids": [
          "stud@R10/studC",
          "snap_cyl@L8:I0"
        ],
        "residual": {
          "distance": 0.0,
          "axial_gap": 0.0,
          "alignment": 1.0,
          "roll_alignment": 1.0,
          "entry_face_gap": 0.0,
          "penetration": 52.0
        }
      },
      {
        "instances": [
          45,
          51
        ],
        "status": "confirmed",
        "kinds": [
          "stud",
          "stud_receptacle"
        ],
        "sources": [
          "ldcad_shadow",
          "ldcad_shadow"
        ],
        "confidence": [
          1.0,
          1.0
        ],
        "feature_ids": [
          "stud@R14/studC",
          "snap_cyl@L9:I2"
        ],
        "residual": {
          "distance": 0.0,
          "axial_gap": 0.0,
          "alignment": 1.0,
          "roll_alignment": 1.0,
          "entry_face_gap": 0.0,
          "penetration": 52.0
        }
      },
      {
        "instances": [
          45,
          51
        ],
        "status": "confirmed",
        "kinds": [
          "stud",
          "stud_receptacle"
        ],
        "sources": [
          "ldcad_shadow",
          "ldcad_shadow"
        ],
        "confidence": [
          1.0,
          1.0
        ],
        "feature_ids": [
          "stud@R15/studC",
          "snap_cyl@L9:I1"
        ],
        "residual": {
          "distance": 0.0,
          "axial_gap": 0.0,
          "alignment": 1.0,
          "roll_alignment": 1.0,
          "entry_face_gap": 0.0,
          "penetration": 52.0
        }
      },
      {
        "instances": [
          45,
          51
        ],
        "status": "confirmed",
        "kinds": [
          "stud",
          "stud_receptacle"
        ],
        "sources": [
          "ldcad_shadow",
          "ldcad_shadow"
        ],
        "confidence": [
          1.0,
          1.0
        ],
        "feature_ids": [
          "stud@R16/studC",
          "snap_cyl@L9:I0"
        ],
        "residual": {
          "distance": 0.0,
          "axial_gap": 0.0,
          "alignment": 1.0,
          "roll_alignment": 1.0,
          "entry_face_gap": 0.0,
          "penetration": 52.0
        }
      },
      {
        "instances": [
          45,
          51
        ],
        "status": "confirmed",
        "kinds": [
          "stud",
          "stud_receptacle"
        ],
        "sources": [
          "ldcad_shadow",
          "ldcad_shadow"
        ],
        "confidence": [
          1.0,
          1.0
        ],
        "feature_ids": [
          "stud@R8/studC",
          "snap_cyl@L8:I2"
        ],
        "residual": {
          "distance": 0.0,
          "axial_gap": 0.0,
          "alignment": 1.0,
          "roll_alignment": 1.0,
          "entry_face_gap": 0.0,
          "penetration": 52.0
        }
      },
      {
        "instances": [
          45,
          51
        ],
        "status": "confirmed",
        "kinds": [
          "stud",
          "stud_receptacle"
        ],
        "sources": [
          "ldcad_shadow",
          "ldcad_shadow"
        ],
        "confidence": [
          1.0,
          1.0
        ],
        "feature_ids": [
          "stud@R9/studC",
          "snap_cyl@L8:I1"
        ],
        "residual": {
          "distance": 0.0,
          "axial_gap": 0.0,
          "alignment": 1.0,
          "roll_alignment": 1.0,
          "entry_face_gap": 0.0,
          "penetration": 52.0
        }
      },
      {
        "instances": [
          45,
          59
        ],
        "status": "confirmed",
        "kinds": [
          "stud",
          "stud_receptacle"
        ],
        "sources": [
          "ldcad_shadow",
          "primitive"
        ],
        "confidence": [
          1.0,
          1.0
        ],
        "feature_ids": [
          "stud@R12/studC",
          "s/3001s01@R0/stud4@R0/stud4:socket:+1-1"
        ],
        "residual": {
          "distance": 0.0,
          "axial_gap": 0.0,
          "alignment": 1.0,
          "roll_alignment": 1.0,
          "entry_face_gap": 0.0,
          "penetration": 28.0
        }
      },
      {
        "instances": [
          45,
          59
        ],
        "status": "confirmed",
        "kinds": [
          "stud",
          "stud_receptacle"
        ],
        "sources": [
          "ldcad_shadow",
          "primitive"
        ],
        "confidence": [
          1.0,
          1.0
        ],
        "feature_ids": [
          "stud@R18/studC",
          "s/3001s01@R0/stud4@R0/stud4:socket:+1+1"
        ],
        "residual": {
          "distance": 0.0,
          "axial_gap": 0.0,
          "alignment": 1.0,
          "roll_alignment": 1.0,
          "entry_face_gap": 0.0,
          "penetration": 28.0
        }
      },
      {
        "instances": [
          46,
          55
        ],
        "status": "confirmed",
        "kinds": [
          "stud",
          "stud_receptacle"
        ],
        "sources": [
          "ldcad_shadow",
          "ldcad_shadow"
        ],
        "confidence": [
          1.0,
          1.0
        ],
        "feature_ids": [
          "s/3007s01@R0/stug-1x8@R2/stud@R1/studC",
          "snap_cyl@L9:I2"
        ],
        "residual": {
          "distance": 0.0,
          "axial_gap": 0.0,
          "alignment": 1.0,
          "roll_alignment": 1.0,
          "entry_face_gap": 0.0,
          "penetration": 52.0
        }
      },
      {
        "instances": [
          46,
          55
        ],
        "status": "confirmed",
        "kinds": [
          "stud",
          "stud_receptacle"
        ],
        "sources": [
          "ldcad_shadow",
          "ldcad_shadow"
        ],
        "confidence": [
          1.0,
          1.0
        ],
        "feature_ids": [
          "s/3007s01@R0/stug-1x8@R2/stud@R2/studC",
          "snap_cyl@L9:I1"
        ],
        "residual": {
          "distance": 0.0,
          "axial_gap": 0.0,
          "alignment": 1.0,
          "roll_alignment": 1.0,
          "entry_face_gap": 0.0,
          "penetration": 52.0
        }
      },
      {
        "instances": [
          46,
          55
        ],
        "status": "confirmed",
        "kinds": [
          "stud",
          "stud_receptacle"
        ],
        "sources": [
          "ldcad_shadow",
          "ldcad_shadow"
        ],
        "confidence": [
          1.0,
          1.0
        ],
        "feature_ids": [
          "s/3007s01@R0/stug-1x8@R2/stud@R3/studC",
          "snap_cyl@L9:I0"
        ],
        "residual": {
          "distance": 0.0,
          "axial_gap": 0.0,
          "alignment": 1.0,
          "roll_alignment": 1.0,
          "entry_face_gap": 0.0,
          "penetration": 52.0
        }
      },
      {
        "instances": [
          46,
          55
        ],
        "status": "confirmed",
        "kinds": [
          "stud",
          "stud_receptacle"
        ],
        "sources": [
          "ldcad_shadow",
          "ldcad_shadow"
        ],
        "confidence": [
          1.0,
          1.0
        ],
        "feature_ids": [
          "s/3007s01@R0/stug-1x8@R3/stud@R1/studC",
          "snap_cyl@L8:I2"
        ],
        "residual": {
          "distance": 0.0,
          "axial_gap": 0.0,
          "alignment": 1.0,
          "roll_alignment": 1.0,
          "entry_face_gap": 0.0,
          "penetration": 52.0
        }
      },
      {
        "instances": [
          46,
          55
        ],
        "status": "confirmed",
        "kinds": [
          "stud",
          "stud_receptacle"
        ],
        "sources": [
          "ldcad_shadow",
          "ldcad_shadow"
        ],
        "confidence": [
          1.0,
          1.0
        ],
        "feature_ids": [
          "s/3007s01@R0/stug-1x8@R3/stud@R2/studC",
          "snap_cyl@L8:I1"
        ],
        "residual": {
          "distance": 0.0,
          "axial_gap": 0.0,
          "alignment": 1.0,
          "roll_alignment": 1.0,
          "entry_face_gap": 0.0,
          "penetration": 52.0
        }
      },
      {
        "instances": [
          46,
          55
        ],
        "status": "confirmed",
        "kinds": [
          "stud",
          "stud_receptacle"
        ],
        "sources": [
          "ldcad_shadow",
          "ldcad_shadow"
        ],
        "confidence": [
          1.0,
          1.0
        ],
        "feature_ids": [
          "s/3007s01@R0/stug-1x8@R3/stud@R3/studC",
          "snap_cyl@L8:I0"
        ],
        "residual": {
          "distance": 0.0,
          "axial_gap": 0.0,
          "alignment": 1.0,
          "roll_alignment": 1.0,
          "entry_face_gap": 0.0,
          "penetration": 52.0
        }
      },
      {
        "instances": [
          46,
          60
        ],
        "status": "confirmed",
        "kinds": [
          "stud",
          "stud_receptacle"
        ],
        "sources": [
          "ldcad_shadow",
          "primitive"
        ],
        "confidence": [
          1.0,
          1.0
        ],
        "feature_ids": [
          "s/3007s01@R0/stug-1x8@R2/stud@R5/studC",
          "s/3001s01@R0/stud4@R2/stud4:socket:-1-1"
        ],
        "residual": {
          "distance": 0.0,
          "axial_gap": 0.0,
          "alignment": 1.0,
          "roll_alignment": 1.0,
          "entry_face_gap": 0.0,
          "penetration": 28.0
        }
      },
      {
        "instances": [
          46,
          60
        ],
        "status": "confirmed",
        "kinds": [
          "stud",
          "stud_receptacle"
        ],
        "sources": [
          "ldcad_shadow",
          "primitive"
        ],
        "confidence": [
          1.0,
          1.0
        ],
        "feature_ids": [
          "s/3007s01@R0/stug-1x8@R2/stud@R6/studC",
          "s/3001s01@R0/stud4@R1/stud4:socket:-1-1"
        ],
        "residual": {
          "distance": 0.0,
          "axial_gap": 0.0,
          "alignment": 1.0,
          "roll_alignment": 1.0,
          "entry_face_gap": 0.0,
          "penetration": 28.0
        }
      },
      {
        "instances": [
          46,
          60
        ],
        "status": "confirmed",
        "kinds": [
          "stud",
          "stud_receptacle"
        ],
        "sources": [
          "ldcad_shadow",
          "primitive"
        ],
        "confidence": [
          1.0,
          1.0
        ],
        "feature_ids": [
          "s/3007s01@R0/stug-1x8@R2/stud@R7/studC",
          "s/3001s01@R0/stud4@R0/stud4:socket:-1-1"
        ],
        "residual": {
          "distance": 0.0,
          "axial_gap": 0.0,
          "alignment": 1.0,
          "roll_alignment": 1.0,
          "entry_face_gap": 0.0,
          "penetration": 28.0
        }
      },
      {
        "instances": [
          46,
          60
        ],
        "status": "confirmed",
        "kinds": [
          "stud",
          "stud_receptacle"
        ],
        "sources": [
          "ldcad_shadow",
          "primitive"
        ],
        "confidence": [
          1.0,
          1.0
        ],
        "feature_ids": [
          "s/3007s01@R0/stug-1x8@R3/stud@R5/studC",
          "s/3001s01@R0/stud4@R2/stud4:socket:-1+1"
        ],
        "residual": {
          "distance": 0.0,
          "axial_gap": 0.0,
          "alignment": 1.0,
          "roll_alignment": 1.0,
          "entry_face_gap": 0.0,
          "penetration": 28.0
        }
      },
      {
        "instances": [
          46,
          60
        ],
        "status": "confirmed",
        "kinds": [
          "stud",
          "stud_receptacle"
        ],
        "sources": [
          "ldcad_shadow",
          "primitive"
        ],
        "confidence": [
          1.0,
          1.0
        ],
        "feature_ids": [
          "s/3007s01@R0/stug-1x8@R3/stud@R6/studC",
          "s/3001s01@R0/stud4@R1/stud4:socket:-1+1"
        ],
        "residual": {
          "distance": 0.0,
          "axial_gap": 0.0,
          "alignment": 1.0,
          "roll_alignment": 1.0,
          "entry_face_gap": 0.0,
          "penetration": 28.0
        }
      },
      {
        "instances": [
          46,
          60
        ],
        "status": "confirmed",
        "kinds": [
          "stud",
          "stud_receptacle"
        ],
        "sources": [
          "ldcad_shadow",
          "primitive"
        ],
        "confidence": [
          1.0,
          1.0
        ],
        "feature_ids": [
          "s/3007s01@R0/stug-1x8@R3/stud@R7/studC",
          "s/3001s01@R0/stud4@R0/stud4:socket:-1+1"
        ],
        "residual": {
          "distance": 0.0,
          "axial_gap": 0.0,
          "alignment": 1.0,
          "roll_alignment": 1.0,
          "entry_face_gap": 0.0,
          "penetration": 28.0
        }
      },
      {
        "instances": [
          47,
          57
        ],
        "status": "confirmed",
        "kinds": [
          "stud",
          "stud_receptacle"
        ],
        "sources": [
          "ldcad_shadow",
          "ldcad_shadow"
        ],
        "confidence": [
          1.0,
          1.0
        ],
        "feature_ids": [
          "stud@R10/studC",
          "snap_cyl@L11:I1"
        ],
        "residual": {
          "distance": 0.0,
          "axial_gap": 0.0,
          "alignment": 1.0,
          "roll_alignment": 1.0,
          "entry_face_gap": 0.0,
          "penetration": 52.0
        }
      },
      {
        "instances": [
          47,
          57
        ],
        "status": "confirmed",
        "kinds": [
          "stud",
          "stud_receptacle"
        ],
        "sources": [
          "ldcad_shadow",
          "ldcad_shadow"
        ],
        "confidence": [
          1.0,
          1.0
        ],
        "feature_ids": [
          "stud@R14/studC",
          "snap_cyl@L13:I0"
        ],
        "residual": {
          "distance": 0.0,
          "axial_gap": 0.0,
          "alignment": 1.0,
          "roll_alignment": 1.0,
          "entry_face_gap": 0.0,
          "penetration": 52.0
        }
      },
      {
        "instances": [
          47,
          57
        ],
        "status": "confirmed",
        "kinds": [
          "stud",
          "stud_receptacle"
        ],
        "sources": [
          "ldcad_shadow",
          "ldcad_shadow"
        ],
        "confidence": [
          1.0,
          1.0
        ],
        "feature_ids": [
          "stud@R15/studC",
          "snap_cyl@L12:I0"
        ],
        "residual": {
          "distance": 0.0,
          "axial_gap": 0.0,
          "alignment": 1.0,
          "roll_alignment": 1.0,
          "entry_face_gap": 0.0,
          "penetration": 52.0
        }
      },
      {
        "instances": [
          47,
          57
        ],
        "status": "confirmed",
        "kinds": [
          "stud",
          "stud_receptacle"
        ],
        "sources": [
          "ldcad_shadow",
          "ldcad_shadow"
        ],
        "confidence": [
          1.0,
          1.0
        ],
        "feature_ids": [
          "stud@R16/studC",
          "snap_cyl@L11:I0"
        ],
        "residual": {
          "distance": 0.0,
          "axial_gap": 0.0,
          "alignment": 1.0,
          "roll_alignment": 1.0,
          "entry_face_gap": 0.0,
          "penetration": 52.0
        }
      },
      {
        "instances": [
          47,
          57
        ],
        "status": "confirmed",
        "kinds": [
          "stud",
          "stud_receptacle"
        ],
        "sources": [
          "ldcad_shadow",
          "ldcad_shadow"
        ],
        "confidence": [
          1.0,
          1.0
        ],
        "feature_ids": [
          "stud@R8/studC",
          "snap_cyl@L13:I1"
        ],
        "residual": {
          "distance": 0.0,
          "axial_gap": 0.0,
          "alignment": 1.0,
          "roll_alignment": 1.0,
          "entry_face_gap": 0.0,
          "penetration": 52.0
        }
      },
      {
        "instances": [
          47,
          57
        ],
        "status": "confirmed",
        "kinds": [
          "stud",
          "stud_receptacle"
        ],
        "sources": [
          "ldcad_shadow",
          "ldcad_shadow"
        ],
        "confidence": [
          1.0,
          1.0
        ],
        "feature_ids": [
          "stud@R9/studC",
          "snap_cyl@L12:I1"
        ],
        "residual": {
          "distance": 0.0,
          "axial_gap": 0.0,
          "alignment": 1.0,
          "roll_alignment": 1.0,
          "entry_face_gap": 0.0,
          "penetration": 52.0
        }
      },
      {
        "instances": [
          47,
          60
        ],
        "status": "confirmed",
        "kinds": [
          "stud",
          "stud_receptacle"
        ],
        "sources": [
          "ldcad_shadow",
          "primitive"
        ],
        "confidence": [
          1.0,
          1.0
        ],
        "feature_ids": [
          "stud@R12/studC",
          "s/3001s01@R0/stud4@R0/stud4:socket:+1-1"
        ],
        "residual": {
          "distance": 0.0,
          "axial_gap": 0.0,
          "alignment": 1.0,
          "roll_alignment": 1.0,
          "entry_face_gap": 0.0,
          "penetration": 28.0
        }
      },
      {
        "instances": [
          47,
          60
        ],
        "status": "confirmed",
        "kinds": [
          "stud",
          "stud_receptacle"
        ],
        "sources": [
          "ldcad_shadow",
          "primitive"
        ],
        "confidence": [
          1.0,
          1.0
        ],
        "feature_ids": [
          "stud@R18/studC",
          "s/3001s01@R0/stud4@R0/stud4:socket:+1+1"
        ],
        "residual": {
          "distance": 0.0,
          "axial_gap": 0.0,
          "alignment": 1.0,
          "roll_alignment": 1.0,
          "entry_face_gap": 0.0,
          "penetration": 28.0
        }
      },
      {
        "instances": [
          48,
          55
        ],
        "status": "confirmed",
        "kinds": [
          "stud",
          "stud_receptacle"
        ],
        "sources": [
          "ldcad_shadow",
          "ldcad_shadow"
        ],
        "confidence": [
          1.0,
          1.0
        ],
        "feature_ids": [
          "s/3007s01@R0/stug-1x8@R2/stud@R1/studC",
          "snap_cyl@L11:I4"
        ],
        "residual": {
          "distance": 0.0,
          "axial_gap": 0.0,
          "alignment": 1.0,
          "roll_alignment": 1.0,
          "entry_face_gap": 0.0,
          "penetration": 52.0
        }
      },
      {
        "instances": [
          48,
          55
        ],
        "status": "confirmed",
        "kinds": [
          "stud",
          "stud_receptacle"
        ],
        "sources": [
          "ldcad_shadow",
          "ldcad_shadow"
        ],
        "confidence": [
          1.0,
          1.0
        ],
        "feature_ids": [
          "s/3007s01@R0/stug-1x8@R2/stud@R2/studC",
          "snap_cyl@L11:I3"
        ],
        "residual": {
          "distance": 0.0,
          "axial_gap": 0.0,
          "alignment": 1.0,
          "roll_alignment": 1.0,
          "entry_face_gap": 0.0,
          "penetration": 52.0
        }
      },
      {
        "instances": [
          48,
          55
        ],
        "status": "confirmed",
        "kinds": [
          "stud",
          "stud_receptacle"
        ],
        "sources": [
          "ldcad_shadow",
          "ldcad_shadow"
        ],
        "confidence": [
          1.0,
          1.0
        ],
        "feature_ids": [
          "s/3007s01@R0/stug-1x8@R2/stud@R3/studC",
          "snap_cyl@L11:I2"
        ],
        "residual": {
          "distance": 0.0,
          "axial_gap": 0.0,
          "alignment": 1.0,
          "roll_alignment": 1.0,
          "entry_face_gap": 0.0,
          "penetration": 52.0
        }
      },
      {
        "instances": [
          48,
          55
        ],
        "status": "confirmed",
        "kinds": [
          "stud",
          "stud_receptacle"
        ],
        "sources": [
          "ldcad_shadow",
          "ldcad_shadow"
        ],
        "confidence": [
          1.0,
          1.0
        ],
        "feature_ids": [
          "s/3007s01@R0/stug-1x8@R2/stud@R4/studC",
          "snap_cyl@L11:I1"
        ],
        "residual": {
          "distance": 0.0,
          "axial_gap": 0.0,
          "alignment": 1.0,
          "roll_alignment": 1.0,
          "entry_face_gap": 0.0,
          "penetration": 52.0
        }
      },
      {
        "instances": [
          48,
          55
        ],
        "status": "confirmed",
        "kinds": [
          "stud",
          "stud_receptacle"
        ],
        "sources": [
          "ldcad_shadow",
          "ldcad_shadow"
        ],
        "confidence": [
          1.0,
          1.0
        ],
        "feature_ids": [
          "s/3007s01@R0/stug-1x8@R2/stud@R5/studC",
          "snap_cyl@L11:I0"
        ],
        "residual": {
          "distance": 0.0,
          "axial_gap": 0.0,
          "alignment": 1.0,
          "roll_alignment": 1.0,
          "entry_face_gap": 0.0,
          "penetration": 52.0
        }
      },
      {
        "instances": [
          48,
          57
        ],
        "status": "confirmed",
        "kinds": [
          "stud",
          "stud_receptacle"
        ],
        "sources": [
          "ldcad_shadow",
          "ldcad_shadow"
        ],
        "confidence": [
          1.0,
          1.0
        ],
        "feature_ids": [
          "s/3007s01@R0/stug-1x8@R2/stud@R6/studC",
          "snap_cyl@L8:I0"
        ],
        "residual": {
          "distance": 0.0,
          "axial_gap": 0.0,
          "alignment": 1.0,
          "roll_alignment": 1.0,
          "entry_face_gap": 0.0,
          "penetration": 52.0
        }
      },
      {
        "instances": [
          48,
          57
        ],
        "status": "confirmed",
        "kinds": [
          "stud",
          "stud_receptacle"
        ],
        "sources": [
          "ldcad_shadow",
          "ldcad_shadow"
        ],
        "confidence": [
          1.0,
          1.0
        ],
        "feature_ids": [
          "s/3007s01@R0/stug-1x8@R2/stud@R7/studC",
          "snap_cyl@L9:I0"
        ],
        "residual": {
          "distance": 0.0,
          "axial_gap": 0.0,
          "alignment": 1.0,
          "roll_alignment": 1.0,
          "entry_face_gap": 0.0,
          "penetration": 52.0
        }
      },
      {
        "instances": [
          49,
          57
        ],
        "status": "confirmed",
        "kinds": [
          "stud",
          "stud_receptacle"
        ],
        "sources": [
          "ldcad_shadow",
          "ldcad_shadow"
        ],
        "confidence": [
          1.0,
          1.0
        ],
        "feature_ids": [
          "s/3001s01@R0/stud@R10/studC",
          "snap_cyl@L12:I2"
        ],
        "residual": {
          "distance": 0.0,
          "axial_gap": 0.0,
          "alignment": 1.0,
          "roll_alignment": 1.0,
          "entry_face_gap": 0.0,
          "penetration": 52.0
        }
      },
      {
        "instances": [
          49,
          57
        ],
        "status": "confirmed",
        "kinds": [
          "stud",
          "stud_receptacle"
        ],
        "sources": [
          "ldcad_shadow",
          "ldcad_shadow"
        ],
        "confidence": [
          1.0,
          1.0
        ],
        "feature_ids": [
          "s/3001s01@R0/stud@R11/studC",
          "snap_cyl@L11:I2"
        ],
        "residual": {
          "distance": 0.0,
          "axial_gap": 0.0,
          "alignment": 1.0,
          "roll_alignment": 1.0,
          "entry_face_gap": 0.0,
          "penetration": 52.0
        }
      },
      {
        "instances": [
          49,
          57
        ],
        "status": "confirmed",
        "kinds": [
          "stud",
          "stud_receptacle"
        ],
        "sources": [
          "ldcad_shadow",
          "ldcad_shadow"
        ],
        "confidence": [
          1.0,
          1.0
        ],
        "feature_ids": [
          "s/3001s01@R0/stud@R6/studC",
          "snap_cyl@L12:I3"
        ],
        "residual": {
          "distance": 0.0,
          "axial_gap": 0.0,
          "alignment": 1.0,
          "roll_alignment": 1.0,
          "entry_face_gap": 0.0,
          "penetration": 52.0
        }
      },
      {
        "instances": [
          49,
          57
        ],
        "status": "confirmed",
        "kinds": [
          "stud",
          "stud_receptacle"
        ],
        "sources": [
          "ldcad_shadow",
          "ldcad_shadow"
        ],
        "confidence": [
          1.0,
          1.0
        ],
        "feature_ids": [
          "s/3001s01@R0/stud@R7/studC",
          "snap_cyl@L11:I3"
        ],
        "residual": {
          "distance": 0.0,
          "axial_gap": 0.0,
          "alignment": 1.0,
          "roll_alignment": 1.0,
          "entry_face_gap": 0.0,
          "penetration": 52.0
        }
      },
      {
        "instances": [
          50,
          55
        ],
        "status": "confirmed",
        "kinds": [
          "stud",
          "stud_receptacle"
        ],
        "sources": [
          "ldcad_shadow",
          "ldcad_shadow"
        ],
        "confidence": [
          1.0,
          1.0
        ],
        "feature_ids": [
          "s/3007s01@R0/stug-1x8@R2/stud@R2/studC",
          "snap_cyl@L13:I1"
        ],
        "residual": {
          "distance": 0.0,
          "axial_gap": 0.0,
          "alignment": 1.0,
          "roll_alignment": 1.0,
          "entry_face_gap": 0.0,
          "penetration": 52.0
        }
      },
      {
        "instances": [
          50,
          55
        ],
        "status": "confirmed",
        "kinds": [
          "stud",
          "stud_receptacle"
        ],
        "sources": [
          "ldcad_shadow",
          "ldcad_shadow"
        ],
        "confidence": [
          1.0,
          1.0
        ],
        "feature_ids": [
          "s/3007s01@R0/stug-1x8@R2/stud@R3/studC",
          "snap_cyl@L13:I0"
        ],
        "residual": {
          "distance": 0.0,
          "axial_gap": 0.0,
          "alignment": 1.0,
          "roll_alignment": 1.0,
          "entry_face_gap": 0.0,
          "penetration": 52.0
        }
      },
      {
        "instances": [
          50,
          55
        ],
        "status": "confirmed",
        "kinds": [
          "stud",
          "stud_receptacle"
        ],
        "sources": [
          "ldcad_shadow",
          "ldcad_shadow"
        ],
        "confidence": [
          1.0,
          1.0
        ],
        "feature_ids": [
          "s/3007s01@R0/stug-1x8@R3/stud@R0/studC",
          "snap_cyl@L12:I3"
        ],
        "residual": {
          "distance": 0.0,
          "axial_gap": 0.0,
          "alignment": 1.0,
          "roll_alignment": 1.0,
          "entry_face_gap": 0.0,
          "penetration": 52.0
        }
      },
      {
        "instances": [
          50,
          55
        ],
        "status": "confirmed",
        "kinds": [
          "stud",
          "stud_receptacle"
        ],
        "sources": [
          "ldcad_shadow",
          "ldcad_shadow"
        ],
        "confidence": [
          1.0,
          1.0
        ],
        "feature_ids": [
          "s/3007s01@R0/stug-1x8@R3/stud@R1/studC",
          "snap_cyl@L12:I2"
        ],
        "residual": {
          "distance": 0.0,
          "axial_gap": 0.0,
          "alignment": 1.0,
          "roll_alignment": 1.0,
          "entry_face_gap": 0.0,
          "penetration": 52.0
        }
      },
      {
        "instances": [
          50,
          55
        ],
        "status": "confirmed",
        "kinds": [
          "stud",
          "stud_receptacle"
        ],
        "sources": [
          "ldcad_shadow",
          "ldcad_shadow"
        ],
        "confidence": [
          1.0,
          1.0
        ],
        "feature_ids": [
          "s/3007s01@R0/stug-1x8@R3/stud@R2/studC",
          "snap_cyl@L12:I1"
        ],
        "residual": {
          "distance": 0.0,
          "axial_gap": 0.0,
          "alignment": 1.0,
          "roll_alignment": 1.0,
          "entry_face_gap": 0.0,
          "penetration": 52.0
        }
      },
      {
        "instances": [
          50,
          55
        ],
        "status": "confirmed",
        "kinds": [
          "stud",
          "stud_receptacle"
        ],
        "sources": [
          "ldcad_shadow",
          "ldcad_shadow"
        ],
        "confidence": [
          1.0,
          1.0
        ],
        "feature_ids": [
          "s/3007s01@R0/stug-1x8@R3/stud@R3/studC",
          "snap_cyl@L12:I0"
        ],
        "residual": {
          "distance": 0.0,
          "axial_gap": 0.0,
          "alignment": 1.0,
          "roll_alignment": 1.0,
          "entry_face_gap": 0.0,
          "penetration": 52.0
        }
      },
      {
        "instances": [
          50,
          57
        ],
        "status": "confirmed",
        "kinds": [
          "stud",
          "stud_receptacle"
        ],
        "sources": [
          "ldcad_shadow",
          "ldcad_shadow"
        ],
        "confidence": [
          1.0,
          1.0
        ],
        "feature_ids": [
          "s/3007s01@R0/stug-1x8@R2/stud@R4/studC",
          "snap_cyl@L8:I2"
        ],
        "residual": {
          "distance": 0.0,
          "axial_gap": 0.0,
          "alignment": 1.0,
          "roll_alignment": 1.0,
          "entry_face_gap": 0.0,
          "penetration": 52.0
        }
      },
      {
        "instances": [
          50,
          57
        ],
        "status": "confirmed",
        "kinds": [
          "stud",
          "stud_receptacle"
        ],
        "sources": [
          "ldcad_shadow",
          "ldcad_shadow"
        ],
        "confidence": [
          1.0,
          1.0
        ],
        "feature_ids": [
          "s/3007s01@R0/stug-1x8@R2/stud@R5/studC",
          "snap_cyl@L9:I2"
        ],
        "residual": {
          "distance": 0.0,
          "axial_gap": 0.0,
          "alignment": 1.0,
          "roll_alignment": 1.0,
          "entry_face_gap": 0.0,
          "penetration": 52.0
        }
      },
      {
        "instances": [
          50,
          57
        ],
        "status": "confirmed",
        "kinds": [
          "stud",
          "stud_receptacle"
        ],
        "sources": [
          "ldcad_shadow",
          "ldcad_shadow"
        ],
        "confidence": [
          1.0,
          1.0
        ],
        "feature_ids": [
          "s/3007s01@R0/stug-1x8@R3/stud@R4/studC",
          "snap_cyl@L8:I1"
        ],
        "residual": {
          "distance": 0.0,
          "axial_gap": 0.0,
          "alignment": 1.0,
          "roll_alignment": 1.0,
          "entry_face_gap": 0.0,
          "penetration": 52.0
        }
      },
      {
        "instances": [
          50,
          57
        ],
        "status": "confirmed",
        "kinds": [
          "stud",
          "stud_receptacle"
        ],
        "sources": [
          "ldcad_shadow",
          "ldcad_shadow"
        ],
        "confidence": [
          1.0,
          1.0
        ],
        "feature_ids": [
          "s/3007s01@R0/stug-1x8@R3/stud@R5/studC",
          "snap_cyl@L9:I1"
        ],
        "residual": {
          "distance": 0.0,
          "axial_gap": 0.0,
          "alignment": 1.0,
          "roll_alignment": 1.0,
          "entry_face_gap": 0.0,
          "penetration": 52.0
        }
      },
      {
        "instances": [
          50,
          57
        ],
        "status": "confirmed",
        "kinds": [
          "stud",
          "stud_receptacle"
        ],
        "sources": [
          "ldcad_shadow",
          "ldcad_shadow"
        ],
        "confidence": [
          1.0,
          1.0
        ],
        "feature_ids": [
          "s/3007s01@R0/stug-1x8@R3/stud@R7/studC",
          "snap_cyl@L11:I4"
        ],
        "residual": {
          "distance": 0.0,
          "axial_gap": 0.0,
          "alignment": 1.0,
          "roll_alignment": 1.0,
          "entry_face_gap": 0.0,
          "penetration": 52.0
        }
      },
      {
        "instances": [
          59,
          61
        ],
        "status": "confirmed",
        "kinds": [
          "stud",
          "stud_receptacle"
        ],
        "sources": [
          "ldcad_shadow",
          "primitive"
        ],
        "confidence": [
          1.0,
          1.0
        ],
        "feature_ids": [
          "s/3001s01@R0/stud@R10/studC",
          "s/3001s01@R0/stud4@R0/stud4:socket:-1+1"
        ],
        "residual": {
          "distance": 0.0,
          "axial_gap": 0.0,
          "alignment": 1.0,
          "roll_alignment": 1.0,
          "entry_face_gap": 0.0,
          "penetration": 28.0
        }
      },
      {
        "instances": [
          59,
          61
        ],
        "status": "confirmed",
        "kinds": [
          "stud",
          "stud_receptacle"
        ],
        "sources": [
          "ldcad_shadow",
          "primitive"
        ],
        "confidence": [
          1.0,
          1.0
        ],
        "feature_ids": [
          "s/3001s01@R0/stud@R11/studC",
          "s/3001s01@R0/stud4@R1/stud4:socket:-1+1"
        ],
        "residual": {
          "distance": 0.0,
          "axial_gap": 0.0,
          "alignment": 1.0,
          "roll_alignment": 1.0,
          "entry_face_gap": 0.0,
          "penetration": 28.0
        }
      },
      {
        "instances": [
          59,
          61
        ],
        "status": "confirmed",
        "kinds": [
          "stud",
          "stud_receptacle"
        ],
        "sources": [
          "ldcad_shadow",
          "primitive"
        ],
        "confidence": [
          1.0,
          1.0
        ],
        "feature_ids": [
          "s/3001s01@R0/stud@R12/studC",
          "s/3001s01@R0/stud4@R2/stud4:socket:-1+1"
        ],
        "residual": {
          "distance": 0.0,
          "axial_gap": 0.0,
          "alignment": 1.0,
          "roll_alignment": 1.0,
          "entry_face_gap": 0.0,
          "penetration": 28.0
        }
      },
      {
        "instances": [
          59,
          61
        ],
        "status": "confirmed",
        "kinds": [
          "stud",
          "stud_receptacle"
        ],
        "sources": [
          "ldcad_shadow",
          "primitive"
        ],
        "confidence": [
          1.0,
          1.0
        ],
        "feature_ids": [
          "s/3001s01@R0/stud@R5/studC",
          "s/3001s01@R0/stud4@R0/stud4:socket:+1-1"
        ],
        "residual": {
          "distance": 0.0,
          "axial_gap": 0.0,
          "alignment": 1.0,
          "roll_alignment": 1.0,
          "entry_face_gap": 0.0,
          "penetration": 28.0
        }
      },
      {
        "instances": [
          59,
          61
        ],
        "status": "confirmed",
        "kinds": [
          "stud",
          "stud_receptacle"
        ],
        "sources": [
          "ldcad_shadow",
          "primitive"
        ],
        "confidence": [
          1.0,
          1.0
        ],
        "feature_ids": [
          "s/3001s01@R0/stud@R6/studC",
          "s/3001s01@R0/stud4@R0/stud4:socket:-1-1"
        ],
        "residual": {
          "distance": 0.0,
          "axial_gap": 0.0,
          "alignment": 1.0,
          "roll_alignment": 1.0,
          "entry_face_gap": 0.0,
          "penetration": 28.0
        }
      },
      {
        "instances": [
          59,
          61
        ],
        "status": "confirmed",
        "kinds": [
          "stud",
          "stud_receptacle"
        ],
        "sources": [
          "ldcad_shadow",
          "primitive"
        ],
        "confidence": [
          1.0,
          1.0
        ],
        "feature_ids": [
          "s/3001s01@R0/stud@R7/studC",
          "s/3001s01@R0/stud4@R1/stud4:socket:-1-1"
        ],
        "residual": {
          "distance": 0.0,
          "axial_gap": 0.0,
          "alignment": 1.0,
          "roll_alignment": 1.0,
          "entry_face_gap": 0.0,
          "penetration": 28.0
        }
      },
      {
        "instances": [
          59,
          61
        ],
        "status": "confirmed",
        "kinds": [
          "stud",
          "stud_receptacle"
        ],
        "sources": [
          "ldcad_shadow",
          "primitive"
        ],
        "confidence": [
          1.0,
          1.0
        ],
        "feature_ids": [
          "s/3001s01@R0/stud@R8/studC",
          "s/3001s01@R0/stud4@R2/stud4:socket:-1-1"
        ],
        "residual": {
          "distance": 0.0,
          "axial_gap": 0.0,
          "alignment": 1.0,
          "roll_alignment": 1.0,
          "entry_face_gap": 0.0,
          "penetration": 28.0
        }
      },
      {
        "instances": [
          59,
          61
        ],
        "status": "confirmed",
        "kinds": [
          "stud",
          "stud_receptacle"
        ],
        "sources": [
          "ldcad_shadow",
          "primitive"
        ],
        "confidence": [
          1.0,
          1.0
        ],
        "feature_ids": [
          "s/3001s01@R0/stud@R9/studC",
          "s/3001s01@R0/stud4@R0/stud4:socket:+1+1"
        ],
        "residual": {
          "distance": 0.0,
          "axial_gap": 0.0,
          "alignment": 1.0,
          "roll_alignment": 1.0,
          "entry_face_gap": 0.0,
          "penetration": 28.0
        }
      },
      {
        "instances": [
          60,
          62
        ],
        "status": "confirmed",
        "kinds": [
          "stud",
          "stud_receptacle"
        ],
        "sources": [
          "ldcad_shadow",
          "primitive"
        ],
        "confidence": [
          1.0,
          1.0
        ],
        "feature_ids": [
          "s/3001s01@R0/stud@R10/studC",
          "s/3001s01@R0/stud4@R0/stud4:socket:-1+1"
        ],
        "residual": {
          "distance": 0.0,
          "axial_gap": 0.0,
          "alignment": 1.0,
          "roll_alignment": 1.0,
          "entry_face_gap": 0.0,
          "penetration": 28.0
        }
      },
      {
        "instances": [
          60,
          62
        ],
        "status": "confirmed",
        "kinds": [
          "stud",
          "stud_receptacle"
        ],
        "sources": [
          "ldcad_shadow",
          "primitive"
        ],
        "confidence": [
          1.0,
          1.0
        ],
        "feature_ids": [
          "s/3001s01@R0/stud@R11/studC",
          "s/3001s01@R0/stud4@R1/stud4:socket:-1+1"
        ],
        "residual": {
          "distance": 0.0,
          "axial_gap": 0.0,
          "alignment": 1.0,
          "roll_alignment": 1.0,
          "entry_face_gap": 0.0,
          "penetration": 28.0
        }
      },
      {
        "instances": [
          60,
          62
        ],
        "status": "confirmed",
        "kinds": [
          "stud",
          "stud_receptacle"
        ],
        "sources": [
          "ldcad_shadow",
          "primitive"
        ],
        "confidence": [
          1.0,
          1.0
        ],
        "feature_ids": [
          "s/3001s01@R0/stud@R12/studC",
          "s/3001s01@R0/stud4@R2/stud4:socket:-1+1"
        ],
        "residual": {
          "distance": 0.0,
          "axial_gap": 0.0,
          "alignment": 1.0,
          "roll_alignment": 1.0,
          "entry_face_gap": 0.0,
          "penetration": 28.0
        }
      },
      {
        "instances": [
          60,
          62
        ],
        "status": "confirmed",
        "kinds": [
          "stud",
          "stud_receptacle"
        ],
        "sources": [
          "ldcad_shadow",
          "primitive"
        ],
        "confidence": [
          1.0,
          1.0
        ],
        "feature_ids": [
          "s/3001s01@R0/stud@R5/studC",
          "s/3001s01@R0/stud4@R0/stud4:socket:+1-1"
        ],
        "residual": {
          "distance": 0.0,
          "axial_gap": 0.0,
          "alignment": 1.0,
          "roll_alignment": 1.0,
          "entry_face_gap": 0.0,
          "penetration": 28.0
        }
      },
      {
        "instances": [
          60,
          62
        ],
        "status": "confirmed",
        "kinds": [
          "stud",
          "stud_receptacle"
        ],
        "sources": [
          "ldcad_shadow",
          "primitive"
        ],
        "confidence": [
          1.0,
          1.0
        ],
        "feature_ids": [
          "s/3001s01@R0/stud@R6/studC",
          "s/3001s01@R0/stud4@R0/stud4:socket:-1-1"
        ],
        "residual": {
          "distance": 0.0,
          "axial_gap": 0.0,
          "alignment": 1.0,
          "roll_alignment": 1.0,
          "entry_face_gap": 0.0,
          "penetration": 28.0
        }
      },
      {
        "instances": [
          60,
          62
        ],
        "status": "confirmed",
        "kinds": [
          "stud",
          "stud_receptacle"
        ],
        "sources": [
          "ldcad_shadow",
          "primitive"
        ],
        "confidence": [
          1.0,
          1.0
        ],
        "feature_ids": [
          "s/3001s01@R0/stud@R7/studC",
          "s/3001s01@R0/stud4@R1/stud4:socket:-1-1"
        ],
        "residual": {
          "distance": 0.0,
          "axial_gap": 0.0,
          "alignment": 1.0,
          "roll_alignment": 1.0,
          "entry_face_gap": 0.0,
          "penetration": 28.0
        }
      },
      {
        "instances": [
          60,
          62
        ],
        "status": "confirmed",
        "kinds": [
          "stud",
          "stud_receptacle"
        ],
        "sources": [
          "ldcad_shadow",
          "primitive"
        ],
        "confidence": [
          1.0,
          1.0
        ],
        "feature_ids": [
          "s/3001s01@R0/stud@R8/studC",
          "s/3001s01@R0/stud4@R2/stud4:socket:-1-1"
        ],
        "residual": {
          "distance": 0.0,
          "axial_gap": 0.0,
          "alignment": 1.0,
          "roll_alignment": 1.0,
          "entry_face_gap": 0.0,
          "penetration": 28.0
        }
      },
      {
        "instances": [
          60,
          62
        ],
        "status": "confirmed",
        "kinds": [
          "stud",
          "stud_receptacle"
        ],
        "sources": [
          "ldcad_shadow",
          "primitive"
        ],
        "confidence": [
          1.0,
          1.0
        ],
        "feature_ids": [
          "s/3001s01@R0/stud@R9/studC",
          "s/3001s01@R0/stud4@R0/stud4:socket:+1+1"
        ],
        "residual": {
          "distance": 0.0,
          "axial_gap": 0.0,
          "alignment": 1.0,
          "roll_alignment": 1.0,
          "entry_face_gap": 0.0,
          "penetration": 28.0
        }
      },
      {
        "instances": [
          61,
          63
        ],
        "status": "confirmed",
        "kinds": [
          "stud",
          "stud_receptacle"
        ],
        "sources": [
          "ldcad_shadow",
          "primitive"
        ],
        "confidence": [
          1.0,
          1.0
        ],
        "feature_ids": [
          "s/3001s01@R0/stud@R10/studC",
          "s/3001s01@R0/stud4@R0/stud4:socket:-1+1"
        ],
        "residual": {
          "distance": 0.0,
          "axial_gap": 0.0,
          "alignment": 1.0,
          "roll_alignment": 1.0,
          "entry_face_gap": 0.0,
          "penetration": 28.0
        }
      },
      {
        "instances": [
          61,
          63
        ],
        "status": "confirmed",
        "kinds": [
          "stud",
          "stud_receptacle"
        ],
        "sources": [
          "ldcad_shadow",
          "primitive"
        ],
        "confidence": [
          1.0,
          1.0
        ],
        "feature_ids": [
          "s/3001s01@R0/stud@R11/studC",
          "s/3001s01@R0/stud4@R1/stud4:socket:-1+1"
        ],
        "residual": {
          "distance": 0.0,
          "axial_gap": 0.0,
          "alignment": 1.0,
          "roll_alignment": 1.0,
          "entry_face_gap": 0.0,
          "penetration": 28.0
        }
      },
      {
        "instances": [
          61,
          63
        ],
        "status": "confirmed",
        "kinds": [
          "stud",
          "stud_receptacle"
        ],
        "sources": [
          "ldcad_shadow",
          "primitive"
        ],
        "confidence": [
          1.0,
          1.0
        ],
        "feature_ids": [
          "s/3001s01@R0/stud@R12/studC",
          "s/3001s01@R0/stud4@R2/stud4:socket:-1+1"
        ],
        "residual": {
          "distance": 0.0,
          "axial_gap": 0.0,
          "alignment": 1.0,
          "roll_alignment": 1.0,
          "entry_face_gap": 0.0,
          "penetration": 28.0
        }
      },
      {
        "instances": [
          61,
          63
        ],
        "status": "confirmed",
        "kinds": [
          "stud",
          "stud_receptacle"
        ],
        "sources": [
          "ldcad_shadow",
          "primitive"
        ],
        "confidence": [
          1.0,
          1.0
        ],
        "feature_ids": [
          "s/3001s01@R0/stud@R5/studC",
          "s/3001s01@R0/stud4@R0/stud4:socket:+1-1"
        ],
        "residual": {
          "distance": 0.0,
          "axial_gap": 0.0,
          "alignment": 1.0,
          "roll_alignment": 1.0,
          "entry_face_gap": 0.0,
          "penetration": 28.0
        }
      },
      {
        "instances": [
          61,
          63
        ],
        "status": "confirmed",
        "kinds": [
          "stud",
          "stud_receptacle"
        ],
        "sources": [
          "ldcad_shadow",
          "primitive"
        ],
        "confidence": [
          1.0,
          1.0
        ],
        "feature_ids": [
          "s/3001s01@R0/stud@R6/studC",
          "s/3001s01@R0/stud4@R0/stud4:socket:-1-1"
        ],
        "residual": {
          "distance": 0.0,
          "axial_gap": 0.0,
          "alignment": 1.0,
          "roll_alignment": 1.0,
          "entry_face_gap": 0.0,
          "penetration": 28.0
        }
      },
      {
        "instances": [
          61,
          63
        ],
        "status": "confirmed",
        "kinds": [
          "stud",
          "stud_receptacle"
        ],
        "sources": [
          "ldcad_shadow",
          "primitive"
        ],
        "confidence": [
          1.0,
          1.0
        ],
        "feature_ids": [
          "s/3001s01@R0/stud@R7/studC",
          "s/3001s01@R0/stud4@R1/stud4:socket:-1-1"
        ],
        "residual": {
          "distance": 0.0,
          "axial_gap": 0.0,
          "alignment": 1.0,
          "roll_alignment": 1.0,
          "entry_face_gap": 0.0,
          "penetration": 28.0
        }
      },
      {
        "instances": [
          61,
          63
        ],
        "status": "confirmed",
        "kinds": [
          "stud",
          "stud_receptacle"
        ],
        "sources": [
          "ldcad_shadow",
          "primitive"
        ],
        "confidence": [
          1.0,
          1.0
        ],
        "feature_ids": [
          "s/3001s01@R0/stud@R8/studC",
          "s/3001s01@R0/stud4@R2/stud4:socket:-1-1"
        ],
        "residual": {
          "distance": 0.0,
          "axial_gap": 0.0,
          "alignment": 1.0,
          "roll_alignment": 1.0,
          "entry_face_gap": 0.0,
          "penetration": 28.0
        }
      },
      {
        "instances": [
          61,
          63
        ],
        "status": "confirmed",
        "kinds": [
          "stud",
          "stud_receptacle"
        ],
        "sources": [
          "ldcad_shadow",
          "primitive"
        ],
        "confidence": [
          1.0,
          1.0
        ],
        "feature_ids": [
          "s/3001s01@R0/stud@R9/studC",
          "s/3001s01@R0/stud4@R0/stud4:socket:+1+1"
        ],
        "residual": {
          "distance": 0.0,
          "axial_gap": 0.0,
          "alignment": 1.0,
          "roll_alignment": 1.0,
          "entry_face_gap": 0.0,
          "penetration": 28.0
        }
      },
      {
        "instances": [
          62,
          64
        ],
        "status": "confirmed",
        "kinds": [
          "stud",
          "stud_receptacle"
        ],
        "sources": [
          "ldcad_shadow",
          "primitive"
        ],
        "confidence": [
          1.0,
          1.0
        ],
        "feature_ids": [
          "s/3001s01@R0/stud@R10/studC",
          "s/3001s01@R0/stud4@R0/stud4:socket:-1+1"
        ],
        "residual": {
          "distance": 0.0,
          "axial_gap": 0.0,
          "alignment": 1.0,
          "roll_alignment": 1.0,
          "entry_face_gap": 0.0,
          "penetration": 28.0
        }
      },
      {
        "instances": [
          62,
          64
        ],
        "status": "confirmed",
        "kinds": [
          "stud",
          "stud_receptacle"
        ],
        "sources": [
          "ldcad_shadow",
          "primitive"
        ],
        "confidence": [
          1.0,
          1.0
        ],
        "feature_ids": [
          "s/3001s01@R0/stud@R11/studC",
          "s/3001s01@R0/stud4@R1/stud4:socket:-1+1"
        ],
        "residual": {
          "distance": 0.0,
          "axial_gap": 0.0,
          "alignment": 1.0,
          "roll_alignment": 1.0,
          "entry_face_gap": 0.0,
          "penetration": 28.0
        }
      },
      {
        "instances": [
          62,
          64
        ],
        "status": "confirmed",
        "kinds": [
          "stud",
          "stud_receptacle"
        ],
        "sources": [
          "ldcad_shadow",
          "primitive"
        ],
        "confidence": [
          1.0,
          1.0
        ],
        "feature_ids": [
          "s/3001s01@R0/stud@R12/studC",
          "s/3001s01@R0/stud4@R2/stud4:socket:-1+1"
        ],
        "residual": {
          "distance": 0.0,
          "axial_gap": 0.0,
          "alignment": 1.0,
          "roll_alignment": 1.0,
          "entry_face_gap": 0.0,
          "penetration": 28.0
        }
      },
      {
        "instances": [
          62,
          64
        ],
        "status": "confirmed",
        "kinds": [
          "stud",
          "stud_receptacle"
        ],
        "sources": [
          "ldcad_shadow",
          "primitive"
        ],
        "confidence": [
          1.0,
          1.0
        ],
        "feature_ids": [
          "s/3001s01@R0/stud@R5/studC",
          "s/3001s01@R0/stud4@R0/stud4:socket:+1-1"
        ],
        "residual": {
          "distance": 0.0,
          "axial_gap": 0.0,
          "alignment": 1.0,
          "roll_alignment": 1.0,
          "entry_face_gap": 0.0,
          "penetration": 28.0
        }
      },
      {
        "instances": [
          62,
          64
        ],
        "status": "confirmed",
        "kinds": [
          "stud",
          "stud_receptacle"
        ],
        "sources": [
          "ldcad_shadow",
          "primitive"
        ],
        "confidence": [
          1.0,
          1.0
        ],
        "feature_ids": [
          "s/3001s01@R0/stud@R6/studC",
          "s/3001s01@R0/stud4@R0/stud4:socket:-1-1"
        ],
        "residual": {
          "distance": 0.0,
          "axial_gap": 0.0,
          "alignment": 1.0,
          "roll_alignment": 1.0,
          "entry_face_gap": 0.0,
          "penetration": 28.0
        }
      },
      {
        "instances": [
          62,
          64
        ],
        "status": "confirmed",
        "kinds": [
          "stud",
          "stud_receptacle"
        ],
        "sources": [
          "ldcad_shadow",
          "primitive"
        ],
        "confidence": [
          1.0,
          1.0
        ],
        "feature_ids": [
          "s/3001s01@R0/stud@R7/studC",
          "s/3001s01@R0/stud4@R1/stud4:socket:-1-1"
        ],
        "residual": {
          "distance": 0.0,
          "axial_gap": 0.0,
          "alignment": 1.0,
          "roll_alignment": 1.0,
          "entry_face_gap": 0.0,
          "penetration": 28.0
        }
      },
      {
        "instances": [
          62,
          64
        ],
        "status": "confirmed",
        "kinds": [
          "stud",
          "stud_receptacle"
        ],
        "sources": [
          "ldcad_shadow",
          "primitive"
        ],
        "confidence": [
          1.0,
          1.0
        ],
        "feature_ids": [
          "s/3001s01@R0/stud@R8/studC",
          "s/3001s01@R0/stud4@R2/stud4:socket:-1-1"
        ],
        "residual": {
          "distance": 0.0,
          "axial_gap": 0.0,
          "alignment": 1.0,
          "roll_alignment": 1.0,
          "entry_face_gap": 0.0,
          "penetration": 28.0
        }
      },
      {
        "instances": [
          62,
          64
        ],
        "status": "confirmed",
        "kinds": [
          "stud",
          "stud_receptacle"
        ],
        "sources": [
          "ldcad_shadow",
          "primitive"
        ],
        "confidence": [
          1.0,
          1.0
        ],
        "feature_ids": [
          "s/3001s01@R0/stud@R9/studC",
          "s/3001s01@R0/stud4@R0/stud4:socket:+1+1"
        ],
        "residual": {
          "distance": 0.0,
          "axial_gap": 0.0,
          "alignment": 1.0,
          "roll_alignment": 1.0,
          "entry_face_gap": 0.0,
          "penetration": 28.0
        }
      },
      {
        "instances": [
          63,
          65
        ],
        "status": "confirmed",
        "kinds": [
          "stud",
          "stud_receptacle"
        ],
        "sources": [
          "ldcad_shadow",
          "primitive"
        ],
        "confidence": [
          1.0,
          1.0
        ],
        "feature_ids": [
          "s/3001s01@R0/stud@R10/studC",
          "stud4a@R3/stud4a:socket:-1+1"
        ],
        "residual": {
          "distance": 0.0,
          "axial_gap": 0.0,
          "alignment": 1.0,
          "roll_alignment": 1.0,
          "entry_face_gap": 0.0,
          "penetration": 52.0
        }
      },
      {
        "instances": [
          63,
          65
        ],
        "status": "confirmed",
        "kinds": [
          "stud",
          "stud_receptacle"
        ],
        "sources": [
          "ldcad_shadow",
          "primitive"
        ],
        "confidence": [
          1.0,
          1.0
        ],
        "feature_ids": [
          "s/3001s01@R0/stud@R5/studC",
          "stud4a@R3/stud4a:socket:+1-1"
        ],
        "residual": {
          "distance": 0.0,
          "axial_gap": 0.0,
          "alignment": 1.0,
          "roll_alignment": 1.0,
          "entry_face_gap": 0.0,
          "penetration": 52.0
        }
      },
      {
        "instances": [
          63,
          65
        ],
        "status": "confirmed",
        "kinds": [
          "stud",
          "stud_receptacle"
        ],
        "sources": [
          "ldcad_shadow",
          "primitive"
        ],
        "confidence": [
          1.0,
          1.0
        ],
        "feature_ids": [
          "s/3001s01@R0/stud@R6/studC",
          "stud4a@R3/stud4a:socket:-1-1"
        ],
        "residual": {
          "distance": 0.0,
          "axial_gap": 0.0,
          "alignment": 1.0,
          "roll_alignment": 1.0,
          "entry_face_gap": 0.0,
          "penetration": 52.0
        }
      },
      {
        "instances": [
          63,
          65
        ],
        "status": "confirmed",
        "kinds": [
          "stud",
          "stud_receptacle"
        ],
        "sources": [
          "ldcad_shadow",
          "primitive"
        ],
        "confidence": [
          1.0,
          1.0
        ],
        "feature_ids": [
          "s/3001s01@R0/stud@R9/studC",
          "stud4a@R3/stud4a:socket:+1+1"
        ],
        "residual": {
          "distance": 0.0,
          "axial_gap": 0.0,
          "alignment": 1.0,
          "roll_alignment": 1.0,
          "entry_face_gap": 0.0,
          "penetration": 52.0
        }
      },
      {
        "instances": [
          63,
          66
        ],
        "status": "confirmed",
        "kinds": [
          "stud",
          "stud_receptacle"
        ],
        "sources": [
          "ldcad_shadow",
          "primitive"
        ],
        "confidence": [
          1.0,
          1.0
        ],
        "feature_ids": [
          "s/3001s01@R0/stud@R11/studC",
          "stud4a@R3/stud4a:socket:+1-1"
        ],
        "residual": {
          "distance": 0.0,
          "axial_gap": 0.0,
          "alignment": 1.0,
          "roll_alignment": 1.0,
          "entry_face_gap": 0.0,
          "penetration": 52.0
        }
      },
      {
        "instances": [
          63,
          66
        ],
        "status": "confirmed",
        "kinds": [
          "stud",
          "stud_receptacle"
        ],
        "sources": [
          "ldcad_shadow",
          "primitive"
        ],
        "confidence": [
          1.0,
          1.0
        ],
        "feature_ids": [
          "s/3001s01@R0/stud@R12/studC",
          "stud4a@R3/stud4a:socket:+1+1"
        ],
        "residual": {
          "distance": 0.0,
          "axial_gap": 0.0,
          "alignment": 1.0,
          "roll_alignment": 1.0,
          "entry_face_gap": 0.0,
          "penetration": 52.0
        }
      },
      {
        "instances": [
          63,
          66
        ],
        "status": "confirmed",
        "kinds": [
          "stud",
          "stud_receptacle"
        ],
        "sources": [
          "ldcad_shadow",
          "primitive"
        ],
        "confidence": [
          1.0,
          1.0
        ],
        "feature_ids": [
          "s/3001s01@R0/stud@R7/studC",
          "stud4a@R3/stud4a:socket:-1-1"
        ],
        "residual": {
          "distance": 0.0,
          "axial_gap": 0.0,
          "alignment": 1.0,
          "roll_alignment": 1.0,
          "entry_face_gap": 0.0,
          "penetration": 52.0
        }
      },
      {
        "instances": [
          63,
          66
        ],
        "status": "confirmed",
        "kinds": [
          "stud",
          "stud_receptacle"
        ],
        "sources": [
          "ldcad_shadow",
          "primitive"
        ],
        "confidence": [
          1.0,
          1.0
        ],
        "feature_ids": [
          "s/3001s01@R0/stud@R8/studC",
          "stud4a@R3/stud4a:socket:-1+1"
        ],
        "residual": {
          "distance": 0.0,
          "axial_gap": 0.0,
          "alignment": 1.0,
          "roll_alignment": 1.0,
          "entry_face_gap": 0.0,
          "penetration": 52.0
        }
      },
      {
        "instances": [
          64,
          67
        ],
        "status": "confirmed",
        "kinds": [
          "stud",
          "stud_receptacle"
        ],
        "sources": [
          "ldcad_shadow",
          "primitive"
        ],
        "confidence": [
          1.0,
          1.0
        ],
        "feature_ids": [
          "s/3001s01@R0/stud@R11/studC",
          "stud4a@R3/stud4a:socket:-1-1"
        ],
        "residual": {
          "distance": 0.0,
          "axial_gap": 0.0,
          "alignment": 1.0,
          "roll_alignment": 1.0,
          "entry_face_gap": 0.0,
          "penetration": 52.0
        }
      },
      {
        "instances": [
          64,
          67
        ],
        "status": "confirmed",
        "kinds": [
          "stud",
          "stud_receptacle"
        ],
        "sources": [
          "ldcad_shadow",
          "primitive"
        ],
        "confidence": [
          1.0,
          1.0
        ],
        "feature_ids": [
          "s/3001s01@R0/stud@R12/studC",
          "stud4a@R3/stud4a:socket:+1-1"
        ],
        "residual": {
          "distance": 0.0,
          "axial_gap": 0.0,
          "alignment": 1.0,
          "roll_alignment": 1.0,
          "entry_face_gap": 0.0,
          "penetration": 52.0
        }
      },
      {
        "instances": [
          64,
          67
        ],
        "status": "confirmed",
        "kinds": [
          "stud",
          "stud_receptacle"
        ],
        "sources": [
          "ldcad_shadow",
          "primitive"
        ],
        "confidence": [
          1.0,
          1.0
        ],
        "feature_ids": [
          "s/3001s01@R0/stud@R7/studC",
          "stud4a@R3/stud4a:socket:-1+1"
        ],
        "residual": {
          "distance": 0.0,
          "axial_gap": 0.0,
          "alignment": 1.0,
          "roll_alignment": 1.0,
          "entry_face_gap": 0.0,
          "penetration": 52.0
        }
      },
      {
        "instances": [
          64,
          67
        ],
        "status": "confirmed",
        "kinds": [
          "stud",
          "stud_receptacle"
        ],
        "sources": [
          "ldcad_shadow",
          "primitive"
        ],
        "confidence": [
          1.0,
          1.0
        ],
        "feature_ids": [
          "s/3001s01@R0/stud@R8/studC",
          "stud4a@R3/stud4a:socket:+1+1"
        ],
        "residual": {
          "distance": 0.0,
          "axial_gap": 0.0,
          "alignment": 1.0,
          "roll_alignment": 1.0,
          "entry_face_gap": 0.0,
          "penetration": 52.0
        }
      },
      {
        "instances": [
          64,
          68
        ],
        "status": "confirmed",
        "kinds": [
          "stud",
          "stud_receptacle"
        ],
        "sources": [
          "ldcad_shadow",
          "primitive"
        ],
        "confidence": [
          1.0,
          1.0
        ],
        "feature_ids": [
          "s/3001s01@R0/stud@R10/studC",
          "stud4a@R3/stud4a:socket:-1-1"
        ],
        "residual": {
          "distance": 0.0,
          "axial_gap": 0.0,
          "alignment": 1.0,
          "roll_alignment": 1.0,
          "entry_face_gap": 0.0,
          "penetration": 52.0
        }
      },
      {
        "instances": [
          64,
          68
        ],
        "status": "confirmed",
        "kinds": [
          "stud",
          "stud_receptacle"
        ],
        "sources": [
          "ldcad_shadow",
          "primitive"
        ],
        "confidence": [
          1.0,
          1.0
        ],
        "feature_ids": [
          "s/3001s01@R0/stud@R5/studC",
          "stud4a@R3/stud4a:socket:+1+1"
        ],
        "residual": {
          "distance": 0.0,
          "axial_gap": 0.0,
          "alignment": 1.0,
          "roll_alignment": 1.0,
          "entry_face_gap": 0.0,
          "penetration": 52.0
        }
      },
      {
        "instances": [
          64,
          68
        ],
        "status": "confirmed",
        "kinds": [
          "stud",
          "stud_receptacle"
        ],
        "sources": [
          "ldcad_shadow",
          "primitive"
        ],
        "confidence": [
          1.0,
          1.0
        ],
        "feature_ids": [
          "s/3001s01@R0/stud@R6/studC",
          "stud4a@R3/stud4a:socket:+1-1"
        ],
        "residual": {
          "distance": 0.0,
          "axial_gap": 0.0,
          "alignment": 1.0,
          "roll_alignment": 1.0,
          "entry_face_gap": 0.0,
          "penetration": 52.0
        }
      },
      {
        "instances": [
          64,
          68
        ],
        "status": "confirmed",
        "kinds": [
          "stud",
          "stud_receptacle"
        ],
        "sources": [
          "ldcad_shadow",
          "primitive"
        ],
        "confidence": [
          1.0,
          1.0
        ],
        "feature_ids": [
          "s/3001s01@R0/stud@R9/studC",
          "stud4a@R3/stud4a:socket:-1+1"
        ],
        "residual": {
          "distance": 0.0,
          "axial_gap": 0.0,
          "alignment": 1.0,
          "roll_alignment": 1.0,
          "entry_face_gap": 0.0,
          "penetration": 52.0
        }
      },
      {
        "instances": [
          65,
          69
        ],
        "status": "confirmed",
        "kinds": [
          "stud",
          "stud_receptacle"
        ],
        "sources": [
          "ldcad_shadow",
          "ldcad_shadow"
        ],
        "confidence": [
          1.0,
          1.0
        ],
        "feature_ids": [
          "stud@R0/studC",
          "snap_cyl@L9:I2"
        ],
        "residual": {
          "distance": 0.0,
          "axial_gap": 0.0,
          "alignment": 1.0,
          "roll_alignment": 1.0,
          "entry_face_gap": 0.0,
          "penetration": 12.0
        }
      },
      {
        "instances": [
          66,
          69
        ],
        "status": "confirmed",
        "kinds": [
          "stud",
          "stud_receptacle"
        ],
        "sources": [
          "ldcad_shadow",
          "ldcad_shadow"
        ],
        "confidence": [
          1.0,
          1.0
        ],
        "feature_ids": [
          "stud@R0/studC",
          "snap_cyl@L9:I0"
        ],
        "residual": {
          "distance": 0.0,
          "axial_gap": 0.0,
          "alignment": 1.0,
          "roll_alignment": 1.0,
          "entry_face_gap": 0.0,
          "penetration": 12.0
        }
      },
      {
        "instances": [
          67,
          69
        ],
        "status": "confirmed",
        "kinds": [
          "stud",
          "stud_receptacle"
        ],
        "sources": [
          "ldcad_shadow",
          "ldcad_shadow"
        ],
        "confidence": [
          1.0,
          1.0
        ],
        "feature_ids": [
          "stud@R0/studC",
          "snap_cyl@L9:I1"
        ],
        "residual": {
          "distance": 0.0,
          "axial_gap": 0.0,
          "alignment": 1.0,
          "roll_alignment": 1.0,
          "entry_face_gap": 0.0,
          "penetration": 12.0
        }
      },
      {
        "instances": [
          68,
          69
        ],
        "status": "confirmed",
        "kinds": [
          "stud",
          "stud_receptacle"
        ],
        "sources": [
          "ldcad_shadow",
          "ldcad_shadow"
        ],
        "confidence": [
          1.0,
          1.0
        ],
        "feature_ids": [
          "stud@R0/studC",
          "snap_cyl@L9:I3"
        ],
        "residual": {
          "distance": 0.0,
          "axial_gap": 0.0,
          "alignment": 1.0,
          "roll_alignment": 1.0,
          "entry_face_gap": 0.0,
          "penetration": 12.0
        }
      },
      {
        "instances": [
          69,
          70
        ],
        "status": "potential",
        "kinds": [
          "stud",
          "stud_receptacle"
        ],
        "sources": [
          "ldcad_shadow",
          "heuristic"
        ],
        "confidence": [
          1.0,
          0.8
        ],
        "feature_ids": [
          "stud@R5/studC",
          "snap_cyl@L9:I1"
        ],
        "residual": {
          "distance": 0.0,
          "axial_gap": 0.0,
          "alignment": 1.0,
          "roll_alignment": 1.0,
          "entry_face_gap": 0.0,
          "penetration": 12.0
        }
      },
      {
        "instances": [
          69,
          70
        ],
        "status": "potential",
        "kinds": [
          "stud",
          "stud_receptacle"
        ],
        "sources": [
          "ldcad_shadow",
          "heuristic"
        ],
        "confidence": [
          1.0,
          0.8
        ],
        "feature_ids": [
          "stud@R6/studC",
          "snap_cyl@L9:I0"
        ],
        "residual": {
          "distance": 0.0,
          "axial_gap": 0.0,
          "alignment": 1.0,
          "roll_alignment": 1.0,
          "entry_face_gap": 0.0,
          "penetration": 12.0
        }
      }
    ],
    "contacts_truncated": false,
    "confirmed_components": [
      [
        0,
        1,
        2,
        3,
        4,
        5,
        6,
        7,
        8,
        9,
        10,
        11,
        12,
        13,
        14,
        15,
        16,
        17,
        18,
        19,
        20,
        21,
        22,
        23,
        24,
        25,
        26,
        27,
        28,
        29,
        30,
        31,
        32,
        33,
        34,
        35,
        36,
        37,
        38,
        39,
        40,
        41,
        42,
        43,
        44,
        45,
        46,
        47,
        48,
        49,
        50,
        51,
        53,
        55,
        57,
        59,
        60,
        61,
        62,
        63,
        64,
        65,
        66,
        67,
        68,
        69,
        72,
        73,
        74,
        75,
        76,
        77,
        78,
        79,
        80,
        81,
        82,
        83,
        84,
        85,
        86,
        87,
        88,
        89,
        90,
        91,
        92,
        93,
        94,
        95,
        96,
        97,
        98,
        99,
        100,
        101,
        102,
        103
      ],
      [
        52
      ],
      [
        54
      ],
      [
        56
      ],
      [
        58
      ],
      [
        70
      ],
      [
        71
      ],
      [
        104
      ],
      [
        105
      ],
      [
        106
      ],
      [
        107
      ],
      [
        108
      ],
      [
        109
      ],
      [
        110
      ],
      [
        111
      ],
      [
        112
      ],
      [
        113
      ],
      [
        114
      ],
      [
        115
      ],
      [
        116
      ],
      [
        117
      ]
    ],
    "optimistic_components": [
      [
        0,
        1,
        2,
        3,
        4,
        5,
        6,
        7,
        8,
        9,
        10,
        11,
        12,
        13,
        14,
        15,
        16,
        17,
        18,
        19,
        20,
        21,
        22,
        23,
        24,
        25,
        26,
        27,
        28,
        29,
        30,
        31,
        32,
        33,
        34,
        35,
        36,
        37,
        38,
        39,
        40,
        41,
        42,
        43,
        44,
        45,
        46,
        47,
        48,
        49,
        50,
        51,
        53,
        55,
        57,
        59,
        60,
        61,
        62,
        63,
        64,
        65,
        66,
        67,
        68,
        69,
        70,
        72,
        73,
        74,
        75,
        76,
        77,
        78,
        79,
        80,
        81,
        82,
        83,
        84,
        85,
        86,
        87,
        88,
        89,
        90,
        91,
        92,
        93,
        94,
        95,
        96,
        97,
        98,
        99,
        100,
        101,
        102,
        103,
        104,
        105,
        106,
        107,
        108,
        109,
        110,
        111,
        112,
        113,
        114,
        115,
        116,
        117
      ],
      [
        52
      ],
      [
        54
      ],
      [
        56
      ],
      [
        58
      ],
      [
        71
      ]
    ],
    "optimistic_component_count": 6,
    "confirmed_component_count": 21,
    "components_truncated": false,
    "overlap_candidate_count": 205,
    "overlaps": [
      {
        "instances": [
          0,
          11
        ],
        "depths": [
          40.0,
          4.0,
          40.0
        ],
        "status": "review_oriented_bounds",
        "body_penetration": null,
        "connection_count": 4
      },
      {
        "instances": [
          0,
          12
        ],
        "depths": [
          40.0,
          4.0,
          80.0
        ],
        "status": "review_oriented_bounds",
        "body_penetration": null,
        "connection_count": 8
      },
      {
        "instances": [
          0,
          15
        ],
        "depths": [
          160.0,
          4.0,
          40.0
        ],
        "status": "review_oriented_bounds",
        "body_penetration": null,
        "connection_count": 16
      },
      {
        "instances": [
          0,
          18
        ],
        "depths": [
          200.0,
          4.0,
          80.0
        ],
        "status": "review_oriented_bounds",
        "body_penetration": null,
        "connection_count": 40
      },
      {
        "instances": [
          0,
          16
        ],
        "depths": [
          40.0,
          4.0,
          40.0
        ],
        "status": "review_oriented_bounds",
        "body_penetration": null,
        "connection_count": 4
      },
      {
        "instances": [
          3,
          12
        ],
        "depths": [
          40.0,
          4.0,
          80.0
        ],
        "status": "review_oriented_bounds",
        "body_penetration": null,
        "connection_count": 8
      },
      {
        "instances": [
          3,
          13
        ],
        "depths": [
          40.0,
          4.0,
          40.0
        ],
        "status": "review_oriented_bounds",
        "body_penetration": null,
        "connection_count": 4
      },
      {
        "instances": [
          3,
          18
        ],
        "depths": [
          200.0,
          4.0,
          40.0
        ],
        "status": "review_oriented_bounds",
        "body_penetration": null,
        "connection_count": 20
      },
      {
        "instances": [
          3,
          20
        ],
        "depths": [
          200.0,
          4.0,
          80.0
        ],
        "status": "review_oriented_bounds",
        "body_penetration": null,
        "connection_count": 40
      },
      {
        "instances": [
          5,
          13
        ],
        "depths": [
          40.0,
          4.0,
          120.0
        ],
        "status": "review_oriented_bounds",
        "body_penetration": null,
        "connection_count": 12
      },
      {
        "instances": [
          5,
          20
        ],
        "depths": [
          200.0,
          4.0,
          40.0
        ],
        "status": "review_oriented_bounds",
        "body_penetration": null,
        "connection_count": 20
      },
      {
        "instances": [
          5,
          22
        ],
        "depths": [
          200.0,
          4.0,
          80.0
        ],
        "status": "review_oriented_bounds",
        "body_penetration": null,
        "connection_count": 40
      },
      {
        "instances": [
          8,
          14
        ],
        "depths": [
          40.0,
          4.0,
          40.0
        ],
        "status": "stud_zone_overlap_review_connections",
        "body_penetration": null,
        "connection_count": 4
      },
      {
        "instances": [
          8,
          24
        ],
        "depths": [
          120.0,
          4.0,
          40.0
        ],
        "status": "stud_zone_overlap_review_connections",
        "body_penetration": null,
        "connection_count": 12
      },
      {
        "instances": [
          11,
          104
        ],
        "depths": [
          40.0,
          4.0,
          20.0
        ],
        "status": "stud_zone_overlap_review_connections",
        "body_penetration": null,
        "connection_count": 2
      },
      {
        "instances": [
          11,
          112
        ],
        "depths": [
          20.0,
          4.0,
          20.0
        ],
        "status": "stud_zone_overlap_review_connections",
        "body_penetration": null,
        "connection_count": 1
      },
      {
        "instances": [
          12,
          112
        ],
        "depths": [
          20.0,
          4.0,
          140.0
        ],
        "status": "stud_zone_overlap_review_connections",
        "body_penetration": null,
        "connection_count": 7
      },
      {
        "instances": [
          12,
          113
        ],
        "depths": [
          20.0,
          4.0,
          20.0
        ],
        "status": "stud_zone_overlap_review_connections",
        "body_penetration": null,
        "connection_count": 1
      },
      {
        "instances": [
          13,
          113
        ],
        "depths": [
          20.0,
          4.0,
          140.0
        ],
        "status": "stud_zone_overlap_review_connections",
        "body_penetration": null,
        "connection_count": 7
      },
      {
        "instances": [
          13,
          114
        ],
        "depths": [
          20.0,
          4.0,
          20.0
        ],
        "status": "stud_zone_overlap_review_connections",
        "body_penetration": null,
        "connection_count": 1
      },
      {
        "instances": [
          14,
          108
        ],
        "depths": [
          40.0,
          4.0,
          20.0
        ],
        "status": "stud_zone_overlap_review_connections",
        "body_penetration": null,
        "connection_count": 2
      },
      {
        "instances": [
          14,
          114
        ],
        "depths": [
          20.0,
          4.0,
          20.0
        ],
        "status": "stud_zone_overlap_review_connections",
        "body_penetration": null,
        "connection_count": 1
      },
      {
        "instances": [
          104,
          15
        ],
        "depths": [
          120.0,
          4.0,
          20.0
        ],
        "status": "stud_zone_overlap_review_connections",
        "body_penetration": null,
        "connection_count": 6
      },
      {
        "instances": [
          108,
          24
        ],
        "depths": [
          120.0,
          4.0,
          20.0
        ],
        "status": "stud_zone_overlap_review_connections",
        "body_penetration": null,
        "connection_count": 6
      },
      {
        "instances": [
          15,
          105
        ],
        "depths": [
          40.0,
          4.0,
          20.0
        ],
        "status": "stud_zone_overlap_review_connections",
        "body_penetration": null,
        "connection_count": 2
      },
      {
        "instances": [
          18,
          72
        ],
        "depths": [
          40.0,
          4.0,
          40.0
        ],
        "status": "review_oriented_bounds",
        "body_penetration": null,
        "connection_count": 4
      },
      {
        "instances": [
          18,
          73
        ],
        "depths": [
          40.0,
          4.0,
          40.0
        ],
        "status": "review_oriented_bounds",
        "body_penetration": null,
        "connection_count": 4
      },
      {
        "instances": [
          18,
          74
        ],
        "depths": [
          40.0,
          4.0,
          40.0
        ],
        "status": "review_oriented_bounds",
        "body_penetration": null,
        "connection_count": 4
      },
      {
        "instances": [
          18,
          80
        ],
        "depths": [
          40.0,
          4.0,
          40.0
        ],
        "status": "review_oriented_bounds",
        "body_penetration": null,
        "connection_count": 4
      },
      {
        "instances": [
          18,
          81
        ],
        "depths": [
          40.0,
          4.0,
          40.0
        ],
        "status": "review_oriented_bounds",
        "body_penetration": null,
        "connection_count": 4
      },
      {
        "instances": [
          18,
          82
        ],
        "depths": [
          40.0,
          4.0,
          40.0
        ],
        "status": "review_oriented_bounds",
        "body_penetration": null,
        "connection_count": 4
      },
      {
        "instances": [
          18,
          32
        ],
        "depths": [
          120.0,
          4.0,
          40.0
        ],
        "status": "review_oriented_bounds",
        "body_penetration": null,
        "connection_count": 12
      },
      {
        "instances": [
          18,
          31
        ],
        "depths": [
          80.0,
          4.0,
          40.0
        ],
        "status": "review_oriented_bounds",
        "body_penetration": null,
        "connection_count": 8
      },
      {
        "instances": [
          18,
          1
        ],
        "depths": [
          40.0,
          4.0,
          80.0
        ],
        "status": "review_oriented_bounds",
        "body_penetration": null,
        "connection_count": 8
      },
      {
        "instances": [
          18,
          4
        ],
        "depths": [
          40.0,
          4.0,
          40.0
        ],
        "status": "review_oriented_bounds",
        "body_penetration": null,
        "connection_count": 4
      },
      {
        "instances": [
          20,
          75
        ],
        "depths": [
          40.0,
          4.0,
          40.0
        ],
        "status": "review_oriented_bounds",
        "body_penetration": null,
        "connection_count": 4
      },
      {
        "instances": [
          20,
          76
        ],
        "depths": [
          40.0,
          4.0,
          40.0
        ],
        "status": "review_oriented_bounds",
        "body_penetration": null,
        "connection_count": 4
      },
      {
        "instances": [
          20,
          77
        ],
        "depths": [
          40.0,
          4.0,
          40.0
        ],
        "status": "review_oriented_bounds",
        "body_penetration": null,
        "connection_count": 4
      },
      {
        "instances": [
          20,
          83
        ],
        "depths": [
          40.0,
          4.0,
          40.0
        ],
        "status": "review_oriented_bounds",
        "body_penetration": null,
        "connection_count": 4
      },
      {
        "instances": [
          20,
          84
        ],
        "depths": [
          40.0,
          4.0,
          40.0
        ],
        "status": "review_oriented_bounds",
        "body_penetration": null,
        "connection_count": 4
      },
      {
        "instances": [
          20,
          85
        ],
        "depths": [
          40.0,
          4.0,
          40.0
        ],
        "status": "review_oriented_bounds",
        "body_penetration": null,
        "connection_count": 4
      },
      {
        "instances": [
          20,
          34
        ],
        "depths": [
          140.0,
          4.0,
          40.0
        ],
        "status": "review_oriented_bounds",
        "body_penetration": null,
        "connection_count": 14
      },
      {
        "instances": [
          20,
          36
        ],
        "depths": [
          140.0,
          4.0,
          40.0
        ],
        "status": "review_oriented_bounds",
        "body_penetration": null,
        "connection_count": 14
      },
      {
        "instances": [
          20,
          38
        ],
        "depths": [
          120.0,
          4.0,
          40.0
        ],
        "status": "review_oriented_bounds",
        "body_penetration": null,
        "connection_count": 12
      },
      {
        "instances": [
          20,
          4
        ],
        "depths": [
          40.0,
          4.0,
          80.0
        ],
        "status": "review_oriented_bounds",
        "body_penetration": null,
        "connection_count": 8
      },
      {
        "instances": [
          20,
          6
        ],
        "depths": [
          40.0,
          4.0,
          40.0
        ],
        "status": "review_oriented_bounds",
        "body_penetration": null,
        "connection_count": 4
      },
      {
        "instances": [
          22,
          78
        ],
        "depths": [
          40.0,
          4.0,
          40.0
        ],
        "status": "review_oriented_bounds",
        "body_penetration": null,
        "connection_count": 4
      },
      {
        "instances": [
          22,
          79
        ],
        "depths": [
          40.0,
          4.0,
          40.0
        ],
        "status": "review_oriented_bounds",
        "body_penetration": null,
        "connection_count": 4
      },
      {
        "instances": [
          22,
          86
        ],
        "depths": [
          40.0,
          4.0,
          40.0
        ],
        "status": "review_oriented_bounds",
        "body_penetration": null,
        "connection_count": 4
      },
      {
        "instances": [
          22,
          87
        ],
        "depths": [
          40.0,
          4.0,
          40.0
        ],
        "status": "review_oriented_bounds",
        "body_penetration": null,
        "connection_count": 4
      },
      {
        "instances": [
          22,
          40
        ],
        "depths": [
          80.0,
          4.0,
          40.0
        ],
        "status": "review_oriented_bounds",
        "body_penetration": null,
        "connection_count": 8
      },
      {
        "instances": [
          22,
          6
        ],
        "depths": [
          40.0,
          4.0,
          80.0
        ],
        "status": "review_oriented_bounds",
        "body_penetration": null,
        "connection_count": 8
      },
      {
        "instances": [
          24,
          9
        ],
        "depths": [
          40.0,
          4.0,
          40.0
        ],
        "status": "stud_zone_overlap_review_connections",
        "body_penetration": null,
        "connection_count": 4
      },
      {
        "instances": [
          24,
          109
        ],
        "depths": [
          40.0,
          4.0,
          20.0
        ],
        "status": "stud_zone_overlap_review_connections",
        "body_penetration": null,
        "connection_count": 2
      },
      {
        "instances": [
          34,
          44
        ],
        "depths": [
          160.0,
          4.0,
          40.0
        ],
        "status": "stud_zone_overlap_review_connections",
        "body_penetration": null,
        "connection_count": 16
      },
      {
        "instances": [
          34,
          21
        ],
        "depths": [
          20.0,
          4.0,
          40.0
        ],
        "status": "review_oriented_bounds",
        "body_penetration": null,
        "connection_count": 2
      },
      {
        "instances": [
          36,
          46
        ],
        "depths": [
          160.0,
          4.0,
          40.0
        ],
        "status": "stud_zone_overlap_review_connections",
        "body_penetration": null,
        "connection_count": 16
      },
      {
        "instances": [
          36,
          21
        ],
        "depths": [
          20.0,
          4.0,
          40.0
        ],
        "status": "review_oriented_bounds",
        "body_penetration": null,
        "connection_count": 2
      },
      {
        "instances": [
          44,
          53
        ],
        "depths": [
          120.0,
          4.0,
          40.0
        ],
        "status": "review_oriented_bounds",
        "body_penetration": null,
        "connection_count": 6
      },
      {
        "instances": [
          44,
          59
        ],
        "depths": [
          60.0,
          4.0,
          40.0
        ],
        "status": "stud_zone_overlap_review_connections",
        "body_penetration": null,
        "connection_count": 6
      },
      {
        "instances": [
          44,
          51
        ],
        "depths": [
          20.0,
          4.0,
          40.0
        ],
        "status": "review_oriented_bounds",
        "body_penetration": null,
        "connection_count": 0
      },
      {
        "instances": [
          46,
          55
        ],
        "depths": [
          120.0,
          4.0,
          40.0
        ],
        "status": "review_oriented_bounds",
        "body_penetration": null,
        "connection_count": 6
      },
      {
        "instances": [
          46,
          60
        ],
        "depths": [
          60.0,
          4.0,
          40.0
        ],
        "status": "stud_zone_overlap_review_connections",
        "body_penetration": null,
        "connection_count": 6
      },
      {
        "instances": [
          46,
          57
        ],
        "depths": [
          20.0,
          4.0,
          40.0
        ],
        "status": "review_oriented_bounds",
        "body_penetration": null,
        "connection_count": 0
      },
      {
        "instances": [
          9,
          25
        ],
        "depths": [
          120.0,
          4.0,
          40.0
        ],
        "status": "stud_zone_overlap_review_connections",
        "body_penetration": null,
        "connection_count": 12
      },
      {
        "instances": [
          32,
          42
        ],
        "depths": [
          160.0,
          4.0,
          40.0
        ],
        "status": "stud_zone_overlap_review_connections",
        "body_penetration": null,
        "connection_count": 16
      },
      {
        "instances": [
          32,
          19
        ],
        "depths": [
          40.0,
          4.0,
          40.0
        ],
        "status": "review_oriented_bounds",
        "body_penetration": null,
        "connection_count": 4
      },
      {
        "instances": [
          38,
          48
        ],
        "depths": [
          160.0,
          4.0,
          40.0
        ],
        "status": "stud_zone_overlap_review_connections",
        "body_penetration": null,
        "connection_count": 16
      },
      {
        "instances": [
          38,
          21
        ],
        "depths": [
          40.0,
          4.0,
          40.0
        ],
        "status": "review_oriented_bounds",
        "body_penetration": null,
        "connection_count": 4
      },
      {
        "instances": [
          42,
          53
        ],
        "depths": [
          120.0,
          4.0,
          40.0
        ],
        "status": "review_oriented_bounds",
        "body_penetration": null,
        "connection_count": 6
      },
      {
        "instances": [
          42,
          51
        ],
        "depths": [
          40.0,
          4.0,
          40.0
        ],
        "status": "review_oriented_bounds",
        "body_penetration": null,
        "connection_count": 2
      },
      {
        "instances": [
          48,
          55
        ],
        "depths": [
          120.0,
          4.0,
          40.0
        ],
        "status": "review_oriented_bounds",
        "body_penetration": null,
        "connection_count": 5
      },
      {
        "instances": [
          48,
          57
        ],
        "depths": [
          40.0,
          4.0,
          40.0
        ],
        "status": "review_oriented_bounds",
        "body_penetration": null,
        "connection_count": 2
      },
      {
        "instances": [
          53,
          41
        ],
        "depths": [
          80.0,
          4.0,
          40.0
        ],
        "status": "review_oriented_bounds",
        "body_penetration": null,
        "connection_count": 5
      },
      {
        "instances": [
          53,
          54
        ],
        "depths": [
          80.0,
          4.0,
          80.0
        ],
        "status": "review_oriented_bounds",
        "body_penetration": null,
        "connection_count": 0
      },
      {
        "instances": [
          53,
          56
        ],
        "depths": [
          80.0,
          4.0,
          0.00046465999999867336
        ],
        "status": "review_oriented_bounds",
        "body_penetration": null,
        "connection_count": 0
      },
      {
        "instances": [
          53,
          59
        ],
        "depths": [
          40.0,
          28.0,
          40.0
        ],
        "status": "review_oriented_bounds",
        "body_penetration": null,
        "connection_count": 0
      },
      {
        "instances": [
          53,
          61
        ],
        "depths": [
          40.0,
          28.0,
          40.0
        ],
        "status": "review_oriented_bounds",
        "body_penetration": null,
        "connection_count": 0
      },
      {
        "instances": [
          53,
          63
        ],
        "depths": [
          40.0,
          4.0,
          40.0
        ],
        "status": "review_oriented_bounds",
        "body_penetration": null,
        "connection_count": 0
      },
      {
        "instances": [
          55,
          50
        ],
        "depths": [
          80.0,
          4.0,
          40.0
        ],
        "status": "review_oriented_bounds",
        "body_penetration": null,
        "connection_count": 6
      },
      {
        "instances": [
          55,
          56
        ],
        "depths": [
          80.0,
          4.0,
          80.0
        ],
        "status": "review_oriented_bounds",
        "body_penetration": null,
        "connection_count": 0
      },
      {
        "instances": [
          55,
          60
        ],
        "depths": [
          40.0,
          28.0,
          40.0
        ],
        "status": "review_oriented_bounds",
        "body_penetration": null,
        "connection_count": 0
      },
      {
        "instances": [
          55,
          62
        ],
        "depths": [
          40.0,
          28.0,
          40.0
        ],
        "status": "review_oriented_bounds",
        "body_penetration": null,
        "connection_count": 0
      },
      {
        "instances": [
          55,
          64
        ],
        "depths": [
          40.0,
          4.0,
          40.0
        ],
        "status": "review_oriented_bounds",
        "body_penetration": null,
        "connection_count": 0
      },
      {
        "instances": [
          55,
          58
        ],
        "depths": [
          0.00046465999999867336,
          4.0,
          80.0
        ],
        "status": "review_oriented_bounds",
        "body_penetration": null,
        "connection_count": 0
      },
      {
        "instances": [
          105,
          16
        ],
        "depths": [
          120.0,
          4.0,
          20.0
        ],
        "status": "stud_zone_overlap_review_connections",
        "body_penetration": null,
        "connection_count": 6
      },
      {
        "instances": [
          109,
          25
        ],
        "depths": [
          120.0,
          4.0,
          20.0
        ],
        "status": "stud_zone_overlap_review_connections",
        "body_penetration": null,
        "connection_count": 6
      },
      {
        "instances": [
          16,
          1
        ],
        "depths": [
          120.0,
          4.0,
          40.0
        ],
        "status": "review_oriented_bounds",
        "body_penetration": null,
        "connection_count": 12
      },
      {
        "instances": [
          16,
          106
        ],
        "depths": [
          40.0,
          4.0,
          20.0
        ],
        "status": "stud_zone_overlap_review_connections",
        "body_penetration": null,
        "connection_count": 2
      },
      {
        "instances": [
          25,
          10
        ],
        "depths": [
          40.0,
          4.0,
          40.0
        ],
        "status": "stud_zone_overlap_review_connections",
        "body_penetration": null,
        "connection_count": 4
      },
      {
        "instances": [
          25,
          110
        ],
        "depths": [
          40.0,
          4.0,
          20.0
        ],
        "status": "stud_zone_overlap_review_connections",
        "body_penetration": null,
        "connection_count": 2
      },
      {
        "instances": [
          31,
          41
        ],
        "depths": [
          160.0,
          4.0,
          40.0
        ],
        "status": "stud_zone_overlap_review_connections",
        "body_penetration": null,
        "connection_count": 16
      },
      {
        "instances": [
          31,
          19
        ],
        "depths": [
          80.0,
          4.0,
          40.0
        ],
        "status": "review_oriented_bounds",
        "body_penetration": null,
        "connection_count": 8
      },
      {
        "instances": [
          40,
          50
        ],
        "depths": [
          160.0,
          4.0,
          40.0
        ],
        "status": "stud_zone_overlap_review_connections",
        "body_penetration": null,
        "connection_count": 16
      },
      {
        "instances": [
          40,
          23
        ],
        "depths": [
          80.0,
          4.0,
          40.0
        ],
        "status": "review_oriented_bounds",
        "body_penetration": null,
        "connection_count": 8
      },
      {
        "instances": [
          41,
          51
        ],
        "depths": [
          80.0,
          4.0,
          40.0
        ],
        "status": "review_oriented_bounds",
        "body_penetration": null,
        "connection_count": 6
      },
      {
        "instances": [
          50,
          57
        ],
        "depths": [
          80.0,
          4.0,
          40.0
        ],
        "status": "review_oriented_bounds",
        "body_penetration": null,
        "connection_count": 5
      },
      {
        "instances": [
          54,
          56
        ],
        "depths": [
          80.0,
          28.0,
          0.00046465999999867336
        ],
        "status": "review_oriented_bounds",
        "body_penetration": null,
        "connection_count": 0
      },
      {
        "instances": [
          54,
          66
        ],
        "depths": [
          60.0,
          4.0,
          60.0
        ],
        "status": "review_oriented_bounds",
        "body_penetration": null,
        "connection_count": 0
      },
      {
        "instances": [
          54,
          61
        ],
        "depths": [
          40.00046466,
          4.0,
          40.0
        ],
        "status": "review_oriented_bounds",
        "body_penetration": null,
        "connection_count": 0
      },
      {
        "instances": [
          54,
          63
        ],
        "depths": [
          40.00046466,
          28.0,
          40.0
        ],
        "status": "review_oriented_bounds",
        "body_penetration": null,
        "connection_count": 0
      },
      {
        "instances": [
          54,
          51
        ],
        "depths": [
          0.00046465999999867336,
          4.0,
          80.0
        ],
        "status": "review_oriented_bounds",
        "body_penetration": null,
        "connection_count": 0
      },
      {
        "instances": [
          54,
          52
        ],
        "depths": [
          0.00046465999999867336,
          28.0,
          80.0
        ],
        "status": "review_oriented_bounds",
        "body_penetration": null,
        "connection_count": 0
      },
      {
        "instances": [
          54,
          65
        ],
        "depths": [
          0.00046465999999867336,
          4.0,
          60.0
        ],
        "status": "review_oriented_bounds",
        "body_penetration": null,
        "connection_count": 0
      },
      {
        "instances": [
          56,
          66
        ],
        "depths": [
          60.0,
          4.0,
          0.00046465999999867336
        ],
        "status": "review_oriented_bounds",
        "body_penetration": null,
        "connection_count": 0
      },
      {
        "instances": [
          56,
          67
        ],
        "depths": [
          60.0,
          4.0,
          60.0
        ],
        "status": "review_oriented_bounds",
        "body_penetration": null,
        "connection_count": 0
      },
      {
        "instances": [
          56,
          61
        ],
        "depths": [
          40.0,
          4.0,
          0.00046465999999867336
        ],
        "status": "review_oriented_bounds",
        "body_penetration": null,
        "connection_count": 0
      },
      {
        "instances": [
          56,
          62
        ],
        "depths": [
          40.0,
          4.0,
          40.0
        ],
        "status": "review_oriented_bounds",
        "body_penetration": null,
        "connection_count": 0
      },
      {
        "instances": [
          56,
          63
        ],
        "depths": [
          40.0,
          28.0,
          0.00046465999999867336
        ],
        "status": "review_oriented_bounds",
        "body_penetration": null,
        "connection_count": 0
      },
      {
        "instances": [
          56,
          64
        ],
        "depths": [
          40.0,
          28.0,
          40.0
        ],
        "status": "review_oriented_bounds",
        "body_penetration": null,
        "connection_count": 0
      },
      {
        "instances": [
          56,
          58
        ],
        "depths": [
          0.00046465999999867336,
          28.0,
          80.0
        ],
        "status": "review_oriented_bounds",
        "body_penetration": null,
        "connection_count": 0
      },
      {
        "instances": [
          66,
          63
        ],
        "depths": [
          40.0,
          4.0,
          40.0
        ],
        "status": "review_oriented_bounds",
        "body_penetration": null,
        "connection_count": 4
      },
      {
        "instances": [
          66,
          69
        ],
        "depths": [
          20.0,
          4.0,
          20.0
        ],
        "status": "review_oriented_bounds",
        "body_penetration": null,
        "connection_count": 1
      },
      {
        "instances": [
          67,
          64
        ],
        "depths": [
          40.0,
          4.0,
          40.0
        ],
        "status": "review_oriented_bounds",
        "body_penetration": null,
        "connection_count": 4
      },
      {
        "instances": [
          67,
          69
        ],
        "depths": [
          20.0,
          4.0,
          20.0
        ],
        "status": "review_oriented_bounds",
        "body_penetration": null,
        "connection_count": 1
      },
      {
        "instances": [
          67,
          58
        ],
        "depths": [
          0.00046465999999867336,
          4.0,
          60.0
        ],
        "status": "review_oriented_bounds",
        "body_penetration": null,
        "connection_count": 0
      },
      {
        "instances": [
          1,
          19
        ],
        "depths": [
          200.0,
          4.0,
          80.0
        ],
        "status": "review_oriented_bounds",
        "body_penetration": null,
        "connection_count": 40
      },
      {
        "instances": [
          1,
          17
        ],
        "depths": [
          120.0,
          4.0,
          40.0
        ],
        "status": "review_oriented_bounds",
        "body_penetration": null,
        "connection_count": 12
      },
      {
        "instances": [
          4,
          19
        ],
        "depths": [
          200.0,
          4.0,
          40.0
        ],
        "status": "review_oriented_bounds",
        "body_penetration": null,
        "connection_count": 20
      },
      {
        "instances": [
          4,
          21
        ],
        "depths": [
          200.0,
          4.0,
          80.0
        ],
        "status": "review_oriented_bounds",
        "body_penetration": null,
        "connection_count": 40
      },
      {
        "instances": [
          6,
          21
        ],
        "depths": [
          200.0,
          4.0,
          40.0
        ],
        "status": "review_oriented_bounds",
        "body_penetration": null,
        "connection_count": 20
      },
      {
        "instances": [
          6,
          23
        ],
        "depths": [
          200.0,
          4.0,
          80.0
        ],
        "status": "review_oriented_bounds",
        "body_penetration": null,
        "connection_count": 40
      },
      {
        "instances": [
          59,
          61
        ],
        "depths": [
          80.0,
          4.0,
          40.0
        ],
        "status": "stud_zone_overlap_review_connections",
        "body_penetration": null,
        "connection_count": 8
      },
      {
        "instances": [
          59,
          51
        ],
        "depths": [
          40.0,
          28.0,
          40.0
        ],
        "status": "review_oriented_bounds",
        "body_penetration": null,
        "connection_count": 0
      },
      {
        "instances": [
          59,
          45
        ],
        "depths": [
          20.0,
          4.0,
          40.0
        ],
        "status": "review_oriented_bounds",
        "body_penetration": null,
        "connection_count": 2
      },
      {
        "instances": [
          60,
          62
        ],
        "depths": [
          80.0,
          4.0,
          40.0
        ],
        "status": "stud_zone_overlap_review_connections",
        "body_penetration": null,
        "connection_count": 8
      },
      {
        "instances": [
          60,
          57
        ],
        "depths": [
          40.0,
          28.0,
          40.0
        ],
        "status": "review_oriented_bounds",
        "body_penetration": null,
        "connection_count": 0
      },
      {
        "instances": [
          60,
          47
        ],
        "depths": [
          20.0,
          4.0,
          40.0
        ],
        "status": "review_oriented_bounds",
        "body_penetration": null,
        "connection_count": 2
      },
      {
        "instances": [
          61,
          63
        ],
        "depths": [
          80.0,
          4.0,
          40.0
        ],
        "status": "stud_zone_overlap_review_connections",
        "body_penetration": null,
        "connection_count": 8
      },
      {
        "instances": [
          61,
          51
        ],
        "depths": [
          40.0,
          28.0,
          40.0
        ],
        "status": "review_oriented_bounds",
        "body_penetration": null,
        "connection_count": 0
      },
      {
        "instances": [
          61,
          52
        ],
        "depths": [
          40.0,
          4.0,
          40.0
        ],
        "status": "review_oriented_bounds",
        "body_penetration": null,
        "connection_count": 0
      },
      {
        "instances": [
          62,
          64
        ],
        "depths": [
          80.0,
          4.0,
          40.0
        ],
        "status": "stud_zone_overlap_review_connections",
        "body_penetration": null,
        "connection_count": 8
      },
      {
        "instances": [
          62,
          58
        ],
        "depths": [
          40.00046466,
          4.0,
          40.0
        ],
        "status": "review_oriented_bounds",
        "body_penetration": null,
        "connection_count": 0
      },
      {
        "instances": [
          62,
          52
        ],
        "depths": [
          40.0,
          4.0,
          0.00046465999999867336
        ],
        "status": "review_oriented_bounds",
        "body_penetration": null,
        "connection_count": 0
      },
      {
        "instances": [
          62,
          57
        ],
        "depths": [
          40.0,
          28.0,
          40.0
        ],
        "status": "review_oriented_bounds",
        "body_penetration": null,
        "connection_count": 0
      },
      {
        "instances": [
          63,
          51
        ],
        "depths": [
          40.0,
          4.0,
          40.0
        ],
        "status": "review_oriented_bounds",
        "body_penetration": null,
        "connection_count": 0
      },
      {
        "instances": [
          63,
          52
        ],
        "depths": [
          40.0,
          28.0,
          40.0
        ],
        "status": "review_oriented_bounds",
        "body_penetration": null,
        "connection_count": 0
      },
      {
        "instances": [
          63,
          65
        ],
        "depths": [
          40.0,
          4.0,
          40.0
        ],
        "status": "review_oriented_bounds",
        "body_penetration": null,
        "connection_count": 4
      },
      {
        "instances": [
          64,
          58
        ],
        "depths": [
          40.00046466,
          28.0,
          40.0
        ],
        "status": "review_oriented_bounds",
        "body_penetration": null,
        "connection_count": 0
      },
      {
        "instances": [
          64,
          52
        ],
        "depths": [
          40.0,
          28.0,
          0.00046465999999867336
        ],
        "status": "review_oriented_bounds",
        "body_penetration": null,
        "connection_count": 0
      },
      {
        "instances": [
          64,
          57
        ],
        "depths": [
          40.0,
          4.0,
          40.0
        ],
        "status": "review_oriented_bounds",
        "body_penetration": null,
        "connection_count": 0
      },
      {
        "instances": [
          64,
          68
        ],
        "depths": [
          40.0,
          4.0,
          40.0
        ],
        "status": "review_oriented_bounds",
        "body_penetration": null,
        "connection_count": 4
      },
      {
        "instances": [
          69,
          70
        ],
        "depths": [
          40.0,
          4.0,
          20.0
        ],
        "status": "review_oriented_bounds",
        "body_penetration": null,
        "connection_count": 2
      },
      {
        "instances": [
          69,
          65
        ],
        "depths": [
          20.0,
          4.0,
          20.0
        ],
        "status": "review_oriented_bounds",
        "body_penetration": null,
        "connection_count": 1
      },
      {
        "instances": [
          69,
          68
        ],
        "depths": [
          20.0,
          4.0,
          20.0
        ],
        "status": "review_oriented_bounds",
        "body_penetration": null,
        "connection_count": 1
      },
      {
        "instances": [
          70,
          71
        ],
        "depths": [
          20.0,
          4.0,
          20.0
        ],
        "status": "review_oriented_bounds",
        "body_penetration": null,
        "connection_count": 0
      },
      {
        "instances": [
          58,
          52
        ],
        "depths": [
          80.0,
          28.0,
          0.00046465999999867336
        ],
        "status": "review_oriented_bounds",
        "body_penetration": null,
        "connection_count": 0
      },
      {
        "instances": [
          58,
          57
        ],
        "depths": [
          80.0,
          4.0,
          80.0
        ],
        "status": "review_oriented_bounds",
        "body_penetration": null,
        "connection_count": 0
      },
      {
        "instances": [
          58,
          68
        ],
        "depths": [
          60.0,
          4.0,
          60.0
        ],
        "status": "review_oriented_bounds",
        "body_penetration": null,
        "connection_count": 0
      },
      {
        "instances": [
          19,
          33
        ],
        "depths": [
          80.0,
          4.0,
          40.0
        ],
        "status": "review_oriented_bounds",
        "body_penetration": null,
        "connection_count": 8
      },
      {
        "instances": [
          19,
          88
        ],
        "depths": [
          40.0,
          4.0,
          40.0
        ],
        "status": "review_oriented_bounds",
        "body_penetration": null,
        "connection_count": 4
      },
      {
        "instances": [
          19,
          89
        ],
        "depths": [
          40.0,
          4.0,
          40.0
        ],
        "status": "review_oriented_bounds",
        "body_penetration": null,
        "connection_count": 4
      },
      {
        "instances": [
          19,
          90
        ],
        "depths": [
          40.0,
          4.0,
          40.0
        ],
        "status": "review_oriented_bounds",
        "body_penetration": null,
        "connection_count": 4
      },
      {
        "instances": [
          19,
          2
        ],
        "depths": [
          40.0,
          4.0,
          120.0
        ],
        "status": "review_oriented_bounds",
        "body_penetration": null,
        "connection_count": 12
      },
      {
        "instances": [
          19,
          96
        ],
        "depths": [
          40.0,
          4.0,
          40.0
        ],
        "status": "review_oriented_bounds",
        "body_penetration": null,
        "connection_count": 4
      },
      {
        "instances": [
          19,
          97
        ],
        "depths": [
          40.0,
          4.0,
          40.0
        ],
        "status": "review_oriented_bounds",
        "body_penetration": null,
        "connection_count": 4
      },
      {
        "instances": [
          19,
          98
        ],
        "depths": [
          40.0,
          4.0,
          40.0
        ],
        "status": "review_oriented_bounds",
        "body_penetration": null,
        "connection_count": 4
      },
      {
        "instances": [
          21,
          35
        ],
        "depths": [
          120.0,
          4.0,
          40.0
        ],
        "status": "review_oriented_bounds",
        "body_penetration": null,
        "connection_count": 12
      },
      {
        "instances": [
          21,
          37
        ],
        "depths": [
          120.0,
          4.0,
          40.0
        ],
        "status": "review_oriented_bounds",
        "body_penetration": null,
        "connection_count": 12
      },
      {
        "instances": [
          21,
          39
        ],
        "depths": [
          80.0,
          4.0,
          40.0
        ],
        "status": "review_oriented_bounds",
        "body_penetration": null,
        "connection_count": 8
      },
      {
        "instances": [
          21,
          91
        ],
        "depths": [
          40.0,
          4.0,
          40.0
        ],
        "status": "review_oriented_bounds",
        "body_penetration": null,
        "connection_count": 4
      },
      {
        "instances": [
          21,
          92
        ],
        "depths": [
          40.0,
          4.0,
          40.0
        ],
        "status": "review_oriented_bounds",
        "body_penetration": null,
        "connection_count": 4
      },
      {
        "instances": [
          21,
          93
        ],
        "depths": [
          40.0,
          4.0,
          40.0
        ],
        "status": "review_oriented_bounds",
        "body_penetration": null,
        "connection_count": 4
      },
      {
        "instances": [
          21,
          2
        ],
        "depths": [
          40.0,
          4.0,
          80.0
        ],
        "status": "review_oriented_bounds",
        "body_penetration": null,
        "connection_count": 8
      },
      {
        "instances": [
          21,
          7
        ],
        "depths": [
          40.0,
          4.0,
          40.0
        ],
        "status": "review_oriented_bounds",
        "body_penetration": null,
        "connection_count": 4
      },
      {
        "instances": [
          21,
          99
        ],
        "depths": [
          40.0,
          4.0,
          40.0
        ],
        "status": "review_oriented_bounds",
        "body_penetration": null,
        "connection_count": 4
      },
      {
        "instances": [
          21,
          100
        ],
        "depths": [
          40.0,
          4.0,
          40.0
        ],
        "status": "review_oriented_bounds",
        "body_penetration": null,
        "connection_count": 4
      },
      {
        "instances": [
          21,
          101
        ],
        "depths": [
          40.0,
          4.0,
          40.0
        ],
        "status": "review_oriented_bounds",
        "body_penetration": null,
        "connection_count": 4
      },
      {
        "instances": [
          23,
          94
        ],
        "depths": [
          40.0,
          4.0,
          40.0
        ],
        "status": "review_oriented_bounds",
        "body_penetration": null,
        "connection_count": 4
      },
      {
        "instances": [
          23,
          95
        ],
        "depths": [
          40.0,
          4.0,
          40.0
        ],
        "status": "review_oriented_bounds",
        "body_penetration": null,
        "connection_count": 4
      },
      {
        "instances": [
          23,
          7
        ],
        "depths": [
          40.0,
          4.0,
          80.0
        ],
        "status": "review_oriented_bounds",
        "body_penetration": null,
        "connection_count": 8
      },
      {
        "instances": [
          23,
          102
        ],
        "depths": [
          40.0,
          4.0,
          40.0
        ],
        "status": "review_oriented_bounds",
        "body_penetration": null,
        "connection_count": 4
      },
      {
        "instances": [
          23,
          103
        ],
        "depths": [
          40.0,
          4.0,
          40.0
        ],
        "status": "review_oriented_bounds",
        "body_penetration": null,
        "connection_count": 4
      },
      {
        "instances": [
          51,
          52
        ],
        "depths": [
          80.0,
          4.0,
          80.0
        ],
        "status": "review_oriented_bounds",
        "body_penetration": null,
        "connection_count": 0
      },
      {
        "instances": [
          51,
          45
        ],
        "depths": [
          100.0,
          4.0,
          40.0
        ],
        "status": "review_oriented_bounds",
        "body_penetration": null,
        "connection_count": 6
      },
      {
        "instances": [
          51,
          43
        ],
        "depths": [
          80.0,
          4.0,
          40.0
        ],
        "status": "review_oriented_bounds",
        "body_penetration": null,
        "connection_count": 3
      },
      {
        "instances": [
          52,
          57
        ],
        "depths": [
          80.0,
          4.0,
          0.00046465999999867336
        ],
        "status": "review_oriented_bounds",
        "body_penetration": null,
        "connection_count": 0
      },
      {
        "instances": [
          52,
          65
        ],
        "depths": [
          60.0,
          4.0,
          60.0
        ],
        "status": "review_oriented_bounds",
        "body_penetration": null,
        "connection_count": 0
      },
      {
        "instances": [
          52,
          68
        ],
        "depths": [
          60.0,
          4.0,
          0.00046465999999867336
        ],
        "status": "review_oriented_bounds",
        "body_penetration": null,
        "connection_count": 0
      },
      {
        "instances": [
          57,
          47
        ],
        "depths": [
          100.0,
          4.0,
          40.0
        ],
        "status": "review_oriented_bounds",
        "body_penetration": null,
        "connection_count": 6
      },
      {
        "instances": [
          57,
          49
        ],
        "depths": [
          80.0,
          4.0,
          40.0
        ],
        "status": "review_oriented_bounds",
        "body_penetration": null,
        "connection_count": 4
      },
      {
        "instances": [
          35,
          45
        ],
        "depths": [
          120.0,
          4.0,
          40.0
        ],
        "status": "review_oriented_bounds",
        "body_penetration": null,
        "connection_count": 12
      },
      {
        "instances": [
          37,
          47
        ],
        "depths": [
          120.0,
          4.0,
          40.0
        ],
        "status": "review_oriented_bounds",
        "body_penetration": null,
        "connection_count": 12
      },
      {
        "instances": [
          10,
          26
        ],
        "depths": [
          120.0,
          4.0,
          40.0
        ],
        "status": "stud_zone_overlap_review_connections",
        "body_penetration": null,
        "connection_count": 12
      },
      {
        "instances": [
          33,
          43
        ],
        "depths": [
          80.0,
          4.0,
          40.0
        ],
        "status": "stud_zone_overlap_review_connections",
        "body_penetration": null,
        "connection_count": 8
      },
      {
        "instances": [
          39,
          49
        ],
        "depths": [
          80.0,
          4.0,
          40.0
        ],
        "status": "stud_zone_overlap_review_connections",
        "body_penetration": null,
        "connection_count": 8
      },
      {
        "instances": [
          106,
          17
        ],
        "depths": [
          120.0,
          4.0,
          20.0
        ],
        "status": "stud_zone_overlap_review_connections",
        "body_penetration": null,
        "connection_count": 6
      },
      {
        "instances": [
          110,
          26
        ],
        "depths": [
          120.0,
          4.0,
          20.0
        ],
        "status": "stud_zone_overlap_review_connections",
        "body_penetration": null,
        "connection_count": 6
      },
      {
        "instances": [
          17,
          2
        ],
        "depths": [
          40.0,
          4.0,
          40.0
        ],
        "status": "review_oriented_bounds",
        "body_penetration": null,
        "connection_count": 4
      },
      {
        "instances": [
          17,
          107
        ],
        "depths": [
          40.0,
          4.0,
          20.0
        ],
        "status": "stud_zone_overlap_review_connections",
        "body_penetration": null,
        "connection_count": 2
      },
      {
        "instances": [
          26,
          7
        ],
        "depths": [
          40.0,
          4.0,
          40.0
        ],
        "status": "review_oriented_bounds",
        "body_penetration": null,
        "connection_count": 4
      },
      {
        "instances": [
          26,
          111
        ],
        "depths": [
          40.0,
          4.0,
          20.0
        ],
        "status": "stud_zone_overlap_review_connections",
        "body_penetration": null,
        "connection_count": 2
      },
      {
        "instances": [
          2,
          27
        ],
        "depths": [
          40.0,
          4.0,
          40.0
        ],
        "status": "review_oriented_bounds",
        "body_penetration": null,
        "connection_count": 4
      },
      {
        "instances": [
          2,
          28
        ],
        "depths": [
          40.0,
          4.0,
          160.0
        ],
        "status": "review_oriented_bounds",
        "body_penetration": null,
        "connection_count": 16
      },
      {
        "instances": [
          2,
          29
        ],
        "depths": [
          40.0,
          4.0,
          40.0
        ],
        "status": "review_oriented_bounds",
        "body_penetration": null,
        "connection_count": 4
      },
      {
        "instances": [
          7,
          29
        ],
        "depths": [
          40.0,
          4.0,
          120.0
        ],
        "status": "review_oriented_bounds",
        "body_penetration": null,
        "connection_count": 12
      },
      {
        "instances": [
          7,
          30
        ],
        "depths": [
          40.0,
          4.0,
          40.0
        ],
        "status": "review_oriented_bounds",
        "body_penetration": null,
        "connection_count": 4
      },
      {
        "instances": [
          107,
          27
        ],
        "depths": [
          40.0,
          4.0,
          20.0
        ],
        "status": "stud_zone_overlap_review_connections",
        "body_penetration": null,
        "connection_count": 2
      },
      {
        "instances": [
          111,
          30
        ],
        "depths": [
          40.0,
          4.0,
          20.0
        ],
        "status": "stud_zone_overlap_review_connections",
        "body_penetration": null,
        "connection_count": 2
      },
      {
        "instances": [
          27,
          115
        ],
        "depths": [
          20.0,
          4.0,
          20.0
        ],
        "status": "stud_zone_overlap_review_connections",
        "body_penetration": null,
        "connection_count": 1
      },
      {
        "instances": [
          28,
          115
        ],
        "depths": [
          20.0,
          4.0,
          140.0
        ],
        "status": "stud_zone_overlap_review_connections",
        "body_penetration": null,
        "connection_count": 7
      },
      {
        "instances": [
          28,
          116
        ],
        "depths": [
          20.0,
          4.0,
          20.0
        ],
        "status": "stud_zone_overlap_review_connections",
        "body_penetration": null,
        "connection_count": 1
      },
      {
        "instances": [
          29,
          116
        ],
        "depths": [
          20.0,
          4.0,
          140.0
        ],
        "status": "stud_zone_overlap_review_connections",
        "body_penetration": null,
        "connection_count": 7
      },
      {
        "instances": [
          29,
          117
        ],
        "depths": [
          20.0,
          4.0,
          20.0
        ],
        "status": "stud_zone_overlap_review_connections",
        "body_penetration": null,
        "connection_count": 1
      },
      {
        "instances": [
          30,
          117
        ],
        "depths": [
          20.0,
          4.0,
          20.0
        ],
        "status": "stud_zone_overlap_review_connections",
        "body_penetration": null,
        "connection_count": 1
      }
    ],
    "overlaps_truncated": false,
    "diagnostics": [
      {
        "code": "assembly.disconnected_evidence",
        "severity": "warning",
        "message": "Connection analysis finds multiple groups. Investigate floating parts, missing connector metadata, or intentional separate objects.",
        "line_number": null,
        "section": null,
        "component_count": 6
      },
      {
        "code": "coverage.collision_review",
        "severity": "warning",
        "message": "Some parts lack rectangular body checks; oriented bounds refine candidates, while remaining overlaps require material review.",
        "line_number": null,
        "section": null
      }
    ],
    "limitations": [
      "AABB candidates do not prove collisions; stud/socket bounding boxes normally overlap.",
      "Connector matches, including 'confirmed', are computational evidence, not buildability certification.",
      "No material intersection, clutch strength, stability, legal connection stress, or real colour availability proof."
    ]
  }
}
