{
  "file": "output/tidal-observatory.mpd",
  "section": "tidal-tower-middle.ldr",
  "profile": "syntax",
  "checks_passed": true,
  "physical_validity": "not_proven",
  "diagnostics": [
    {
      "code": "coverage.collision_review",
      "severity": "warning",
      "message": "Some parts lack rectangular body checks; oriented bounds refine candidates, while remaining overlaps require material review.",
      "line_number": null,
      "section": null
    }
  ],
  "geometry": {
    "complete": true,
    "connection_coverage": {
      "complete": 175,
      "partial": 0,
      "none": 0
    },
    "collision_method": "AABB broad phase, oriented bounds separation, curated rectangular body SAT",
    "physical_validity": "not_proven",
    "bounds": {
      "min": [
        -120.0,
        -172.0,
        -140.0
      ],
      "max": [
        120.0,
        16.0,
        140.0
      ]
    },
    "occurrence_count": 175,
    "detail": "full",
    "instance_offset": 0,
    "instances": [
      {
        "index": 0,
        "part": "3028.dat",
        "description": "Plate 6 x 12",
        "colour": {
          "code": 72,
          "name": null,
          "rgb": null,
          "alpha": null,
          "colour_attributes": null
        },
        "position": [
          -40.0,
          8.0,
          0.0
        ],
        "matrix": [
          [
            0.0,
            0.0,
            1.0
          ],
          [
            0.0,
            1.0,
            0.0
          ],
          [
            -1.0,
            0.0,
            0.0
          ]
        ],
        "bounds": {
          "min": [
            -100.0,
            4.0,
            -120.0
          ],
          "max": [
            20.0,
            16.0,
            120.0
          ]
        },
        "section": "tidal-tower-middle.ldr",
        "line_number": 2231,
        "source_path": [
          null,
          2231
        ],
        "step": 1,
        "body_profile": false,
        "connector_count": 144,
        "placement_path": [
          0,
          0
        ],
        "connection_metadata": {
          "coverage": "complete",
          "source_count": 3,
          "recognized_record_count": 2,
          "unsupported_record_count": 0,
          "invalid_record_count": 0,
          "diagnostics": []
        }
      },
      {
        "index": 1,
        "part": "3029.dat",
        "description": "Plate 4 x 12",
        "colour": {
          "code": 72,
          "name": null,
          "rgb": null,
          "alpha": null,
          "colour_attributes": null
        },
        "position": [
          60.0,
          8.0,
          0.0
        ],
        "matrix": [
          [
            0.0,
            0.0,
            1.0
          ],
          [
            0.0,
            1.0,
            0.0
          ],
          [
            -1.0,
            0.0,
            0.0
          ]
        ],
        "bounds": {
          "min": [
            20.0,
            4.0,
            -120.0
          ],
          "max": [
            100.0,
            16.0,
            120.0
          ]
        },
        "section": "tidal-tower-middle.ldr",
        "line_number": 2233,
        "source_path": [
          null,
          2233
        ],
        "step": 1,
        "body_profile": false,
        "connector_count": 96,
        "placement_path": [
          0,
          1
        ],
        "connection_metadata": {
          "coverage": "complete",
          "source_count": 3,
          "recognized_record_count": 2,
          "unsupported_record_count": 0,
          "invalid_record_count": 0,
          "diagnostics": []
        }
      },
      {
        "index": 2,
        "part": "3022.dat",
        "description": "Plate 2 x 2",
        "colour": {
          "code": 320,
          "name": null,
          "rgb": null,
          "alpha": null,
          "colour_attributes": null
        },
        "position": [
          -80.0,
          0.0,
          -100.0
        ],
        "matrix": [
          [
            1.0,
            0.0,
            0.0
          ],
          [
            0.0,
            1.0,
            0.0
          ],
          [
            0.0,
            0.0,
            1.0
          ]
        ],
        "bounds": {
          "min": [
            -100.0,
            -4.0,
            -120.0
          ],
          "max": [
            -60.0,
            8.0,
            -80.0
          ]
        },
        "section": "tidal-tower-middle.ldr",
        "line_number": 2236,
        "source_path": [
          null,
          2236
        ],
        "step": 1,
        "body_profile": true,
        "connector_count": 9,
        "placement_path": [
          0,
          2
        ],
        "connection_metadata": {
          "coverage": "complete",
          "source_count": 3,
          "recognized_record_count": 3,
          "unsupported_record_count": 0,
          "invalid_record_count": 0,
          "diagnostics": []
        }
      },
      {
        "index": 3,
        "part": "3034.dat",
        "description": "Plate 2 x 8",
        "colour": {
          "code": 320,
          "name": null,
          "rgb": null,
          "alpha": null,
          "colour_attributes": null
        },
        "position": [
          -80.0,
          0.0,
          0.0
        ],
        "matrix": [
          [
            0.0,
            0.0,
            1.0
          ],
          [
            0.0,
            1.0,
            0.0
          ],
          [
            -1.0,
            0.0,
            0.0
          ]
        ],
        "bounds": {
          "min": [
            -100.0,
            -4.0,
            -80.0
          ],
          "max": [
            -60.0,
            8.0,
            80.0
          ]
        },
        "section": "tidal-tower-middle.ldr",
        "line_number": 2238,
        "source_path": [
          null,
          2238
        ],
        "step": 1,
        "body_profile": true,
        "connector_count": 32,
        "placement_path": [
          0,
          3
        ],
        "connection_metadata": {
          "coverage": "complete",
          "source_count": 3,
          "recognized_record_count": 2,
          "unsupported_record_count": 0,
          "invalid_record_count": 0,
          "diagnostics": []
        }
      },
      {
        "index": 4,
        "part": "3022.dat",
        "description": "Plate 2 x 2",
        "colour": {
          "code": 320,
          "name": null,
          "rgb": null,
          "alpha": null,
          "colour_attributes": null
        },
        "position": [
          -80.0,
          0.0,
          100.0
        ],
        "matrix": [
          [
            1.0,
            0.0,
            0.0
          ],
          [
            0.0,
            1.0,
            0.0
          ],
          [
            0.0,
            0.0,
            1.0
          ]
        ],
        "bounds": {
          "min": [
            -100.0,
            -4.0,
            80.0
          ],
          "max": [
            -60.0,
            8.0,
            120.0
          ]
        },
        "section": "tidal-tower-middle.ldr",
        "line_number": 2240,
        "source_path": [
          null,
          2240
        ],
        "step": 1,
        "body_profile": true,
        "connector_count": 9,
        "placement_path": [
          0,
          4
        ],
        "connection_metadata": {
          "coverage": "complete",
          "source_count": 3,
          "recognized_record_count": 3,
          "unsupported_record_count": 0,
          "invalid_record_count": 0,
          "diagnostics": []
        }
      },
      {
        "index": 5,
        "part": "3795.dat",
        "description": "Plate 2 x 6",
        "colour": {
          "code": 320,
          "name": null,
          "rgb": null,
          "alpha": null,
          "colour_attributes": null
        },
        "position": [
          0.0,
          0.0,
          -100.0
        ],
        "matrix": [
          [
            1.0,
            0.0,
            0.0
          ],
          [
            0.0,
            1.0,
            0.0
          ],
          [
            0.0,
            0.0,
            1.0
          ]
        ],
        "bounds": {
          "min": [
            -60.0,
            -4.0,
            -120.0
          ],
          "max": [
            60.0,
            8.0,
            -80.0
          ]
        },
        "section": "tidal-tower-middle.ldr",
        "line_number": 2242,
        "source_path": [
          null,
          2242
        ],
        "step": 1,
        "body_profile": true,
        "connector_count": 24,
        "placement_path": [
          0,
          5
        ],
        "connection_metadata": {
          "coverage": "complete",
          "source_count": 3,
          "recognized_record_count": 2,
          "unsupported_record_count": 0,
          "invalid_record_count": 0,
          "diagnostics": []
        }
      },
      {
        "index": 6,
        "part": "3036.dat",
        "description": "Plate 6 x 8",
        "colour": {
          "code": 320,
          "name": null,
          "rgb": null,
          "alpha": null,
          "colour_attributes": null
        },
        "position": [
          0.0,
          0.0,
          0.0
        ],
        "matrix": [
          [
            0.0,
            0.0,
            1.0
          ],
          [
            0.0,
            1.0,
            0.0
          ],
          [
            -1.0,
            0.0,
            0.0
          ]
        ],
        "bounds": {
          "min": [
            -60.0,
            -4.0,
            -80.0
          ],
          "max": [
            60.0,
            8.0,
            80.0
          ]
        },
        "section": "tidal-tower-middle.ldr",
        "line_number": 2244,
        "source_path": [
          null,
          2244
        ],
        "step": 1,
        "body_profile": true,
        "connector_count": 96,
        "placement_path": [
          0,
          6
        ],
        "connection_metadata": {
          "coverage": "complete",
          "source_count": 3,
          "recognized_record_count": 2,
          "unsupported_record_count": 0,
          "invalid_record_count": 0,
          "diagnostics": []
        }
      },
      {
        "index": 7,
        "part": "3795.dat",
        "description": "Plate 2 x 6",
        "colour": {
          "code": 320,
          "name": null,
          "rgb": null,
          "alpha": null,
          "colour_attributes": null
        },
        "position": [
          0.0,
          0.0,
          100.0
        ],
        "matrix": [
          [
            1.0,
            0.0,
            0.0
          ],
          [
            0.0,
            1.0,
            0.0
          ],
          [
            0.0,
            0.0,
            1.0
          ]
        ],
        "bounds": {
          "min": [
            -60.0,
            -4.0,
            80.0
          ],
          "max": [
            60.0,
            8.0,
            120.0
          ]
        },
        "section": "tidal-tower-middle.ldr",
        "line_number": 2246,
        "source_path": [
          null,
          2246
        ],
        "step": 1,
        "body_profile": true,
        "connector_count": 24,
        "placement_path": [
          0,
          7
        ],
        "connection_metadata": {
          "coverage": "complete",
          "source_count": 3,
          "recognized_record_count": 2,
          "unsupported_record_count": 0,
          "invalid_record_count": 0,
          "diagnostics": []
        }
      },
      {
        "index": 8,
        "part": "3022.dat",
        "description": "Plate 2 x 2",
        "colour": {
          "code": 320,
          "name": null,
          "rgb": null,
          "alpha": null,
          "colour_attributes": null
        },
        "position": [
          80.0,
          0.0,
          -100.0
        ],
        "matrix": [
          [
            1.0,
            0.0,
            0.0
          ],
          [
            0.0,
            1.0,
            0.0
          ],
          [
            0.0,
            0.0,
            1.0
          ]
        ],
        "bounds": {
          "min": [
            60.0,
            -4.0,
            -120.0
          ],
          "max": [
            100.0,
            8.0,
            -80.0
          ]
        },
        "section": "tidal-tower-middle.ldr",
        "line_number": 2248,
        "source_path": [
          null,
          2248
        ],
        "step": 1,
        "body_profile": true,
        "connector_count": 9,
        "placement_path": [
          0,
          8
        ],
        "connection_metadata": {
          "coverage": "complete",
          "source_count": 3,
          "recognized_record_count": 3,
          "unsupported_record_count": 0,
          "invalid_record_count": 0,
          "diagnostics": []
        }
      },
      {
        "index": 9,
        "part": "3034.dat",
        "description": "Plate 2 x 8",
        "colour": {
          "code": 320,
          "name": null,
          "rgb": null,
          "alpha": null,
          "colour_attributes": null
        },
        "position": [
          80.0,
          0.0,
          0.0
        ],
        "matrix": [
          [
            0.0,
            0.0,
            1.0
          ],
          [
            0.0,
            1.0,
            0.0
          ],
          [
            -1.0,
            0.0,
            0.0
          ]
        ],
        "bounds": {
          "min": [
            60.0,
            -4.0,
            -80.0
          ],
          "max": [
            100.0,
            8.0,
            80.0
          ]
        },
        "section": "tidal-tower-middle.ldr",
        "line_number": 2250,
        "source_path": [
          null,
          2250
        ],
        "step": 1,
        "body_profile": true,
        "connector_count": 32,
        "placement_path": [
          0,
          9
        ],
        "connection_metadata": {
          "coverage": "complete",
          "source_count": 3,
          "recognized_record_count": 2,
          "unsupported_record_count": 0,
          "invalid_record_count": 0,
          "diagnostics": []
        }
      },
      {
        "index": 10,
        "part": "3022.dat",
        "description": "Plate 2 x 2",
        "colour": {
          "code": 320,
          "name": null,
          "rgb": null,
          "alpha": null,
          "colour_attributes": null
        },
        "position": [
          80.0,
          0.0,
          100.0
        ],
        "matrix": [
          [
            1.0,
            0.0,
            0.0
          ],
          [
            0.0,
            1.0,
            0.0
          ],
          [
            0.0,
            0.0,
            1.0
          ]
        ],
        "bounds": {
          "min": [
            60.0,
            -4.0,
            80.0
          ],
          "max": [
            100.0,
            8.0,
            120.0
          ]
        },
        "section": "tidal-tower-middle.ldr",
        "line_number": 2252,
        "source_path": [
          null,
          2252
        ],
        "step": 1,
        "body_profile": true,
        "connector_count": 9,
        "placement_path": [
          0,
          10
        ],
        "connection_metadata": {
          "coverage": "complete",
          "source_count": 3,
          "recognized_record_count": 3,
          "unsupported_record_count": 0,
          "invalid_record_count": 0,
          "diagnostics": []
        }
      },
      {
        "index": 11,
        "part": "3008.dat",
        "description": "Brick 1 x 8",
        "colour": {
          "code": 320,
          "name": null,
          "rgb": null,
          "alpha": null,
          "colour_attributes": null
        },
        "position": [
          -20.0,
          -24.0,
          -110.0
        ],
        "matrix": [
          [
            1.0,
            0.0,
            0.0
          ],
          [
            0.0,
            1.0,
            0.0
          ],
          [
            0.0,
            0.0,
            1.0
          ]
        ],
        "bounds": {
          "min": [
            -100.0,
            -28.0,
            -120.0
          ],
          "max": [
            60.0,
            0.0,
            -100.0
          ]
        },
        "section": "tidal-tower-middle.ldr",
        "line_number": 2255,
        "source_path": [
          null,
          2255
        ],
        "step": 1,
        "body_profile": true,
        "connector_count": 39,
        "placement_path": [
          0,
          11
        ],
        "connection_metadata": {
          "coverage": "complete",
          "source_count": 4,
          "recognized_record_count": 5,
          "unsupported_record_count": 0,
          "invalid_record_count": 0,
          "diagnostics": []
        }
      },
      {
        "index": 12,
        "part": "3004.dat",
        "description": "Brick 1 x 2",
        "colour": {
          "code": 320,
          "name": null,
          "rgb": null,
          "alpha": null,
          "colour_attributes": null
        },
        "position": [
          80.0,
          -24.0,
          -110.0
        ],
        "matrix": [
          [
            1.0,
            0.0,
            0.0
          ],
          [
            0.0,
            1.0,
            0.0
          ],
          [
            0.0,
            0.0,
            1.0
          ]
        ],
        "bounds": {
          "min": [
            60.0,
            -28.0,
            -120.0
          ],
          "max": [
            100.0,
            0.0,
            -100.0
          ]
        },
        "section": "tidal-tower-middle.ldr",
        "line_number": 2257,
        "source_path": [
          null,
          2257
        ],
        "step": 1,
        "body_profile": true,
        "connector_count": 9,
        "placement_path": [
          0,
          12
        ],
        "connection_metadata": {
          "coverage": "complete",
          "source_count": 4,
          "recognized_record_count": 5,
          "unsupported_record_count": 0,
          "invalid_record_count": 0,
          "diagnostics": []
        }
      },
      {
        "index": 13,
        "part": "3005.dat",
        "description": "Brick 1 x 1",
        "colour": {
          "code": 320,
          "name": null,
          "rgb": null,
          "alpha": null,
          "colour_attributes": null
        },
        "position": [
          -90.0,
          -24.0,
          -90.0
        ],
        "matrix": [
          [
            1.0,
            0.0,
            0.0
          ],
          [
            0.0,
            1.0,
            0.0
          ],
          [
            0.0,
            0.0,
            1.0
          ]
        ],
        "bounds": {
          "min": [
            -100.0,
            -28.0,
            -100.0
          ],
          "max": [
            -80.0,
            0.0,
            -80.0
          ]
        },
        "section": "tidal-tower-middle.ldr",
        "line_number": 2259,
        "source_path": [
          null,
          2259
        ],
        "step": 1,
        "body_profile": true,
        "connector_count": 2,
        "placement_path": [
          0,
          13
        ],
        "connection_metadata": {
          "coverage": "complete",
          "source_count": 2,
          "recognized_record_count": 2,
          "unsupported_record_count": 0,
          "invalid_record_count": 0,
          "diagnostics": []
        }
      },
      {
        "index": 14,
        "part": "3005.dat",
        "description": "Brick 1 x 1",
        "colour": {
          "code": 320,
          "name": null,
          "rgb": null,
          "alpha": null,
          "colour_attributes": null
        },
        "position": [
          90.0,
          -24.0,
          -90.0
        ],
        "matrix": [
          [
            1.0,
            0.0,
            0.0
          ],
          [
            0.0,
            1.0,
            0.0
          ],
          [
            0.0,
            0.0,
            1.0
          ]
        ],
        "bounds": {
          "min": [
            80.0,
            -28.0,
            -100.0
          ],
          "max": [
            100.0,
            0.0,
            -80.0
          ]
        },
        "section": "tidal-tower-middle.ldr",
        "line_number": 2261,
        "source_path": [
          null,
          2261
        ],
        "step": 1,
        "body_profile": true,
        "connector_count": 2,
        "placement_path": [
          0,
          14
        ],
        "connection_metadata": {
          "coverage": "complete",
          "source_count": 2,
          "recognized_record_count": 2,
          "unsupported_record_count": 0,
          "invalid_record_count": 0,
          "diagnostics": []
        }
      },
      {
        "index": 15,
        "part": "3005.dat",
        "description": "Brick 1 x 1",
        "colour": {
          "code": 320,
          "name": null,
          "rgb": null,
          "alpha": null,
          "colour_attributes": null
        },
        "position": [
          -90.0,
          -24.0,
          -70.0
        ],
        "matrix": [
          [
            1.0,
            0.0,
            0.0
          ],
          [
            0.0,
            1.0,
            0.0
          ],
          [
            0.0,
            0.0,
            1.0
          ]
        ],
        "bounds": {
          "min": [
            -100.0,
            -28.0,
            -80.0
          ],
          "max": [
            -80.0,
            0.0,
            -60.0
          ]
        },
        "section": "tidal-tower-middle.ldr",
        "line_number": 2263,
        "source_path": [
          null,
          2263
        ],
        "step": 1,
        "body_profile": true,
        "connector_count": 2,
        "placement_path": [
          0,
          15
        ],
        "connection_metadata": {
          "coverage": "complete",
          "source_count": 2,
          "recognized_record_count": 2,
          "unsupported_record_count": 0,
          "invalid_record_count": 0,
          "diagnostics": []
        }
      },
      {
        "index": 16,
        "part": "3005.dat",
        "description": "Brick 1 x 1",
        "colour": {
          "code": 320,
          "name": null,
          "rgb": null,
          "alpha": null,
          "colour_attributes": null
        },
        "position": [
          90.0,
          -24.0,
          -70.0
        ],
        "matrix": [
          [
            1.0,
            0.0,
            0.0
          ],
          [
            0.0,
            1.0,
            0.0
          ],
          [
            0.0,
            0.0,
            1.0
          ]
        ],
        "bounds": {
          "min": [
            80.0,
            -28.0,
            -80.0
          ],
          "max": [
            100.0,
            0.0,
            -60.0
          ]
        },
        "section": "tidal-tower-middle.ldr",
        "line_number": 2265,
        "source_path": [
          null,
          2265
        ],
        "step": 1,
        "body_profile": true,
        "connector_count": 2,
        "placement_path": [
          0,
          16
        ],
        "connection_metadata": {
          "coverage": "complete",
          "source_count": 2,
          "recognized_record_count": 2,
          "unsupported_record_count": 0,
          "invalid_record_count": 0,
          "diagnostics": []
        }
      },
      {
        "index": 17,
        "part": "3005.dat",
        "description": "Brick 1 x 1",
        "colour": {
          "code": 320,
          "name": null,
          "rgb": null,
          "alpha": null,
          "colour_attributes": null
        },
        "position": [
          -90.0,
          -24.0,
          -50.0
        ],
        "matrix": [
          [
            1.0,
            0.0,
            0.0
          ],
          [
            0.0,
            1.0,
            0.0
          ],
          [
            0.0,
            0.0,
            1.0
          ]
        ],
        "bounds": {
          "min": [
            -100.0,
            -28.0,
            -60.0
          ],
          "max": [
            -80.0,
            0.0,
            -40.0
          ]
        },
        "section": "tidal-tower-middle.ldr",
        "line_number": 2267,
        "source_path": [
          null,
          2267
        ],
        "step": 1,
        "body_profile": true,
        "connector_count": 2,
        "placement_path": [
          0,
          17
        ],
        "connection_metadata": {
          "coverage": "complete",
          "source_count": 2,
          "recognized_record_count": 2,
          "unsupported_record_count": 0,
          "invalid_record_count": 0,
          "diagnostics": []
        }
      },
      {
        "index": 18,
        "part": "3005.dat",
        "description": "Brick 1 x 1",
        "colour": {
          "code": 320,
          "name": null,
          "rgb": null,
          "alpha": null,
          "colour_attributes": null
        },
        "position": [
          90.0,
          -24.0,
          -50.0
        ],
        "matrix": [
          [
            1.0,
            0.0,
            0.0
          ],
          [
            0.0,
            1.0,
            0.0
          ],
          [
            0.0,
            0.0,
            1.0
          ]
        ],
        "bounds": {
          "min": [
            80.0,
            -28.0,
            -60.0
          ],
          "max": [
            100.0,
            0.0,
            -40.0
          ]
        },
        "section": "tidal-tower-middle.ldr",
        "line_number": 2269,
        "source_path": [
          null,
          2269
        ],
        "step": 1,
        "body_profile": true,
        "connector_count": 2,
        "placement_path": [
          0,
          18
        ],
        "connection_metadata": {
          "coverage": "complete",
          "source_count": 2,
          "recognized_record_count": 2,
          "unsupported_record_count": 0,
          "invalid_record_count": 0,
          "diagnostics": []
        }
      },
      {
        "index": 19,
        "part": "3005.dat",
        "description": "Brick 1 x 1",
        "colour": {
          "code": 320,
          "name": null,
          "rgb": null,
          "alpha": null,
          "colour_attributes": null
        },
        "position": [
          -90.0,
          -24.0,
          -30.0
        ],
        "matrix": [
          [
            1.0,
            0.0,
            0.0
          ],
          [
            0.0,
            1.0,
            0.0
          ],
          [
            0.0,
            0.0,
            1.0
          ]
        ],
        "bounds": {
          "min": [
            -100.0,
            -28.0,
            -40.0
          ],
          "max": [
            -80.0,
            0.0,
            -20.0
          ]
        },
        "section": "tidal-tower-middle.ldr",
        "line_number": 2271,
        "source_path": [
          null,
          2271
        ],
        "step": 1,
        "body_profile": true,
        "connector_count": 2,
        "placement_path": [
          0,
          19
        ],
        "connection_metadata": {
          "coverage": "complete",
          "source_count": 2,
          "recognized_record_count": 2,
          "unsupported_record_count": 0,
          "invalid_record_count": 0,
          "diagnostics": []
        }
      },
      {
        "index": 20,
        "part": "3005.dat",
        "description": "Brick 1 x 1",
        "colour": {
          "code": 320,
          "name": null,
          "rgb": null,
          "alpha": null,
          "colour_attributes": null
        },
        "position": [
          90.0,
          -24.0,
          -30.0
        ],
        "matrix": [
          [
            1.0,
            0.0,
            0.0
          ],
          [
            0.0,
            1.0,
            0.0
          ],
          [
            0.0,
            0.0,
            1.0
          ]
        ],
        "bounds": {
          "min": [
            80.0,
            -28.0,
            -40.0
          ],
          "max": [
            100.0,
            0.0,
            -20.0
          ]
        },
        "section": "tidal-tower-middle.ldr",
        "line_number": 2273,
        "source_path": [
          null,
          2273
        ],
        "step": 1,
        "body_profile": true,
        "connector_count": 2,
        "placement_path": [
          0,
          20
        ],
        "connection_metadata": {
          "coverage": "complete",
          "source_count": 2,
          "recognized_record_count": 2,
          "unsupported_record_count": 0,
          "invalid_record_count": 0,
          "diagnostics": []
        }
      },
      {
        "index": 21,
        "part": "3005.dat",
        "description": "Brick 1 x 1",
        "colour": {
          "code": 320,
          "name": null,
          "rgb": null,
          "alpha": null,
          "colour_attributes": null
        },
        "position": [
          -90.0,
          -24.0,
          -10.0
        ],
        "matrix": [
          [
            1.0,
            0.0,
            0.0
          ],
          [
            0.0,
            1.0,
            0.0
          ],
          [
            0.0,
            0.0,
            1.0
          ]
        ],
        "bounds": {
          "min": [
            -100.0,
            -28.0,
            -20.0
          ],
          "max": [
            -80.0,
            0.0,
            0.0
          ]
        },
        "section": "tidal-tower-middle.ldr",
        "line_number": 2275,
        "source_path": [
          null,
          2275
        ],
        "step": 1,
        "body_profile": true,
        "connector_count": 2,
        "placement_path": [
          0,
          21
        ],
        "connection_metadata": {
          "coverage": "complete",
          "source_count": 2,
          "recognized_record_count": 2,
          "unsupported_record_count": 0,
          "invalid_record_count": 0,
          "diagnostics": []
        }
      },
      {
        "index": 22,
        "part": "3005.dat",
        "description": "Brick 1 x 1",
        "colour": {
          "code": 320,
          "name": null,
          "rgb": null,
          "alpha": null,
          "colour_attributes": null
        },
        "position": [
          90.0,
          -24.0,
          -10.0
        ],
        "matrix": [
          [
            1.0,
            0.0,
            0.0
          ],
          [
            0.0,
            1.0,
            0.0
          ],
          [
            0.0,
            0.0,
            1.0
          ]
        ],
        "bounds": {
          "min": [
            80.0,
            -28.0,
            -20.0
          ],
          "max": [
            100.0,
            0.0,
            0.0
          ]
        },
        "section": "tidal-tower-middle.ldr",
        "line_number": 2277,
        "source_path": [
          null,
          2277
        ],
        "step": 1,
        "body_profile": true,
        "connector_count": 2,
        "placement_path": [
          0,
          22
        ],
        "connection_metadata": {
          "coverage": "complete",
          "source_count": 2,
          "recognized_record_count": 2,
          "unsupported_record_count": 0,
          "invalid_record_count": 0,
          "diagnostics": []
        }
      },
      {
        "index": 23,
        "part": "3005.dat",
        "description": "Brick 1 x 1",
        "colour": {
          "code": 320,
          "name": null,
          "rgb": null,
          "alpha": null,
          "colour_attributes": null
        },
        "position": [
          -90.0,
          -24.0,
          10.0
        ],
        "matrix": [
          [
            1.0,
            0.0,
            0.0
          ],
          [
            0.0,
            1.0,
            0.0
          ],
          [
            0.0,
            0.0,
            1.0
          ]
        ],
        "bounds": {
          "min": [
            -100.0,
            -28.0,
            0.0
          ],
          "max": [
            -80.0,
            0.0,
            20.0
          ]
        },
        "section": "tidal-tower-middle.ldr",
        "line_number": 2279,
        "source_path": [
          null,
          2279
        ],
        "step": 1,
        "body_profile": true,
        "connector_count": 2,
        "placement_path": [
          0,
          23
        ],
        "connection_metadata": {
          "coverage": "complete",
          "source_count": 2,
          "recognized_record_count": 2,
          "unsupported_record_count": 0,
          "invalid_record_count": 0,
          "diagnostics": []
        }
      },
      {
        "index": 24,
        "part": "3005.dat",
        "description": "Brick 1 x 1",
        "colour": {
          "code": 320,
          "name": null,
          "rgb": null,
          "alpha": null,
          "colour_attributes": null
        },
        "position": [
          90.0,
          -24.0,
          10.0
        ],
        "matrix": [
          [
            1.0,
            0.0,
            0.0
          ],
          [
            0.0,
            1.0,
            0.0
          ],
          [
            0.0,
            0.0,
            1.0
          ]
        ],
        "bounds": {
          "min": [
            80.0,
            -28.0,
            0.0
          ],
          "max": [
            100.0,
            0.0,
            20.0
          ]
        },
        "section": "tidal-tower-middle.ldr",
        "line_number": 2281,
        "source_path": [
          null,
          2281
        ],
        "step": 1,
        "body_profile": true,
        "connector_count": 2,
        "placement_path": [
          0,
          24
        ],
        "connection_metadata": {
          "coverage": "complete",
          "source_count": 2,
          "recognized_record_count": 2,
          "unsupported_record_count": 0,
          "invalid_record_count": 0,
          "diagnostics": []
        }
      },
      {
        "index": 25,
        "part": "3005.dat",
        "description": "Brick 1 x 1",
        "colour": {
          "code": 320,
          "name": null,
          "rgb": null,
          "alpha": null,
          "colour_attributes": null
        },
        "position": [
          -90.0,
          -24.0,
          30.0
        ],
        "matrix": [
          [
            1.0,
            0.0,
            0.0
          ],
          [
            0.0,
            1.0,
            0.0
          ],
          [
            0.0,
            0.0,
            1.0
          ]
        ],
        "bounds": {
          "min": [
            -100.0,
            -28.0,
            20.0
          ],
          "max": [
            -80.0,
            0.0,
            40.0
          ]
        },
        "section": "tidal-tower-middle.ldr",
        "line_number": 2283,
        "source_path": [
          null,
          2283
        ],
        "step": 1,
        "body_profile": true,
        "connector_count": 2,
        "placement_path": [
          0,
          25
        ],
        "connection_metadata": {
          "coverage": "complete",
          "source_count": 2,
          "recognized_record_count": 2,
          "unsupported_record_count": 0,
          "invalid_record_count": 0,
          "diagnostics": []
        }
      },
      {
        "index": 26,
        "part": "3005.dat",
        "description": "Brick 1 x 1",
        "colour": {
          "code": 320,
          "name": null,
          "rgb": null,
          "alpha": null,
          "colour_attributes": null
        },
        "position": [
          90.0,
          -24.0,
          30.0
        ],
        "matrix": [
          [
            1.0,
            0.0,
            0.0
          ],
          [
            0.0,
            1.0,
            0.0
          ],
          [
            0.0,
            0.0,
            1.0
          ]
        ],
        "bounds": {
          "min": [
            80.0,
            -28.0,
            20.0
          ],
          "max": [
            100.0,
            0.0,
            40.0
          ]
        },
        "section": "tidal-tower-middle.ldr",
        "line_number": 2285,
        "source_path": [
          null,
          2285
        ],
        "step": 1,
        "body_profile": true,
        "connector_count": 2,
        "placement_path": [
          0,
          26
        ],
        "connection_metadata": {
          "coverage": "complete",
          "source_count": 2,
          "recognized_record_count": 2,
          "unsupported_record_count": 0,
          "invalid_record_count": 0,
          "diagnostics": []
        }
      },
      {
        "index": 27,
        "part": "3005.dat",
        "description": "Brick 1 x 1",
        "colour": {
          "code": 320,
          "name": null,
          "rgb": null,
          "alpha": null,
          "colour_attributes": null
        },
        "position": [
          -90.0,
          -24.0,
          50.0
        ],
        "matrix": [
          [
            1.0,
            0.0,
            0.0
          ],
          [
            0.0,
            1.0,
            0.0
          ],
          [
            0.0,
            0.0,
            1.0
          ]
        ],
        "bounds": {
          "min": [
            -100.0,
            -28.0,
            40.0
          ],
          "max": [
            -80.0,
            0.0,
            60.0
          ]
        },
        "section": "tidal-tower-middle.ldr",
        "line_number": 2287,
        "source_path": [
          null,
          2287
        ],
        "step": 1,
        "body_profile": true,
        "connector_count": 2,
        "placement_path": [
          0,
          27
        ],
        "connection_metadata": {
          "coverage": "complete",
          "source_count": 2,
          "recognized_record_count": 2,
          "unsupported_record_count": 0,
          "invalid_record_count": 0,
          "diagnostics": []
        }
      },
      {
        "index": 28,
        "part": "3005.dat",
        "description": "Brick 1 x 1",
        "colour": {
          "code": 320,
          "name": null,
          "rgb": null,
          "alpha": null,
          "colour_attributes": null
        },
        "position": [
          90.0,
          -24.0,
          50.0
        ],
        "matrix": [
          [
            1.0,
            0.0,
            0.0
          ],
          [
            0.0,
            1.0,
            0.0
          ],
          [
            0.0,
            0.0,
            1.0
          ]
        ],
        "bounds": {
          "min": [
            80.0,
            -28.0,
            40.0
          ],
          "max": [
            100.0,
            0.0,
            60.0
          ]
        },
        "section": "tidal-tower-middle.ldr",
        "line_number": 2289,
        "source_path": [
          null,
          2289
        ],
        "step": 1,
        "body_profile": true,
        "connector_count": 2,
        "placement_path": [
          0,
          28
        ],
        "connection_metadata": {
          "coverage": "complete",
          "source_count": 2,
          "recognized_record_count": 2,
          "unsupported_record_count": 0,
          "invalid_record_count": 0,
          "diagnostics": []
        }
      },
      {
        "index": 29,
        "part": "3005.dat",
        "description": "Brick 1 x 1",
        "colour": {
          "code": 320,
          "name": null,
          "rgb": null,
          "alpha": null,
          "colour_attributes": null
        },
        "position": [
          -90.0,
          -24.0,
          70.0
        ],
        "matrix": [
          [
            1.0,
            0.0,
            0.0
          ],
          [
            0.0,
            1.0,
            0.0
          ],
          [
            0.0,
            0.0,
            1.0
          ]
        ],
        "bounds": {
          "min": [
            -100.0,
            -28.0,
            60.0
          ],
          "max": [
            -80.0,
            0.0,
            80.0
          ]
        },
        "section": "tidal-tower-middle.ldr",
        "line_number": 2291,
        "source_path": [
          null,
          2291
        ],
        "step": 1,
        "body_profile": true,
        "connector_count": 2,
        "placement_path": [
          0,
          29
        ],
        "connection_metadata": {
          "coverage": "complete",
          "source_count": 2,
          "recognized_record_count": 2,
          "unsupported_record_count": 0,
          "invalid_record_count": 0,
          "diagnostics": []
        }
      },
      {
        "index": 30,
        "part": "3005.dat",
        "description": "Brick 1 x 1",
        "colour": {
          "code": 320,
          "name": null,
          "rgb": null,
          "alpha": null,
          "colour_attributes": null
        },
        "position": [
          90.0,
          -24.0,
          70.0
        ],
        "matrix": [
          [
            1.0,
            0.0,
            0.0
          ],
          [
            0.0,
            1.0,
            0.0
          ],
          [
            0.0,
            0.0,
            1.0
          ]
        ],
        "bounds": {
          "min": [
            80.0,
            -28.0,
            60.0
          ],
          "max": [
            100.0,
            0.0,
            80.0
          ]
        },
        "section": "tidal-tower-middle.ldr",
        "line_number": 2293,
        "source_path": [
          null,
          2293
        ],
        "step": 1,
        "body_profile": true,
        "connector_count": 2,
        "placement_path": [
          0,
          30
        ],
        "connection_metadata": {
          "coverage": "complete",
          "source_count": 2,
          "recognized_record_count": 2,
          "unsupported_record_count": 0,
          "invalid_record_count": 0,
          "diagnostics": []
        }
      },
      {
        "index": 31,
        "part": "3005.dat",
        "description": "Brick 1 x 1",
        "colour": {
          "code": 320,
          "name": null,
          "rgb": null,
          "alpha": null,
          "colour_attributes": null
        },
        "position": [
          -90.0,
          -24.0,
          90.0
        ],
        "matrix": [
          [
            1.0,
            0.0,
            0.0
          ],
          [
            0.0,
            1.0,
            0.0
          ],
          [
            0.0,
            0.0,
            1.0
          ]
        ],
        "bounds": {
          "min": [
            -100.0,
            -28.0,
            80.0
          ],
          "max": [
            -80.0,
            0.0,
            100.0
          ]
        },
        "section": "tidal-tower-middle.ldr",
        "line_number": 2295,
        "source_path": [
          null,
          2295
        ],
        "step": 1,
        "body_profile": true,
        "connector_count": 2,
        "placement_path": [
          0,
          31
        ],
        "connection_metadata": {
          "coverage": "complete",
          "source_count": 2,
          "recognized_record_count": 2,
          "unsupported_record_count": 0,
          "invalid_record_count": 0,
          "diagnostics": []
        }
      },
      {
        "index": 32,
        "part": "3005.dat",
        "description": "Brick 1 x 1",
        "colour": {
          "code": 320,
          "name": null,
          "rgb": null,
          "alpha": null,
          "colour_attributes": null
        },
        "position": [
          90.0,
          -24.0,
          90.0
        ],
        "matrix": [
          [
            1.0,
            0.0,
            0.0
          ],
          [
            0.0,
            1.0,
            0.0
          ],
          [
            0.0,
            0.0,
            1.0
          ]
        ],
        "bounds": {
          "min": [
            80.0,
            -28.0,
            80.0
          ],
          "max": [
            100.0,
            0.0,
            100.0
          ]
        },
        "section": "tidal-tower-middle.ldr",
        "line_number": 2297,
        "source_path": [
          null,
          2297
        ],
        "step": 1,
        "body_profile": true,
        "connector_count": 2,
        "placement_path": [
          0,
          32
        ],
        "connection_metadata": {
          "coverage": "complete",
          "source_count": 2,
          "recognized_record_count": 2,
          "unsupported_record_count": 0,
          "invalid_record_count": 0,
          "diagnostics": []
        }
      },
      {
        "index": 33,
        "part": "3008.dat",
        "description": "Brick 1 x 8",
        "colour": {
          "code": 320,
          "name": null,
          "rgb": null,
          "alpha": null,
          "colour_attributes": null
        },
        "position": [
          -20.0,
          -24.0,
          110.0
        ],
        "matrix": [
          [
            1.0,
            0.0,
            0.0
          ],
          [
            0.0,
            1.0,
            0.0
          ],
          [
            0.0,
            0.0,
            1.0
          ]
        ],
        "bounds": {
          "min": [
            -100.0,
            -28.0,
            100.0
          ],
          "max": [
            60.0,
            0.0,
            120.0
          ]
        },
        "section": "tidal-tower-middle.ldr",
        "line_number": 2299,
        "source_path": [
          null,
          2299
        ],
        "step": 1,
        "body_profile": true,
        "connector_count": 39,
        "placement_path": [
          0,
          33
        ],
        "connection_metadata": {
          "coverage": "complete",
          "source_count": 4,
          "recognized_record_count": 5,
          "unsupported_record_count": 0,
          "invalid_record_count": 0,
          "diagnostics": []
        }
      },
      {
        "index": 34,
        "part": "3004.dat",
        "description": "Brick 1 x 2",
        "colour": {
          "code": 320,
          "name": null,
          "rgb": null,
          "alpha": null,
          "colour_attributes": null
        },
        "position": [
          80.0,
          -24.0,
          110.0
        ],
        "matrix": [
          [
            1.0,
            0.0,
            0.0
          ],
          [
            0.0,
            1.0,
            0.0
          ],
          [
            0.0,
            0.0,
            1.0
          ]
        ],
        "bounds": {
          "min": [
            60.0,
            -28.0,
            100.0
          ],
          "max": [
            100.0,
            0.0,
            120.0
          ]
        },
        "section": "tidal-tower-middle.ldr",
        "line_number": 2301,
        "source_path": [
          null,
          2301
        ],
        "step": 1,
        "body_profile": true,
        "connector_count": 9,
        "placement_path": [
          0,
          34
        ],
        "connection_metadata": {
          "coverage": "complete",
          "source_count": 4,
          "recognized_record_count": 5,
          "unsupported_record_count": 0,
          "invalid_record_count": 0,
          "diagnostics": []
        }
      },
      {
        "index": 35,
        "part": "3010.dat",
        "description": "Brick 1 x 4",
        "colour": {
          "code": 19,
          "name": null,
          "rgb": null,
          "alpha": null,
          "colour_attributes": null
        },
        "position": [
          -60.0,
          -48.0,
          -110.0
        ],
        "matrix": [
          [
            1.0,
            0.0,
            0.0
          ],
          [
            0.0,
            1.0,
            0.0
          ],
          [
            0.0,
            0.0,
            1.0
          ]
        ],
        "bounds": {
          "min": [
            -100.0,
            -52.0,
            -120.0
          ],
          "max": [
            -20.0,
            -24.0,
            -100.0
          ]
        },
        "section": "tidal-tower-middle.ldr",
        "line_number": 2304,
        "source_path": [
          null,
          2304
        ],
        "step": 1,
        "body_profile": true,
        "connector_count": 19,
        "placement_path": [
          0,
          35
        ],
        "connection_metadata": {
          "coverage": "complete",
          "source_count": 4,
          "recognized_record_count": 5,
          "unsupported_record_count": 0,
          "invalid_record_count": 0,
          "diagnostics": []
        }
      },
      {
        "index": 36,
        "part": "3010.dat",
        "description": "Brick 1 x 4",
        "colour": {
          "code": 19,
          "name": null,
          "rgb": null,
          "alpha": null,
          "colour_attributes": null
        },
        "position": [
          60.0,
          -48.0,
          -110.0
        ],
        "matrix": [
          [
            1.0,
            0.0,
            0.0
          ],
          [
            0.0,
            1.0,
            0.0
          ],
          [
            0.0,
            0.0,
            1.0
          ]
        ],
        "bounds": {
          "min": [
            20.0,
            -52.0,
            -120.0
          ],
          "max": [
            100.0,
            -24.0,
            -100.0
          ]
        },
        "section": "tidal-tower-middle.ldr",
        "line_number": 2306,
        "source_path": [
          null,
          2306
        ],
        "step": 1,
        "body_profile": true,
        "connector_count": 19,
        "placement_path": [
          0,
          36
        ],
        "connection_metadata": {
          "coverage": "complete",
          "source_count": 4,
          "recognized_record_count": 5,
          "unsupported_record_count": 0,
          "invalid_record_count": 0,
          "diagnostics": []
        }
      },
      {
        "index": 37,
        "part": "3005.dat",
        "description": "Brick 1 x 1",
        "colour": {
          "code": 19,
          "name": null,
          "rgb": null,
          "alpha": null,
          "colour_attributes": null
        },
        "position": [
          -90.0,
          -48.0,
          -90.0
        ],
        "matrix": [
          [
            1.0,
            0.0,
            0.0
          ],
          [
            0.0,
            1.0,
            0.0
          ],
          [
            0.0,
            0.0,
            1.0
          ]
        ],
        "bounds": {
          "min": [
            -100.0,
            -52.0,
            -100.0
          ],
          "max": [
            -80.0,
            -24.0,
            -80.0
          ]
        },
        "section": "tidal-tower-middle.ldr",
        "line_number": 2308,
        "source_path": [
          null,
          2308
        ],
        "step": 1,
        "body_profile": true,
        "connector_count": 2,
        "placement_path": [
          0,
          37
        ],
        "connection_metadata": {
          "coverage": "complete",
          "source_count": 2,
          "recognized_record_count": 2,
          "unsupported_record_count": 0,
          "invalid_record_count": 0,
          "diagnostics": []
        }
      },
      {
        "index": 38,
        "part": "3005.dat",
        "description": "Brick 1 x 1",
        "colour": {
          "code": 19,
          "name": null,
          "rgb": null,
          "alpha": null,
          "colour_attributes": null
        },
        "position": [
          90.0,
          -48.0,
          -90.0
        ],
        "matrix": [
          [
            1.0,
            0.0,
            0.0
          ],
          [
            0.0,
            1.0,
            0.0
          ],
          [
            0.0,
            0.0,
            1.0
          ]
        ],
        "bounds": {
          "min": [
            80.0,
            -52.0,
            -100.0
          ],
          "max": [
            100.0,
            -24.0,
            -80.0
          ]
        },
        "section": "tidal-tower-middle.ldr",
        "line_number": 2310,
        "source_path": [
          null,
          2310
        ],
        "step": 1,
        "body_profile": true,
        "connector_count": 2,
        "placement_path": [
          0,
          38
        ],
        "connection_metadata": {
          "coverage": "complete",
          "source_count": 2,
          "recognized_record_count": 2,
          "unsupported_record_count": 0,
          "invalid_record_count": 0,
          "diagnostics": []
        }
      },
      {
        "index": 39,
        "part": "3005.dat",
        "description": "Brick 1 x 1",
        "colour": {
          "code": 19,
          "name": null,
          "rgb": null,
          "alpha": null,
          "colour_attributes": null
        },
        "position": [
          -90.0,
          -48.0,
          -70.0
        ],
        "matrix": [
          [
            1.0,
            0.0,
            0.0
          ],
          [
            0.0,
            1.0,
            0.0
          ],
          [
            0.0,
            0.0,
            1.0
          ]
        ],
        "bounds": {
          "min": [
            -100.0,
            -52.0,
            -80.0
          ],
          "max": [
            -80.0,
            -24.0,
            -60.0
          ]
        },
        "section": "tidal-tower-middle.ldr",
        "line_number": 2312,
        "source_path": [
          null,
          2312
        ],
        "step": 1,
        "body_profile": true,
        "connector_count": 2,
        "placement_path": [
          0,
          39
        ],
        "connection_metadata": {
          "coverage": "complete",
          "source_count": 2,
          "recognized_record_count": 2,
          "unsupported_record_count": 0,
          "invalid_record_count": 0,
          "diagnostics": []
        }
      },
      {
        "index": 40,
        "part": "3005.dat",
        "description": "Brick 1 x 1",
        "colour": {
          "code": 19,
          "name": null,
          "rgb": null,
          "alpha": null,
          "colour_attributes": null
        },
        "position": [
          90.0,
          -48.0,
          -70.0
        ],
        "matrix": [
          [
            1.0,
            0.0,
            0.0
          ],
          [
            0.0,
            1.0,
            0.0
          ],
          [
            0.0,
            0.0,
            1.0
          ]
        ],
        "bounds": {
          "min": [
            80.0,
            -52.0,
            -80.0
          ],
          "max": [
            100.0,
            -24.0,
            -60.0
          ]
        },
        "section": "tidal-tower-middle.ldr",
        "line_number": 2314,
        "source_path": [
          null,
          2314
        ],
        "step": 1,
        "body_profile": true,
        "connector_count": 2,
        "placement_path": [
          0,
          40
        ],
        "connection_metadata": {
          "coverage": "complete",
          "source_count": 2,
          "recognized_record_count": 2,
          "unsupported_record_count": 0,
          "invalid_record_count": 0,
          "diagnostics": []
        }
      },
      {
        "index": 41,
        "part": "3005.dat",
        "description": "Brick 1 x 1",
        "colour": {
          "code": 19,
          "name": null,
          "rgb": null,
          "alpha": null,
          "colour_attributes": null
        },
        "position": [
          -90.0,
          -48.0,
          -50.0
        ],
        "matrix": [
          [
            1.0,
            0.0,
            0.0
          ],
          [
            0.0,
            1.0,
            0.0
          ],
          [
            0.0,
            0.0,
            1.0
          ]
        ],
        "bounds": {
          "min": [
            -100.0,
            -52.0,
            -60.0
          ],
          "max": [
            -80.0,
            -24.0,
            -40.0
          ]
        },
        "section": "tidal-tower-middle.ldr",
        "line_number": 2316,
        "source_path": [
          null,
          2316
        ],
        "step": 1,
        "body_profile": true,
        "connector_count": 2,
        "placement_path": [
          0,
          41
        ],
        "connection_metadata": {
          "coverage": "complete",
          "source_count": 2,
          "recognized_record_count": 2,
          "unsupported_record_count": 0,
          "invalid_record_count": 0,
          "diagnostics": []
        }
      },
      {
        "index": 42,
        "part": "3005.dat",
        "description": "Brick 1 x 1",
        "colour": {
          "code": 19,
          "name": null,
          "rgb": null,
          "alpha": null,
          "colour_attributes": null
        },
        "position": [
          90.0,
          -48.0,
          -50.0
        ],
        "matrix": [
          [
            1.0,
            0.0,
            0.0
          ],
          [
            0.0,
            1.0,
            0.0
          ],
          [
            0.0,
            0.0,
            1.0
          ]
        ],
        "bounds": {
          "min": [
            80.0,
            -52.0,
            -60.0
          ],
          "max": [
            100.0,
            -24.0,
            -40.0
          ]
        },
        "section": "tidal-tower-middle.ldr",
        "line_number": 2318,
        "source_path": [
          null,
          2318
        ],
        "step": 1,
        "body_profile": true,
        "connector_count": 2,
        "placement_path": [
          0,
          42
        ],
        "connection_metadata": {
          "coverage": "complete",
          "source_count": 2,
          "recognized_record_count": 2,
          "unsupported_record_count": 0,
          "invalid_record_count": 0,
          "diagnostics": []
        }
      },
      {
        "index": 43,
        "part": "3005.dat",
        "description": "Brick 1 x 1",
        "colour": {
          "code": 19,
          "name": null,
          "rgb": null,
          "alpha": null,
          "colour_attributes": null
        },
        "position": [
          -90.0,
          -48.0,
          -30.0
        ],
        "matrix": [
          [
            1.0,
            0.0,
            0.0
          ],
          [
            0.0,
            1.0,
            0.0
          ],
          [
            0.0,
            0.0,
            1.0
          ]
        ],
        "bounds": {
          "min": [
            -100.0,
            -52.0,
            -40.0
          ],
          "max": [
            -80.0,
            -24.0,
            -20.0
          ]
        },
        "section": "tidal-tower-middle.ldr",
        "line_number": 2320,
        "source_path": [
          null,
          2320
        ],
        "step": 1,
        "body_profile": true,
        "connector_count": 2,
        "placement_path": [
          0,
          43
        ],
        "connection_metadata": {
          "coverage": "complete",
          "source_count": 2,
          "recognized_record_count": 2,
          "unsupported_record_count": 0,
          "invalid_record_count": 0,
          "diagnostics": []
        }
      },
      {
        "index": 44,
        "part": "3005.dat",
        "description": "Brick 1 x 1",
        "colour": {
          "code": 19,
          "name": null,
          "rgb": null,
          "alpha": null,
          "colour_attributes": null
        },
        "position": [
          90.0,
          -48.0,
          -30.0
        ],
        "matrix": [
          [
            1.0,
            0.0,
            0.0
          ],
          [
            0.0,
            1.0,
            0.0
          ],
          [
            0.0,
            0.0,
            1.0
          ]
        ],
        "bounds": {
          "min": [
            80.0,
            -52.0,
            -40.0
          ],
          "max": [
            100.0,
            -24.0,
            -20.0
          ]
        },
        "section": "tidal-tower-middle.ldr",
        "line_number": 2322,
        "source_path": [
          null,
          2322
        ],
        "step": 1,
        "body_profile": true,
        "connector_count": 2,
        "placement_path": [
          0,
          44
        ],
        "connection_metadata": {
          "coverage": "complete",
          "source_count": 2,
          "recognized_record_count": 2,
          "unsupported_record_count": 0,
          "invalid_record_count": 0,
          "diagnostics": []
        }
      },
      {
        "index": 45,
        "part": "3005.dat",
        "description": "Brick 1 x 1",
        "colour": {
          "code": 19,
          "name": null,
          "rgb": null,
          "alpha": null,
          "colour_attributes": null
        },
        "position": [
          -90.0,
          -48.0,
          30.0
        ],
        "matrix": [
          [
            1.0,
            0.0,
            0.0
          ],
          [
            0.0,
            1.0,
            0.0
          ],
          [
            0.0,
            0.0,
            1.0
          ]
        ],
        "bounds": {
          "min": [
            -100.0,
            -52.0,
            20.0
          ],
          "max": [
            -80.0,
            -24.0,
            40.0
          ]
        },
        "section": "tidal-tower-middle.ldr",
        "line_number": 2324,
        "source_path": [
          null,
          2324
        ],
        "step": 1,
        "body_profile": true,
        "connector_count": 2,
        "placement_path": [
          0,
          45
        ],
        "connection_metadata": {
          "coverage": "complete",
          "source_count": 2,
          "recognized_record_count": 2,
          "unsupported_record_count": 0,
          "invalid_record_count": 0,
          "diagnostics": []
        }
      },
      {
        "index": 46,
        "part": "3005.dat",
        "description": "Brick 1 x 1",
        "colour": {
          "code": 19,
          "name": null,
          "rgb": null,
          "alpha": null,
          "colour_attributes": null
        },
        "position": [
          90.0,
          -48.0,
          30.0
        ],
        "matrix": [
          [
            1.0,
            0.0,
            0.0
          ],
          [
            0.0,
            1.0,
            0.0
          ],
          [
            0.0,
            0.0,
            1.0
          ]
        ],
        "bounds": {
          "min": [
            80.0,
            -52.0,
            20.0
          ],
          "max": [
            100.0,
            -24.0,
            40.0
          ]
        },
        "section": "tidal-tower-middle.ldr",
        "line_number": 2326,
        "source_path": [
          null,
          2326
        ],
        "step": 1,
        "body_profile": true,
        "connector_count": 2,
        "placement_path": [
          0,
          46
        ],
        "connection_metadata": {
          "coverage": "complete",
          "source_count": 2,
          "recognized_record_count": 2,
          "unsupported_record_count": 0,
          "invalid_record_count": 0,
          "diagnostics": []
        }
      },
      {
        "index": 47,
        "part": "3005.dat",
        "description": "Brick 1 x 1",
        "colour": {
          "code": 19,
          "name": null,
          "rgb": null,
          "alpha": null,
          "colour_attributes": null
        },
        "position": [
          -90.0,
          -48.0,
          50.0
        ],
        "matrix": [
          [
            1.0,
            0.0,
            0.0
          ],
          [
            0.0,
            1.0,
            0.0
          ],
          [
            0.0,
            0.0,
            1.0
          ]
        ],
        "bounds": {
          "min": [
            -100.0,
            -52.0,
            40.0
          ],
          "max": [
            -80.0,
            -24.0,
            60.0
          ]
        },
        "section": "tidal-tower-middle.ldr",
        "line_number": 2328,
        "source_path": [
          null,
          2328
        ],
        "step": 1,
        "body_profile": true,
        "connector_count": 2,
        "placement_path": [
          0,
          47
        ],
        "connection_metadata": {
          "coverage": "complete",
          "source_count": 2,
          "recognized_record_count": 2,
          "unsupported_record_count": 0,
          "invalid_record_count": 0,
          "diagnostics": []
        }
      },
      {
        "index": 48,
        "part": "3005.dat",
        "description": "Brick 1 x 1",
        "colour": {
          "code": 19,
          "name": null,
          "rgb": null,
          "alpha": null,
          "colour_attributes": null
        },
        "position": [
          90.0,
          -48.0,
          50.0
        ],
        "matrix": [
          [
            1.0,
            0.0,
            0.0
          ],
          [
            0.0,
            1.0,
            0.0
          ],
          [
            0.0,
            0.0,
            1.0
          ]
        ],
        "bounds": {
          "min": [
            80.0,
            -52.0,
            40.0
          ],
          "max": [
            100.0,
            -24.0,
            60.0
          ]
        },
        "section": "tidal-tower-middle.ldr",
        "line_number": 2330,
        "source_path": [
          null,
          2330
        ],
        "step": 1,
        "body_profile": true,
        "connector_count": 2,
        "placement_path": [
          0,
          48
        ],
        "connection_metadata": {
          "coverage": "complete",
          "source_count": 2,
          "recognized_record_count": 2,
          "unsupported_record_count": 0,
          "invalid_record_count": 0,
          "diagnostics": []
        }
      },
      {
        "index": 49,
        "part": "3005.dat",
        "description": "Brick 1 x 1",
        "colour": {
          "code": 19,
          "name": null,
          "rgb": null,
          "alpha": null,
          "colour_attributes": null
        },
        "position": [
          -90.0,
          -48.0,
          70.0
        ],
        "matrix": [
          [
            1.0,
            0.0,
            0.0
          ],
          [
            0.0,
            1.0,
            0.0
          ],
          [
            0.0,
            0.0,
            1.0
          ]
        ],
        "bounds": {
          "min": [
            -100.0,
            -52.0,
            60.0
          ],
          "max": [
            -80.0,
            -24.0,
            80.0
          ]
        },
        "section": "tidal-tower-middle.ldr",
        "line_number": 2332,
        "source_path": [
          null,
          2332
        ],
        "step": 1,
        "body_profile": true,
        "connector_count": 2,
        "placement_path": [
          0,
          49
        ],
        "connection_metadata": {
          "coverage": "complete",
          "source_count": 2,
          "recognized_record_count": 2,
          "unsupported_record_count": 0,
          "invalid_record_count": 0,
          "diagnostics": []
        }
      },
      {
        "index": 50,
        "part": "3005.dat",
        "description": "Brick 1 x 1",
        "colour": {
          "code": 19,
          "name": null,
          "rgb": null,
          "alpha": null,
          "colour_attributes": null
        },
        "position": [
          90.0,
          -48.0,
          70.0
        ],
        "matrix": [
          [
            1.0,
            0.0,
            0.0
          ],
          [
            0.0,
            1.0,
            0.0
          ],
          [
            0.0,
            0.0,
            1.0
          ]
        ],
        "bounds": {
          "min": [
            80.0,
            -52.0,
            60.0
          ],
          "max": [
            100.0,
            -24.0,
            80.0
          ]
        },
        "section": "tidal-tower-middle.ldr",
        "line_number": 2334,
        "source_path": [
          null,
          2334
        ],
        "step": 1,
        "body_profile": true,
        "connector_count": 2,
        "placement_path": [
          0,
          50
        ],
        "connection_metadata": {
          "coverage": "complete",
          "source_count": 2,
          "recognized_record_count": 2,
          "unsupported_record_count": 0,
          "invalid_record_count": 0,
          "diagnostics": []
        }
      },
      {
        "index": 51,
        "part": "3005.dat",
        "description": "Brick 1 x 1",
        "colour": {
          "code": 19,
          "name": null,
          "rgb": null,
          "alpha": null,
          "colour_attributes": null
        },
        "position": [
          -90.0,
          -48.0,
          90.0
        ],
        "matrix": [
          [
            1.0,
            0.0,
            0.0
          ],
          [
            0.0,
            1.0,
            0.0
          ],
          [
            0.0,
            0.0,
            1.0
          ]
        ],
        "bounds": {
          "min": [
            -100.0,
            -52.0,
            80.0
          ],
          "max": [
            -80.0,
            -24.0,
            100.0
          ]
        },
        "section": "tidal-tower-middle.ldr",
        "line_number": 2336,
        "source_path": [
          null,
          2336
        ],
        "step": 1,
        "body_profile": true,
        "connector_count": 2,
        "placement_path": [
          0,
          51
        ],
        "connection_metadata": {
          "coverage": "complete",
          "source_count": 2,
          "recognized_record_count": 2,
          "unsupported_record_count": 0,
          "invalid_record_count": 0,
          "diagnostics": []
        }
      },
      {
        "index": 52,
        "part": "3005.dat",
        "description": "Brick 1 x 1",
        "colour": {
          "code": 19,
          "name": null,
          "rgb": null,
          "alpha": null,
          "colour_attributes": null
        },
        "position": [
          90.0,
          -48.0,
          90.0
        ],
        "matrix": [
          [
            1.0,
            0.0,
            0.0
          ],
          [
            0.0,
            1.0,
            0.0
          ],
          [
            0.0,
            0.0,
            1.0
          ]
        ],
        "bounds": {
          "min": [
            80.0,
            -52.0,
            80.0
          ],
          "max": [
            100.0,
            -24.0,
            100.0
          ]
        },
        "section": "tidal-tower-middle.ldr",
        "line_number": 2338,
        "source_path": [
          null,
          2338
        ],
        "step": 1,
        "body_profile": true,
        "connector_count": 2,
        "placement_path": [
          0,
          52
        ],
        "connection_metadata": {
          "coverage": "complete",
          "source_count": 2,
          "recognized_record_count": 2,
          "unsupported_record_count": 0,
          "invalid_record_count": 0,
          "diagnostics": []
        }
      },
      {
        "index": 53,
        "part": "3622.dat",
        "description": "Brick 1 x 3",
        "colour": {
          "code": 19,
          "name": null,
          "rgb": null,
          "alpha": null,
          "colour_attributes": null
        },
        "position": [
          -70.0,
          -48.0,
          110.0
        ],
        "matrix": [
          [
            1.0,
            0.0,
            0.0
          ],
          [
            0.0,
            1.0,
            0.0
          ],
          [
            0.0,
            0.0,
            1.0
          ]
        ],
        "bounds": {
          "min": [
            -100.0,
            -52.0,
            100.0
          ],
          "max": [
            -40.0,
            -24.0,
            120.0
          ]
        },
        "section": "tidal-tower-middle.ldr",
        "line_number": 2340,
        "source_path": [
          null,
          2340
        ],
        "step": 1,
        "body_profile": true,
        "connector_count": 11,
        "placement_path": [
          0,
          53
        ],
        "connection_metadata": {
          "coverage": "complete",
          "source_count": 3,
          "recognized_record_count": 3,
          "unsupported_record_count": 0,
          "invalid_record_count": 0,
          "diagnostics": []
        }
      },
      {
        "index": 54,
        "part": "3622.dat",
        "description": "Brick 1 x 3",
        "colour": {
          "code": 19,
          "name": null,
          "rgb": null,
          "alpha": null,
          "colour_attributes": null
        },
        "position": [
          70.0,
          -48.0,
          110.0
        ],
        "matrix": [
          [
            1.0,
            0.0,
            0.0
          ],
          [
            0.0,
            1.0,
            0.0
          ],
          [
            0.0,
            0.0,
            1.0
          ]
        ],
        "bounds": {
          "min": [
            40.0,
            -52.0,
            100.0
          ],
          "max": [
            100.0,
            -24.0,
            120.0
          ]
        },
        "section": "tidal-tower-middle.ldr",
        "line_number": 2342,
        "source_path": [
          null,
          2342
        ],
        "step": 1,
        "body_profile": true,
        "connector_count": 11,
        "placement_path": [
          0,
          54
        ],
        "connection_metadata": {
          "coverage": "complete",
          "source_count": 3,
          "recognized_record_count": 3,
          "unsupported_record_count": 0,
          "invalid_record_count": 0,
          "diagnostics": []
        }
      },
      {
        "index": 55,
        "part": "3010.dat",
        "description": "Brick 1 x 4",
        "colour": {
          "code": 19,
          "name": null,
          "rgb": null,
          "alpha": null,
          "colour_attributes": null
        },
        "position": [
          -60.0,
          -72.0,
          -110.0
        ],
        "matrix": [
          [
            1.0,
            0.0,
            0.0
          ],
          [
            0.0,
            1.0,
            0.0
          ],
          [
            0.0,
            0.0,
            1.0
          ]
        ],
        "bounds": {
          "min": [
            -100.0,
            -76.0,
            -120.0
          ],
          "max": [
            -20.0,
            -48.0,
            -100.0
          ]
        },
        "section": "tidal-tower-middle.ldr",
        "line_number": 2345,
        "source_path": [
          null,
          2345
        ],
        "step": 1,
        "body_profile": true,
        "connector_count": 19,
        "placement_path": [
          0,
          55
        ],
        "connection_metadata": {
          "coverage": "complete",
          "source_count": 4,
          "recognized_record_count": 5,
          "unsupported_record_count": 0,
          "invalid_record_count": 0,
          "diagnostics": []
        }
      },
      {
        "index": 56,
        "part": "3010.dat",
        "description": "Brick 1 x 4",
        "colour": {
          "code": 19,
          "name": null,
          "rgb": null,
          "alpha": null,
          "colour_attributes": null
        },
        "position": [
          60.0,
          -72.0,
          -110.0
        ],
        "matrix": [
          [
            1.0,
            0.0,
            0.0
          ],
          [
            0.0,
            1.0,
            0.0
          ],
          [
            0.0,
            0.0,
            1.0
          ]
        ],
        "bounds": {
          "min": [
            20.0,
            -76.0,
            -120.0
          ],
          "max": [
            100.0,
            -48.0,
            -100.0
          ]
        },
        "section": "tidal-tower-middle.ldr",
        "line_number": 2347,
        "source_path": [
          null,
          2347
        ],
        "step": 1,
        "body_profile": true,
        "connector_count": 19,
        "placement_path": [
          0,
          56
        ],
        "connection_metadata": {
          "coverage": "complete",
          "source_count": 4,
          "recognized_record_count": 5,
          "unsupported_record_count": 0,
          "invalid_record_count": 0,
          "diagnostics": []
        }
      },
      {
        "index": 57,
        "part": "3005.dat",
        "description": "Brick 1 x 1",
        "colour": {
          "code": 19,
          "name": null,
          "rgb": null,
          "alpha": null,
          "colour_attributes": null
        },
        "position": [
          -90.0,
          -72.0,
          -90.0
        ],
        "matrix": [
          [
            1.0,
            0.0,
            0.0
          ],
          [
            0.0,
            1.0,
            0.0
          ],
          [
            0.0,
            0.0,
            1.0
          ]
        ],
        "bounds": {
          "min": [
            -100.0,
            -76.0,
            -100.0
          ],
          "max": [
            -80.0,
            -48.0,
            -80.0
          ]
        },
        "section": "tidal-tower-middle.ldr",
        "line_number": 2349,
        "source_path": [
          null,
          2349
        ],
        "step": 1,
        "body_profile": true,
        "connector_count": 2,
        "placement_path": [
          0,
          57
        ],
        "connection_metadata": {
          "coverage": "complete",
          "source_count": 2,
          "recognized_record_count": 2,
          "unsupported_record_count": 0,
          "invalid_record_count": 0,
          "diagnostics": []
        }
      },
      {
        "index": 58,
        "part": "3005.dat",
        "description": "Brick 1 x 1",
        "colour": {
          "code": 19,
          "name": null,
          "rgb": null,
          "alpha": null,
          "colour_attributes": null
        },
        "position": [
          90.0,
          -72.0,
          -90.0
        ],
        "matrix": [
          [
            1.0,
            0.0,
            0.0
          ],
          [
            0.0,
            1.0,
            0.0
          ],
          [
            0.0,
            0.0,
            1.0
          ]
        ],
        "bounds": {
          "min": [
            80.0,
            -76.0,
            -100.0
          ],
          "max": [
            100.0,
            -48.0,
            -80.0
          ]
        },
        "section": "tidal-tower-middle.ldr",
        "line_number": 2351,
        "source_path": [
          null,
          2351
        ],
        "step": 1,
        "body_profile": true,
        "connector_count": 2,
        "placement_path": [
          0,
          58
        ],
        "connection_metadata": {
          "coverage": "complete",
          "source_count": 2,
          "recognized_record_count": 2,
          "unsupported_record_count": 0,
          "invalid_record_count": 0,
          "diagnostics": []
        }
      },
      {
        "index": 59,
        "part": "3005.dat",
        "description": "Brick 1 x 1",
        "colour": {
          "code": 19,
          "name": null,
          "rgb": null,
          "alpha": null,
          "colour_attributes": null
        },
        "position": [
          -90.0,
          -72.0,
          -70.0
        ],
        "matrix": [
          [
            1.0,
            0.0,
            0.0
          ],
          [
            0.0,
            1.0,
            0.0
          ],
          [
            0.0,
            0.0,
            1.0
          ]
        ],
        "bounds": {
          "min": [
            -100.0,
            -76.0,
            -80.0
          ],
          "max": [
            -80.0,
            -48.0,
            -60.0
          ]
        },
        "section": "tidal-tower-middle.ldr",
        "line_number": 2353,
        "source_path": [
          null,
          2353
        ],
        "step": 1,
        "body_profile": true,
        "connector_count": 2,
        "placement_path": [
          0,
          59
        ],
        "connection_metadata": {
          "coverage": "complete",
          "source_count": 2,
          "recognized_record_count": 2,
          "unsupported_record_count": 0,
          "invalid_record_count": 0,
          "diagnostics": []
        }
      },
      {
        "index": 60,
        "part": "3005.dat",
        "description": "Brick 1 x 1",
        "colour": {
          "code": 19,
          "name": null,
          "rgb": null,
          "alpha": null,
          "colour_attributes": null
        },
        "position": [
          90.0,
          -72.0,
          -70.0
        ],
        "matrix": [
          [
            1.0,
            0.0,
            0.0
          ],
          [
            0.0,
            1.0,
            0.0
          ],
          [
            0.0,
            0.0,
            1.0
          ]
        ],
        "bounds": {
          "min": [
            80.0,
            -76.0,
            -80.0
          ],
          "max": [
            100.0,
            -48.0,
            -60.0
          ]
        },
        "section": "tidal-tower-middle.ldr",
        "line_number": 2355,
        "source_path": [
          null,
          2355
        ],
        "step": 1,
        "body_profile": true,
        "connector_count": 2,
        "placement_path": [
          0,
          60
        ],
        "connection_metadata": {
          "coverage": "complete",
          "source_count": 2,
          "recognized_record_count": 2,
          "unsupported_record_count": 0,
          "invalid_record_count": 0,
          "diagnostics": []
        }
      },
      {
        "index": 61,
        "part": "3005.dat",
        "description": "Brick 1 x 1",
        "colour": {
          "code": 19,
          "name": null,
          "rgb": null,
          "alpha": null,
          "colour_attributes": null
        },
        "position": [
          -90.0,
          -72.0,
          -50.0
        ],
        "matrix": [
          [
            1.0,
            0.0,
            0.0
          ],
          [
            0.0,
            1.0,
            0.0
          ],
          [
            0.0,
            0.0,
            1.0
          ]
        ],
        "bounds": {
          "min": [
            -100.0,
            -76.0,
            -60.0
          ],
          "max": [
            -80.0,
            -48.0,
            -40.0
          ]
        },
        "section": "tidal-tower-middle.ldr",
        "line_number": 2357,
        "source_path": [
          null,
          2357
        ],
        "step": 1,
        "body_profile": true,
        "connector_count": 2,
        "placement_path": [
          0,
          61
        ],
        "connection_metadata": {
          "coverage": "complete",
          "source_count": 2,
          "recognized_record_count": 2,
          "unsupported_record_count": 0,
          "invalid_record_count": 0,
          "diagnostics": []
        }
      },
      {
        "index": 62,
        "part": "3005.dat",
        "description": "Brick 1 x 1",
        "colour": {
          "code": 19,
          "name": null,
          "rgb": null,
          "alpha": null,
          "colour_attributes": null
        },
        "position": [
          90.0,
          -72.0,
          -50.0
        ],
        "matrix": [
          [
            1.0,
            0.0,
            0.0
          ],
          [
            0.0,
            1.0,
            0.0
          ],
          [
            0.0,
            0.0,
            1.0
          ]
        ],
        "bounds": {
          "min": [
            80.0,
            -76.0,
            -60.0
          ],
          "max": [
            100.0,
            -48.0,
            -40.0
          ]
        },
        "section": "tidal-tower-middle.ldr",
        "line_number": 2359,
        "source_path": [
          null,
          2359
        ],
        "step": 1,
        "body_profile": true,
        "connector_count": 2,
        "placement_path": [
          0,
          62
        ],
        "connection_metadata": {
          "coverage": "complete",
          "source_count": 2,
          "recognized_record_count": 2,
          "unsupported_record_count": 0,
          "invalid_record_count": 0,
          "diagnostics": []
        }
      },
      {
        "index": 63,
        "part": "3005.dat",
        "description": "Brick 1 x 1",
        "colour": {
          "code": 19,
          "name": null,
          "rgb": null,
          "alpha": null,
          "colour_attributes": null
        },
        "position": [
          -90.0,
          -72.0,
          -30.0
        ],
        "matrix": [
          [
            1.0,
            0.0,
            0.0
          ],
          [
            0.0,
            1.0,
            0.0
          ],
          [
            0.0,
            0.0,
            1.0
          ]
        ],
        "bounds": {
          "min": [
            -100.0,
            -76.0,
            -40.0
          ],
          "max": [
            -80.0,
            -48.0,
            -20.0
          ]
        },
        "section": "tidal-tower-middle.ldr",
        "line_number": 2361,
        "source_path": [
          null,
          2361
        ],
        "step": 1,
        "body_profile": true,
        "connector_count": 2,
        "placement_path": [
          0,
          63
        ],
        "connection_metadata": {
          "coverage": "complete",
          "source_count": 2,
          "recognized_record_count": 2,
          "unsupported_record_count": 0,
          "invalid_record_count": 0,
          "diagnostics": []
        }
      },
      {
        "index": 64,
        "part": "3005.dat",
        "description": "Brick 1 x 1",
        "colour": {
          "code": 19,
          "name": null,
          "rgb": null,
          "alpha": null,
          "colour_attributes": null
        },
        "position": [
          90.0,
          -72.0,
          -30.0
        ],
        "matrix": [
          [
            1.0,
            0.0,
            0.0
          ],
          [
            0.0,
            1.0,
            0.0
          ],
          [
            0.0,
            0.0,
            1.0
          ]
        ],
        "bounds": {
          "min": [
            80.0,
            -76.0,
            -40.0
          ],
          "max": [
            100.0,
            -48.0,
            -20.0
          ]
        },
        "section": "tidal-tower-middle.ldr",
        "line_number": 2363,
        "source_path": [
          null,
          2363
        ],
        "step": 1,
        "body_profile": true,
        "connector_count": 2,
        "placement_path": [
          0,
          64
        ],
        "connection_metadata": {
          "coverage": "complete",
          "source_count": 2,
          "recognized_record_count": 2,
          "unsupported_record_count": 0,
          "invalid_record_count": 0,
          "diagnostics": []
        }
      },
      {
        "index": 65,
        "part": "3005.dat",
        "description": "Brick 1 x 1",
        "colour": {
          "code": 19,
          "name": null,
          "rgb": null,
          "alpha": null,
          "colour_attributes": null
        },
        "position": [
          -90.0,
          -72.0,
          30.0
        ],
        "matrix": [
          [
            1.0,
            0.0,
            0.0
          ],
          [
            0.0,
            1.0,
            0.0
          ],
          [
            0.0,
            0.0,
            1.0
          ]
        ],
        "bounds": {
          "min": [
            -100.0,
            -76.0,
            20.0
          ],
          "max": [
            -80.0,
            -48.0,
            40.0
          ]
        },
        "section": "tidal-tower-middle.ldr",
        "line_number": 2365,
        "source_path": [
          null,
          2365
        ],
        "step": 1,
        "body_profile": true,
        "connector_count": 2,
        "placement_path": [
          0,
          65
        ],
        "connection_metadata": {
          "coverage": "complete",
          "source_count": 2,
          "recognized_record_count": 2,
          "unsupported_record_count": 0,
          "invalid_record_count": 0,
          "diagnostics": []
        }
      },
      {
        "index": 66,
        "part": "3005.dat",
        "description": "Brick 1 x 1",
        "colour": {
          "code": 19,
          "name": null,
          "rgb": null,
          "alpha": null,
          "colour_attributes": null
        },
        "position": [
          90.0,
          -72.0,
          30.0
        ],
        "matrix": [
          [
            1.0,
            0.0,
            0.0
          ],
          [
            0.0,
            1.0,
            0.0
          ],
          [
            0.0,
            0.0,
            1.0
          ]
        ],
        "bounds": {
          "min": [
            80.0,
            -76.0,
            20.0
          ],
          "max": [
            100.0,
            -48.0,
            40.0
          ]
        },
        "section": "tidal-tower-middle.ldr",
        "line_number": 2367,
        "source_path": [
          null,
          2367
        ],
        "step": 1,
        "body_profile": true,
        "connector_count": 2,
        "placement_path": [
          0,
          66
        ],
        "connection_metadata": {
          "coverage": "complete",
          "source_count": 2,
          "recognized_record_count": 2,
          "unsupported_record_count": 0,
          "invalid_record_count": 0,
          "diagnostics": []
        }
      },
      {
        "index": 67,
        "part": "3005.dat",
        "description": "Brick 1 x 1",
        "colour": {
          "code": 19,
          "name": null,
          "rgb": null,
          "alpha": null,
          "colour_attributes": null
        },
        "position": [
          -90.0,
          -72.0,
          50.0
        ],
        "matrix": [
          [
            1.0,
            0.0,
            0.0
          ],
          [
            0.0,
            1.0,
            0.0
          ],
          [
            0.0,
            0.0,
            1.0
          ]
        ],
        "bounds": {
          "min": [
            -100.0,
            -76.0,
            40.0
          ],
          "max": [
            -80.0,
            -48.0,
            60.0
          ]
        },
        "section": "tidal-tower-middle.ldr",
        "line_number": 2369,
        "source_path": [
          null,
          2369
        ],
        "step": 1,
        "body_profile": true,
        "connector_count": 2,
        "placement_path": [
          0,
          67
        ],
        "connection_metadata": {
          "coverage": "complete",
          "source_count": 2,
          "recognized_record_count": 2,
          "unsupported_record_count": 0,
          "invalid_record_count": 0,
          "diagnostics": []
        }
      },
      {
        "index": 68,
        "part": "3005.dat",
        "description": "Brick 1 x 1",
        "colour": {
          "code": 19,
          "name": null,
          "rgb": null,
          "alpha": null,
          "colour_attributes": null
        },
        "position": [
          90.0,
          -72.0,
          50.0
        ],
        "matrix": [
          [
            1.0,
            0.0,
            0.0
          ],
          [
            0.0,
            1.0,
            0.0
          ],
          [
            0.0,
            0.0,
            1.0
          ]
        ],
        "bounds": {
          "min": [
            80.0,
            -76.0,
            40.0
          ],
          "max": [
            100.0,
            -48.0,
            60.0
          ]
        },
        "section": "tidal-tower-middle.ldr",
        "line_number": 2371,
        "source_path": [
          null,
          2371
        ],
        "step": 1,
        "body_profile": true,
        "connector_count": 2,
        "placement_path": [
          0,
          68
        ],
        "connection_metadata": {
          "coverage": "complete",
          "source_count": 2,
          "recognized_record_count": 2,
          "unsupported_record_count": 0,
          "invalid_record_count": 0,
          "diagnostics": []
        }
      },
      {
        "index": 69,
        "part": "3005.dat",
        "description": "Brick 1 x 1",
        "colour": {
          "code": 19,
          "name": null,
          "rgb": null,
          "alpha": null,
          "colour_attributes": null
        },
        "position": [
          -90.0,
          -72.0,
          70.0
        ],
        "matrix": [
          [
            1.0,
            0.0,
            0.0
          ],
          [
            0.0,
            1.0,
            0.0
          ],
          [
            0.0,
            0.0,
            1.0
          ]
        ],
        "bounds": {
          "min": [
            -100.0,
            -76.0,
            60.0
          ],
          "max": [
            -80.0,
            -48.0,
            80.0
          ]
        },
        "section": "tidal-tower-middle.ldr",
        "line_number": 2373,
        "source_path": [
          null,
          2373
        ],
        "step": 1,
        "body_profile": true,
        "connector_count": 2,
        "placement_path": [
          0,
          69
        ],
        "connection_metadata": {
          "coverage": "complete",
          "source_count": 2,
          "recognized_record_count": 2,
          "unsupported_record_count": 0,
          "invalid_record_count": 0,
          "diagnostics": []
        }
      },
      {
        "index": 70,
        "part": "3005.dat",
        "description": "Brick 1 x 1",
        "colour": {
          "code": 19,
          "name": null,
          "rgb": null,
          "alpha": null,
          "colour_attributes": null
        },
        "position": [
          90.0,
          -72.0,
          70.0
        ],
        "matrix": [
          [
            1.0,
            0.0,
            0.0
          ],
          [
            0.0,
            1.0,
            0.0
          ],
          [
            0.0,
            0.0,
            1.0
          ]
        ],
        "bounds": {
          "min": [
            80.0,
            -76.0,
            60.0
          ],
          "max": [
            100.0,
            -48.0,
            80.0
          ]
        },
        "section": "tidal-tower-middle.ldr",
        "line_number": 2375,
        "source_path": [
          null,
          2375
        ],
        "step": 1,
        "body_profile": true,
        "connector_count": 2,
        "placement_path": [
          0,
          70
        ],
        "connection_metadata": {
          "coverage": "complete",
          "source_count": 2,
          "recognized_record_count": 2,
          "unsupported_record_count": 0,
          "invalid_record_count": 0,
          "diagnostics": []
        }
      },
      {
        "index": 71,
        "part": "3005.dat",
        "description": "Brick 1 x 1",
        "colour": {
          "code": 19,
          "name": null,
          "rgb": null,
          "alpha": null,
          "colour_attributes": null
        },
        "position": [
          -90.0,
          -72.0,
          90.0
        ],
        "matrix": [
          [
            1.0,
            0.0,
            0.0
          ],
          [
            0.0,
            1.0,
            0.0
          ],
          [
            0.0,
            0.0,
            1.0
          ]
        ],
        "bounds": {
          "min": [
            -100.0,
            -76.0,
            80.0
          ],
          "max": [
            -80.0,
            -48.0,
            100.0
          ]
        },
        "section": "tidal-tower-middle.ldr",
        "line_number": 2377,
        "source_path": [
          null,
          2377
        ],
        "step": 1,
        "body_profile": true,
        "connector_count": 2,
        "placement_path": [
          0,
          71
        ],
        "connection_metadata": {
          "coverage": "complete",
          "source_count": 2,
          "recognized_record_count": 2,
          "unsupported_record_count": 0,
          "invalid_record_count": 0,
          "diagnostics": []
        }
      },
      {
        "index": 72,
        "part": "3005.dat",
        "description": "Brick 1 x 1",
        "colour": {
          "code": 19,
          "name": null,
          "rgb": null,
          "alpha": null,
          "colour_attributes": null
        },
        "position": [
          90.0,
          -72.0,
          90.0
        ],
        "matrix": [
          [
            1.0,
            0.0,
            0.0
          ],
          [
            0.0,
            1.0,
            0.0
          ],
          [
            0.0,
            0.0,
            1.0
          ]
        ],
        "bounds": {
          "min": [
            80.0,
            -76.0,
            80.0
          ],
          "max": [
            100.0,
            -48.0,
            100.0
          ]
        },
        "section": "tidal-tower-middle.ldr",
        "line_number": 2379,
        "source_path": [
          null,
          2379
        ],
        "step": 1,
        "body_profile": true,
        "connector_count": 2,
        "placement_path": [
          0,
          72
        ],
        "connection_metadata": {
          "coverage": "complete",
          "source_count": 2,
          "recognized_record_count": 2,
          "unsupported_record_count": 0,
          "invalid_record_count": 0,
          "diagnostics": []
        }
      },
      {
        "index": 73,
        "part": "3622.dat",
        "description": "Brick 1 x 3",
        "colour": {
          "code": 19,
          "name": null,
          "rgb": null,
          "alpha": null,
          "colour_attributes": null
        },
        "position": [
          -70.0,
          -72.0,
          110.0
        ],
        "matrix": [
          [
            1.0,
            0.0,
            0.0
          ],
          [
            0.0,
            1.0,
            0.0
          ],
          [
            0.0,
            0.0,
            1.0
          ]
        ],
        "bounds": {
          "min": [
            -100.0,
            -76.0,
            100.0
          ],
          "max": [
            -40.0,
            -48.0,
            120.0
          ]
        },
        "section": "tidal-tower-middle.ldr",
        "line_number": 2381,
        "source_path": [
          null,
          2381
        ],
        "step": 1,
        "body_profile": true,
        "connector_count": 11,
        "placement_path": [
          0,
          73
        ],
        "connection_metadata": {
          "coverage": "complete",
          "source_count": 3,
          "recognized_record_count": 3,
          "unsupported_record_count": 0,
          "invalid_record_count": 0,
          "diagnostics": []
        }
      },
      {
        "index": 74,
        "part": "3622.dat",
        "description": "Brick 1 x 3",
        "colour": {
          "code": 19,
          "name": null,
          "rgb": null,
          "alpha": null,
          "colour_attributes": null
        },
        "position": [
          70.0,
          -72.0,
          110.0
        ],
        "matrix": [
          [
            1.0,
            0.0,
            0.0
          ],
          [
            0.0,
            1.0,
            0.0
          ],
          [
            0.0,
            0.0,
            1.0
          ]
        ],
        "bounds": {
          "min": [
            40.0,
            -76.0,
            100.0
          ],
          "max": [
            100.0,
            -48.0,
            120.0
          ]
        },
        "section": "tidal-tower-middle.ldr",
        "line_number": 2383,
        "source_path": [
          null,
          2383
        ],
        "step": 1,
        "body_profile": true,
        "connector_count": 11,
        "placement_path": [
          0,
          74
        ],
        "connection_metadata": {
          "coverage": "complete",
          "source_count": 3,
          "recognized_record_count": 3,
          "unsupported_record_count": 0,
          "invalid_record_count": 0,
          "diagnostics": []
        }
      },
      {
        "index": 75,
        "part": "3010.dat",
        "description": "Brick 1 x 4",
        "colour": {
          "code": 19,
          "name": null,
          "rgb": null,
          "alpha": null,
          "colour_attributes": null
        },
        "position": [
          -60.0,
          -96.0,
          -110.0
        ],
        "matrix": [
          [
            1.0,
            0.0,
            0.0
          ],
          [
            0.0,
            1.0,
            0.0
          ],
          [
            0.0,
            0.0,
            1.0
          ]
        ],
        "bounds": {
          "min": [
            -100.0,
            -100.0,
            -120.0
          ],
          "max": [
            -20.0,
            -72.0,
            -100.0
          ]
        },
        "section": "tidal-tower-middle.ldr",
        "line_number": 2386,
        "source_path": [
          null,
          2386
        ],
        "step": 1,
        "body_profile": true,
        "connector_count": 19,
        "placement_path": [
          0,
          75
        ],
        "connection_metadata": {
          "coverage": "complete",
          "source_count": 4,
          "recognized_record_count": 5,
          "unsupported_record_count": 0,
          "invalid_record_count": 0,
          "diagnostics": []
        }
      },
      {
        "index": 76,
        "part": "3010.dat",
        "description": "Brick 1 x 4",
        "colour": {
          "code": 19,
          "name": null,
          "rgb": null,
          "alpha": null,
          "colour_attributes": null
        },
        "position": [
          60.0,
          -96.0,
          -110.0
        ],
        "matrix": [
          [
            1.0,
            0.0,
            0.0
          ],
          [
            0.0,
            1.0,
            0.0
          ],
          [
            0.0,
            0.0,
            1.0
          ]
        ],
        "bounds": {
          "min": [
            20.0,
            -100.0,
            -120.0
          ],
          "max": [
            100.0,
            -72.0,
            -100.0
          ]
        },
        "section": "tidal-tower-middle.ldr",
        "line_number": 2388,
        "source_path": [
          null,
          2388
        ],
        "step": 1,
        "body_profile": true,
        "connector_count": 19,
        "placement_path": [
          0,
          76
        ],
        "connection_metadata": {
          "coverage": "complete",
          "source_count": 4,
          "recognized_record_count": 5,
          "unsupported_record_count": 0,
          "invalid_record_count": 0,
          "diagnostics": []
        }
      },
      {
        "index": 77,
        "part": "3005.dat",
        "description": "Brick 1 x 1",
        "colour": {
          "code": 19,
          "name": null,
          "rgb": null,
          "alpha": null,
          "colour_attributes": null
        },
        "position": [
          -90.0,
          -96.0,
          -90.0
        ],
        "matrix": [
          [
            1.0,
            0.0,
            0.0
          ],
          [
            0.0,
            1.0,
            0.0
          ],
          [
            0.0,
            0.0,
            1.0
          ]
        ],
        "bounds": {
          "min": [
            -100.0,
            -100.0,
            -100.0
          ],
          "max": [
            -80.0,
            -72.0,
            -80.0
          ]
        },
        "section": "tidal-tower-middle.ldr",
        "line_number": 2390,
        "source_path": [
          null,
          2390
        ],
        "step": 1,
        "body_profile": true,
        "connector_count": 2,
        "placement_path": [
          0,
          77
        ],
        "connection_metadata": {
          "coverage": "complete",
          "source_count": 2,
          "recognized_record_count": 2,
          "unsupported_record_count": 0,
          "invalid_record_count": 0,
          "diagnostics": []
        }
      },
      {
        "index": 78,
        "part": "3005.dat",
        "description": "Brick 1 x 1",
        "colour": {
          "code": 19,
          "name": null,
          "rgb": null,
          "alpha": null,
          "colour_attributes": null
        },
        "position": [
          90.0,
          -96.0,
          -90.0
        ],
        "matrix": [
          [
            1.0,
            0.0,
            0.0
          ],
          [
            0.0,
            1.0,
            0.0
          ],
          [
            0.0,
            0.0,
            1.0
          ]
        ],
        "bounds": {
          "min": [
            80.0,
            -100.0,
            -100.0
          ],
          "max": [
            100.0,
            -72.0,
            -80.0
          ]
        },
        "section": "tidal-tower-middle.ldr",
        "line_number": 2392,
        "source_path": [
          null,
          2392
        ],
        "step": 1,
        "body_profile": true,
        "connector_count": 2,
        "placement_path": [
          0,
          78
        ],
        "connection_metadata": {
          "coverage": "complete",
          "source_count": 2,
          "recognized_record_count": 2,
          "unsupported_record_count": 0,
          "invalid_record_count": 0,
          "diagnostics": []
        }
      },
      {
        "index": 79,
        "part": "3005.dat",
        "description": "Brick 1 x 1",
        "colour": {
          "code": 19,
          "name": null,
          "rgb": null,
          "alpha": null,
          "colour_attributes": null
        },
        "position": [
          -90.0,
          -96.0,
          -70.0
        ],
        "matrix": [
          [
            1.0,
            0.0,
            0.0
          ],
          [
            0.0,
            1.0,
            0.0
          ],
          [
            0.0,
            0.0,
            1.0
          ]
        ],
        "bounds": {
          "min": [
            -100.0,
            -100.0,
            -80.0
          ],
          "max": [
            -80.0,
            -72.0,
            -60.0
          ]
        },
        "section": "tidal-tower-middle.ldr",
        "line_number": 2394,
        "source_path": [
          null,
          2394
        ],
        "step": 1,
        "body_profile": true,
        "connector_count": 2,
        "placement_path": [
          0,
          79
        ],
        "connection_metadata": {
          "coverage": "complete",
          "source_count": 2,
          "recognized_record_count": 2,
          "unsupported_record_count": 0,
          "invalid_record_count": 0,
          "diagnostics": []
        }
      },
      {
        "index": 80,
        "part": "3005.dat",
        "description": "Brick 1 x 1",
        "colour": {
          "code": 19,
          "name": null,
          "rgb": null,
          "alpha": null,
          "colour_attributes": null
        },
        "position": [
          90.0,
          -96.0,
          -70.0
        ],
        "matrix": [
          [
            1.0,
            0.0,
            0.0
          ],
          [
            0.0,
            1.0,
            0.0
          ],
          [
            0.0,
            0.0,
            1.0
          ]
        ],
        "bounds": {
          "min": [
            80.0,
            -100.0,
            -80.0
          ],
          "max": [
            100.0,
            -72.0,
            -60.0
          ]
        },
        "section": "tidal-tower-middle.ldr",
        "line_number": 2396,
        "source_path": [
          null,
          2396
        ],
        "step": 1,
        "body_profile": true,
        "connector_count": 2,
        "placement_path": [
          0,
          80
        ],
        "connection_metadata": {
          "coverage": "complete",
          "source_count": 2,
          "recognized_record_count": 2,
          "unsupported_record_count": 0,
          "invalid_record_count": 0,
          "diagnostics": []
        }
      },
      {
        "index": 81,
        "part": "3005.dat",
        "description": "Brick 1 x 1",
        "colour": {
          "code": 19,
          "name": null,
          "rgb": null,
          "alpha": null,
          "colour_attributes": null
        },
        "position": [
          -90.0,
          -96.0,
          -50.0
        ],
        "matrix": [
          [
            1.0,
            0.0,
            0.0
          ],
          [
            0.0,
            1.0,
            0.0
          ],
          [
            0.0,
            0.0,
            1.0
          ]
        ],
        "bounds": {
          "min": [
            -100.0,
            -100.0,
            -60.0
          ],
          "max": [
            -80.0,
            -72.0,
            -40.0
          ]
        },
        "section": "tidal-tower-middle.ldr",
        "line_number": 2398,
        "source_path": [
          null,
          2398
        ],
        "step": 1,
        "body_profile": true,
        "connector_count": 2,
        "placement_path": [
          0,
          81
        ],
        "connection_metadata": {
          "coverage": "complete",
          "source_count": 2,
          "recognized_record_count": 2,
          "unsupported_record_count": 0,
          "invalid_record_count": 0,
          "diagnostics": []
        }
      },
      {
        "index": 82,
        "part": "3005.dat",
        "description": "Brick 1 x 1",
        "colour": {
          "code": 19,
          "name": null,
          "rgb": null,
          "alpha": null,
          "colour_attributes": null
        },
        "position": [
          90.0,
          -96.0,
          -50.0
        ],
        "matrix": [
          [
            1.0,
            0.0,
            0.0
          ],
          [
            0.0,
            1.0,
            0.0
          ],
          [
            0.0,
            0.0,
            1.0
          ]
        ],
        "bounds": {
          "min": [
            80.0,
            -100.0,
            -60.0
          ],
          "max": [
            100.0,
            -72.0,
            -40.0
          ]
        },
        "section": "tidal-tower-middle.ldr",
        "line_number": 2400,
        "source_path": [
          null,
          2400
        ],
        "step": 1,
        "body_profile": true,
        "connector_count": 2,
        "placement_path": [
          0,
          82
        ],
        "connection_metadata": {
          "coverage": "complete",
          "source_count": 2,
          "recognized_record_count": 2,
          "unsupported_record_count": 0,
          "invalid_record_count": 0,
          "diagnostics": []
        }
      },
      {
        "index": 83,
        "part": "3005.dat",
        "description": "Brick 1 x 1",
        "colour": {
          "code": 19,
          "name": null,
          "rgb": null,
          "alpha": null,
          "colour_attributes": null
        },
        "position": [
          -90.0,
          -96.0,
          -30.0
        ],
        "matrix": [
          [
            1.0,
            0.0,
            0.0
          ],
          [
            0.0,
            1.0,
            0.0
          ],
          [
            0.0,
            0.0,
            1.0
          ]
        ],
        "bounds": {
          "min": [
            -100.0,
            -100.0,
            -40.0
          ],
          "max": [
            -80.0,
            -72.0,
            -20.0
          ]
        },
        "section": "tidal-tower-middle.ldr",
        "line_number": 2402,
        "source_path": [
          null,
          2402
        ],
        "step": 1,
        "body_profile": true,
        "connector_count": 2,
        "placement_path": [
          0,
          83
        ],
        "connection_metadata": {
          "coverage": "complete",
          "source_count": 2,
          "recognized_record_count": 2,
          "unsupported_record_count": 0,
          "invalid_record_count": 0,
          "diagnostics": []
        }
      },
      {
        "index": 84,
        "part": "3005.dat",
        "description": "Brick 1 x 1",
        "colour": {
          "code": 19,
          "name": null,
          "rgb": null,
          "alpha": null,
          "colour_attributes": null
        },
        "position": [
          90.0,
          -96.0,
          -30.0
        ],
        "matrix": [
          [
            1.0,
            0.0,
            0.0
          ],
          [
            0.0,
            1.0,
            0.0
          ],
          [
            0.0,
            0.0,
            1.0
          ]
        ],
        "bounds": {
          "min": [
            80.0,
            -100.0,
            -40.0
          ],
          "max": [
            100.0,
            -72.0,
            -20.0
          ]
        },
        "section": "tidal-tower-middle.ldr",
        "line_number": 2404,
        "source_path": [
          null,
          2404
        ],
        "step": 1,
        "body_profile": true,
        "connector_count": 2,
        "placement_path": [
          0,
          84
        ],
        "connection_metadata": {
          "coverage": "complete",
          "source_count": 2,
          "recognized_record_count": 2,
          "unsupported_record_count": 0,
          "invalid_record_count": 0,
          "diagnostics": []
        }
      },
      {
        "index": 85,
        "part": "3005.dat",
        "description": "Brick 1 x 1",
        "colour": {
          "code": 19,
          "name": null,
          "rgb": null,
          "alpha": null,
          "colour_attributes": null
        },
        "position": [
          -90.0,
          -96.0,
          30.0
        ],
        "matrix": [
          [
            1.0,
            0.0,
            0.0
          ],
          [
            0.0,
            1.0,
            0.0
          ],
          [
            0.0,
            0.0,
            1.0
          ]
        ],
        "bounds": {
          "min": [
            -100.0,
            -100.0,
            20.0
          ],
          "max": [
            -80.0,
            -72.0,
            40.0
          ]
        },
        "section": "tidal-tower-middle.ldr",
        "line_number": 2406,
        "source_path": [
          null,
          2406
        ],
        "step": 1,
        "body_profile": true,
        "connector_count": 2,
        "placement_path": [
          0,
          85
        ],
        "connection_metadata": {
          "coverage": "complete",
          "source_count": 2,
          "recognized_record_count": 2,
          "unsupported_record_count": 0,
          "invalid_record_count": 0,
          "diagnostics": []
        }
      },
      {
        "index": 86,
        "part": "3005.dat",
        "description": "Brick 1 x 1",
        "colour": {
          "code": 19,
          "name": null,
          "rgb": null,
          "alpha": null,
          "colour_attributes": null
        },
        "position": [
          90.0,
          -96.0,
          30.0
        ],
        "matrix": [
          [
            1.0,
            0.0,
            0.0
          ],
          [
            0.0,
            1.0,
            0.0
          ],
          [
            0.0,
            0.0,
            1.0
          ]
        ],
        "bounds": {
          "min": [
            80.0,
            -100.0,
            20.0
          ],
          "max": [
            100.0,
            -72.0,
            40.0
          ]
        },
        "section": "tidal-tower-middle.ldr",
        "line_number": 2408,
        "source_path": [
          null,
          2408
        ],
        "step": 1,
        "body_profile": true,
        "connector_count": 2,
        "placement_path": [
          0,
          86
        ],
        "connection_metadata": {
          "coverage": "complete",
          "source_count": 2,
          "recognized_record_count": 2,
          "unsupported_record_count": 0,
          "invalid_record_count": 0,
          "diagnostics": []
        }
      },
      {
        "index": 87,
        "part": "3005.dat",
        "description": "Brick 1 x 1",
        "colour": {
          "code": 19,
          "name": null,
          "rgb": null,
          "alpha": null,
          "colour_attributes": null
        },
        "position": [
          -90.0,
          -96.0,
          50.0
        ],
        "matrix": [
          [
            1.0,
            0.0,
            0.0
          ],
          [
            0.0,
            1.0,
            0.0
          ],
          [
            0.0,
            0.0,
            1.0
          ]
        ],
        "bounds": {
          "min": [
            -100.0,
            -100.0,
            40.0
          ],
          "max": [
            -80.0,
            -72.0,
            60.0
          ]
        },
        "section": "tidal-tower-middle.ldr",
        "line_number": 2410,
        "source_path": [
          null,
          2410
        ],
        "step": 1,
        "body_profile": true,
        "connector_count": 2,
        "placement_path": [
          0,
          87
        ],
        "connection_metadata": {
          "coverage": "complete",
          "source_count": 2,
          "recognized_record_count": 2,
          "unsupported_record_count": 0,
          "invalid_record_count": 0,
          "diagnostics": []
        }
      },
      {
        "index": 88,
        "part": "3005.dat",
        "description": "Brick 1 x 1",
        "colour": {
          "code": 19,
          "name": null,
          "rgb": null,
          "alpha": null,
          "colour_attributes": null
        },
        "position": [
          90.0,
          -96.0,
          50.0
        ],
        "matrix": [
          [
            1.0,
            0.0,
            0.0
          ],
          [
            0.0,
            1.0,
            0.0
          ],
          [
            0.0,
            0.0,
            1.0
          ]
        ],
        "bounds": {
          "min": [
            80.0,
            -100.0,
            40.0
          ],
          "max": [
            100.0,
            -72.0,
            60.0
          ]
        },
        "section": "tidal-tower-middle.ldr",
        "line_number": 2412,
        "source_path": [
          null,
          2412
        ],
        "step": 1,
        "body_profile": true,
        "connector_count": 2,
        "placement_path": [
          0,
          88
        ],
        "connection_metadata": {
          "coverage": "complete",
          "source_count": 2,
          "recognized_record_count": 2,
          "unsupported_record_count": 0,
          "invalid_record_count": 0,
          "diagnostics": []
        }
      },
      {
        "index": 89,
        "part": "3005.dat",
        "description": "Brick 1 x 1",
        "colour": {
          "code": 19,
          "name": null,
          "rgb": null,
          "alpha": null,
          "colour_attributes": null
        },
        "position": [
          -90.0,
          -96.0,
          70.0
        ],
        "matrix": [
          [
            1.0,
            0.0,
            0.0
          ],
          [
            0.0,
            1.0,
            0.0
          ],
          [
            0.0,
            0.0,
            1.0
          ]
        ],
        "bounds": {
          "min": [
            -100.0,
            -100.0,
            60.0
          ],
          "max": [
            -80.0,
            -72.0,
            80.0
          ]
        },
        "section": "tidal-tower-middle.ldr",
        "line_number": 2414,
        "source_path": [
          null,
          2414
        ],
        "step": 1,
        "body_profile": true,
        "connector_count": 2,
        "placement_path": [
          0,
          89
        ],
        "connection_metadata": {
          "coverage": "complete",
          "source_count": 2,
          "recognized_record_count": 2,
          "unsupported_record_count": 0,
          "invalid_record_count": 0,
          "diagnostics": []
        }
      },
      {
        "index": 90,
        "part": "3005.dat",
        "description": "Brick 1 x 1",
        "colour": {
          "code": 19,
          "name": null,
          "rgb": null,
          "alpha": null,
          "colour_attributes": null
        },
        "position": [
          90.0,
          -96.0,
          70.0
        ],
        "matrix": [
          [
            1.0,
            0.0,
            0.0
          ],
          [
            0.0,
            1.0,
            0.0
          ],
          [
            0.0,
            0.0,
            1.0
          ]
        ],
        "bounds": {
          "min": [
            80.0,
            -100.0,
            60.0
          ],
          "max": [
            100.0,
            -72.0,
            80.0
          ]
        },
        "section": "tidal-tower-middle.ldr",
        "line_number": 2416,
        "source_path": [
          null,
          2416
        ],
        "step": 1,
        "body_profile": true,
        "connector_count": 2,
        "placement_path": [
          0,
          90
        ],
        "connection_metadata": {
          "coverage": "complete",
          "source_count": 2,
          "recognized_record_count": 2,
          "unsupported_record_count": 0,
          "invalid_record_count": 0,
          "diagnostics": []
        }
      },
      {
        "index": 91,
        "part": "3005.dat",
        "description": "Brick 1 x 1",
        "colour": {
          "code": 19,
          "name": null,
          "rgb": null,
          "alpha": null,
          "colour_attributes": null
        },
        "position": [
          -90.0,
          -96.0,
          90.0
        ],
        "matrix": [
          [
            1.0,
            0.0,
            0.0
          ],
          [
            0.0,
            1.0,
            0.0
          ],
          [
            0.0,
            0.0,
            1.0
          ]
        ],
        "bounds": {
          "min": [
            -100.0,
            -100.0,
            80.0
          ],
          "max": [
            -80.0,
            -72.0,
            100.0
          ]
        },
        "section": "tidal-tower-middle.ldr",
        "line_number": 2418,
        "source_path": [
          null,
          2418
        ],
        "step": 1,
        "body_profile": true,
        "connector_count": 2,
        "placement_path": [
          0,
          91
        ],
        "connection_metadata": {
          "coverage": "complete",
          "source_count": 2,
          "recognized_record_count": 2,
          "unsupported_record_count": 0,
          "invalid_record_count": 0,
          "diagnostics": []
        }
      },
      {
        "index": 92,
        "part": "3005.dat",
        "description": "Brick 1 x 1",
        "colour": {
          "code": 19,
          "name": null,
          "rgb": null,
          "alpha": null,
          "colour_attributes": null
        },
        "position": [
          90.0,
          -96.0,
          90.0
        ],
        "matrix": [
          [
            1.0,
            0.0,
            0.0
          ],
          [
            0.0,
            1.0,
            0.0
          ],
          [
            0.0,
            0.0,
            1.0
          ]
        ],
        "bounds": {
          "min": [
            80.0,
            -100.0,
            80.0
          ],
          "max": [
            100.0,
            -72.0,
            100.0
          ]
        },
        "section": "tidal-tower-middle.ldr",
        "line_number": 2420,
        "source_path": [
          null,
          2420
        ],
        "step": 1,
        "body_profile": true,
        "connector_count": 2,
        "placement_path": [
          0,
          92
        ],
        "connection_metadata": {
          "coverage": "complete",
          "source_count": 2,
          "recognized_record_count": 2,
          "unsupported_record_count": 0,
          "invalid_record_count": 0,
          "diagnostics": []
        }
      },
      {
        "index": 93,
        "part": "3622.dat",
        "description": "Brick 1 x 3",
        "colour": {
          "code": 19,
          "name": null,
          "rgb": null,
          "alpha": null,
          "colour_attributes": null
        },
        "position": [
          -70.0,
          -96.0,
          110.0
        ],
        "matrix": [
          [
            1.0,
            0.0,
            0.0
          ],
          [
            0.0,
            1.0,
            0.0
          ],
          [
            0.0,
            0.0,
            1.0
          ]
        ],
        "bounds": {
          "min": [
            -100.0,
            -100.0,
            100.0
          ],
          "max": [
            -40.0,
            -72.0,
            120.0
          ]
        },
        "section": "tidal-tower-middle.ldr",
        "line_number": 2422,
        "source_path": [
          null,
          2422
        ],
        "step": 1,
        "body_profile": true,
        "connector_count": 11,
        "placement_path": [
          0,
          93
        ],
        "connection_metadata": {
          "coverage": "complete",
          "source_count": 3,
          "recognized_record_count": 3,
          "unsupported_record_count": 0,
          "invalid_record_count": 0,
          "diagnostics": []
        }
      },
      {
        "index": 94,
        "part": "3622.dat",
        "description": "Brick 1 x 3",
        "colour": {
          "code": 19,
          "name": null,
          "rgb": null,
          "alpha": null,
          "colour_attributes": null
        },
        "position": [
          70.0,
          -96.0,
          110.0
        ],
        "matrix": [
          [
            1.0,
            0.0,
            0.0
          ],
          [
            0.0,
            1.0,
            0.0
          ],
          [
            0.0,
            0.0,
            1.0
          ]
        ],
        "bounds": {
          "min": [
            40.0,
            -100.0,
            100.0
          ],
          "max": [
            100.0,
            -72.0,
            120.0
          ]
        },
        "section": "tidal-tower-middle.ldr",
        "line_number": 2424,
        "source_path": [
          null,
          2424
        ],
        "step": 1,
        "body_profile": true,
        "connector_count": 11,
        "placement_path": [
          0,
          94
        ],
        "connection_metadata": {
          "coverage": "complete",
          "source_count": 3,
          "recognized_record_count": 3,
          "unsupported_record_count": 0,
          "invalid_record_count": 0,
          "diagnostics": []
        }
      },
      {
        "index": 95,
        "part": "3010.dat",
        "description": "Brick 1 x 4",
        "colour": {
          "code": 19,
          "name": null,
          "rgb": null,
          "alpha": null,
          "colour_attributes": null
        },
        "position": [
          -60.0,
          -120.0,
          -110.0
        ],
        "matrix": [
          [
            1.0,
            0.0,
            0.0
          ],
          [
            0.0,
            1.0,
            0.0
          ],
          [
            0.0,
            0.0,
            1.0
          ]
        ],
        "bounds": {
          "min": [
            -100.0,
            -124.0,
            -120.0
          ],
          "max": [
            -20.0,
            -96.0,
            -100.0
          ]
        },
        "section": "tidal-tower-middle.ldr",
        "line_number": 2427,
        "source_path": [
          null,
          2427
        ],
        "step": 1,
        "body_profile": true,
        "connector_count": 19,
        "placement_path": [
          0,
          95
        ],
        "connection_metadata": {
          "coverage": "complete",
          "source_count": 4,
          "recognized_record_count": 5,
          "unsupported_record_count": 0,
          "invalid_record_count": 0,
          "diagnostics": []
        }
      },
      {
        "index": 96,
        "part": "3010.dat",
        "description": "Brick 1 x 4",
        "colour": {
          "code": 19,
          "name": null,
          "rgb": null,
          "alpha": null,
          "colour_attributes": null
        },
        "position": [
          60.0,
          -120.0,
          -110.0
        ],
        "matrix": [
          [
            1.0,
            0.0,
            0.0
          ],
          [
            0.0,
            1.0,
            0.0
          ],
          [
            0.0,
            0.0,
            1.0
          ]
        ],
        "bounds": {
          "min": [
            20.0,
            -124.0,
            -120.0
          ],
          "max": [
            100.0,
            -96.0,
            -100.0
          ]
        },
        "section": "tidal-tower-middle.ldr",
        "line_number": 2429,
        "source_path": [
          null,
          2429
        ],
        "step": 1,
        "body_profile": true,
        "connector_count": 19,
        "placement_path": [
          0,
          96
        ],
        "connection_metadata": {
          "coverage": "complete",
          "source_count": 4,
          "recognized_record_count": 5,
          "unsupported_record_count": 0,
          "invalid_record_count": 0,
          "diagnostics": []
        }
      },
      {
        "index": 97,
        "part": "3005.dat",
        "description": "Brick 1 x 1",
        "colour": {
          "code": 19,
          "name": null,
          "rgb": null,
          "alpha": null,
          "colour_attributes": null
        },
        "position": [
          -90.0,
          -120.0,
          -90.0
        ],
        "matrix": [
          [
            1.0,
            0.0,
            0.0
          ],
          [
            0.0,
            1.0,
            0.0
          ],
          [
            0.0,
            0.0,
            1.0
          ]
        ],
        "bounds": {
          "min": [
            -100.0,
            -124.0,
            -100.0
          ],
          "max": [
            -80.0,
            -96.0,
            -80.0
          ]
        },
        "section": "tidal-tower-middle.ldr",
        "line_number": 2431,
        "source_path": [
          null,
          2431
        ],
        "step": 1,
        "body_profile": true,
        "connector_count": 2,
        "placement_path": [
          0,
          97
        ],
        "connection_metadata": {
          "coverage": "complete",
          "source_count": 2,
          "recognized_record_count": 2,
          "unsupported_record_count": 0,
          "invalid_record_count": 0,
          "diagnostics": []
        }
      },
      {
        "index": 98,
        "part": "3005.dat",
        "description": "Brick 1 x 1",
        "colour": {
          "code": 19,
          "name": null,
          "rgb": null,
          "alpha": null,
          "colour_attributes": null
        },
        "position": [
          90.0,
          -120.0,
          -90.0
        ],
        "matrix": [
          [
            1.0,
            0.0,
            0.0
          ],
          [
            0.0,
            1.0,
            0.0
          ],
          [
            0.0,
            0.0,
            1.0
          ]
        ],
        "bounds": {
          "min": [
            80.0,
            -124.0,
            -100.0
          ],
          "max": [
            100.0,
            -96.0,
            -80.0
          ]
        },
        "section": "tidal-tower-middle.ldr",
        "line_number": 2433,
        "source_path": [
          null,
          2433
        ],
        "step": 1,
        "body_profile": true,
        "connector_count": 2,
        "placement_path": [
          0,
          98
        ],
        "connection_metadata": {
          "coverage": "complete",
          "source_count": 2,
          "recognized_record_count": 2,
          "unsupported_record_count": 0,
          "invalid_record_count": 0,
          "diagnostics": []
        }
      },
      {
        "index": 99,
        "part": "3005.dat",
        "description": "Brick 1 x 1",
        "colour": {
          "code": 19,
          "name": null,
          "rgb": null,
          "alpha": null,
          "colour_attributes": null
        },
        "position": [
          -90.0,
          -120.0,
          -70.0
        ],
        "matrix": [
          [
            1.0,
            0.0,
            0.0
          ],
          [
            0.0,
            1.0,
            0.0
          ],
          [
            0.0,
            0.0,
            1.0
          ]
        ],
        "bounds": {
          "min": [
            -100.0,
            -124.0,
            -80.0
          ],
          "max": [
            -80.0,
            -96.0,
            -60.0
          ]
        },
        "section": "tidal-tower-middle.ldr",
        "line_number": 2435,
        "source_path": [
          null,
          2435
        ],
        "step": 1,
        "body_profile": true,
        "connector_count": 2,
        "placement_path": [
          0,
          99
        ],
        "connection_metadata": {
          "coverage": "complete",
          "source_count": 2,
          "recognized_record_count": 2,
          "unsupported_record_count": 0,
          "invalid_record_count": 0,
          "diagnostics": []
        }
      },
      {
        "index": 100,
        "part": "3005.dat",
        "description": "Brick 1 x 1",
        "colour": {
          "code": 19,
          "name": null,
          "rgb": null,
          "alpha": null,
          "colour_attributes": null
        },
        "position": [
          90.0,
          -120.0,
          -70.0
        ],
        "matrix": [
          [
            1.0,
            0.0,
            0.0
          ],
          [
            0.0,
            1.0,
            0.0
          ],
          [
            0.0,
            0.0,
            1.0
          ]
        ],
        "bounds": {
          "min": [
            80.0,
            -124.0,
            -80.0
          ],
          "max": [
            100.0,
            -96.0,
            -60.0
          ]
        },
        "section": "tidal-tower-middle.ldr",
        "line_number": 2437,
        "source_path": [
          null,
          2437
        ],
        "step": 1,
        "body_profile": true,
        "connector_count": 2,
        "placement_path": [
          0,
          100
        ],
        "connection_metadata": {
          "coverage": "complete",
          "source_count": 2,
          "recognized_record_count": 2,
          "unsupported_record_count": 0,
          "invalid_record_count": 0,
          "diagnostics": []
        }
      },
      {
        "index": 101,
        "part": "3005.dat",
        "description": "Brick 1 x 1",
        "colour": {
          "code": 19,
          "name": null,
          "rgb": null,
          "alpha": null,
          "colour_attributes": null
        },
        "position": [
          -90.0,
          -120.0,
          -50.0
        ],
        "matrix": [
          [
            1.0,
            0.0,
            0.0
          ],
          [
            0.0,
            1.0,
            0.0
          ],
          [
            0.0,
            0.0,
            1.0
          ]
        ],
        "bounds": {
          "min": [
            -100.0,
            -124.0,
            -60.0
          ],
          "max": [
            -80.0,
            -96.0,
            -40.0
          ]
        },
        "section": "tidal-tower-middle.ldr",
        "line_number": 2439,
        "source_path": [
          null,
          2439
        ],
        "step": 1,
        "body_profile": true,
        "connector_count": 2,
        "placement_path": [
          0,
          101
        ],
        "connection_metadata": {
          "coverage": "complete",
          "source_count": 2,
          "recognized_record_count": 2,
          "unsupported_record_count": 0,
          "invalid_record_count": 0,
          "diagnostics": []
        }
      },
      {
        "index": 102,
        "part": "3005.dat",
        "description": "Brick 1 x 1",
        "colour": {
          "code": 19,
          "name": null,
          "rgb": null,
          "alpha": null,
          "colour_attributes": null
        },
        "position": [
          90.0,
          -120.0,
          -50.0
        ],
        "matrix": [
          [
            1.0,
            0.0,
            0.0
          ],
          [
            0.0,
            1.0,
            0.0
          ],
          [
            0.0,
            0.0,
            1.0
          ]
        ],
        "bounds": {
          "min": [
            80.0,
            -124.0,
            -60.0
          ],
          "max": [
            100.0,
            -96.0,
            -40.0
          ]
        },
        "section": "tidal-tower-middle.ldr",
        "line_number": 2441,
        "source_path": [
          null,
          2441
        ],
        "step": 1,
        "body_profile": true,
        "connector_count": 2,
        "placement_path": [
          0,
          102
        ],
        "connection_metadata": {
          "coverage": "complete",
          "source_count": 2,
          "recognized_record_count": 2,
          "unsupported_record_count": 0,
          "invalid_record_count": 0,
          "diagnostics": []
        }
      },
      {
        "index": 103,
        "part": "3005.dat",
        "description": "Brick 1 x 1",
        "colour": {
          "code": 19,
          "name": null,
          "rgb": null,
          "alpha": null,
          "colour_attributes": null
        },
        "position": [
          -90.0,
          -120.0,
          -30.0
        ],
        "matrix": [
          [
            1.0,
            0.0,
            0.0
          ],
          [
            0.0,
            1.0,
            0.0
          ],
          [
            0.0,
            0.0,
            1.0
          ]
        ],
        "bounds": {
          "min": [
            -100.0,
            -124.0,
            -40.0
          ],
          "max": [
            -80.0,
            -96.0,
            -20.0
          ]
        },
        "section": "tidal-tower-middle.ldr",
        "line_number": 2443,
        "source_path": [
          null,
          2443
        ],
        "step": 1,
        "body_profile": true,
        "connector_count": 2,
        "placement_path": [
          0,
          103
        ],
        "connection_metadata": {
          "coverage": "complete",
          "source_count": 2,
          "recognized_record_count": 2,
          "unsupported_record_count": 0,
          "invalid_record_count": 0,
          "diagnostics": []
        }
      },
      {
        "index": 104,
        "part": "3005.dat",
        "description": "Brick 1 x 1",
        "colour": {
          "code": 19,
          "name": null,
          "rgb": null,
          "alpha": null,
          "colour_attributes": null
        },
        "position": [
          90.0,
          -120.0,
          -30.0
        ],
        "matrix": [
          [
            1.0,
            0.0,
            0.0
          ],
          [
            0.0,
            1.0,
            0.0
          ],
          [
            0.0,
            0.0,
            1.0
          ]
        ],
        "bounds": {
          "min": [
            80.0,
            -124.0,
            -40.0
          ],
          "max": [
            100.0,
            -96.0,
            -20.0
          ]
        },
        "section": "tidal-tower-middle.ldr",
        "line_number": 2445,
        "source_path": [
          null,
          2445
        ],
        "step": 1,
        "body_profile": true,
        "connector_count": 2,
        "placement_path": [
          0,
          104
        ],
        "connection_metadata": {
          "coverage": "complete",
          "source_count": 2,
          "recognized_record_count": 2,
          "unsupported_record_count": 0,
          "invalid_record_count": 0,
          "diagnostics": []
        }
      },
      {
        "index": 105,
        "part": "3005.dat",
        "description": "Brick 1 x 1",
        "colour": {
          "code": 19,
          "name": null,
          "rgb": null,
          "alpha": null,
          "colour_attributes": null
        },
        "position": [
          -90.0,
          -120.0,
          30.0
        ],
        "matrix": [
          [
            1.0,
            0.0,
            0.0
          ],
          [
            0.0,
            1.0,
            0.0
          ],
          [
            0.0,
            0.0,
            1.0
          ]
        ],
        "bounds": {
          "min": [
            -100.0,
            -124.0,
            20.0
          ],
          "max": [
            -80.0,
            -96.0,
            40.0
          ]
        },
        "section": "tidal-tower-middle.ldr",
        "line_number": 2447,
        "source_path": [
          null,
          2447
        ],
        "step": 1,
        "body_profile": true,
        "connector_count": 2,
        "placement_path": [
          0,
          105
        ],
        "connection_metadata": {
          "coverage": "complete",
          "source_count": 2,
          "recognized_record_count": 2,
          "unsupported_record_count": 0,
          "invalid_record_count": 0,
          "diagnostics": []
        }
      },
      {
        "index": 106,
        "part": "3005.dat",
        "description": "Brick 1 x 1",
        "colour": {
          "code": 19,
          "name": null,
          "rgb": null,
          "alpha": null,
          "colour_attributes": null
        },
        "position": [
          90.0,
          -120.0,
          30.0
        ],
        "matrix": [
          [
            1.0,
            0.0,
            0.0
          ],
          [
            0.0,
            1.0,
            0.0
          ],
          [
            0.0,
            0.0,
            1.0
          ]
        ],
        "bounds": {
          "min": [
            80.0,
            -124.0,
            20.0
          ],
          "max": [
            100.0,
            -96.0,
            40.0
          ]
        },
        "section": "tidal-tower-middle.ldr",
        "line_number": 2449,
        "source_path": [
          null,
          2449
        ],
        "step": 1,
        "body_profile": true,
        "connector_count": 2,
        "placement_path": [
          0,
          106
        ],
        "connection_metadata": {
          "coverage": "complete",
          "source_count": 2,
          "recognized_record_count": 2,
          "unsupported_record_count": 0,
          "invalid_record_count": 0,
          "diagnostics": []
        }
      },
      {
        "index": 107,
        "part": "3005.dat",
        "description": "Brick 1 x 1",
        "colour": {
          "code": 19,
          "name": null,
          "rgb": null,
          "alpha": null,
          "colour_attributes": null
        },
        "position": [
          -90.0,
          -120.0,
          50.0
        ],
        "matrix": [
          [
            1.0,
            0.0,
            0.0
          ],
          [
            0.0,
            1.0,
            0.0
          ],
          [
            0.0,
            0.0,
            1.0
          ]
        ],
        "bounds": {
          "min": [
            -100.0,
            -124.0,
            40.0
          ],
          "max": [
            -80.0,
            -96.0,
            60.0
          ]
        },
        "section": "tidal-tower-middle.ldr",
        "line_number": 2451,
        "source_path": [
          null,
          2451
        ],
        "step": 1,
        "body_profile": true,
        "connector_count": 2,
        "placement_path": [
          0,
          107
        ],
        "connection_metadata": {
          "coverage": "complete",
          "source_count": 2,
          "recognized_record_count": 2,
          "unsupported_record_count": 0,
          "invalid_record_count": 0,
          "diagnostics": []
        }
      },
      {
        "index": 108,
        "part": "3005.dat",
        "description": "Brick 1 x 1",
        "colour": {
          "code": 19,
          "name": null,
          "rgb": null,
          "alpha": null,
          "colour_attributes": null
        },
        "position": [
          90.0,
          -120.0,
          50.0
        ],
        "matrix": [
          [
            1.0,
            0.0,
            0.0
          ],
          [
            0.0,
            1.0,
            0.0
          ],
          [
            0.0,
            0.0,
            1.0
          ]
        ],
        "bounds": {
          "min": [
            80.0,
            -124.0,
            40.0
          ],
          "max": [
            100.0,
            -96.0,
            60.0
          ]
        },
        "section": "tidal-tower-middle.ldr",
        "line_number": 2453,
        "source_path": [
          null,
          2453
        ],
        "step": 1,
        "body_profile": true,
        "connector_count": 2,
        "placement_path": [
          0,
          108
        ],
        "connection_metadata": {
          "coverage": "complete",
          "source_count": 2,
          "recognized_record_count": 2,
          "unsupported_record_count": 0,
          "invalid_record_count": 0,
          "diagnostics": []
        }
      },
      {
        "index": 109,
        "part": "3005.dat",
        "description": "Brick 1 x 1",
        "colour": {
          "code": 19,
          "name": null,
          "rgb": null,
          "alpha": null,
          "colour_attributes": null
        },
        "position": [
          -90.0,
          -120.0,
          70.0
        ],
        "matrix": [
          [
            1.0,
            0.0,
            0.0
          ],
          [
            0.0,
            1.0,
            0.0
          ],
          [
            0.0,
            0.0,
            1.0
          ]
        ],
        "bounds": {
          "min": [
            -100.0,
            -124.0,
            60.0
          ],
          "max": [
            -80.0,
            -96.0,
            80.0
          ]
        },
        "section": "tidal-tower-middle.ldr",
        "line_number": 2455,
        "source_path": [
          null,
          2455
        ],
        "step": 1,
        "body_profile": true,
        "connector_count": 2,
        "placement_path": [
          0,
          109
        ],
        "connection_metadata": {
          "coverage": "complete",
          "source_count": 2,
          "recognized_record_count": 2,
          "unsupported_record_count": 0,
          "invalid_record_count": 0,
          "diagnostics": []
        }
      },
      {
        "index": 110,
        "part": "3005.dat",
        "description": "Brick 1 x 1",
        "colour": {
          "code": 19,
          "name": null,
          "rgb": null,
          "alpha": null,
          "colour_attributes": null
        },
        "position": [
          90.0,
          -120.0,
          70.0
        ],
        "matrix": [
          [
            1.0,
            0.0,
            0.0
          ],
          [
            0.0,
            1.0,
            0.0
          ],
          [
            0.0,
            0.0,
            1.0
          ]
        ],
        "bounds": {
          "min": [
            80.0,
            -124.0,
            60.0
          ],
          "max": [
            100.0,
            -96.0,
            80.0
          ]
        },
        "section": "tidal-tower-middle.ldr",
        "line_number": 2457,
        "source_path": [
          null,
          2457
        ],
        "step": 1,
        "body_profile": true,
        "connector_count": 2,
        "placement_path": [
          0,
          110
        ],
        "connection_metadata": {
          "coverage": "complete",
          "source_count": 2,
          "recognized_record_count": 2,
          "unsupported_record_count": 0,
          "invalid_record_count": 0,
          "diagnostics": []
        }
      },
      {
        "index": 111,
        "part": "3005.dat",
        "description": "Brick 1 x 1",
        "colour": {
          "code": 19,
          "name": null,
          "rgb": null,
          "alpha": null,
          "colour_attributes": null
        },
        "position": [
          -90.0,
          -120.0,
          90.0
        ],
        "matrix": [
          [
            1.0,
            0.0,
            0.0
          ],
          [
            0.0,
            1.0,
            0.0
          ],
          [
            0.0,
            0.0,
            1.0
          ]
        ],
        "bounds": {
          "min": [
            -100.0,
            -124.0,
            80.0
          ],
          "max": [
            -80.0,
            -96.0,
            100.0
          ]
        },
        "section": "tidal-tower-middle.ldr",
        "line_number": 2459,
        "source_path": [
          null,
          2459
        ],
        "step": 1,
        "body_profile": true,
        "connector_count": 2,
        "placement_path": [
          0,
          111
        ],
        "connection_metadata": {
          "coverage": "complete",
          "source_count": 2,
          "recognized_record_count": 2,
          "unsupported_record_count": 0,
          "invalid_record_count": 0,
          "diagnostics": []
        }
      },
      {
        "index": 112,
        "part": "3005.dat",
        "description": "Brick 1 x 1",
        "colour": {
          "code": 19,
          "name": null,
          "rgb": null,
          "alpha": null,
          "colour_attributes": null
        },
        "position": [
          90.0,
          -120.0,
          90.0
        ],
        "matrix": [
          [
            1.0,
            0.0,
            0.0
          ],
          [
            0.0,
            1.0,
            0.0
          ],
          [
            0.0,
            0.0,
            1.0
          ]
        ],
        "bounds": {
          "min": [
            80.0,
            -124.0,
            80.0
          ],
          "max": [
            100.0,
            -96.0,
            100.0
          ]
        },
        "section": "tidal-tower-middle.ldr",
        "line_number": 2461,
        "source_path": [
          null,
          2461
        ],
        "step": 1,
        "body_profile": true,
        "connector_count": 2,
        "placement_path": [
          0,
          112
        ],
        "connection_metadata": {
          "coverage": "complete",
          "source_count": 2,
          "recognized_record_count": 2,
          "unsupported_record_count": 0,
          "invalid_record_count": 0,
          "diagnostics": []
        }
      },
      {
        "index": 113,
        "part": "3622.dat",
        "description": "Brick 1 x 3",
        "colour": {
          "code": 19,
          "name": null,
          "rgb": null,
          "alpha": null,
          "colour_attributes": null
        },
        "position": [
          -70.0,
          -120.0,
          110.0
        ],
        "matrix": [
          [
            1.0,
            0.0,
            0.0
          ],
          [
            0.0,
            1.0,
            0.0
          ],
          [
            0.0,
            0.0,
            1.0
          ]
        ],
        "bounds": {
          "min": [
            -100.0,
            -124.0,
            100.0
          ],
          "max": [
            -40.0,
            -96.0,
            120.0
          ]
        },
        "section": "tidal-tower-middle.ldr",
        "line_number": 2463,
        "source_path": [
          null,
          2463
        ],
        "step": 1,
        "body_profile": true,
        "connector_count": 11,
        "placement_path": [
          0,
          113
        ],
        "connection_metadata": {
          "coverage": "complete",
          "source_count": 3,
          "recognized_record_count": 3,
          "unsupported_record_count": 0,
          "invalid_record_count": 0,
          "diagnostics": []
        }
      },
      {
        "index": 114,
        "part": "3622.dat",
        "description": "Brick 1 x 3",
        "colour": {
          "code": 19,
          "name": null,
          "rgb": null,
          "alpha": null,
          "colour_attributes": null
        },
        "position": [
          70.0,
          -120.0,
          110.0
        ],
        "matrix": [
          [
            1.0,
            0.0,
            0.0
          ],
          [
            0.0,
            1.0,
            0.0
          ],
          [
            0.0,
            0.0,
            1.0
          ]
        ],
        "bounds": {
          "min": [
            40.0,
            -124.0,
            100.0
          ],
          "max": [
            100.0,
            -96.0,
            120.0
          ]
        },
        "section": "tidal-tower-middle.ldr",
        "line_number": 2465,
        "source_path": [
          null,
          2465
        ],
        "step": 1,
        "body_profile": true,
        "connector_count": 11,
        "placement_path": [
          0,
          114
        ],
        "connection_metadata": {
          "coverage": "complete",
          "source_count": 3,
          "recognized_record_count": 3,
          "unsupported_record_count": 0,
          "invalid_record_count": 0,
          "diagnostics": []
        }
      },
      {
        "index": 115,
        "part": "3008.dat",
        "description": "Brick 1 x 8",
        "colour": {
          "code": 19,
          "name": null,
          "rgb": null,
          "alpha": null,
          "colour_attributes": null
        },
        "position": [
          -20.0,
          -144.0,
          -110.0
        ],
        "matrix": [
          [
            1.0,
            0.0,
            0.0
          ],
          [
            0.0,
            1.0,
            0.0
          ],
          [
            0.0,
            0.0,
            1.0
          ]
        ],
        "bounds": {
          "min": [
            -100.0,
            -148.0,
            -120.0
          ],
          "max": [
            60.0,
            -120.0,
            -100.0
          ]
        },
        "section": "tidal-tower-middle.ldr",
        "line_number": 2468,
        "source_path": [
          null,
          2468
        ],
        "step": 1,
        "body_profile": true,
        "connector_count": 39,
        "placement_path": [
          0,
          115
        ],
        "connection_metadata": {
          "coverage": "complete",
          "source_count": 4,
          "recognized_record_count": 5,
          "unsupported_record_count": 0,
          "invalid_record_count": 0,
          "diagnostics": []
        }
      },
      {
        "index": 116,
        "part": "3004.dat",
        "description": "Brick 1 x 2",
        "colour": {
          "code": 19,
          "name": null,
          "rgb": null,
          "alpha": null,
          "colour_attributes": null
        },
        "position": [
          80.0,
          -144.0,
          -110.0
        ],
        "matrix": [
          [
            1.0,
            0.0,
            0.0
          ],
          [
            0.0,
            1.0,
            0.0
          ],
          [
            0.0,
            0.0,
            1.0
          ]
        ],
        "bounds": {
          "min": [
            60.0,
            -148.0,
            -120.0
          ],
          "max": [
            100.0,
            -120.0,
            -100.0
          ]
        },
        "section": "tidal-tower-middle.ldr",
        "line_number": 2470,
        "source_path": [
          null,
          2470
        ],
        "step": 1,
        "body_profile": true,
        "connector_count": 9,
        "placement_path": [
          0,
          116
        ],
        "connection_metadata": {
          "coverage": "complete",
          "source_count": 4,
          "recognized_record_count": 5,
          "unsupported_record_count": 0,
          "invalid_record_count": 0,
          "diagnostics": []
        }
      },
      {
        "index": 117,
        "part": "3005.dat",
        "description": "Brick 1 x 1",
        "colour": {
          "code": 19,
          "name": null,
          "rgb": null,
          "alpha": null,
          "colour_attributes": null
        },
        "position": [
          -90.0,
          -144.0,
          -90.0
        ],
        "matrix": [
          [
            1.0,
            0.0,
            0.0
          ],
          [
            0.0,
            1.0,
            0.0
          ],
          [
            0.0,
            0.0,
            1.0
          ]
        ],
        "bounds": {
          "min": [
            -100.0,
            -148.0,
            -100.0
          ],
          "max": [
            -80.0,
            -120.0,
            -80.0
          ]
        },
        "section": "tidal-tower-middle.ldr",
        "line_number": 2472,
        "source_path": [
          null,
          2472
        ],
        "step": 1,
        "body_profile": true,
        "connector_count": 2,
        "placement_path": [
          0,
          117
        ],
        "connection_metadata": {
          "coverage": "complete",
          "source_count": 2,
          "recognized_record_count": 2,
          "unsupported_record_count": 0,
          "invalid_record_count": 0,
          "diagnostics": []
        }
      },
      {
        "index": 118,
        "part": "3005.dat",
        "description": "Brick 1 x 1",
        "colour": {
          "code": 19,
          "name": null,
          "rgb": null,
          "alpha": null,
          "colour_attributes": null
        },
        "position": [
          90.0,
          -144.0,
          -90.0
        ],
        "matrix": [
          [
            1.0,
            0.0,
            0.0
          ],
          [
            0.0,
            1.0,
            0.0
          ],
          [
            0.0,
            0.0,
            1.0
          ]
        ],
        "bounds": {
          "min": [
            80.0,
            -148.0,
            -100.0
          ],
          "max": [
            100.0,
            -120.0,
            -80.0
          ]
        },
        "section": "tidal-tower-middle.ldr",
        "line_number": 2474,
        "source_path": [
          null,
          2474
        ],
        "step": 1,
        "body_profile": true,
        "connector_count": 2,
        "placement_path": [
          0,
          118
        ],
        "connection_metadata": {
          "coverage": "complete",
          "source_count": 2,
          "recognized_record_count": 2,
          "unsupported_record_count": 0,
          "invalid_record_count": 0,
          "diagnostics": []
        }
      },
      {
        "index": 119,
        "part": "3005.dat",
        "description": "Brick 1 x 1",
        "colour": {
          "code": 19,
          "name": null,
          "rgb": null,
          "alpha": null,
          "colour_attributes": null
        },
        "position": [
          -90.0,
          -144.0,
          -70.0
        ],
        "matrix": [
          [
            1.0,
            0.0,
            0.0
          ],
          [
            0.0,
            1.0,
            0.0
          ],
          [
            0.0,
            0.0,
            1.0
          ]
        ],
        "bounds": {
          "min": [
            -100.0,
            -148.0,
            -80.0
          ],
          "max": [
            -80.0,
            -120.0,
            -60.0
          ]
        },
        "section": "tidal-tower-middle.ldr",
        "line_number": 2476,
        "source_path": [
          null,
          2476
        ],
        "step": 1,
        "body_profile": true,
        "connector_count": 2,
        "placement_path": [
          0,
          119
        ],
        "connection_metadata": {
          "coverage": "complete",
          "source_count": 2,
          "recognized_record_count": 2,
          "unsupported_record_count": 0,
          "invalid_record_count": 0,
          "diagnostics": []
        }
      },
      {
        "index": 120,
        "part": "3005.dat",
        "description": "Brick 1 x 1",
        "colour": {
          "code": 19,
          "name": null,
          "rgb": null,
          "alpha": null,
          "colour_attributes": null
        },
        "position": [
          90.0,
          -144.0,
          -70.0
        ],
        "matrix": [
          [
            1.0,
            0.0,
            0.0
          ],
          [
            0.0,
            1.0,
            0.0
          ],
          [
            0.0,
            0.0,
            1.0
          ]
        ],
        "bounds": {
          "min": [
            80.0,
            -148.0,
            -80.0
          ],
          "max": [
            100.0,
            -120.0,
            -60.0
          ]
        },
        "section": "tidal-tower-middle.ldr",
        "line_number": 2478,
        "source_path": [
          null,
          2478
        ],
        "step": 1,
        "body_profile": true,
        "connector_count": 2,
        "placement_path": [
          0,
          120
        ],
        "connection_metadata": {
          "coverage": "complete",
          "source_count": 2,
          "recognized_record_count": 2,
          "unsupported_record_count": 0,
          "invalid_record_count": 0,
          "diagnostics": []
        }
      },
      {
        "index": 121,
        "part": "3005.dat",
        "description": "Brick 1 x 1",
        "colour": {
          "code": 19,
          "name": null,
          "rgb": null,
          "alpha": null,
          "colour_attributes": null
        },
        "position": [
          -90.0,
          -144.0,
          -50.0
        ],
        "matrix": [
          [
            1.0,
            0.0,
            0.0
          ],
          [
            0.0,
            1.0,
            0.0
          ],
          [
            0.0,
            0.0,
            1.0
          ]
        ],
        "bounds": {
          "min": [
            -100.0,
            -148.0,
            -60.0
          ],
          "max": [
            -80.0,
            -120.0,
            -40.0
          ]
        },
        "section": "tidal-tower-middle.ldr",
        "line_number": 2480,
        "source_path": [
          null,
          2480
        ],
        "step": 1,
        "body_profile": true,
        "connector_count": 2,
        "placement_path": [
          0,
          121
        ],
        "connection_metadata": {
          "coverage": "complete",
          "source_count": 2,
          "recognized_record_count": 2,
          "unsupported_record_count": 0,
          "invalid_record_count": 0,
          "diagnostics": []
        }
      },
      {
        "index": 122,
        "part": "3005.dat",
        "description": "Brick 1 x 1",
        "colour": {
          "code": 19,
          "name": null,
          "rgb": null,
          "alpha": null,
          "colour_attributes": null
        },
        "position": [
          90.0,
          -144.0,
          -50.0
        ],
        "matrix": [
          [
            1.0,
            0.0,
            0.0
          ],
          [
            0.0,
            1.0,
            0.0
          ],
          [
            0.0,
            0.0,
            1.0
          ]
        ],
        "bounds": {
          "min": [
            80.0,
            -148.0,
            -60.0
          ],
          "max": [
            100.0,
            -120.0,
            -40.0
          ]
        },
        "section": "tidal-tower-middle.ldr",
        "line_number": 2482,
        "source_path": [
          null,
          2482
        ],
        "step": 1,
        "body_profile": true,
        "connector_count": 2,
        "placement_path": [
          0,
          122
        ],
        "connection_metadata": {
          "coverage": "complete",
          "source_count": 2,
          "recognized_record_count": 2,
          "unsupported_record_count": 0,
          "invalid_record_count": 0,
          "diagnostics": []
        }
      },
      {
        "index": 123,
        "part": "3005.dat",
        "description": "Brick 1 x 1",
        "colour": {
          "code": 19,
          "name": null,
          "rgb": null,
          "alpha": null,
          "colour_attributes": null
        },
        "position": [
          -90.0,
          -144.0,
          -30.0
        ],
        "matrix": [
          [
            1.0,
            0.0,
            0.0
          ],
          [
            0.0,
            1.0,
            0.0
          ],
          [
            0.0,
            0.0,
            1.0
          ]
        ],
        "bounds": {
          "min": [
            -100.0,
            -148.0,
            -40.0
          ],
          "max": [
            -80.0,
            -120.0,
            -20.0
          ]
        },
        "section": "tidal-tower-middle.ldr",
        "line_number": 2484,
        "source_path": [
          null,
          2484
        ],
        "step": 1,
        "body_profile": true,
        "connector_count": 2,
        "placement_path": [
          0,
          123
        ],
        "connection_metadata": {
          "coverage": "complete",
          "source_count": 2,
          "recognized_record_count": 2,
          "unsupported_record_count": 0,
          "invalid_record_count": 0,
          "diagnostics": []
        }
      },
      {
        "index": 124,
        "part": "3005.dat",
        "description": "Brick 1 x 1",
        "colour": {
          "code": 19,
          "name": null,
          "rgb": null,
          "alpha": null,
          "colour_attributes": null
        },
        "position": [
          90.0,
          -144.0,
          -30.0
        ],
        "matrix": [
          [
            1.0,
            0.0,
            0.0
          ],
          [
            0.0,
            1.0,
            0.0
          ],
          [
            0.0,
            0.0,
            1.0
          ]
        ],
        "bounds": {
          "min": [
            80.0,
            -148.0,
            -40.0
          ],
          "max": [
            100.0,
            -120.0,
            -20.0
          ]
        },
        "section": "tidal-tower-middle.ldr",
        "line_number": 2486,
        "source_path": [
          null,
          2486
        ],
        "step": 1,
        "body_profile": true,
        "connector_count": 2,
        "placement_path": [
          0,
          124
        ],
        "connection_metadata": {
          "coverage": "complete",
          "source_count": 2,
          "recognized_record_count": 2,
          "unsupported_record_count": 0,
          "invalid_record_count": 0,
          "diagnostics": []
        }
      },
      {
        "index": 125,
        "part": "3005.dat",
        "description": "Brick 1 x 1",
        "colour": {
          "code": 19,
          "name": null,
          "rgb": null,
          "alpha": null,
          "colour_attributes": null
        },
        "position": [
          -90.0,
          -144.0,
          -10.0
        ],
        "matrix": [
          [
            1.0,
            0.0,
            0.0
          ],
          [
            0.0,
            1.0,
            0.0
          ],
          [
            0.0,
            0.0,
            1.0
          ]
        ],
        "bounds": {
          "min": [
            -100.0,
            -148.0,
            -20.0
          ],
          "max": [
            -80.0,
            -120.0,
            0.0
          ]
        },
        "section": "tidal-tower-middle.ldr",
        "line_number": 2488,
        "source_path": [
          null,
          2488
        ],
        "step": 1,
        "body_profile": true,
        "connector_count": 2,
        "placement_path": [
          0,
          125
        ],
        "connection_metadata": {
          "coverage": "complete",
          "source_count": 2,
          "recognized_record_count": 2,
          "unsupported_record_count": 0,
          "invalid_record_count": 0,
          "diagnostics": []
        }
      },
      {
        "index": 126,
        "part": "3005.dat",
        "description": "Brick 1 x 1",
        "colour": {
          "code": 19,
          "name": null,
          "rgb": null,
          "alpha": null,
          "colour_attributes": null
        },
        "position": [
          90.0,
          -144.0,
          -10.0
        ],
        "matrix": [
          [
            1.0,
            0.0,
            0.0
          ],
          [
            0.0,
            1.0,
            0.0
          ],
          [
            0.0,
            0.0,
            1.0
          ]
        ],
        "bounds": {
          "min": [
            80.0,
            -148.0,
            -20.0
          ],
          "max": [
            100.0,
            -120.0,
            0.0
          ]
        },
        "section": "tidal-tower-middle.ldr",
        "line_number": 2490,
        "source_path": [
          null,
          2490
        ],
        "step": 1,
        "body_profile": true,
        "connector_count": 2,
        "placement_path": [
          0,
          126
        ],
        "connection_metadata": {
          "coverage": "complete",
          "source_count": 2,
          "recognized_record_count": 2,
          "unsupported_record_count": 0,
          "invalid_record_count": 0,
          "diagnostics": []
        }
      },
      {
        "index": 127,
        "part": "3005.dat",
        "description": "Brick 1 x 1",
        "colour": {
          "code": 19,
          "name": null,
          "rgb": null,
          "alpha": null,
          "colour_attributes": null
        },
        "position": [
          -90.0,
          -144.0,
          10.0
        ],
        "matrix": [
          [
            1.0,
            0.0,
            0.0
          ],
          [
            0.0,
            1.0,
            0.0
          ],
          [
            0.0,
            0.0,
            1.0
          ]
        ],
        "bounds": {
          "min": [
            -100.0,
            -148.0,
            0.0
          ],
          "max": [
            -80.0,
            -120.0,
            20.0
          ]
        },
        "section": "tidal-tower-middle.ldr",
        "line_number": 2492,
        "source_path": [
          null,
          2492
        ],
        "step": 1,
        "body_profile": true,
        "connector_count": 2,
        "placement_path": [
          0,
          127
        ],
        "connection_metadata": {
          "coverage": "complete",
          "source_count": 2,
          "recognized_record_count": 2,
          "unsupported_record_count": 0,
          "invalid_record_count": 0,
          "diagnostics": []
        }
      },
      {
        "index": 128,
        "part": "3005.dat",
        "description": "Brick 1 x 1",
        "colour": {
          "code": 19,
          "name": null,
          "rgb": null,
          "alpha": null,
          "colour_attributes": null
        },
        "position": [
          90.0,
          -144.0,
          10.0
        ],
        "matrix": [
          [
            1.0,
            0.0,
            0.0
          ],
          [
            0.0,
            1.0,
            0.0
          ],
          [
            0.0,
            0.0,
            1.0
          ]
        ],
        "bounds": {
          "min": [
            80.0,
            -148.0,
            0.0
          ],
          "max": [
            100.0,
            -120.0,
            20.0
          ]
        },
        "section": "tidal-tower-middle.ldr",
        "line_number": 2494,
        "source_path": [
          null,
          2494
        ],
        "step": 1,
        "body_profile": true,
        "connector_count": 2,
        "placement_path": [
          0,
          128
        ],
        "connection_metadata": {
          "coverage": "complete",
          "source_count": 2,
          "recognized_record_count": 2,
          "unsupported_record_count": 0,
          "invalid_record_count": 0,
          "diagnostics": []
        }
      },
      {
        "index": 129,
        "part": "3005.dat",
        "description": "Brick 1 x 1",
        "colour": {
          "code": 19,
          "name": null,
          "rgb": null,
          "alpha": null,
          "colour_attributes": null
        },
        "position": [
          -90.0,
          -144.0,
          30.0
        ],
        "matrix": [
          [
            1.0,
            0.0,
            0.0
          ],
          [
            0.0,
            1.0,
            0.0
          ],
          [
            0.0,
            0.0,
            1.0
          ]
        ],
        "bounds": {
          "min": [
            -100.0,
            -148.0,
            20.0
          ],
          "max": [
            -80.0,
            -120.0,
            40.0
          ]
        },
        "section": "tidal-tower-middle.ldr",
        "line_number": 2496,
        "source_path": [
          null,
          2496
        ],
        "step": 1,
        "body_profile": true,
        "connector_count": 2,
        "placement_path": [
          0,
          129
        ],
        "connection_metadata": {
          "coverage": "complete",
          "source_count": 2,
          "recognized_record_count": 2,
          "unsupported_record_count": 0,
          "invalid_record_count": 0,
          "diagnostics": []
        }
      },
      {
        "index": 130,
        "part": "3005.dat",
        "description": "Brick 1 x 1",
        "colour": {
          "code": 19,
          "name": null,
          "rgb": null,
          "alpha": null,
          "colour_attributes": null
        },
        "position": [
          90.0,
          -144.0,
          30.0
        ],
        "matrix": [
          [
            1.0,
            0.0,
            0.0
          ],
          [
            0.0,
            1.0,
            0.0
          ],
          [
            0.0,
            0.0,
            1.0
          ]
        ],
        "bounds": {
          "min": [
            80.0,
            -148.0,
            20.0
          ],
          "max": [
            100.0,
            -120.0,
            40.0
          ]
        },
        "section": "tidal-tower-middle.ldr",
        "line_number": 2498,
        "source_path": [
          null,
          2498
        ],
        "step": 1,
        "body_profile": true,
        "connector_count": 2,
        "placement_path": [
          0,
          130
        ],
        "connection_metadata": {
          "coverage": "complete",
          "source_count": 2,
          "recognized_record_count": 2,
          "unsupported_record_count": 0,
          "invalid_record_count": 0,
          "diagnostics": []
        }
      },
      {
        "index": 131,
        "part": "3005.dat",
        "description": "Brick 1 x 1",
        "colour": {
          "code": 19,
          "name": null,
          "rgb": null,
          "alpha": null,
          "colour_attributes": null
        },
        "position": [
          -90.0,
          -144.0,
          50.0
        ],
        "matrix": [
          [
            1.0,
            0.0,
            0.0
          ],
          [
            0.0,
            1.0,
            0.0
          ],
          [
            0.0,
            0.0,
            1.0
          ]
        ],
        "bounds": {
          "min": [
            -100.0,
            -148.0,
            40.0
          ],
          "max": [
            -80.0,
            -120.0,
            60.0
          ]
        },
        "section": "tidal-tower-middle.ldr",
        "line_number": 2500,
        "source_path": [
          null,
          2500
        ],
        "step": 1,
        "body_profile": true,
        "connector_count": 2,
        "placement_path": [
          0,
          131
        ],
        "connection_metadata": {
          "coverage": "complete",
          "source_count": 2,
          "recognized_record_count": 2,
          "unsupported_record_count": 0,
          "invalid_record_count": 0,
          "diagnostics": []
        }
      },
      {
        "index": 132,
        "part": "3005.dat",
        "description": "Brick 1 x 1",
        "colour": {
          "code": 19,
          "name": null,
          "rgb": null,
          "alpha": null,
          "colour_attributes": null
        },
        "position": [
          90.0,
          -144.0,
          50.0
        ],
        "matrix": [
          [
            1.0,
            0.0,
            0.0
          ],
          [
            0.0,
            1.0,
            0.0
          ],
          [
            0.0,
            0.0,
            1.0
          ]
        ],
        "bounds": {
          "min": [
            80.0,
            -148.0,
            40.0
          ],
          "max": [
            100.0,
            -120.0,
            60.0
          ]
        },
        "section": "tidal-tower-middle.ldr",
        "line_number": 2502,
        "source_path": [
          null,
          2502
        ],
        "step": 1,
        "body_profile": true,
        "connector_count": 2,
        "placement_path": [
          0,
          132
        ],
        "connection_metadata": {
          "coverage": "complete",
          "source_count": 2,
          "recognized_record_count": 2,
          "unsupported_record_count": 0,
          "invalid_record_count": 0,
          "diagnostics": []
        }
      },
      {
        "index": 133,
        "part": "3005.dat",
        "description": "Brick 1 x 1",
        "colour": {
          "code": 19,
          "name": null,
          "rgb": null,
          "alpha": null,
          "colour_attributes": null
        },
        "position": [
          -90.0,
          -144.0,
          70.0
        ],
        "matrix": [
          [
            1.0,
            0.0,
            0.0
          ],
          [
            0.0,
            1.0,
            0.0
          ],
          [
            0.0,
            0.0,
            1.0
          ]
        ],
        "bounds": {
          "min": [
            -100.0,
            -148.0,
            60.0
          ],
          "max": [
            -80.0,
            -120.0,
            80.0
          ]
        },
        "section": "tidal-tower-middle.ldr",
        "line_number": 2504,
        "source_path": [
          null,
          2504
        ],
        "step": 1,
        "body_profile": true,
        "connector_count": 2,
        "placement_path": [
          0,
          133
        ],
        "connection_metadata": {
          "coverage": "complete",
          "source_count": 2,
          "recognized_record_count": 2,
          "unsupported_record_count": 0,
          "invalid_record_count": 0,
          "diagnostics": []
        }
      },
      {
        "index": 134,
        "part": "3005.dat",
        "description": "Brick 1 x 1",
        "colour": {
          "code": 19,
          "name": null,
          "rgb": null,
          "alpha": null,
          "colour_attributes": null
        },
        "position": [
          90.0,
          -144.0,
          70.0
        ],
        "matrix": [
          [
            1.0,
            0.0,
            0.0
          ],
          [
            0.0,
            1.0,
            0.0
          ],
          [
            0.0,
            0.0,
            1.0
          ]
        ],
        "bounds": {
          "min": [
            80.0,
            -148.0,
            60.0
          ],
          "max": [
            100.0,
            -120.0,
            80.0
          ]
        },
        "section": "tidal-tower-middle.ldr",
        "line_number": 2506,
        "source_path": [
          null,
          2506
        ],
        "step": 1,
        "body_profile": true,
        "connector_count": 2,
        "placement_path": [
          0,
          134
        ],
        "connection_metadata": {
          "coverage": "complete",
          "source_count": 2,
          "recognized_record_count": 2,
          "unsupported_record_count": 0,
          "invalid_record_count": 0,
          "diagnostics": []
        }
      },
      {
        "index": 135,
        "part": "3005.dat",
        "description": "Brick 1 x 1",
        "colour": {
          "code": 19,
          "name": null,
          "rgb": null,
          "alpha": null,
          "colour_attributes": null
        },
        "position": [
          -90.0,
          -144.0,
          90.0
        ],
        "matrix": [
          [
            1.0,
            0.0,
            0.0
          ],
          [
            0.0,
            1.0,
            0.0
          ],
          [
            0.0,
            0.0,
            1.0
          ]
        ],
        "bounds": {
          "min": [
            -100.0,
            -148.0,
            80.0
          ],
          "max": [
            -80.0,
            -120.0,
            100.0
          ]
        },
        "section": "tidal-tower-middle.ldr",
        "line_number": 2508,
        "source_path": [
          null,
          2508
        ],
        "step": 1,
        "body_profile": true,
        "connector_count": 2,
        "placement_path": [
          0,
          135
        ],
        "connection_metadata": {
          "coverage": "complete",
          "source_count": 2,
          "recognized_record_count": 2,
          "unsupported_record_count": 0,
          "invalid_record_count": 0,
          "diagnostics": []
        }
      },
      {
        "index": 136,
        "part": "3005.dat",
        "description": "Brick 1 x 1",
        "colour": {
          "code": 19,
          "name": null,
          "rgb": null,
          "alpha": null,
          "colour_attributes": null
        },
        "position": [
          90.0,
          -144.0,
          90.0
        ],
        "matrix": [
          [
            1.0,
            0.0,
            0.0
          ],
          [
            0.0,
            1.0,
            0.0
          ],
          [
            0.0,
            0.0,
            1.0
          ]
        ],
        "bounds": {
          "min": [
            80.0,
            -148.0,
            80.0
          ],
          "max": [
            100.0,
            -120.0,
            100.0
          ]
        },
        "section": "tidal-tower-middle.ldr",
        "line_number": 2510,
        "source_path": [
          null,
          2510
        ],
        "step": 1,
        "body_profile": true,
        "connector_count": 2,
        "placement_path": [
          0,
          136
        ],
        "connection_metadata": {
          "coverage": "complete",
          "source_count": 2,
          "recognized_record_count": 2,
          "unsupported_record_count": 0,
          "invalid_record_count": 0,
          "diagnostics": []
        }
      },
      {
        "index": 137,
        "part": "3622.dat",
        "description": "Brick 1 x 3",
        "colour": {
          "code": 19,
          "name": null,
          "rgb": null,
          "alpha": null,
          "colour_attributes": null
        },
        "position": [
          -70.0,
          -144.0,
          110.0
        ],
        "matrix": [
          [
            1.0,
            0.0,
            0.0
          ],
          [
            0.0,
            1.0,
            0.0
          ],
          [
            0.0,
            0.0,
            1.0
          ]
        ],
        "bounds": {
          "min": [
            -100.0,
            -148.0,
            100.0
          ],
          "max": [
            -40.0,
            -120.0,
            120.0
          ]
        },
        "section": "tidal-tower-middle.ldr",
        "line_number": 2512,
        "source_path": [
          null,
          2512
        ],
        "step": 1,
        "body_profile": true,
        "connector_count": 11,
        "placement_path": [
          0,
          137
        ],
        "connection_metadata": {
          "coverage": "complete",
          "source_count": 3,
          "recognized_record_count": 3,
          "unsupported_record_count": 0,
          "invalid_record_count": 0,
          "diagnostics": []
        }
      },
      {
        "index": 138,
        "part": "3622.dat",
        "description": "Brick 1 x 3",
        "colour": {
          "code": 19,
          "name": null,
          "rgb": null,
          "alpha": null,
          "colour_attributes": null
        },
        "position": [
          70.0,
          -144.0,
          110.0
        ],
        "matrix": [
          [
            1.0,
            0.0,
            0.0
          ],
          [
            0.0,
            1.0,
            0.0
          ],
          [
            0.0,
            0.0,
            1.0
          ]
        ],
        "bounds": {
          "min": [
            40.0,
            -148.0,
            100.0
          ],
          "max": [
            100.0,
            -120.0,
            120.0
          ]
        },
        "section": "tidal-tower-middle.ldr",
        "line_number": 2514,
        "source_path": [
          null,
          2514
        ],
        "step": 1,
        "body_profile": true,
        "connector_count": 11,
        "placement_path": [
          0,
          138
        ],
        "connection_metadata": {
          "coverage": "complete",
          "source_count": 3,
          "recognized_record_count": 3,
          "unsupported_record_count": 0,
          "invalid_record_count": 0,
          "diagnostics": []
        }
      },
      {
        "index": 139,
        "part": "60592.dat",
        "description": "Window 1 x 2 x 2 without Sill",
        "colour": {
          "code": 272,
          "name": null,
          "rgb": null,
          "alpha": null,
          "colour_attributes": null
        },
        "position": [
          0.0,
          -72.0,
          -110.0
        ],
        "matrix": [
          [
            1.0,
            0.0,
            0.0
          ],
          [
            0.0,
            1.0,
            0.0
          ],
          [
            0.0,
            0.0,
            1.0
          ]
        ],
        "bounds": {
          "min": [
            -20.0,
            -76.0,
            -120.0
          ],
          "max": [
            20.0,
            -24.0,
            -100.0
          ]
        },
        "section": "tidal-slit-window.ldr",
        "line_number": 143,
        "source_path": [
          null,
          2517,
          143
        ],
        "step": 1,
        "body_profile": false,
        "connector_count": 7,
        "placement_path": [
          0,
          139,
          0
        ],
        "connection_metadata": {
          "coverage": "complete",
          "source_count": 2,
          "recognized_record_count": 4,
          "unsupported_record_count": 0,
          "invalid_record_count": 0,
          "diagnostics": []
        }
      },
      {
        "index": 140,
        "part": "60601.dat",
        "description": "Glass for Window 1 x 2 x 2 without Sill",
        "colour": {
          "code": 47,
          "name": null,
          "rgb": null,
          "alpha": null,
          "colour_attributes": null
        },
        "position": [
          0.0,
          -72.0,
          -110.0
        ],
        "matrix": [
          [
            1.0,
            0.0,
            0.0
          ],
          [
            0.0,
            1.0,
            0.0
          ],
          [
            0.0,
            0.0,
            1.0
          ]
        ],
        "bounds": {
          "min": [
            -16.5,
            -70.0,
            -117.0
          ],
          "max": [
            16.5,
            -31.0,
            -113.0
          ]
        },
        "section": "tidal-slit-window.ldr",
        "line_number": 145,
        "source_path": [
          null,
          2517,
          145
        ],
        "step": 1,
        "body_profile": false,
        "connector_count": 1,
        "placement_path": [
          0,
          139,
          1
        ],
        "connection_metadata": {
          "coverage": "complete",
          "source_count": 1,
          "recognized_record_count": 1,
          "unsupported_record_count": 0,
          "invalid_record_count": 0,
          "diagnostics": []
        }
      },
      {
        "index": 141,
        "part": "60592.dat",
        "description": "Window 1 x 2 x 2 without Sill",
        "colour": {
          "code": 272,
          "name": null,
          "rgb": null,
          "alpha": null,
          "colour_attributes": null
        },
        "position": [
          0.0,
          -120.0,
          -110.0
        ],
        "matrix": [
          [
            1.0,
            0.0,
            0.0
          ],
          [
            0.0,
            1.0,
            0.0
          ],
          [
            0.0,
            0.0,
            1.0
          ]
        ],
        "bounds": {
          "min": [
            -20.0,
            -124.0,
            -120.0
          ],
          "max": [
            20.0,
            -72.0,
            -100.0
          ]
        },
        "section": "tidal-slit-window.ldr",
        "line_number": 147,
        "source_path": [
          null,
          2517,
          147
        ],
        "step": 1,
        "body_profile": false,
        "connector_count": 7,
        "placement_path": [
          0,
          139,
          2
        ],
        "connection_metadata": {
          "coverage": "complete",
          "source_count": 2,
          "recognized_record_count": 4,
          "unsupported_record_count": 0,
          "invalid_record_count": 0,
          "diagnostics": []
        }
      },
      {
        "index": 142,
        "part": "60601.dat",
        "description": "Glass for Window 1 x 2 x 2 without Sill",
        "colour": {
          "code": 47,
          "name": null,
          "rgb": null,
          "alpha": null,
          "colour_attributes": null
        },
        "position": [
          0.0,
          -120.0,
          -110.0
        ],
        "matrix": [
          [
            1.0,
            0.0,
            0.0
          ],
          [
            0.0,
            1.0,
            0.0
          ],
          [
            0.0,
            0.0,
            1.0
          ]
        ],
        "bounds": {
          "min": [
            -16.5,
            -118.0,
            -117.0
          ],
          "max": [
            16.5,
            -79.0,
            -113.0
          ]
        },
        "section": "tidal-slit-window.ldr",
        "line_number": 149,
        "source_path": [
          null,
          2517,
          149
        ],
        "step": 1,
        "body_profile": false,
        "connector_count": 1,
        "placement_path": [
          0,
          139,
          3
        ],
        "connection_metadata": {
          "coverage": "complete",
          "source_count": 1,
          "recognized_record_count": 1,
          "unsupported_record_count": 0,
          "invalid_record_count": 0,
          "diagnostics": []
        }
      },
      {
        "index": 143,
        "part": "60592.dat",
        "description": "Window 1 x 2 x 2 without Sill",
        "colour": {
          "code": 272,
          "name": null,
          "rgb": null,
          "alpha": null,
          "colour_attributes": null
        },
        "position": [
          90.0,
          -72.0,
          0.0
        ],
        "matrix": [
          [
            0.0,
            0.0,
            -1.0
          ],
          [
            0.0,
            1.0,
            0.0
          ],
          [
            1.0,
            0.0,
            0.0
          ]
        ],
        "bounds": {
          "min": [
            80.0,
            -76.0,
            -20.0
          ],
          "max": [
            100.0,
            -24.0,
            20.0
          ]
        },
        "section": "tidal-slit-window.ldr",
        "line_number": 143,
        "source_path": [
          null,
          2519,
          143
        ],
        "step": 1,
        "body_profile": false,
        "connector_count": 7,
        "placement_path": [
          0,
          140,
          0
        ],
        "connection_metadata": {
          "coverage": "complete",
          "source_count": 2,
          "recognized_record_count": 4,
          "unsupported_record_count": 0,
          "invalid_record_count": 0,
          "diagnostics": []
        }
      },
      {
        "index": 144,
        "part": "60601.dat",
        "description": "Glass for Window 1 x 2 x 2 without Sill",
        "colour": {
          "code": 47,
          "name": null,
          "rgb": null,
          "alpha": null,
          "colour_attributes": null
        },
        "position": [
          90.0,
          -72.0,
          0.0
        ],
        "matrix": [
          [
            0.0,
            0.0,
            -1.0
          ],
          [
            0.0,
            1.0,
            0.0
          ],
          [
            1.0,
            0.0,
            0.0
          ]
        ],
        "bounds": {
          "min": [
            93.0,
            -70.0,
            -16.5
          ],
          "max": [
            97.0,
            -31.0,
            16.5
          ]
        },
        "section": "tidal-slit-window.ldr",
        "line_number": 145,
        "source_path": [
          null,
          2519,
          145
        ],
        "step": 1,
        "body_profile": false,
        "connector_count": 1,
        "placement_path": [
          0,
          140,
          1
        ],
        "connection_metadata": {
          "coverage": "complete",
          "source_count": 1,
          "recognized_record_count": 1,
          "unsupported_record_count": 0,
          "invalid_record_count": 0,
          "diagnostics": []
        }
      },
      {
        "index": 145,
        "part": "60592.dat",
        "description": "Window 1 x 2 x 2 without Sill",
        "colour": {
          "code": 272,
          "name": null,
          "rgb": null,
          "alpha": null,
          "colour_attributes": null
        },
        "position": [
          90.0,
          -120.0,
          0.0
        ],
        "matrix": [
          [
            0.0,
            0.0,
            -1.0
          ],
          [
            0.0,
            1.0,
            0.0
          ],
          [
            1.0,
            0.0,
            0.0
          ]
        ],
        "bounds": {
          "min": [
            80.0,
            -124.0,
            -20.0
          ],
          "max": [
            100.0,
            -72.0,
            20.0
          ]
        },
        "section": "tidal-slit-window.ldr",
        "line_number": 147,
        "source_path": [
          null,
          2519,
          147
        ],
        "step": 1,
        "body_profile": false,
        "connector_count": 7,
        "placement_path": [
          0,
          140,
          2
        ],
        "connection_metadata": {
          "coverage": "complete",
          "source_count": 2,
          "recognized_record_count": 4,
          "unsupported_record_count": 0,
          "invalid_record_count": 0,
          "diagnostics": []
        }
      },
      {
        "index": 146,
        "part": "60601.dat",
        "description": "Glass for Window 1 x 2 x 2 without Sill",
        "colour": {
          "code": 47,
          "name": null,
          "rgb": null,
          "alpha": null,
          "colour_attributes": null
        },
        "position": [
          90.0,
          -120.0,
          0.0
        ],
        "matrix": [
          [
            0.0,
            0.0,
            -1.0
          ],
          [
            0.0,
            1.0,
            0.0
          ],
          [
            1.0,
            0.0,
            0.0
          ]
        ],
        "bounds": {
          "min": [
            93.0,
            -118.0,
            -16.5
          ],
          "max": [
            97.0,
            -79.0,
            16.5
          ]
        },
        "section": "tidal-slit-window.ldr",
        "line_number": 149,
        "source_path": [
          null,
          2519,
          149
        ],
        "step": 1,
        "body_profile": false,
        "connector_count": 1,
        "placement_path": [
          0,
          140,
          3
        ],
        "connection_metadata": {
          "coverage": "complete",
          "source_count": 1,
          "recognized_record_count": 1,
          "unsupported_record_count": 0,
          "invalid_record_count": 0,
          "diagnostics": []
        }
      },
      {
        "index": 147,
        "part": "60592.dat",
        "description": "Window 1 x 2 x 2 without Sill",
        "colour": {
          "code": 272,
          "name": null,
          "rgb": null,
          "alpha": null,
          "colour_attributes": null
        },
        "position": [
          -90.0,
          -72.0,
          0.0
        ],
        "matrix": [
          [
            0.0,
            0.0,
            1.0
          ],
          [
            0.0,
            1.0,
            0.0
          ],
          [
            -1.0,
            0.0,
            0.0
          ]
        ],
        "bounds": {
          "min": [
            -100.0,
            -76.0,
            -20.0
          ],
          "max": [
            -80.0,
            -24.0,
            20.0
          ]
        },
        "section": "tidal-slit-window.ldr",
        "line_number": 143,
        "source_path": [
          null,
          2521,
          143
        ],
        "step": 1,
        "body_profile": false,
        "connector_count": 7,
        "placement_path": [
          0,
          141,
          0
        ],
        "connection_metadata": {
          "coverage": "complete",
          "source_count": 2,
          "recognized_record_count": 4,
          "unsupported_record_count": 0,
          "invalid_record_count": 0,
          "diagnostics": []
        }
      },
      {
        "index": 148,
        "part": "60601.dat",
        "description": "Glass for Window 1 x 2 x 2 without Sill",
        "colour": {
          "code": 47,
          "name": null,
          "rgb": null,
          "alpha": null,
          "colour_attributes": null
        },
        "position": [
          -90.0,
          -72.0,
          0.0
        ],
        "matrix": [
          [
            0.0,
            0.0,
            1.0
          ],
          [
            0.0,
            1.0,
            0.0
          ],
          [
            -1.0,
            0.0,
            0.0
          ]
        ],
        "bounds": {
          "min": [
            -97.0,
            -70.0,
            -16.5
          ],
          "max": [
            -93.0,
            -31.0,
            16.5
          ]
        },
        "section": "tidal-slit-window.ldr",
        "line_number": 145,
        "source_path": [
          null,
          2521,
          145
        ],
        "step": 1,
        "body_profile": false,
        "connector_count": 1,
        "placement_path": [
          0,
          141,
          1
        ],
        "connection_metadata": {
          "coverage": "complete",
          "source_count": 1,
          "recognized_record_count": 1,
          "unsupported_record_count": 0,
          "invalid_record_count": 0,
          "diagnostics": []
        }
      },
      {
        "index": 149,
        "part": "60592.dat",
        "description": "Window 1 x 2 x 2 without Sill",
        "colour": {
          "code": 272,
          "name": null,
          "rgb": null,
          "alpha": null,
          "colour_attributes": null
        },
        "position": [
          -90.0,
          -120.0,
          0.0
        ],
        "matrix": [
          [
            0.0,
            0.0,
            1.0
          ],
          [
            0.0,
            1.0,
            0.0
          ],
          [
            -1.0,
            0.0,
            0.0
          ]
        ],
        "bounds": {
          "min": [
            -100.0,
            -124.0,
            -20.0
          ],
          "max": [
            -80.0,
            -72.0,
            20.0
          ]
        },
        "section": "tidal-slit-window.ldr",
        "line_number": 147,
        "source_path": [
          null,
          2521,
          147
        ],
        "step": 1,
        "body_profile": false,
        "connector_count": 7,
        "placement_path": [
          0,
          141,
          2
        ],
        "connection_metadata": {
          "coverage": "complete",
          "source_count": 2,
          "recognized_record_count": 4,
          "unsupported_record_count": 0,
          "invalid_record_count": 0,
          "diagnostics": []
        }
      },
      {
        "index": 150,
        "part": "60601.dat",
        "description": "Glass for Window 1 x 2 x 2 without Sill",
        "colour": {
          "code": 47,
          "name": null,
          "rgb": null,
          "alpha": null,
          "colour_attributes": null
        },
        "position": [
          -90.0,
          -120.0,
          0.0
        ],
        "matrix": [
          [
            0.0,
            0.0,
            1.0
          ],
          [
            0.0,
            1.0,
            0.0
          ],
          [
            -1.0,
            0.0,
            0.0
          ]
        ],
        "bounds": {
          "min": [
            -97.0,
            -118.0,
            -16.5
          ],
          "max": [
            -93.0,
            -79.0,
            16.5
          ]
        },
        "section": "tidal-slit-window.ldr",
        "line_number": 149,
        "source_path": [
          null,
          2521,
          149
        ],
        "step": 1,
        "body_profile": false,
        "connector_count": 1,
        "placement_path": [
          0,
          141,
          3
        ],
        "connection_metadata": {
          "coverage": "complete",
          "source_count": 1,
          "recognized_record_count": 1,
          "unsupported_record_count": 0,
          "invalid_record_count": 0,
          "diagnostics": []
        }
      },
      {
        "index": 151,
        "part": "3460.dat",
        "description": "Plate 1 x 8",
        "colour": {
          "code": 15,
          "name": null,
          "rgb": null,
          "alpha": null,
          "colour_attributes": null
        },
        "position": [
          -20.0,
          -152.0,
          -110.0
        ],
        "matrix": [
          [
            1.0,
            0.0,
            0.0
          ],
          [
            0.0,
            1.0,
            0.0
          ],
          [
            0.0,
            0.0,
            1.0
          ]
        ],
        "bounds": {
          "min": [
            -100.0,
            -156.0,
            -120.0
          ],
          "max": [
            60.0,
            -144.0,
            -100.0
          ]
        },
        "section": "tidal-tower-middle.ldr",
        "line_number": 2524,
        "source_path": [
          null,
          2524
        ],
        "step": 1,
        "body_profile": true,
        "connector_count": 23,
        "placement_path": [
          0,
          142
        ],
        "connection_metadata": {
          "coverage": "complete",
          "source_count": 3,
          "recognized_record_count": 3,
          "unsupported_record_count": 0,
          "invalid_record_count": 0,
          "diagnostics": []
        }
      },
      {
        "index": 152,
        "part": "3023b.dat",
        "description": "Plate 1 x 2",
        "colour": {
          "code": 15,
          "name": null,
          "rgb": null,
          "alpha": null,
          "colour_attributes": null
        },
        "position": [
          80.0,
          -152.0,
          -110.0
        ],
        "matrix": [
          [
            1.0,
            0.0,
            0.0
          ],
          [
            0.0,
            1.0,
            0.0
          ],
          [
            0.0,
            0.0,
            1.0
          ]
        ],
        "bounds": {
          "min": [
            60.0,
            -156.0,
            -120.0
          ],
          "max": [
            100.0,
            -144.0,
            -100.0
          ]
        },
        "section": "tidal-tower-middle.ldr",
        "line_number": 2526,
        "source_path": [
          null,
          2526
        ],
        "step": 1,
        "body_profile": true,
        "connector_count": 5,
        "placement_path": [
          0,
          143
        ],
        "connection_metadata": {
          "coverage": "complete",
          "source_count": 3,
          "recognized_record_count": 3,
          "unsupported_record_count": 0,
          "invalid_record_count": 0,
          "diagnostics": []
        }
      },
      {
        "index": 153,
        "part": "3460.dat",
        "description": "Plate 1 x 8",
        "colour": {
          "code": 15,
          "name": null,
          "rgb": null,
          "alpha": null,
          "colour_attributes": null
        },
        "position": [
          -20.0,
          -152.0,
          110.0
        ],
        "matrix": [
          [
            1.0,
            0.0,
            0.0
          ],
          [
            0.0,
            1.0,
            0.0
          ],
          [
            0.0,
            0.0,
            1.0
          ]
        ],
        "bounds": {
          "min": [
            -100.0,
            -156.0,
            100.0
          ],
          "max": [
            60.0,
            -144.0,
            120.0
          ]
        },
        "section": "tidal-tower-middle.ldr",
        "line_number": 2528,
        "source_path": [
          null,
          2528
        ],
        "step": 1,
        "body_profile": true,
        "connector_count": 23,
        "placement_path": [
          0,
          144
        ],
        "connection_metadata": {
          "coverage": "complete",
          "source_count": 3,
          "recognized_record_count": 3,
          "unsupported_record_count": 0,
          "invalid_record_count": 0,
          "diagnostics": []
        }
      },
      {
        "index": 154,
        "part": "3023b.dat",
        "description": "Plate 1 x 2",
        "colour": {
          "code": 15,
          "name": null,
          "rgb": null,
          "alpha": null,
          "colour_attributes": null
        },
        "position": [
          80.0,
          -152.0,
          110.0
        ],
        "matrix": [
          [
            1.0,
            0.0,
            0.0
          ],
          [
            0.0,
            1.0,
            0.0
          ],
          [
            0.0,
            0.0,
            1.0
          ]
        ],
        "bounds": {
          "min": [
            60.0,
            -156.0,
            100.0
          ],
          "max": [
            100.0,
            -144.0,
            120.0
          ]
        },
        "section": "tidal-tower-middle.ldr",
        "line_number": 2530,
        "source_path": [
          null,
          2530
        ],
        "step": 1,
        "body_profile": true,
        "connector_count": 5,
        "placement_path": [
          0,
          145
        ],
        "connection_metadata": {
          "coverage": "complete",
          "source_count": 3,
          "recognized_record_count": 3,
          "unsupported_record_count": 0,
          "invalid_record_count": 0,
          "diagnostics": []
        }
      },
      {
        "index": 155,
        "part": "3460.dat",
        "description": "Plate 1 x 8",
        "colour": {
          "code": 15,
          "name": null,
          "rgb": null,
          "alpha": null,
          "colour_attributes": null
        },
        "position": [
          -90.0,
          -152.0,
          -20.0
        ],
        "matrix": [
          [
            0.0,
            0.0,
            1.0
          ],
          [
            0.0,
            1.0,
            0.0
          ],
          [
            -1.0,
            0.0,
            0.0
          ]
        ],
        "bounds": {
          "min": [
            -100.0,
            -156.0,
            -100.0
          ],
          "max": [
            -80.0,
            -144.0,
            60.0
          ]
        },
        "section": "tidal-tower-middle.ldr",
        "line_number": 2532,
        "source_path": [
          null,
          2532
        ],
        "step": 1,
        "body_profile": true,
        "connector_count": 23,
        "placement_path": [
          0,
          146
        ],
        "connection_metadata": {
          "coverage": "complete",
          "source_count": 3,
          "recognized_record_count": 3,
          "unsupported_record_count": 0,
          "invalid_record_count": 0,
          "diagnostics": []
        }
      },
      {
        "index": 156,
        "part": "3023b.dat",
        "description": "Plate 1 x 2",
        "colour": {
          "code": 15,
          "name": null,
          "rgb": null,
          "alpha": null,
          "colour_attributes": null
        },
        "position": [
          -90.0,
          -152.0,
          80.0
        ],
        "matrix": [
          [
            0.0,
            0.0,
            1.0
          ],
          [
            0.0,
            1.0,
            0.0
          ],
          [
            -1.0,
            0.0,
            0.0
          ]
        ],
        "bounds": {
          "min": [
            -100.0,
            -156.0,
            60.0
          ],
          "max": [
            -80.0,
            -144.0,
            100.0
          ]
        },
        "section": "tidal-tower-middle.ldr",
        "line_number": 2534,
        "source_path": [
          null,
          2534
        ],
        "step": 1,
        "body_profile": true,
        "connector_count": 5,
        "placement_path": [
          0,
          147
        ],
        "connection_metadata": {
          "coverage": "complete",
          "source_count": 3,
          "recognized_record_count": 3,
          "unsupported_record_count": 0,
          "invalid_record_count": 0,
          "diagnostics": []
        }
      },
      {
        "index": 157,
        "part": "3460.dat",
        "description": "Plate 1 x 8",
        "colour": {
          "code": 15,
          "name": null,
          "rgb": null,
          "alpha": null,
          "colour_attributes": null
        },
        "position": [
          90.0,
          -152.0,
          -20.0
        ],
        "matrix": [
          [
            0.0,
            0.0,
            1.0
          ],
          [
            0.0,
            1.0,
            0.0
          ],
          [
            -1.0,
            0.0,
            0.0
          ]
        ],
        "bounds": {
          "min": [
            80.0,
            -156.0,
            -100.0
          ],
          "max": [
            100.0,
            -144.0,
            60.0
          ]
        },
        "section": "tidal-tower-middle.ldr",
        "line_number": 2536,
        "source_path": [
          null,
          2536
        ],
        "step": 1,
        "body_profile": true,
        "connector_count": 23,
        "placement_path": [
          0,
          148
        ],
        "connection_metadata": {
          "coverage": "complete",
          "source_count": 3,
          "recognized_record_count": 3,
          "unsupported_record_count": 0,
          "invalid_record_count": 0,
          "diagnostics": []
        }
      },
      {
        "index": 158,
        "part": "3023b.dat",
        "description": "Plate 1 x 2",
        "colour": {
          "code": 15,
          "name": null,
          "rgb": null,
          "alpha": null,
          "colour_attributes": null
        },
        "position": [
          90.0,
          -152.0,
          80.0
        ],
        "matrix": [
          [
            0.0,
            0.0,
            1.0
          ],
          [
            0.0,
            1.0,
            0.0
          ],
          [
            -1.0,
            0.0,
            0.0
          ]
        ],
        "bounds": {
          "min": [
            80.0,
            -156.0,
            60.0
          ],
          "max": [
            100.0,
            -144.0,
            100.0
          ]
        },
        "section": "tidal-tower-middle.ldr",
        "line_number": 2538,
        "source_path": [
          null,
          2538
        ],
        "step": 1,
        "body_profile": true,
        "connector_count": 5,
        "placement_path": [
          0,
          149
        ],
        "connection_metadata": {
          "coverage": "complete",
          "source_count": 3,
          "recognized_record_count": 3,
          "unsupported_record_count": 0,
          "invalid_record_count": 0,
          "diagnostics": []
        }
      },
      {
        "index": 159,
        "part": "3460.dat",
        "description": "Plate 1 x 8",
        "colour": {
          "code": 15,
          "name": null,
          "rgb": null,
          "alpha": null,
          "colour_attributes": null
        },
        "position": [
          -20.0,
          -160.0,
          -110.0
        ],
        "matrix": [
          [
            1.0,
            0.0,
            0.0
          ],
          [
            0.0,
            1.0,
            0.0
          ],
          [
            0.0,
            0.0,
            1.0
          ]
        ],
        "bounds": {
          "min": [
            -100.0,
            -164.0,
            -120.0
          ],
          "max": [
            60.0,
            -152.0,
            -100.0
          ]
        },
        "section": "tidal-tower-middle.ldr",
        "line_number": 2541,
        "source_path": [
          null,
          2541
        ],
        "step": 1,
        "body_profile": true,
        "connector_count": 23,
        "placement_path": [
          0,
          150
        ],
        "connection_metadata": {
          "coverage": "complete",
          "source_count": 3,
          "recognized_record_count": 3,
          "unsupported_record_count": 0,
          "invalid_record_count": 0,
          "diagnostics": []
        }
      },
      {
        "index": 160,
        "part": "3023b.dat",
        "description": "Plate 1 x 2",
        "colour": {
          "code": 15,
          "name": null,
          "rgb": null,
          "alpha": null,
          "colour_attributes": null
        },
        "position": [
          80.0,
          -160.0,
          -110.0
        ],
        "matrix": [
          [
            1.0,
            0.0,
            0.0
          ],
          [
            0.0,
            1.0,
            0.0
          ],
          [
            0.0,
            0.0,
            1.0
          ]
        ],
        "bounds": {
          "min": [
            60.0,
            -164.0,
            -120.0
          ],
          "max": [
            100.0,
            -152.0,
            -100.0
          ]
        },
        "section": "tidal-tower-middle.ldr",
        "line_number": 2543,
        "source_path": [
          null,
          2543
        ],
        "step": 1,
        "body_profile": true,
        "connector_count": 5,
        "placement_path": [
          0,
          151
        ],
        "connection_metadata": {
          "coverage": "complete",
          "source_count": 3,
          "recognized_record_count": 3,
          "unsupported_record_count": 0,
          "invalid_record_count": 0,
          "diagnostics": []
        }
      },
      {
        "index": 161,
        "part": "3460.dat",
        "description": "Plate 1 x 8",
        "colour": {
          "code": 15,
          "name": null,
          "rgb": null,
          "alpha": null,
          "colour_attributes": null
        },
        "position": [
          -20.0,
          -160.0,
          110.0
        ],
        "matrix": [
          [
            1.0,
            0.0,
            0.0
          ],
          [
            0.0,
            1.0,
            0.0
          ],
          [
            0.0,
            0.0,
            1.0
          ]
        ],
        "bounds": {
          "min": [
            -100.0,
            -164.0,
            100.0
          ],
          "max": [
            60.0,
            -152.0,
            120.0
          ]
        },
        "section": "tidal-tower-middle.ldr",
        "line_number": 2545,
        "source_path": [
          null,
          2545
        ],
        "step": 1,
        "body_profile": true,
        "connector_count": 23,
        "placement_path": [
          0,
          152
        ],
        "connection_metadata": {
          "coverage": "complete",
          "source_count": 3,
          "recognized_record_count": 3,
          "unsupported_record_count": 0,
          "invalid_record_count": 0,
          "diagnostics": []
        }
      },
      {
        "index": 162,
        "part": "3023b.dat",
        "description": "Plate 1 x 2",
        "colour": {
          "code": 15,
          "name": null,
          "rgb": null,
          "alpha": null,
          "colour_attributes": null
        },
        "position": [
          80.0,
          -160.0,
          110.0
        ],
        "matrix": [
          [
            1.0,
            0.0,
            0.0
          ],
          [
            0.0,
            1.0,
            0.0
          ],
          [
            0.0,
            0.0,
            1.0
          ]
        ],
        "bounds": {
          "min": [
            60.0,
            -164.0,
            100.0
          ],
          "max": [
            100.0,
            -152.0,
            120.0
          ]
        },
        "section": "tidal-tower-middle.ldr",
        "line_number": 2547,
        "source_path": [
          null,
          2547
        ],
        "step": 1,
        "body_profile": true,
        "connector_count": 5,
        "placement_path": [
          0,
          153
        ],
        "connection_metadata": {
          "coverage": "complete",
          "source_count": 3,
          "recognized_record_count": 3,
          "unsupported_record_count": 0,
          "invalid_record_count": 0,
          "diagnostics": []
        }
      },
      {
        "index": 163,
        "part": "3460.dat",
        "description": "Plate 1 x 8",
        "colour": {
          "code": 15,
          "name": null,
          "rgb": null,
          "alpha": null,
          "colour_attributes": null
        },
        "position": [
          -90.0,
          -160.0,
          -20.0
        ],
        "matrix": [
          [
            0.0,
            0.0,
            1.0
          ],
          [
            0.0,
            1.0,
            0.0
          ],
          [
            -1.0,
            0.0,
            0.0
          ]
        ],
        "bounds": {
          "min": [
            -100.0,
            -164.0,
            -100.0
          ],
          "max": [
            -80.0,
            -152.0,
            60.0
          ]
        },
        "section": "tidal-tower-middle.ldr",
        "line_number": 2549,
        "source_path": [
          null,
          2549
        ],
        "step": 1,
        "body_profile": true,
        "connector_count": 23,
        "placement_path": [
          0,
          154
        ],
        "connection_metadata": {
          "coverage": "complete",
          "source_count": 3,
          "recognized_record_count": 3,
          "unsupported_record_count": 0,
          "invalid_record_count": 0,
          "diagnostics": []
        }
      },
      {
        "index": 164,
        "part": "3023b.dat",
        "description": "Plate 1 x 2",
        "colour": {
          "code": 15,
          "name": null,
          "rgb": null,
          "alpha": null,
          "colour_attributes": null
        },
        "position": [
          -90.0,
          -160.0,
          80.0
        ],
        "matrix": [
          [
            0.0,
            0.0,
            1.0
          ],
          [
            0.0,
            1.0,
            0.0
          ],
          [
            -1.0,
            0.0,
            0.0
          ]
        ],
        "bounds": {
          "min": [
            -100.0,
            -164.0,
            60.0
          ],
          "max": [
            -80.0,
            -152.0,
            100.0
          ]
        },
        "section": "tidal-tower-middle.ldr",
        "line_number": 2551,
        "source_path": [
          null,
          2551
        ],
        "step": 1,
        "body_profile": true,
        "connector_count": 5,
        "placement_path": [
          0,
          155
        ],
        "connection_metadata": {
          "coverage": "complete",
          "source_count": 3,
          "recognized_record_count": 3,
          "unsupported_record_count": 0,
          "invalid_record_count": 0,
          "diagnostics": []
        }
      },
      {
        "index": 165,
        "part": "3460.dat",
        "description": "Plate 1 x 8",
        "colour": {
          "code": 15,
          "name": null,
          "rgb": null,
          "alpha": null,
          "colour_attributes": null
        },
        "position": [
          90.0,
          -160.0,
          -20.0
        ],
        "matrix": [
          [
            0.0,
            0.0,
            1.0
          ],
          [
            0.0,
            1.0,
            0.0
          ],
          [
            -1.0,
            0.0,
            0.0
          ]
        ],
        "bounds": {
          "min": [
            80.0,
            -164.0,
            -100.0
          ],
          "max": [
            100.0,
            -152.0,
            60.0
          ]
        },
        "section": "tidal-tower-middle.ldr",
        "line_number": 2553,
        "source_path": [
          null,
          2553
        ],
        "step": 1,
        "body_profile": true,
        "connector_count": 23,
        "placement_path": [
          0,
          156
        ],
        "connection_metadata": {
          "coverage": "complete",
          "source_count": 3,
          "recognized_record_count": 3,
          "unsupported_record_count": 0,
          "invalid_record_count": 0,
          "diagnostics": []
        }
      },
      {
        "index": 166,
        "part": "3023b.dat",
        "description": "Plate 1 x 2",
        "colour": {
          "code": 15,
          "name": null,
          "rgb": null,
          "alpha": null,
          "colour_attributes": null
        },
        "position": [
          90.0,
          -160.0,
          80.0
        ],
        "matrix": [
          [
            0.0,
            0.0,
            1.0
          ],
          [
            0.0,
            1.0,
            0.0
          ],
          [
            -1.0,
            0.0,
            0.0
          ]
        ],
        "bounds": {
          "min": [
            80.0,
            -164.0,
            60.0
          ],
          "max": [
            100.0,
            -152.0,
            100.0
          ]
        },
        "section": "tidal-tower-middle.ldr",
        "line_number": 2555,
        "source_path": [
          null,
          2555
        ],
        "step": 1,
        "body_profile": true,
        "connector_count": 5,
        "placement_path": [
          0,
          157
        ],
        "connection_metadata": {
          "coverage": "complete",
          "source_count": 3,
          "recognized_record_count": 3,
          "unsupported_record_count": 0,
          "invalid_record_count": 0,
          "diagnostics": []
        }
      },
      {
        "index": 167,
        "part": "3034.dat",
        "description": "Plate 2 x 8",
        "colour": {
          "code": 15,
          "name": null,
          "rgb": null,
          "alpha": null,
          "colour_attributes": null
        },
        "position": [
          -40.0,
          -168.0,
          -120.0
        ],
        "matrix": [
          [
            1.0,
            0.0,
            0.0
          ],
          [
            0.0,
            1.0,
            0.0
          ],
          [
            0.0,
            0.0,
            1.0
          ]
        ],
        "bounds": {
          "min": [
            -120.0,
            -172.0,
            -140.0
          ],
          "max": [
            40.0,
            -160.0,
            -100.0
          ]
        },
        "section": "tidal-tower-middle.ldr",
        "line_number": 2558,
        "source_path": [
          null,
          2558
        ],
        "step": 1,
        "body_profile": true,
        "connector_count": 32,
        "placement_path": [
          0,
          158
        ],
        "connection_metadata": {
          "coverage": "complete",
          "source_count": 3,
          "recognized_record_count": 2,
          "unsupported_record_count": 0,
          "invalid_record_count": 0,
          "diagnostics": []
        }
      },
      {
        "index": 168,
        "part": "3020.dat",
        "description": "Plate 2 x 4",
        "colour": {
          "code": 15,
          "name": null,
          "rgb": null,
          "alpha": null,
          "colour_attributes": null
        },
        "position": [
          80.0,
          -168.0,
          -120.0
        ],
        "matrix": [
          [
            1.0,
            0.0,
            0.0
          ],
          [
            0.0,
            1.0,
            0.0
          ],
          [
            0.0,
            0.0,
            1.0
          ]
        ],
        "bounds": {
          "min": [
            40.0,
            -172.0,
            -140.0
          ],
          "max": [
            120.0,
            -160.0,
            -100.0
          ]
        },
        "section": "tidal-tower-middle.ldr",
        "line_number": 2560,
        "source_path": [
          null,
          2560
        ],
        "step": 1,
        "body_profile": true,
        "connector_count": 16,
        "placement_path": [
          0,
          159
        ],
        "connection_metadata": {
          "coverage": "complete",
          "source_count": 3,
          "recognized_record_count": 2,
          "unsupported_record_count": 0,
          "invalid_record_count": 0,
          "diagnostics": []
        }
      },
      {
        "index": 169,
        "part": "3034.dat",
        "description": "Plate 2 x 8",
        "colour": {
          "code": 15,
          "name": null,
          "rgb": null,
          "alpha": null,
          "colour_attributes": null
        },
        "position": [
          -40.0,
          -168.0,
          120.0
        ],
        "matrix": [
          [
            1.0,
            0.0,
            0.0
          ],
          [
            0.0,
            1.0,
            0.0
          ],
          [
            0.0,
            0.0,
            1.0
          ]
        ],
        "bounds": {
          "min": [
            -120.0,
            -172.0,
            100.0
          ],
          "max": [
            40.0,
            -160.0,
            140.0
          ]
        },
        "section": "tidal-tower-middle.ldr",
        "line_number": 2562,
        "source_path": [
          null,
          2562
        ],
        "step": 1,
        "body_profile": true,
        "connector_count": 32,
        "placement_path": [
          0,
          160
        ],
        "connection_metadata": {
          "coverage": "complete",
          "source_count": 3,
          "recognized_record_count": 2,
          "unsupported_record_count": 0,
          "invalid_record_count": 0,
          "diagnostics": []
        }
      },
      {
        "index": 170,
        "part": "3020.dat",
        "description": "Plate 2 x 4",
        "colour": {
          "code": 15,
          "name": null,
          "rgb": null,
          "alpha": null,
          "colour_attributes": null
        },
        "position": [
          80.0,
          -168.0,
          120.0
        ],
        "matrix": [
          [
            1.0,
            0.0,
            0.0
          ],
          [
            0.0,
            1.0,
            0.0
          ],
          [
            0.0,
            0.0,
            1.0
          ]
        ],
        "bounds": {
          "min": [
            40.0,
            -172.0,
            100.0
          ],
          "max": [
            120.0,
            -160.0,
            140.0
          ]
        },
        "section": "tidal-tower-middle.ldr",
        "line_number": 2564,
        "source_path": [
          null,
          2564
        ],
        "step": 1,
        "body_profile": true,
        "connector_count": 16,
        "placement_path": [
          0,
          161
        ],
        "connection_metadata": {
          "coverage": "complete",
          "source_count": 3,
          "recognized_record_count": 2,
          "unsupported_record_count": 0,
          "invalid_record_count": 0,
          "diagnostics": []
        }
      },
      {
        "index": 171,
        "part": "3034.dat",
        "description": "Plate 2 x 8",
        "colour": {
          "code": 15,
          "name": null,
          "rgb": null,
          "alpha": null,
          "colour_attributes": null
        },
        "position": [
          -100.0,
          -168.0,
          -20.0
        ],
        "matrix": [
          [
            0.0,
            0.0,
            1.0
          ],
          [
            0.0,
            1.0,
            0.0
          ],
          [
            -1.0,
            0.0,
            0.0
          ]
        ],
        "bounds": {
          "min": [
            -120.0,
            -172.0,
            -100.0
          ],
          "max": [
            -80.0,
            -160.0,
            60.0
          ]
        },
        "section": "tidal-tower-middle.ldr",
        "line_number": 2566,
        "source_path": [
          null,
          2566
        ],
        "step": 1,
        "body_profile": true,
        "connector_count": 32,
        "placement_path": [
          0,
          162
        ],
        "connection_metadata": {
          "coverage": "complete",
          "source_count": 3,
          "recognized_record_count": 2,
          "unsupported_record_count": 0,
          "invalid_record_count": 0,
          "diagnostics": []
        }
      },
      {
        "index": 172,
        "part": "3022.dat",
        "description": "Plate 2 x 2",
        "colour": {
          "code": 15,
          "name": null,
          "rgb": null,
          "alpha": null,
          "colour_attributes": null
        },
        "position": [
          -100.0,
          -168.0,
          80.0
        ],
        "matrix": [
          [
            1.0,
            0.0,
            0.0
          ],
          [
            0.0,
            1.0,
            0.0
          ],
          [
            0.0,
            0.0,
            1.0
          ]
        ],
        "bounds": {
          "min": [
            -120.0,
            -172.0,
            60.0
          ],
          "max": [
            -80.0,
            -160.0,
            100.0
          ]
        },
        "section": "tidal-tower-middle.ldr",
        "line_number": 2568,
        "source_path": [
          null,
          2568
        ],
        "step": 1,
        "body_profile": true,
        "connector_count": 9,
        "placement_path": [
          0,
          163
        ],
        "connection_metadata": {
          "coverage": "complete",
          "source_count": 3,
          "recognized_record_count": 3,
          "unsupported_record_count": 0,
          "invalid_record_count": 0,
          "diagnostics": []
        }
      },
      {
        "index": 173,
        "part": "3034.dat",
        "description": "Plate 2 x 8",
        "colour": {
          "code": 15,
          "name": null,
          "rgb": null,
          "alpha": null,
          "colour_attributes": null
        },
        "position": [
          100.0,
          -168.0,
          -20.0
        ],
        "matrix": [
          [
            0.0,
            0.0,
            1.0
          ],
          [
            0.0,
            1.0,
            0.0
          ],
          [
            -1.0,
            0.0,
            0.0
          ]
        ],
        "bounds": {
          "min": [
            80.0,
            -172.0,
            -100.0
          ],
          "max": [
            120.0,
            -160.0,
            60.0
          ]
        },
        "section": "tidal-tower-middle.ldr",
        "line_number": 2570,
        "source_path": [
          null,
          2570
        ],
        "step": 1,
        "body_profile": true,
        "connector_count": 32,
        "placement_path": [
          0,
          164
        ],
        "connection_metadata": {
          "coverage": "complete",
          "source_count": 3,
          "recognized_record_count": 2,
          "unsupported_record_count": 0,
          "invalid_record_count": 0,
          "diagnostics": []
        }
      },
      {
        "index": 174,
        "part": "3022.dat",
        "description": "Plate 2 x 2",
        "colour": {
          "code": 15,
          "name": null,
          "rgb": null,
          "alpha": null,
          "colour_attributes": null
        },
        "position": [
          100.0,
          -168.0,
          80.0
        ],
        "matrix": [
          [
            1.0,
            0.0,
            0.0
          ],
          [
            0.0,
            1.0,
            0.0
          ],
          [
            0.0,
            0.0,
            1.0
          ]
        ],
        "bounds": {
          "min": [
            80.0,
            -172.0,
            60.0
          ],
          "max": [
            120.0,
            -160.0,
            100.0
          ]
        },
        "section": "tidal-tower-middle.ldr",
        "line_number": 2572,
        "source_path": [
          null,
          2572
        ],
        "step": 1,
        "body_profile": true,
        "connector_count": 9,
        "placement_path": [
          0,
          165
        ],
        "connection_metadata": {
          "coverage": "complete",
          "source_count": 3,
          "recognized_record_count": 3,
          "unsupported_record_count": 0,
          "invalid_record_count": 0,
          "diagnostics": []
        }
      }
    ],
    "instances_truncated": false,
    "contacts_checked": true,
    "contact_count": 450,
    "contacts": [
      {
        "instances": [
          0,
          2
        ],
        "status": "confirmed",
        "kinds": [
          "stud",
          "stud_receptacle"
        ],
        "sources": [
          "ldcad_shadow",
          "ldcad_shadow"
        ],
        "confidence": [
          1.0,
          1.0
        ],
        "feature_ids": [
          "stud@R105/studC",
          "snap_cyl@L9:I2"
        ],
        "residual": {
          "distance": 0.0,
          "axial_gap": 0.0,
          "alignment": 1.0,
          "roll_alignment": 1.0,
          "entry_face_gap": 0.0,
          "penetration": 12.0
        }
      },
      {
        "instances": [
          0,
          2
        ],
        "status": "confirmed",
        "kinds": [
          "stud",
          "stud_receptacle"
        ],
        "sources": [
          "ldcad_shadow",
          "ldcad_shadow"
        ],
        "confidence": [
          1.0,
          1.0
        ],
        "feature_ids": [
          "stud@R106/studC",
          "snap_cyl@L9:I3"
        ],
        "residual": {
          "distance": 0.0,
          "axial_gap": 0.0,
          "alignment": 1.0,
          "roll_alignment": 1.0,
          "entry_face_gap": 0.0,
          "penetration": 12.0
        }
      },
      {
        "instances": [
          0,
          2
        ],
        "status": "confirmed",
        "kinds": [
          "stud",
          "stud_receptacle"
        ],
        "sources": [
          "ldcad_shadow",
          "ldcad_shadow"
        ],
        "confidence": [
          1.0,
          1.0
        ],
        "feature_ids": [
          "stud@R117/studC",
          "snap_cyl@L9:I0"
        ],
        "residual": {
          "distance": 0.0,
          "axial_gap": 0.0,
          "alignment": 1.0,
          "roll_alignment": 1.0,
          "entry_face_gap": 0.0,
          "penetration": 12.0
        }
      },
      {
        "instances": [
          0,
          2
        ],
        "status": "confirmed",
        "kinds": [
          "stud",
          "stud_receptacle"
        ],
        "sources": [
          "ldcad_shadow",
          "ldcad_shadow"
        ],
        "confidence": [
          1.0,
          1.0
        ],
        "feature_ids": [
          "stud@R118/studC",
          "snap_cyl@L9:I1"
        ],
        "residual": {
          "distance": 0.0,
          "axial_gap": 0.0,
          "alignment": 1.0,
          "roll_alignment": 1.0,
          "entry_face_gap": 0.0,
          "penetration": 12.0
        }
      },
      {
        "instances": [
          0,
          3
        ],
        "status": "confirmed",
        "kinds": [
          "stud",
          "stud_receptacle"
        ],
        "sources": [
          "ldcad_shadow",
          "ldcad_shadow"
        ],
        "confidence": [
          1.0,
          1.0
        ],
        "feature_ids": [
          "stud@R107/studC",
          "snap_cyl@L8:I15"
        ],
        "residual": {
          "distance": 0.0,
          "axial_gap": 0.0,
          "alignment": 1.0,
          "roll_alignment": 1.0,
          "entry_face_gap": 0.0,
          "penetration": 12.0
        }
      },
      {
        "instances": [
          0,
          3
        ],
        "status": "confirmed",
        "kinds": [
          "stud",
          "stud_receptacle"
        ],
        "sources": [
          "ldcad_shadow",
          "ldcad_shadow"
        ],
        "confidence": [
          1.0,
          1.0
        ],
        "feature_ids": [
          "stud@R108/studC",
          "snap_cyl@L8:I13"
        ],
        "residual": {
          "distance": 0.0,
          "axial_gap": 0.0,
          "alignment": 1.0,
          "roll_alignment": 1.0,
          "entry_face_gap": 0.0,
          "penetration": 12.0
        }
      },
      {
        "instances": [
          0,
          3
        ],
        "status": "confirmed",
        "kinds": [
          "stud",
          "stud_receptacle"
        ],
        "sources": [
          "ldcad_shadow",
          "ldcad_shadow"
        ],
        "confidence": [
          1.0,
          1.0
        ],
        "feature_ids": [
          "stud@R109/studC",
          "snap_cyl@L8:I11"
        ],
        "residual": {
          "distance": 0.0,
          "axial_gap": 0.0,
          "alignment": 1.0,
          "roll_alignment": 1.0,
          "entry_face_gap": 0.0,
          "penetration": 12.0
        }
      },
      {
        "instances": [
          0,
          3
        ],
        "status": "confirmed",
        "kinds": [
          "stud",
          "stud_receptacle"
        ],
        "sources": [
          "ldcad_shadow",
          "ldcad_shadow"
        ],
        "confidence": [
          1.0,
          1.0
        ],
        "feature_ids": [
          "stud@R110/studC",
          "snap_cyl@L8:I9"
        ],
        "residual": {
          "distance": 0.0,
          "axial_gap": 0.0,
          "alignment": 1.0,
          "roll_alignment": 1.0,
          "entry_face_gap": 0.0,
          "penetration": 12.0
        }
      },
      {
        "instances": [
          0,
          3
        ],
        "status": "confirmed",
        "kinds": [
          "stud",
          "stud_receptacle"
        ],
        "sources": [
          "ldcad_shadow",
          "ldcad_shadow"
        ],
        "confidence": [
          1.0,
          1.0
        ],
        "feature_ids": [
          "stud@R111/studC",
          "snap_cyl@L8:I7"
        ],
        "residual": {
          "distance": 0.0,
          "axial_gap": 0.0,
          "alignment": 1.0,
          "roll_alignment": 1.0,
          "entry_face_gap": 0.0,
          "penetration": 12.0
        }
      },
      {
        "instances": [
          0,
          3
        ],
        "status": "confirmed",
        "kinds": [
          "stud",
          "stud_receptacle"
        ],
        "sources": [
          "ldcad_shadow",
          "ldcad_shadow"
        ],
        "confidence": [
          1.0,
          1.0
        ],
        "feature_ids": [
          "stud@R112/studC",
          "snap_cyl@L8:I5"
        ],
        "residual": {
          "distance": 0.0,
          "axial_gap": 0.0,
          "alignment": 1.0,
          "roll_alignment": 1.0,
          "entry_face_gap": 0.0,
          "penetration": 12.0
        }
      },
      {
        "instances": [
          0,
          3
        ],
        "status": "confirmed",
        "kinds": [
          "stud",
          "stud_receptacle"
        ],
        "sources": [
          "ldcad_shadow",
          "ldcad_shadow"
        ],
        "confidence": [
          1.0,
          1.0
        ],
        "feature_ids": [
          "stud@R113/studC",
          "snap_cyl@L8:I3"
        ],
        "residual": {
          "distance": 0.0,
          "axial_gap": 0.0,
          "alignment": 1.0,
          "roll_alignment": 1.0,
          "entry_face_gap": 0.0,
          "penetration": 12.0
        }
      },
      {
        "instances": [
          0,
          3
        ],
        "status": "confirmed",
        "kinds": [
          "stud",
          "stud_receptacle"
        ],
        "sources": [
          "ldcad_shadow",
          "ldcad_shadow"
        ],
        "confidence": [
          1.0,
          1.0
        ],
        "feature_ids": [
          "stud@R114/studC",
          "snap_cyl@L8:I1"
        ],
        "residual": {
          "distance": 0.0,
          "axial_gap": 0.0,
          "alignment": 1.0,
          "roll_alignment": 1.0,
          "entry_face_gap": 0.0,
          "penetration": 12.0
        }
      },
      {
        "instances": [
          0,
          3
        ],
        "status": "confirmed",
        "kinds": [
          "stud",
          "stud_receptacle"
        ],
        "sources": [
          "ldcad_shadow",
          "ldcad_shadow"
        ],
        "confidence": [
          1.0,
          1.0
        ],
        "feature_ids": [
          "stud@R119/studC",
          "snap_cyl@L8:I14"
        ],
        "residual": {
          "distance": 0.0,
          "axial_gap": 0.0,
          "alignment": 1.0,
          "roll_alignment": 1.0,
          "entry_face_gap": 0.0,
          "penetration": 12.0
        }
      },
      {
        "instances": [
          0,
          3
        ],
        "status": "confirmed",
        "kinds": [
          "stud",
          "stud_receptacle"
        ],
        "sources": [
          "ldcad_shadow",
          "ldcad_shadow"
        ],
        "confidence": [
          1.0,
          1.0
        ],
        "feature_ids": [
          "stud@R120/studC",
          "snap_cyl@L8:I12"
        ],
        "residual": {
          "distance": 0.0,
          "axial_gap": 0.0,
          "alignment": 1.0,
          "roll_alignment": 1.0,
          "entry_face_gap": 0.0,
          "penetration": 12.0
        }
      },
      {
        "instances": [
          0,
          3
        ],
        "status": "confirmed",
        "kinds": [
          "stud",
          "stud_receptacle"
        ],
        "sources": [
          "ldcad_shadow",
          "ldcad_shadow"
        ],
        "confidence": [
          1.0,
          1.0
        ],
        "feature_ids": [
          "stud@R121/studC",
          "snap_cyl@L8:I10"
        ],
        "residual": {
          "distance": 0.0,
          "axial_gap": 0.0,
          "alignment": 1.0,
          "roll_alignment": 1.0,
          "entry_face_gap": 0.0,
          "penetration": 12.0
        }
      },
      {
        "instances": [
          0,
          3
        ],
        "status": "confirmed",
        "kinds": [
          "stud",
          "stud_receptacle"
        ],
        "sources": [
          "ldcad_shadow",
          "ldcad_shadow"
        ],
        "confidence": [
          1.0,
          1.0
        ],
        "feature_ids": [
          "stud@R122/studC",
          "snap_cyl@L8:I8"
        ],
        "residual": {
          "distance": 0.0,
          "axial_gap": 0.0,
          "alignment": 1.0,
          "roll_alignment": 1.0,
          "entry_face_gap": 0.0,
          "penetration": 12.0
        }
      },
      {
        "instances": [
          0,
          3
        ],
        "status": "confirmed",
        "kinds": [
          "stud",
          "stud_receptacle"
        ],
        "sources": [
          "ldcad_shadow",
          "ldcad_shadow"
        ],
        "confidence": [
          1.0,
          1.0
        ],
        "feature_ids": [
          "stud@R123/studC",
          "snap_cyl@L8:I6"
        ],
        "residual": {
          "distance": 0.0,
          "axial_gap": 0.0,
          "alignment": 1.0,
          "roll_alignment": 1.0,
          "entry_face_gap": 0.0,
          "penetration": 12.0
        }
      },
      {
        "instances": [
          0,
          3
        ],
        "status": "confirmed",
        "kinds": [
          "stud",
          "stud_receptacle"
        ],
        "sources": [
          "ldcad_shadow",
          "ldcad_shadow"
        ],
        "confidence": [
          1.0,
          1.0
        ],
        "feature_ids": [
          "stud@R124/studC",
          "snap_cyl@L8:I4"
        ],
        "residual": {
          "distance": 0.0,
          "axial_gap": 0.0,
          "alignment": 1.0,
          "roll_alignment": 1.0,
          "entry_face_gap": 0.0,
          "penetration": 12.0
        }
      },
      {
        "instances": [
          0,
          3
        ],
        "status": "confirmed",
        "kinds": [
          "stud",
          "stud_receptacle"
        ],
        "sources": [
          "ldcad_shadow",
          "ldcad_shadow"
        ],
        "confidence": [
          1.0,
          1.0
        ],
        "feature_ids": [
          "stud@R125/studC",
          "snap_cyl@L8:I2"
        ],
        "residual": {
          "distance": 0.0,
          "axial_gap": 0.0,
          "alignment": 1.0,
          "roll_alignment": 1.0,
          "entry_face_gap": 0.0,
          "penetration": 12.0
        }
      },
      {
        "instances": [
          0,
          3
        ],
        "status": "confirmed",
        "kinds": [
          "stud",
          "stud_receptacle"
        ],
        "sources": [
          "ldcad_shadow",
          "ldcad_shadow"
        ],
        "confidence": [
          1.0,
          1.0
        ],
        "feature_ids": [
          "stud@R126/studC",
          "snap_cyl@L8:I0"
        ],
        "residual": {
          "distance": 0.0,
          "axial_gap": 0.0,
          "alignment": 1.0,
          "roll_alignment": 1.0,
          "entry_face_gap": 0.0,
          "penetration": 12.0
        }
      },
      {
        "instances": [
          0,
          4
        ],
        "status": "confirmed",
        "kinds": [
          "stud",
          "stud_receptacle"
        ],
        "sources": [
          "ldcad_shadow",
          "ldcad_shadow"
        ],
        "confidence": [
          1.0,
          1.0
        ],
        "feature_ids": [
          "stud@R115/studC",
          "snap_cyl@L9:I2"
        ],
        "residual": {
          "distance": 0.0,
          "axial_gap": 0.0,
          "alignment": 1.0,
          "roll_alignment": 1.0,
          "entry_face_gap": 0.0,
          "penetration": 12.0
        }
      },
      {
        "instances": [
          0,
          4
        ],
        "status": "confirmed",
        "kinds": [
          "stud",
          "stud_receptacle"
        ],
        "sources": [
          "ldcad_shadow",
          "ldcad_shadow"
        ],
        "confidence": [
          1.0,
          1.0
        ],
        "feature_ids": [
          "stud@R116/studC",
          "snap_cyl@L9:I3"
        ],
        "residual": {
          "distance": 0.0,
          "axial_gap": 0.0,
          "alignment": 1.0,
          "roll_alignment": 1.0,
          "entry_face_gap": 0.0,
          "penetration": 12.0
        }
      },
      {
        "instances": [
          0,
          4
        ],
        "status": "confirmed",
        "kinds": [
          "stud",
          "stud_receptacle"
        ],
        "sources": [
          "ldcad_shadow",
          "ldcad_shadow"
        ],
        "confidence": [
          1.0,
          1.0
        ],
        "feature_ids": [
          "stud@R127/studC",
          "snap_cyl@L9:I0"
        ],
        "residual": {
          "distance": 0.0,
          "axial_gap": 0.0,
          "alignment": 1.0,
          "roll_alignment": 1.0,
          "entry_face_gap": 0.0,
          "penetration": 12.0
        }
      },
      {
        "instances": [
          0,
          4
        ],
        "status": "confirmed",
        "kinds": [
          "stud",
          "stud_receptacle"
        ],
        "sources": [
          "ldcad_shadow",
          "ldcad_shadow"
        ],
        "confidence": [
          1.0,
          1.0
        ],
        "feature_ids": [
          "stud@R128/studC",
          "snap_cyl@L9:I1"
        ],
        "residual": {
          "distance": 0.0,
          "axial_gap": 0.0,
          "alignment": 1.0,
          "roll_alignment": 1.0,
          "entry_face_gap": 0.0,
          "penetration": 12.0
        }
      },
      {
        "instances": [
          0,
          5
        ],
        "status": "confirmed",
        "kinds": [
          "stud",
          "stud_receptacle"
        ],
        "sources": [
          "ldcad_shadow",
          "ldcad_shadow"
        ],
        "confidence": [
          1.0,
          1.0
        ],
        "feature_ids": [
          "stud@R57/studC",
          "snap_cyl@L8:I6"
        ],
        "residual": {
          "distance": 0.0,
          "axial_gap": 0.0,
          "alignment": 1.0,
          "roll_alignment": 1.0,
          "entry_face_gap": 0.0,
          "penetration": 12.0
        }
      },
      {
        "instances": [
          0,
          5
        ],
        "status": "confirmed",
        "kinds": [
          "stud",
          "stud_receptacle"
        ],
        "sources": [
          "ldcad_shadow",
          "ldcad_shadow"
        ],
        "confidence": [
          1.0,
          1.0
        ],
        "feature_ids": [
          "stud@R58/studC",
          "snap_cyl@L8:I7"
        ],
        "residual": {
          "distance": 0.0,
          "axial_gap": 0.0,
          "alignment": 1.0,
          "roll_alignment": 1.0,
          "entry_face_gap": 0.0,
          "penetration": 12.0
        }
      },
      {
        "instances": [
          0,
          5
        ],
        "status": "confirmed",
        "kinds": [
          "stud",
          "stud_receptacle"
        ],
        "sources": [
          "ldcad_shadow",
          "ldcad_shadow"
        ],
        "confidence": [
          1.0,
          1.0
        ],
        "feature_ids": [
          "stud@R69/studC",
          "snap_cyl@L8:I4"
        ],
        "residual": {
          "distance": 0.0,
          "axial_gap": 0.0,
          "alignment": 1.0,
          "roll_alignment": 1.0,
          "entry_face_gap": 0.0,
          "penetration": 12.0
        }
      },
      {
        "instances": [
          0,
          5
        ],
        "status": "confirmed",
        "kinds": [
          "stud",
          "stud_receptacle"
        ],
        "sources": [
          "ldcad_shadow",
          "ldcad_shadow"
        ],
        "confidence": [
          1.0,
          1.0
        ],
        "feature_ids": [
          "stud@R70/studC",
          "snap_cyl@L8:I5"
        ],
        "residual": {
          "distance": 0.0,
          "axial_gap": 0.0,
          "alignment": 1.0,
          "roll_alignment": 1.0,
          "entry_face_gap": 0.0,
          "penetration": 12.0
        }
      },
      {
        "instances": [
          0,
          5
        ],
        "status": "confirmed",
        "kinds": [
          "stud",
          "stud_receptacle"
        ],
        "sources": [
          "ldcad_shadow",
          "ldcad_shadow"
        ],
        "confidence": [
          1.0,
          1.0
        ],
        "feature_ids": [
          "stud@R81/studC",
          "snap_cyl@L8:I2"
        ],
        "residual": {
          "distance": 0.0,
          "axial_gap": 0.0,
          "alignment": 1.0,
          "roll_alignment": 1.0,
          "entry_face_gap": 0.0,
          "penetration": 12.0
        }
      },
      {
        "instances": [
          0,
          5
        ],
        "status": "confirmed",
        "kinds": [
          "stud",
          "stud_receptacle"
        ],
        "sources": [
          "ldcad_shadow",
          "ldcad_shadow"
        ],
        "confidence": [
          1.0,
          1.0
        ],
        "feature_ids": [
          "stud@R82/studC",
          "snap_cyl@L8:I3"
        ],
        "residual": {
          "distance": 0.0,
          "axial_gap": 0.0,
          "alignment": 1.0,
          "roll_alignment": 1.0,
          "entry_face_gap": 0.0,
          "penetration": 12.0
        }
      },
      {
        "instances": [
          0,
          5
        ],
        "status": "confirmed",
        "kinds": [
          "stud",
          "stud_receptacle"
        ],
        "sources": [
          "ldcad_shadow",
          "ldcad_shadow"
        ],
        "confidence": [
          1.0,
          1.0
        ],
        "feature_ids": [
          "stud@R93/studC",
          "snap_cyl@L8:I0"
        ],
        "residual": {
          "distance": 0.0,
          "axial_gap": 0.0,
          "alignment": 1.0,
          "roll_alignment": 1.0,
          "entry_face_gap": 0.0,
          "penetration": 12.0
        }
      },
      {
        "instances": [
          0,
          5
        ],
        "status": "confirmed",
        "kinds": [
          "stud",
          "stud_receptacle"
        ],
        "sources": [
          "ldcad_shadow",
          "ldcad_shadow"
        ],
        "confidence": [
          1.0,
          1.0
        ],
        "feature_ids": [
          "stud@R94/studC",
          "snap_cyl@L8:I1"
        ],
        "residual": {
          "distance": 0.0,
          "axial_gap": 0.0,
          "alignment": 1.0,
          "roll_alignment": 1.0,
          "entry_face_gap": 0.0,
          "penetration": 12.0
        }
      },
      {
        "instances": [
          0,
          6
        ],
        "status": "confirmed",
        "kinds": [
          "stud",
          "stud_receptacle"
        ],
        "sources": [
          "ldcad_shadow",
          "ldcad_shadow"
        ],
        "confidence": [
          1.0,
          1.0
        ],
        "feature_ids": [
          "stud@R100/studC",
          "snap_cyl@L8:I12"
        ],
        "residual": {
          "distance": 0.0,
          "axial_gap": 0.0,
          "alignment": 1.0,
          "roll_alignment": 1.0,
          "entry_face_gap": 0.0,
          "penetration": 12.0
        }
      },
      {
        "instances": [
          0,
          6
        ],
        "status": "confirmed",
        "kinds": [
          "stud",
          "stud_receptacle"
        ],
        "sources": [
          "ldcad_shadow",
          "ldcad_shadow"
        ],
        "confidence": [
          1.0,
          1.0
        ],
        "feature_ids": [
          "stud@R101/studC",
          "snap_cyl@L8:I6"
        ],
        "residual": {
          "distance": 0.0,
          "axial_gap": 0.0,
          "alignment": 1.0,
          "roll_alignment": 1.0,
          "entry_face_gap": 0.0,
          "penetration": 12.0
        }
      },
      {
        "instances": [
          0,
          6
        ],
        "status": "confirmed",
        "kinds": [
          "stud",
          "stud_receptacle"
        ],
        "sources": [
          "ldcad_shadow",
          "ldcad_shadow"
        ],
        "confidence": [
          1.0,
          1.0
        ],
        "feature_ids": [
          "stud@R102/studC",
          "snap_cyl@L8:I0"
        ],
        "residual": {
          "distance": 0.0,
          "axial_gap": 0.0,
          "alignment": 1.0,
          "roll_alignment": 1.0,
          "entry_face_gap": 0.0,
          "penetration": 12.0
        }
      },
      {
        "instances": [
          0,
          6
        ],
        "status": "confirmed",
        "kinds": [
          "stud",
          "stud_receptacle"
        ],
        "sources": [
          "ldcad_shadow",
          "ldcad_shadow"
        ],
        "confidence": [
          1.0,
          1.0
        ],
        "feature_ids": [
          "stud@R59/studC",
          "snap_cyl@L8:I45"
        ],
        "residual": {
          "distance": 0.0,
          "axial_gap": 0.0,
          "alignment": 1.0,
          "roll_alignment": 1.0,
          "entry_face_gap": 0.0,
          "penetration": 12.0
        }
      },
      {
        "instances": [
          0,
          6
        ],
        "status": "confirmed",
        "kinds": [
          "stud",
          "stud_receptacle"
        ],
        "sources": [
          "ldcad_shadow",
          "ldcad_shadow"
        ],
        "confidence": [
          1.0,
          1.0
        ],
        "feature_ids": [
          "stud@R60/studC",
          "snap_cyl@L8:I39"
        ],
        "residual": {
          "distance": 0.0,
          "axial_gap": 0.0,
          "alignment": 1.0,
          "roll_alignment": 1.0,
          "entry_face_gap": 0.0,
          "penetration": 12.0
        }
      },
      {
        "instances": [
          0,
          6
        ],
        "status": "confirmed",
        "kinds": [
          "stud",
          "stud_receptacle"
        ],
        "sources": [
          "ldcad_shadow",
          "ldcad_shadow"
        ],
        "confidence": [
          1.0,
          1.0
        ],
        "feature_ids": [
          "stud@R61/studC",
          "snap_cyl@L8:I33"
        ],
        "residual": {
          "distance": 0.0,
          "axial_gap": 0.0,
          "alignment": 1.0,
          "roll_alignment": 1.0,
          "entry_face_gap": 0.0,
          "penetration": 12.0
        }
      },
      {
        "instances": [
          0,
          6
        ],
        "status": "confirmed",
        "kinds": [
          "stud",
          "stud_receptacle"
        ],
        "sources": [
          "ldcad_shadow",
          "ldcad_shadow"
        ],
        "confidence": [
          1.0,
          1.0
        ],
        "feature_ids": [
          "stud@R62/studC",
          "snap_cyl@L8:I27"
        ],
        "residual": {
          "distance": 0.0,
          "axial_gap": 0.0,
          "alignment": 1.0,
          "roll_alignment": 1.0,
          "entry_face_gap": 0.0,
          "penetration": 12.0
        }
      },
      {
        "instances": [
          0,
          6
        ],
        "status": "confirmed",
        "kinds": [
          "stud",
          "stud_receptacle"
        ],
        "sources": [
          "ldcad_shadow",
          "ldcad_shadow"
        ],
        "confidence": [
          1.0,
          1.0
        ],
        "feature_ids": [
          "stud@R63/studC",
          "snap_cyl@L8:I21"
        ],
        "residual": {
          "distance": 0.0,
          "axial_gap": 0.0,
          "alignment": 1.0,
          "roll_alignment": 1.0,
          "entry_face_gap": 0.0,
          "penetration": 12.0
        }
      },
      {
        "instances": [
          0,
          6
        ],
        "status": "confirmed",
        "kinds": [
          "stud",
          "stud_receptacle"
        ],
        "sources": [
          "ldcad_shadow",
          "ldcad_shadow"
        ],
        "confidence": [
          1.0,
          1.0
        ],
        "feature_ids": [
          "stud@R64/studC",
          "snap_cyl@L8:I15"
        ],
        "residual": {
          "distance": 0.0,
          "axial_gap": 0.0,
          "alignment": 1.0,
          "roll_alignment": 1.0,
          "entry_face_gap": 0.0,
          "penetration": 12.0
        }
      },
      {
        "instances": [
          0,
          6
        ],
        "status": "confirmed",
        "kinds": [
          "stud",
          "stud_receptacle"
        ],
        "sources": [
          "ldcad_shadow",
          "ldcad_shadow"
        ],
        "confidence": [
          1.0,
          1.0
        ],
        "feature_ids": [
          "stud@R65/studC",
          "snap_cyl@L8:I9"
        ],
        "residual": {
          "distance": 0.0,
          "axial_gap": 0.0,
          "alignment": 1.0,
          "roll_alignment": 1.0,
          "entry_face_gap": 0.0,
          "penetration": 12.0
        }
      },
      {
        "instances": [
          0,
          6
        ],
        "status": "confirmed",
        "kinds": [
          "stud",
          "stud_receptacle"
        ],
        "sources": [
          "ldcad_shadow",
          "ldcad_shadow"
        ],
        "confidence": [
          1.0,
          1.0
        ],
        "feature_ids": [
          "stud@R66/studC",
          "snap_cyl@L8:I3"
        ],
        "residual": {
          "distance": 0.0,
          "axial_gap": 0.0,
          "alignment": 1.0,
          "roll_alignment": 1.0,
          "entry_face_gap": 0.0,
          "penetration": 12.0
        }
      },
      {
        "instances": [
          0,
          6
        ],
        "status": "confirmed",
        "kinds": [
          "stud",
          "stud_receptacle"
        ],
        "sources": [
          "ldcad_shadow",
          "ldcad_shadow"
        ],
        "confidence": [
          1.0,
          1.0
        ],
        "feature_ids": [
          "stud@R71/studC",
          "snap_cyl@L8:I44"
        ],
        "residual": {
          "distance": 0.0,
          "axial_gap": 0.0,
          "alignment": 1.0,
          "roll_alignment": 1.0,
          "entry_face_gap": 0.0,
          "penetration": 12.0
        }
      },
      {
        "instances": [
          0,
          6
        ],
        "status": "confirmed",
        "kinds": [
          "stud",
          "stud_receptacle"
        ],
        "sources": [
          "ldcad_shadow",
          "ldcad_shadow"
        ],
        "confidence": [
          1.0,
          1.0
        ],
        "feature_ids": [
          "stud@R72/studC",
          "snap_cyl@L8:I38"
        ],
        "residual": {
          "distance": 0.0,
          "axial_gap": 0.0,
          "alignment": 1.0,
          "roll_alignment": 1.0,
          "entry_face_gap": 0.0,
          "penetration": 12.0
        }
      },
      {
        "instances": [
          0,
          6
        ],
        "status": "confirmed",
        "kinds": [
          "stud",
          "stud_receptacle"
        ],
        "sources": [
          "ldcad_shadow",
          "ldcad_shadow"
        ],
        "confidence": [
          1.0,
          1.0
        ],
        "feature_ids": [
          "stud@R73/studC",
          "snap_cyl@L8:I32"
        ],
        "residual": {
          "distance": 0.0,
          "axial_gap": 0.0,
          "alignment": 1.0,
          "roll_alignment": 1.0,
          "entry_face_gap": 0.0,
          "penetration": 12.0
        }
      },
      {
        "instances": [
          0,
          6
        ],
        "status": "confirmed",
        "kinds": [
          "stud",
          "stud_receptacle"
        ],
        "sources": [
          "ldcad_shadow",
          "ldcad_shadow"
        ],
        "confidence": [
          1.0,
          1.0
        ],
        "feature_ids": [
          "stud@R74/studC",
          "snap_cyl@L8:I26"
        ],
        "residual": {
          "distance": 0.0,
          "axial_gap": 0.0,
          "alignment": 1.0,
          "roll_alignment": 1.0,
          "entry_face_gap": 0.0,
          "penetration": 12.0
        }
      },
      {
        "instances": [
          0,
          6
        ],
        "status": "confirmed",
        "kinds": [
          "stud",
          "stud_receptacle"
        ],
        "sources": [
          "ldcad_shadow",
          "ldcad_shadow"
        ],
        "confidence": [
          1.0,
          1.0
        ],
        "feature_ids": [
          "stud@R75/studC",
          "snap_cyl@L8:I20"
        ],
        "residual": {
          "distance": 0.0,
          "axial_gap": 0.0,
          "alignment": 1.0,
          "roll_alignment": 1.0,
          "entry_face_gap": 0.0,
          "penetration": 12.0
        }
      },
      {
        "instances": [
          0,
          6
        ],
        "status": "confirmed",
        "kinds": [
          "stud",
          "stud_receptacle"
        ],
        "sources": [
          "ldcad_shadow",
          "ldcad_shadow"
        ],
        "confidence": [
          1.0,
          1.0
        ],
        "feature_ids": [
          "stud@R76/studC",
          "snap_cyl@L8:I14"
        ],
        "residual": {
          "distance": 0.0,
          "axial_gap": 0.0,
          "alignment": 1.0,
          "roll_alignment": 1.0,
          "entry_face_gap": 0.0,
          "penetration": 12.0
        }
      },
      {
        "instances": [
          0,
          6
        ],
        "status": "confirmed",
        "kinds": [
          "stud",
          "stud_receptacle"
        ],
        "sources": [
          "ldcad_shadow",
          "ldcad_shadow"
        ],
        "confidence": [
          1.0,
          1.0
        ],
        "feature_ids": [
          "stud@R77/studC",
          "snap_cyl@L8:I8"
        ],
        "residual": {
          "distance": 0.0,
          "axial_gap": 0.0,
          "alignment": 1.0,
          "roll_alignment": 1.0,
          "entry_face_gap": 0.0,
          "penetration": 12.0
        }
      },
      {
        "instances": [
          0,
          6
        ],
        "status": "confirmed",
        "kinds": [
          "stud",
          "stud_receptacle"
        ],
        "sources": [
          "ldcad_shadow",
          "ldcad_shadow"
        ],
        "confidence": [
          1.0,
          1.0
        ],
        "feature_ids": [
          "stud@R78/studC",
          "snap_cyl@L8:I2"
        ],
        "residual": {
          "distance": 0.0,
          "axial_gap": 0.0,
          "alignment": 1.0,
          "roll_alignment": 1.0,
          "entry_face_gap": 0.0,
          "penetration": 12.0
        }
      },
      {
        "instances": [
          0,
          6
        ],
        "status": "confirmed",
        "kinds": [
          "stud",
          "stud_receptacle"
        ],
        "sources": [
          "ldcad_shadow",
          "ldcad_shadow"
        ],
        "confidence": [
          1.0,
          1.0
        ],
        "feature_ids": [
          "stud@R83/studC",
          "snap_cyl@L8:I43"
        ],
        "residual": {
          "distance": 0.0,
          "axial_gap": 0.0,
          "alignment": 1.0,
          "roll_alignment": 1.0,
          "entry_face_gap": 0.0,
          "penetration": 12.0
        }
      },
      {
        "instances": [
          0,
          6
        ],
        "status": "confirmed",
        "kinds": [
          "stud",
          "stud_receptacle"
        ],
        "sources": [
          "ldcad_shadow",
          "ldcad_shadow"
        ],
        "confidence": [
          1.0,
          1.0
        ],
        "feature_ids": [
          "stud@R84/studC",
          "snap_cyl@L8:I37"
        ],
        "residual": {
          "distance": 0.0,
          "axial_gap": 0.0,
          "alignment": 1.0,
          "roll_alignment": 1.0,
          "entry_face_gap": 0.0,
          "penetration": 12.0
        }
      },
      {
        "instances": [
          0,
          6
        ],
        "status": "confirmed",
        "kinds": [
          "stud",
          "stud_receptacle"
        ],
        "sources": [
          "ldcad_shadow",
          "ldcad_shadow"
        ],
        "confidence": [
          1.0,
          1.0
        ],
        "feature_ids": [
          "stud@R85/studC",
          "snap_cyl@L8:I31"
        ],
        "residual": {
          "distance": 0.0,
          "axial_gap": 0.0,
          "alignment": 1.0,
          "roll_alignment": 1.0,
          "entry_face_gap": 0.0,
          "penetration": 12.0
        }
      },
      {
        "instances": [
          0,
          6
        ],
        "status": "confirmed",
        "kinds": [
          "stud",
          "stud_receptacle"
        ],
        "sources": [
          "ldcad_shadow",
          "ldcad_shadow"
        ],
        "confidence": [
          1.0,
          1.0
        ],
        "feature_ids": [
          "stud@R86/studC",
          "snap_cyl@L8:I25"
        ],
        "residual": {
          "distance": 0.0,
          "axial_gap": 0.0,
          "alignment": 1.0,
          "roll_alignment": 1.0,
          "entry_face_gap": 0.0,
          "penetration": 12.0
        }
      },
      {
        "instances": [
          0,
          6
        ],
        "status": "confirmed",
        "kinds": [
          "stud",
          "stud_receptacle"
        ],
        "sources": [
          "ldcad_shadow",
          "ldcad_shadow"
        ],
        "confidence": [
          1.0,
          1.0
        ],
        "feature_ids": [
          "stud@R87/studC",
          "snap_cyl@L8:I19"
        ],
        "residual": {
          "distance": 0.0,
          "axial_gap": 0.0,
          "alignment": 1.0,
          "roll_alignment": 1.0,
          "entry_face_gap": 0.0,
          "penetration": 12.0
        }
      },
      {
        "instances": [
          0,
          6
        ],
        "status": "confirmed",
        "kinds": [
          "stud",
          "stud_receptacle"
        ],
        "sources": [
          "ldcad_shadow",
          "ldcad_shadow"
        ],
        "confidence": [
          1.0,
          1.0
        ],
        "feature_ids": [
          "stud@R88/studC",
          "snap_cyl@L8:I13"
        ],
        "residual": {
          "distance": 0.0,
          "axial_gap": 0.0,
          "alignment": 1.0,
          "roll_alignment": 1.0,
          "entry_face_gap": 0.0,
          "penetration": 12.0
        }
      },
      {
        "instances": [
          0,
          6
        ],
        "status": "confirmed",
        "kinds": [
          "stud",
          "stud_receptacle"
        ],
        "sources": [
          "ldcad_shadow",
          "ldcad_shadow"
        ],
        "confidence": [
          1.0,
          1.0
        ],
        "feature_ids": [
          "stud@R89/studC",
          "snap_cyl@L8:I7"
        ],
        "residual": {
          "distance": 0.0,
          "axial_gap": 0.0,
          "alignment": 1.0,
          "roll_alignment": 1.0,
          "entry_face_gap": 0.0,
          "penetration": 12.0
        }
      },
      {
        "instances": [
          0,
          6
        ],
        "status": "confirmed",
        "kinds": [
          "stud",
          "stud_receptacle"
        ],
        "sources": [
          "ldcad_shadow",
          "ldcad_shadow"
        ],
        "confidence": [
          1.0,
          1.0
        ],
        "feature_ids": [
          "stud@R90/studC",
          "snap_cyl@L8:I1"
        ],
        "residual": {
          "distance": 0.0,
          "axial_gap": 0.0,
          "alignment": 1.0,
          "roll_alignment": 1.0,
          "entry_face_gap": 0.0,
          "penetration": 12.0
        }
      },
      {
        "instances": [
          0,
          6
        ],
        "status": "confirmed",
        "kinds": [
          "stud",
          "stud_receptacle"
        ],
        "sources": [
          "ldcad_shadow",
          "ldcad_shadow"
        ],
        "confidence": [
          1.0,
          1.0
        ],
        "feature_ids": [
          "stud@R95/studC",
          "snap_cyl@L8:I42"
        ],
        "residual": {
          "distance": 0.0,
          "axial_gap": 0.0,
          "alignment": 1.0,
          "roll_alignment": 1.0,
          "entry_face_gap": 0.0,
          "penetration": 12.0
        }
      },
      {
        "instances": [
          0,
          6
        ],
        "status": "confirmed",
        "kinds": [
          "stud",
          "stud_receptacle"
        ],
        "sources": [
          "ldcad_shadow",
          "ldcad_shadow"
        ],
        "confidence": [
          1.0,
          1.0
        ],
        "feature_ids": [
          "stud@R96/studC",
          "snap_cyl@L8:I36"
        ],
        "residual": {
          "distance": 0.0,
          "axial_gap": 0.0,
          "alignment": 1.0,
          "roll_alignment": 1.0,
          "entry_face_gap": 0.0,
          "penetration": 12.0
        }
      },
      {
        "instances": [
          0,
          6
        ],
        "status": "confirmed",
        "kinds": [
          "stud",
          "stud_receptacle"
        ],
        "sources": [
          "ldcad_shadow",
          "ldcad_shadow"
        ],
        "confidence": [
          1.0,
          1.0
        ],
        "feature_ids": [
          "stud@R97/studC",
          "snap_cyl@L8:I30"
        ],
        "residual": {
          "distance": 0.0,
          "axial_gap": 0.0,
          "alignment": 1.0,
          "roll_alignment": 1.0,
          "entry_face_gap": 0.0,
          "penetration": 12.0
        }
      },
      {
        "instances": [
          0,
          6
        ],
        "status": "confirmed",
        "kinds": [
          "stud",
          "stud_receptacle"
        ],
        "sources": [
          "ldcad_shadow",
          "ldcad_shadow"
        ],
        "confidence": [
          1.0,
          1.0
        ],
        "feature_ids": [
          "stud@R98/studC",
          "snap_cyl@L8:I24"
        ],
        "residual": {
          "distance": 0.0,
          "axial_gap": 0.0,
          "alignment": 1.0,
          "roll_alignment": 1.0,
          "entry_face_gap": 0.0,
          "penetration": 12.0
        }
      },
      {
        "instances": [
          0,
          6
        ],
        "status": "confirmed",
        "kinds": [
          "stud",
          "stud_receptacle"
        ],
        "sources": [
          "ldcad_shadow",
          "ldcad_shadow"
        ],
        "confidence": [
          1.0,
          1.0
        ],
        "feature_ids": [
          "stud@R99/studC",
          "snap_cyl@L8:I18"
        ],
        "residual": {
          "distance": 0.0,
          "axial_gap": 0.0,
          "alignment": 1.0,
          "roll_alignment": 1.0,
          "entry_face_gap": 0.0,
          "penetration": 12.0
        }
      },
      {
        "instances": [
          0,
          7
        ],
        "status": "confirmed",
        "kinds": [
          "stud",
          "stud_receptacle"
        ],
        "sources": [
          "ldcad_shadow",
          "ldcad_shadow"
        ],
        "confidence": [
          1.0,
          1.0
        ],
        "feature_ids": [
          "stud@R103/studC",
          "snap_cyl@L8:I0"
        ],
        "residual": {
          "distance": 0.0,
          "axial_gap": 0.0,
          "alignment": 1.0,
          "roll_alignment": 1.0,
          "entry_face_gap": 0.0,
          "penetration": 12.0
        }
      },
      {
        "instances": [
          0,
          7
        ],
        "status": "confirmed",
        "kinds": [
          "stud",
          "stud_receptacle"
        ],
        "sources": [
          "ldcad_shadow",
          "ldcad_shadow"
        ],
        "confidence": [
          1.0,
          1.0
        ],
        "feature_ids": [
          "stud@R104/studC",
          "snap_cyl@L8:I1"
        ],
        "residual": {
          "distance": 0.0,
          "axial_gap": 0.0,
          "alignment": 1.0,
          "roll_alignment": 1.0,
          "entry_face_gap": 0.0,
          "penetration": 12.0
        }
      },
      {
        "instances": [
          0,
          7
        ],
        "status": "confirmed",
        "kinds": [
          "stud",
          "stud_receptacle"
        ],
        "sources": [
          "ldcad_shadow",
          "ldcad_shadow"
        ],
        "confidence": [
          1.0,
          1.0
        ],
        "feature_ids": [
          "stud@R67/studC",
          "snap_cyl@L8:I6"
        ],
        "residual": {
          "distance": 0.0,
          "axial_gap": 0.0,
          "alignment": 1.0,
          "roll_alignment": 1.0,
          "entry_face_gap": 0.0,
          "penetration": 12.0
        }
      },
      {
        "instances": [
          0,
          7
        ],
        "status": "confirmed",
        "kinds": [
          "stud",
          "stud_receptacle"
        ],
        "sources": [
          "ldcad_shadow",
          "ldcad_shadow"
        ],
        "confidence": [
          1.0,
          1.0
        ],
        "feature_ids": [
          "stud@R68/studC",
          "snap_cyl@L8:I7"
        ],
        "residual": {
          "distance": 0.0,
          "axial_gap": 0.0,
          "alignment": 1.0,
          "roll_alignment": 1.0,
          "entry_face_gap": 0.0,
          "penetration": 12.0
        }
      },
      {
        "instances": [
          0,
          7
        ],
        "status": "confirmed",
        "kinds": [
          "stud",
          "stud_receptacle"
        ],
        "sources": [
          "ldcad_shadow",
          "ldcad_shadow"
        ],
        "confidence": [
          1.0,
          1.0
        ],
        "feature_ids": [
          "stud@R79/studC",
          "snap_cyl@L8:I4"
        ],
        "residual": {
          "distance": 0.0,
          "axial_gap": 0.0,
          "alignment": 1.0,
          "roll_alignment": 1.0,
          "entry_face_gap": 0.0,
          "penetration": 12.0
        }
      },
      {
        "instances": [
          0,
          7
        ],
        "status": "confirmed",
        "kinds": [
          "stud",
          "stud_receptacle"
        ],
        "sources": [
          "ldcad_shadow",
          "ldcad_shadow"
        ],
        "confidence": [
          1.0,
          1.0
        ],
        "feature_ids": [
          "stud@R80/studC",
          "snap_cyl@L8:I5"
        ],
        "residual": {
          "distance": 0.0,
          "axial_gap": 0.0,
          "alignment": 1.0,
          "roll_alignment": 1.0,
          "entry_face_gap": 0.0,
          "penetration": 12.0
        }
      },
      {
        "instances": [
          0,
          7
        ],
        "status": "confirmed",
        "kinds": [
          "stud",
          "stud_receptacle"
        ],
        "sources": [
          "ldcad_shadow",
          "ldcad_shadow"
        ],
        "confidence": [
          1.0,
          1.0
        ],
        "feature_ids": [
          "stud@R91/studC",
          "snap_cyl@L8:I2"
        ],
        "residual": {
          "distance": 0.0,
          "axial_gap": 0.0,
          "alignment": 1.0,
          "roll_alignment": 1.0,
          "entry_face_gap": 0.0,
          "penetration": 12.0
        }
      },
      {
        "instances": [
          0,
          7
        ],
        "status": "confirmed",
        "kinds": [
          "stud",
          "stud_receptacle"
        ],
        "sources": [
          "ldcad_shadow",
          "ldcad_shadow"
        ],
        "confidence": [
          1.0,
          1.0
        ],
        "feature_ids": [
          "stud@R92/studC",
          "snap_cyl@L8:I3"
        ],
        "residual": {
          "distance": 0.0,
          "axial_gap": 0.0,
          "alignment": 1.0,
          "roll_alignment": 1.0,
          "entry_face_gap": 0.0,
          "penetration": 12.0
        }
      },
      {
        "instances": [
          1,
          5
        ],
        "status": "confirmed",
        "kinds": [
          "stud",
          "stud_receptacle"
        ],
        "sources": [
          "ldcad_shadow",
          "ldcad_shadow"
        ],
        "confidence": [
          1.0,
          1.0
        ],
        "feature_ids": [
          "stud@R59/studC",
          "snap_cyl@L8:I10"
        ],
        "residual": {
          "distance": 0.0,
          "axial_gap": 0.0,
          "alignment": 1.0,
          "roll_alignment": 1.0,
          "entry_face_gap": 0.0,
          "penetration": 12.0
        }
      },
      {
        "instances": [
          1,
          5
        ],
        "status": "confirmed",
        "kinds": [
          "stud",
          "stud_receptacle"
        ],
        "sources": [
          "ldcad_shadow",
          "ldcad_shadow"
        ],
        "confidence": [
          1.0,
          1.0
        ],
        "feature_ids": [
          "stud@R60/studC",
          "snap_cyl@L8:I11"
        ],
        "residual": {
          "distance": 0.0,
          "axial_gap": 0.0,
          "alignment": 1.0,
          "roll_alignment": 1.0,
          "entry_face_gap": 0.0,
          "penetration": 12.0
        }
      },
      {
        "instances": [
          1,
          5
        ],
        "status": "confirmed",
        "kinds": [
          "stud",
          "stud_receptacle"
        ],
        "sources": [
          "ldcad_shadow",
          "ldcad_shadow"
        ],
        "confidence": [
          1.0,
          1.0
        ],
        "feature_ids": [
          "stud@R71/studC",
          "snap_cyl@L8:I8"
        ],
        "residual": {
          "distance": 0.0,
          "axial_gap": 0.0,
          "alignment": 1.0,
          "roll_alignment": 1.0,
          "entry_face_gap": 0.0,
          "penetration": 12.0
        }
      },
      {
        "instances": [
          1,
          5
        ],
        "status": "confirmed",
        "kinds": [
          "stud",
          "stud_receptacle"
        ],
        "sources": [
          "ldcad_shadow",
          "ldcad_shadow"
        ],
        "confidence": [
          1.0,
          1.0
        ],
        "feature_ids": [
          "stud@R72/studC",
          "snap_cyl@L8:I9"
        ],
        "residual": {
          "distance": 0.0,
          "axial_gap": 0.0,
          "alignment": 1.0,
          "roll_alignment": 1.0,
          "entry_face_gap": 0.0,
          "penetration": 12.0
        }
      },
      {
        "instances": [
          1,
          6
        ],
        "status": "confirmed",
        "kinds": [
          "stud",
          "stud_receptacle"
        ],
        "sources": [
          "ldcad_shadow",
          "ldcad_shadow"
        ],
        "confidence": [
          1.0,
          1.0
        ],
        "feature_ids": [
          "stud@R61/studC",
          "snap_cyl@L8:I47"
        ],
        "residual": {
          "distance": 0.0,
          "axial_gap": 0.0,
          "alignment": 1.0,
          "roll_alignment": 1.0,
          "entry_face_gap": 0.0,
          "penetration": 12.0
        }
      },
      {
        "instances": [
          1,
          6
        ],
        "status": "confirmed",
        "kinds": [
          "stud",
          "stud_receptacle"
        ],
        "sources": [
          "ldcad_shadow",
          "ldcad_shadow"
        ],
        "confidence": [
          1.0,
          1.0
        ],
        "feature_ids": [
          "stud@R62/studC",
          "snap_cyl@L8:I41"
        ],
        "residual": {
          "distance": 0.0,
          "axial_gap": 0.0,
          "alignment": 1.0,
          "roll_alignment": 1.0,
          "entry_face_gap": 0.0,
          "penetration": 12.0
        }
      },
      {
        "instances": [
          1,
          6
        ],
        "status": "confirmed",
        "kinds": [
          "stud",
          "stud_receptacle"
        ],
        "sources": [
          "ldcad_shadow",
          "ldcad_shadow"
        ],
        "confidence": [
          1.0,
          1.0
        ],
        "feature_ids": [
          "stud@R63/studC",
          "snap_cyl@L8:I35"
        ],
        "residual": {
          "distance": 0.0,
          "axial_gap": 0.0,
          "alignment": 1.0,
          "roll_alignment": 1.0,
          "entry_face_gap": 0.0,
          "penetration": 12.0
        }
      },
      {
        "instances": [
          1,
          6
        ],
        "status": "confirmed",
        "kinds": [
          "stud",
          "stud_receptacle"
        ],
        "sources": [
          "ldcad_shadow",
          "ldcad_shadow"
        ],
        "confidence": [
          1.0,
          1.0
        ],
        "feature_ids": [
          "stud@R64/studC",
          "snap_cyl@L8:I29"
        ],
        "residual": {
          "distance": 0.0,
          "axial_gap": 0.0,
          "alignment": 1.0,
          "roll_alignment": 1.0,
          "entry_face_gap": 0.0,
          "penetration": 12.0
        }
      },
      {
        "instances": [
          1,
          6
        ],
        "status": "confirmed",
        "kinds": [
          "stud",
          "stud_receptacle"
        ],
        "sources": [
          "ldcad_shadow",
          "ldcad_shadow"
        ],
        "confidence": [
          1.0,
          1.0
        ],
        "feature_ids": [
          "stud@R65/studC",
          "snap_cyl@L8:I23"
        ],
        "residual": {
          "distance": 0.0,
          "axial_gap": 0.0,
          "alignment": 1.0,
          "roll_alignment": 1.0,
          "entry_face_gap": 0.0,
          "penetration": 12.0
        }
      },
      {
        "instances": [
          1,
          6
        ],
        "status": "confirmed",
        "kinds": [
          "stud",
          "stud_receptacle"
        ],
        "sources": [
          "ldcad_shadow",
          "ldcad_shadow"
        ],
        "confidence": [
          1.0,
          1.0
        ],
        "feature_ids": [
          "stud@R66/studC",
          "snap_cyl@L8:I17"
        ],
        "residual": {
          "distance": 0.0,
          "axial_gap": 0.0,
          "alignment": 1.0,
          "roll_alignment": 1.0,
          "entry_face_gap": 0.0,
          "penetration": 12.0
        }
      },
      {
        "instances": [
          1,
          6
        ],
        "status": "confirmed",
        "kinds": [
          "stud",
          "stud_receptacle"
        ],
        "sources": [
          "ldcad_shadow",
          "ldcad_shadow"
        ],
        "confidence": [
          1.0,
          1.0
        ],
        "feature_ids": [
          "stud@R67/studC",
          "snap_cyl@L8:I11"
        ],
        "residual": {
          "distance": 0.0,
          "axial_gap": 0.0,
          "alignment": 1.0,
          "roll_alignment": 1.0,
          "entry_face_gap": 0.0,
          "penetration": 12.0
        }
      },
      {
        "instances": [
          1,
          6
        ],
        "status": "confirmed",
        "kinds": [
          "stud",
          "stud_receptacle"
        ],
        "sources": [
          "ldcad_shadow",
          "ldcad_shadow"
        ],
        "confidence": [
          1.0,
          1.0
        ],
        "feature_ids": [
          "stud@R68/studC",
          "snap_cyl@L8:I5"
        ],
        "residual": {
          "distance": 0.0,
          "axial_gap": 0.0,
          "alignment": 1.0,
          "roll_alignment": 1.0,
          "entry_face_gap": 0.0,
          "penetration": 12.0
        }
      },
      {
        "instances": [
          1,
          6
        ],
        "status": "confirmed",
        "kinds": [
          "stud",
          "stud_receptacle"
        ],
        "sources": [
          "ldcad_shadow",
          "ldcad_shadow"
        ],
        "confidence": [
          1.0,
          1.0
        ],
        "feature_ids": [
          "stud@R73/studC",
          "snap_cyl@L8:I46"
        ],
        "residual": {
          "distance": 0.0,
          "axial_gap": 0.0,
          "alignment": 1.0,
          "roll_alignment": 1.0,
          "entry_face_gap": 0.0,
          "penetration": 12.0
        }
      },
      {
        "instances": [
          1,
          6
        ],
        "status": "confirmed",
        "kinds": [
          "stud",
          "stud_receptacle"
        ],
        "sources": [
          "ldcad_shadow",
          "ldcad_shadow"
        ],
        "confidence": [
          1.0,
          1.0
        ],
        "feature_ids": [
          "stud@R74/studC",
          "snap_cyl@L8:I40"
        ],
        "residual": {
          "distance": 0.0,
          "axial_gap": 0.0,
          "alignment": 1.0,
          "roll_alignment": 1.0,
          "entry_face_gap": 0.0,
          "penetration": 12.0
        }
      },
      {
        "instances": [
          1,
          6
        ],
        "status": "confirmed",
        "kinds": [
          "stud",
          "stud_receptacle"
        ],
        "sources": [
          "ldcad_shadow",
          "ldcad_shadow"
        ],
        "confidence": [
          1.0,
          1.0
        ],
        "feature_ids": [
          "stud@R75/studC",
          "snap_cyl@L8:I34"
        ],
        "residual": {
          "distance": 0.0,
          "axial_gap": 0.0,
          "alignment": 1.0,
          "roll_alignment": 1.0,
          "entry_face_gap": 0.0,
          "penetration": 12.0
        }
      },
      {
        "instances": [
          1,
          6
        ],
        "status": "confirmed",
        "kinds": [
          "stud",
          "stud_receptacle"
        ],
        "sources": [
          "ldcad_shadow",
          "ldcad_shadow"
        ],
        "confidence": [
          1.0,
          1.0
        ],
        "feature_ids": [
          "stud@R76/studC",
          "snap_cyl@L8:I28"
        ],
        "residual": {
          "distance": 0.0,
          "axial_gap": 0.0,
          "alignment": 1.0,
          "roll_alignment": 1.0,
          "entry_face_gap": 0.0,
          "penetration": 12.0
        }
      },
      {
        "instances": [
          1,
          6
        ],
        "status": "confirmed",
        "kinds": [
          "stud",
          "stud_receptacle"
        ],
        "sources": [
          "ldcad_shadow",
          "ldcad_shadow"
        ],
        "confidence": [
          1.0,
          1.0
        ],
        "feature_ids": [
          "stud@R77/studC",
          "snap_cyl@L8:I22"
        ],
        "residual": {
          "distance": 0.0,
          "axial_gap": 0.0,
          "alignment": 1.0,
          "roll_alignment": 1.0,
          "entry_face_gap": 0.0,
          "penetration": 12.0
        }
      },
      {
        "instances": [
          1,
          6
        ],
        "status": "confirmed",
        "kinds": [
          "stud",
          "stud_receptacle"
        ],
        "sources": [
          "ldcad_shadow",
          "ldcad_shadow"
        ],
        "confidence": [
          1.0,
          1.0
        ],
        "feature_ids": [
          "stud@R78/studC",
          "snap_cyl@L8:I16"
        ],
        "residual": {
          "distance": 0.0,
          "axial_gap": 0.0,
          "alignment": 1.0,
          "roll_alignment": 1.0,
          "entry_face_gap": 0.0,
          "penetration": 12.0
        }
      },
      {
        "instances": [
          1,
          6
        ],
        "status": "confirmed",
        "kinds": [
          "stud",
          "stud_receptacle"
        ],
        "sources": [
          "ldcad_shadow",
          "ldcad_shadow"
        ],
        "confidence": [
          1.0,
          1.0
        ],
        "feature_ids": [
          "stud@R79/studC",
          "snap_cyl@L8:I10"
        ],
        "residual": {
          "distance": 0.0,
          "axial_gap": 0.0,
          "alignment": 1.0,
          "roll_alignment": 1.0,
          "entry_face_gap": 0.0,
          "penetration": 12.0
        }
      },
      {
        "instances": [
          1,
          6
        ],
        "status": "confirmed",
        "kinds": [
          "stud",
          "stud_receptacle"
        ],
        "sources": [
          "ldcad_shadow",
          "ldcad_shadow"
        ],
        "confidence": [
          1.0,
          1.0
        ],
        "feature_ids": [
          "stud@R80/studC",
          "snap_cyl@L8:I4"
        ],
        "residual": {
          "distance": 0.0,
          "axial_gap": 0.0,
          "alignment": 1.0,
          "roll_alignment": 1.0,
          "entry_face_gap": 0.0,
          "penetration": 12.0
        }
      },
      {
        "instances": [
          1,
          7
        ],
        "status": "confirmed",
        "kinds": [
          "stud",
          "stud_receptacle"
        ],
        "sources": [
          "ldcad_shadow",
          "ldcad_shadow"
        ],
        "confidence": [
          1.0,
          1.0
        ],
        "feature_ids": [
          "stud@R69/studC",
          "snap_cyl@L8:I10"
        ],
        "residual": {
          "distance": 0.0,
          "axial_gap": 0.0,
          "alignment": 1.0,
          "roll_alignment": 1.0,
          "entry_face_gap": 0.0,
          "penetration": 12.0
        }
      },
      {
        "instances": [
          1,
          7
        ],
        "status": "confirmed",
        "kinds": [
          "stud",
          "stud_receptacle"
        ],
        "sources": [
          "ldcad_shadow",
          "ldcad_shadow"
        ],
        "confidence": [
          1.0,
          1.0
        ],
        "feature_ids": [
          "stud@R70/studC",
          "snap_cyl@L8:I11"
        ],
        "residual": {
          "distance": 0.0,
          "axial_gap": 0.0,
          "alignment": 1.0,
          "roll_alignment": 1.0,
          "entry_face_gap": 0.0,
          "penetration": 12.0
        }
      },
      {
        "instances": [
          1,
          7
        ],
        "status": "confirmed",
        "kinds": [
          "stud",
          "stud_receptacle"
        ],
        "sources": [
          "ldcad_shadow",
          "ldcad_shadow"
        ],
        "confidence": [
          1.0,
          1.0
        ],
        "feature_ids": [
          "stud@R81/studC",
          "snap_cyl@L8:I8"
        ],
        "residual": {
          "distance": 0.0,
          "axial_gap": 0.0,
          "alignment": 1.0,
          "roll_alignment": 1.0,
          "entry_face_gap": 0.0,
          "penetration": 12.0
        }
      },
      {
        "instances": [
          1,
          7
        ],
        "status": "confirmed",
        "kinds": [
          "stud",
          "stud_receptacle"
        ],
        "sources": [
          "ldcad_shadow",
          "ldcad_shadow"
        ],
        "confidence": [
          1.0,
          1.0
        ],
        "feature_ids": [
          "stud@R82/studC",
          "snap_cyl@L8:I9"
        ],
        "residual": {
          "distance": 0.0,
          "axial_gap": 0.0,
          "alignment": 1.0,
          "roll_alignment": 1.0,
          "entry_face_gap": 0.0,
          "penetration": 12.0
        }
      },
      {
        "instances": [
          1,
          8
        ],
        "status": "confirmed",
        "kinds": [
          "stud",
          "stud_receptacle"
        ],
        "sources": [
          "ldcad_shadow",
          "ldcad_shadow"
        ],
        "confidence": [
          1.0,
          1.0
        ],
        "feature_ids": [
          "stud@R35/studC",
          "snap_cyl@L9:I2"
        ],
        "residual": {
          "distance": 0.0,
          "axial_gap": 0.0,
          "alignment": 1.0,
          "roll_alignment": 1.0,
          "entry_face_gap": 0.0,
          "penetration": 12.0
        }
      },
      {
        "instances": [
          1,
          8
        ],
        "status": "confirmed",
        "kinds": [
          "stud",
          "stud_receptacle"
        ],
        "sources": [
          "ldcad_shadow",
          "ldcad_shadow"
        ],
        "confidence": [
          1.0,
          1.0
        ],
        "feature_ids": [
          "stud@R36/studC",
          "snap_cyl@L9:I3"
        ],
        "residual": {
          "distance": 0.0,
          "axial_gap": 0.0,
          "alignment": 1.0,
          "roll_alignment": 1.0,
          "entry_face_gap": 0.0,
          "penetration": 12.0
        }
      },
      {
        "instances": [
          1,
          8
        ],
        "status": "confirmed",
        "kinds": [
          "stud",
          "stud_receptacle"
        ],
        "sources": [
          "ldcad_shadow",
          "ldcad_shadow"
        ],
        "confidence": [
          1.0,
          1.0
        ],
        "feature_ids": [
          "stud@R47/studC",
          "snap_cyl@L9:I0"
        ],
        "residual": {
          "distance": 0.0,
          "axial_gap": 0.0,
          "alignment": 1.0,
          "roll_alignment": 1.0,
          "entry_face_gap": 0.0,
          "penetration": 12.0
        }
      },
      {
        "instances": [
          1,
          8
        ],
        "status": "confirmed",
        "kinds": [
          "stud",
          "stud_receptacle"
        ],
        "sources": [
          "ldcad_shadow",
          "ldcad_shadow"
        ],
        "confidence": [
          1.0,
          1.0
        ],
        "feature_ids": [
          "stud@R48/studC",
          "snap_cyl@L9:I1"
        ],
        "residual": {
          "distance": 0.0,
          "axial_gap": 0.0,
          "alignment": 1.0,
          "roll_alignment": 1.0,
          "entry_face_gap": 0.0,
          "penetration": 12.0
        }
      },
      {
        "instances": [
          1,
          9
        ],
        "status": "confirmed",
        "kinds": [
          "stud",
          "stud_receptacle"
        ],
        "sources": [
          "ldcad_shadow",
          "ldcad_shadow"
        ],
        "confidence": [
          1.0,
          1.0
        ],
        "feature_ids": [
          "stud@R37/studC",
          "snap_cyl@L8:I15"
        ],
        "residual": {
          "distance": 0.0,
          "axial_gap": 0.0,
          "alignment": 1.0,
          "roll_alignment": 1.0,
          "entry_face_gap": 0.0,
          "penetration": 12.0
        }
      },
      {
        "instances": [
          1,
          9
        ],
        "status": "confirmed",
        "kinds": [
          "stud",
          "stud_receptacle"
        ],
        "sources": [
          "ldcad_shadow",
          "ldcad_shadow"
        ],
        "confidence": [
          1.0,
          1.0
        ],
        "feature_ids": [
          "stud@R38/studC",
          "snap_cyl@L8:I13"
        ],
        "residual": {
          "distance": 0.0,
          "axial_gap": 0.0,
          "alignment": 1.0,
          "roll_alignment": 1.0,
          "entry_face_gap": 0.0,
          "penetration": 12.0
        }
      },
      {
        "instances": [
          1,
          9
        ],
        "status": "confirmed",
        "kinds": [
          "stud",
          "stud_receptacle"
        ],
        "sources": [
          "ldcad_shadow",
          "ldcad_shadow"
        ],
        "confidence": [
          1.0,
          1.0
        ],
        "feature_ids": [
          "stud@R39/studC",
          "snap_cyl@L8:I11"
        ],
        "residual": {
          "distance": 0.0,
          "axial_gap": 0.0,
          "alignment": 1.0,
          "roll_alignment": 1.0,
          "entry_face_gap": 0.0,
          "penetration": 12.0
        }
      },
      {
        "instances": [
          1,
          9
        ],
        "status": "confirmed",
        "kinds": [
          "stud",
          "stud_receptacle"
        ],
        "sources": [
          "ldcad_shadow",
          "ldcad_shadow"
        ],
        "confidence": [
          1.0,
          1.0
        ],
        "feature_ids": [
          "stud@R40/studC",
          "snap_cyl@L8:I9"
        ],
        "residual": {
          "distance": 0.0,
          "axial_gap": 0.0,
          "alignment": 1.0,
          "roll_alignment": 1.0,
          "entry_face_gap": 0.0,
          "penetration": 12.0
        }
      },
      {
        "instances": [
          1,
          9
        ],
        "status": "confirmed",
        "kinds": [
          "stud",
          "stud_receptacle"
        ],
        "sources": [
          "ldcad_shadow",
          "ldcad_shadow"
        ],
        "confidence": [
          1.0,
          1.0
        ],
        "feature_ids": [
          "stud@R41/studC",
          "snap_cyl@L8:I7"
        ],
        "residual": {
          "distance": 0.0,
          "axial_gap": 0.0,
          "alignment": 1.0,
          "roll_alignment": 1.0,
          "entry_face_gap": 0.0,
          "penetration": 12.0
        }
      },
      {
        "instances": [
          1,
          9
        ],
        "status": "confirmed",
        "kinds": [
          "stud",
          "stud_receptacle"
        ],
        "sources": [
          "ldcad_shadow",
          "ldcad_shadow"
        ],
        "confidence": [
          1.0,
          1.0
        ],
        "feature_ids": [
          "stud@R42/studC",
          "snap_cyl@L8:I5"
        ],
        "residual": {
          "distance": 0.0,
          "axial_gap": 0.0,
          "alignment": 1.0,
          "roll_alignment": 1.0,
          "entry_face_gap": 0.0,
          "penetration": 12.0
        }
      },
      {
        "instances": [
          1,
          9
        ],
        "status": "confirmed",
        "kinds": [
          "stud",
          "stud_receptacle"
        ],
        "sources": [
          "ldcad_shadow",
          "ldcad_shadow"
        ],
        "confidence": [
          1.0,
          1.0
        ],
        "feature_ids": [
          "stud@R43/studC",
          "snap_cyl@L8:I3"
        ],
        "residual": {
          "distance": 0.0,
          "axial_gap": 0.0,
          "alignment": 1.0,
          "roll_alignment": 1.0,
          "entry_face_gap": 0.0,
          "penetration": 12.0
        }
      },
      {
        "instances": [
          1,
          9
        ],
        "status": "confirmed",
        "kinds": [
          "stud",
          "stud_receptacle"
        ],
        "sources": [
          "ldcad_shadow",
          "ldcad_shadow"
        ],
        "confidence": [
          1.0,
          1.0
        ],
        "feature_ids": [
          "stud@R44/studC",
          "snap_cyl@L8:I1"
        ],
        "residual": {
          "distance": 0.0,
          "axial_gap": 0.0,
          "alignment": 1.0,
          "roll_alignment": 1.0,
          "entry_face_gap": 0.0,
          "penetration": 12.0
        }
      },
      {
        "instances": [
          1,
          9
        ],
        "status": "confirmed",
        "kinds": [
          "stud",
          "stud_receptacle"
        ],
        "sources": [
          "ldcad_shadow",
          "ldcad_shadow"
        ],
        "confidence": [
          1.0,
          1.0
        ],
        "feature_ids": [
          "stud@R49/studC",
          "snap_cyl@L8:I14"
        ],
        "residual": {
          "distance": 0.0,
          "axial_gap": 0.0,
          "alignment": 1.0,
          "roll_alignment": 1.0,
          "entry_face_gap": 0.0,
          "penetration": 12.0
        }
      },
      {
        "instances": [
          1,
          9
        ],
        "status": "confirmed",
        "kinds": [
          "stud",
          "stud_receptacle"
        ],
        "sources": [
          "ldcad_shadow",
          "ldcad_shadow"
        ],
        "confidence": [
          1.0,
          1.0
        ],
        "feature_ids": [
          "stud@R50/studC",
          "snap_cyl@L8:I12"
        ],
        "residual": {
          "distance": 0.0,
          "axial_gap": 0.0,
          "alignment": 1.0,
          "roll_alignment": 1.0,
          "entry_face_gap": 0.0,
          "penetration": 12.0
        }
      },
      {
        "instances": [
          1,
          9
        ],
        "status": "confirmed",
        "kinds": [
          "stud",
          "stud_receptacle"
        ],
        "sources": [
          "ldcad_shadow",
          "ldcad_shadow"
        ],
        "confidence": [
          1.0,
          1.0
        ],
        "feature_ids": [
          "stud@R51/studC",
          "snap_cyl@L8:I10"
        ],
        "residual": {
          "distance": 0.0,
          "axial_gap": 0.0,
          "alignment": 1.0,
          "roll_alignment": 1.0,
          "entry_face_gap": 0.0,
          "penetration": 12.0
        }
      },
      {
        "instances": [
          1,
          9
        ],
        "status": "confirmed",
        "kinds": [
          "stud",
          "stud_receptacle"
        ],
        "sources": [
          "ldcad_shadow",
          "ldcad_shadow"
        ],
        "confidence": [
          1.0,
          1.0
        ],
        "feature_ids": [
          "stud@R52/studC",
          "snap_cyl@L8:I8"
        ],
        "residual": {
          "distance": 0.0,
          "axial_gap": 0.0,
          "alignment": 1.0,
          "roll_alignment": 1.0,
          "entry_face_gap": 0.0,
          "penetration": 12.0
        }
      },
      {
        "instances": [
          1,
          9
        ],
        "status": "confirmed",
        "kinds": [
          "stud",
          "stud_receptacle"
        ],
        "sources": [
          "ldcad_shadow",
          "ldcad_shadow"
        ],
        "confidence": [
          1.0,
          1.0
        ],
        "feature_ids": [
          "stud@R53/studC",
          "snap_cyl@L8:I6"
        ],
        "residual": {
          "distance": 0.0,
          "axial_gap": 0.0,
          "alignment": 1.0,
          "roll_alignment": 1.0,
          "entry_face_gap": 0.0,
          "penetration": 12.0
        }
      },
      {
        "instances": [
          1,
          9
        ],
        "status": "confirmed",
        "kinds": [
          "stud",
          "stud_receptacle"
        ],
        "sources": [
          "ldcad_shadow",
          "ldcad_shadow"
        ],
        "confidence": [
          1.0,
          1.0
        ],
        "feature_ids": [
          "stud@R54/studC",
          "snap_cyl@L8:I4"
        ],
        "residual": {
          "distance": 0.0,
          "axial_gap": 0.0,
          "alignment": 1.0,
          "roll_alignment": 1.0,
          "entry_face_gap": 0.0,
          "penetration": 12.0
        }
      },
      {
        "instances": [
          1,
          9
        ],
        "status": "confirmed",
        "kinds": [
          "stud",
          "stud_receptacle"
        ],
        "sources": [
          "ldcad_shadow",
          "ldcad_shadow"
        ],
        "confidence": [
          1.0,
          1.0
        ],
        "feature_ids": [
          "stud@R55/studC",
          "snap_cyl@L8:I2"
        ],
        "residual": {
          "distance": 0.0,
          "axial_gap": 0.0,
          "alignment": 1.0,
          "roll_alignment": 1.0,
          "entry_face_gap": 0.0,
          "penetration": 12.0
        }
      },
      {
        "instances": [
          1,
          9
        ],
        "status": "confirmed",
        "kinds": [
          "stud",
          "stud_receptacle"
        ],
        "sources": [
          "ldcad_shadow",
          "ldcad_shadow"
        ],
        "confidence": [
          1.0,
          1.0
        ],
        "feature_ids": [
          "stud@R56/studC",
          "snap_cyl@L8:I0"
        ],
        "residual": {
          "distance": 0.0,
          "axial_gap": 0.0,
          "alignment": 1.0,
          "roll_alignment": 1.0,
          "entry_face_gap": 0.0,
          "penetration": 12.0
        }
      },
      {
        "instances": [
          1,
          10
        ],
        "status": "confirmed",
        "kinds": [
          "stud",
          "stud_receptacle"
        ],
        "sources": [
          "ldcad_shadow",
          "ldcad_shadow"
        ],
        "confidence": [
          1.0,
          1.0
        ],
        "feature_ids": [
          "stud@R45/studC",
          "snap_cyl@L9:I2"
        ],
        "residual": {
          "distance": 0.0,
          "axial_gap": 0.0,
          "alignment": 1.0,
          "roll_alignment": 1.0,
          "entry_face_gap": 0.0,
          "penetration": 12.0
        }
      },
      {
        "instances": [
          1,
          10
        ],
        "status": "confirmed",
        "kinds": [
          "stud",
          "stud_receptacle"
        ],
        "sources": [
          "ldcad_shadow",
          "ldcad_shadow"
        ],
        "confidence": [
          1.0,
          1.0
        ],
        "feature_ids": [
          "stud@R46/studC",
          "snap_cyl@L9:I3"
        ],
        "residual": {
          "distance": 0.0,
          "axial_gap": 0.0,
          "alignment": 1.0,
          "roll_alignment": 1.0,
          "entry_face_gap": 0.0,
          "penetration": 12.0
        }
      },
      {
        "instances": [
          1,
          10
        ],
        "status": "confirmed",
        "kinds": [
          "stud",
          "stud_receptacle"
        ],
        "sources": [
          "ldcad_shadow",
          "ldcad_shadow"
        ],
        "confidence": [
          1.0,
          1.0
        ],
        "feature_ids": [
          "stud@R57/studC",
          "snap_cyl@L9:I0"
        ],
        "residual": {
          "distance": 0.0,
          "axial_gap": 0.0,
          "alignment": 1.0,
          "roll_alignment": 1.0,
          "entry_face_gap": 0.0,
          "penetration": 12.0
        }
      },
      {
        "instances": [
          1,
          10
        ],
        "status": "confirmed",
        "kinds": [
          "stud",
          "stud_receptacle"
        ],
        "sources": [
          "ldcad_shadow",
          "ldcad_shadow"
        ],
        "confidence": [
          1.0,
          1.0
        ],
        "feature_ids": [
          "stud@R58/studC",
          "snap_cyl@L9:I1"
        ],
        "residual": {
          "distance": 0.0,
          "axial_gap": 0.0,
          "alignment": 1.0,
          "roll_alignment": 1.0,
          "entry_face_gap": 0.0,
          "penetration": 12.0
        }
      },
      {
        "instances": [
          2,
          11
        ],
        "status": "potential",
        "kinds": [
          "stud",
          "stud_receptacle"
        ],
        "sources": [
          "ldcad_shadow",
          "heuristic"
        ],
        "confidence": [
          1.0,
          0.8
        ],
        "feature_ids": [
          "stud@R5/studC",
          "s/3008s01@R0/snap_cyl@L8:I1"
        ],
        "residual": {
          "distance": 0.0,
          "axial_gap": 0.0,
          "alignment": 1.0,
          "roll_alignment": 1.0,
          "entry_face_gap": 0.0,
          "penetration": 28.0
        }
      },
      {
        "instances": [
          2,
          11
        ],
        "status": "potential",
        "kinds": [
          "stud",
          "stud_receptacle"
        ],
        "sources": [
          "ldcad_shadow",
          "heuristic"
        ],
        "confidence": [
          1.0,
          0.8
        ],
        "feature_ids": [
          "stud@R6/studC",
          "s/3008s01@R0/snap_cyl@L8:I0"
        ],
        "residual": {
          "distance": 0.0,
          "axial_gap": 0.0,
          "alignment": 1.0,
          "roll_alignment": 1.0,
          "entry_face_gap": 0.0,
          "penetration": 28.0
        }
      },
      {
        "instances": [
          2,
          13
        ],
        "status": "potential",
        "kinds": [
          "stud",
          "stud_receptacle"
        ],
        "sources": [
          "ldcad_shadow",
          "heuristic"
        ],
        "confidence": [
          1.0,
          0.8
        ],
        "feature_ids": [
          "stud@R4/studC",
          "s/3005s01@R0/snap_cyl@L8:I0"
        ],
        "residual": {
          "distance": 0.0,
          "axial_gap": 0.0,
          "alignment": 1.0,
          "roll_alignment": 1.0,
          "entry_face_gap": 0.0,
          "penetration": 28.0
        }
      },
      {
        "instances": [
          3,
          15
        ],
        "status": "potential",
        "kinds": [
          "stud",
          "stud_receptacle"
        ],
        "sources": [
          "ldcad_shadow",
          "heuristic"
        ],
        "confidence": [
          1.0,
          0.8
        ],
        "feature_ids": [
          "stud@R17/studC",
          "s/3005s01@R0/snap_cyl@L8:I0"
        ],
        "residual": {
          "distance": 0.0,
          "axial_gap": 0.0,
          "alignment": 1.0,
          "roll_alignment": 1.0,
          "entry_face_gap": 0.0,
          "penetration": 28.0
        }
      },
      {
        "instances": [
          3,
          17
        ],
        "status": "potential",
        "kinds": [
          "stud",
          "stud_receptacle"
        ],
        "sources": [
          "ldcad_shadow",
          "heuristic"
        ],
        "confidence": [
          1.0,
          0.8
        ],
        "feature_ids": [
          "stud@R18/studC",
          "s/3005s01@R0/snap_cyl@L8:I0"
        ],
        "residual": {
          "distance": 0.0,
          "axial_gap": 0.0,
          "alignment": 1.0,
          "roll_alignment": 1.0,
          "entry_face_gap": 0.0,
          "penetration": 28.0
        }
      },
      {
        "instances": [
          3,
          19
        ],
        "status": "potential",
        "kinds": [
          "stud",
          "stud_receptacle"
        ],
        "sources": [
          "ldcad_shadow",
          "heuristic"
        ],
        "confidence": [
          1.0,
          0.8
        ],
        "feature_ids": [
          "stud@R19/studC",
          "s/3005s01@R0/snap_cyl@L8:I0"
        ],
        "residual": {
          "distance": 0.0,
          "axial_gap": 0.0,
          "alignment": 1.0,
          "roll_alignment": 1.0,
          "entry_face_gap": 0.0,
          "penetration": 28.0
        }
      },
      {
        "instances": [
          3,
          21
        ],
        "status": "potential",
        "kinds": [
          "stud",
          "stud_receptacle"
        ],
        "sources": [
          "ldcad_shadow",
          "heuristic"
        ],
        "confidence": [
          1.0,
          0.8
        ],
        "feature_ids": [
          "stud@R20/studC",
          "s/3005s01@R0/snap_cyl@L8:I0"
        ],
        "residual": {
          "distance": 0.0,
          "axial_gap": 0.0,
          "alignment": 1.0,
          "roll_alignment": 1.0,
          "entry_face_gap": 0.0,
          "penetration": 28.0
        }
      },
      {
        "instances": [
          3,
          23
        ],
        "status": "potential",
        "kinds": [
          "stud",
          "stud_receptacle"
        ],
        "sources": [
          "ldcad_shadow",
          "heuristic"
        ],
        "confidence": [
          1.0,
          0.8
        ],
        "feature_ids": [
          "stud@R21/studC",
          "s/3005s01@R0/snap_cyl@L8:I0"
        ],
        "residual": {
          "distance": 0.0,
          "axial_gap": 0.0,
          "alignment": 1.0,
          "roll_alignment": 1.0,
          "entry_face_gap": 0.0,
          "penetration": 28.0
        }
      },
      {
        "instances": [
          3,
          25
        ],
        "status": "potential",
        "kinds": [
          "stud",
          "stud_receptacle"
        ],
        "sources": [
          "ldcad_shadow",
          "heuristic"
        ],
        "confidence": [
          1.0,
          0.8
        ],
        "feature_ids": [
          "stud@R22/studC",
          "s/3005s01@R0/snap_cyl@L8:I0"
        ],
        "residual": {
          "distance": 0.0,
          "axial_gap": 0.0,
          "alignment": 1.0,
          "roll_alignment": 1.0,
          "entry_face_gap": 0.0,
          "penetration": 28.0
        }
      },
      {
        "instances": [
          3,
          27
        ],
        "status": "potential",
        "kinds": [
          "stud",
          "stud_receptacle"
        ],
        "sources": [
          "ldcad_shadow",
          "heuristic"
        ],
        "confidence": [
          1.0,
          0.8
        ],
        "feature_ids": [
          "stud@R23/studC",
          "s/3005s01@R0/snap_cyl@L8:I0"
        ],
        "residual": {
          "distance": 0.0,
          "axial_gap": 0.0,
          "alignment": 1.0,
          "roll_alignment": 1.0,
          "entry_face_gap": 0.0,
          "penetration": 28.0
        }
      },
      {
        "instances": [
          3,
          29
        ],
        "status": "potential",
        "kinds": [
          "stud",
          "stud_receptacle"
        ],
        "sources": [
          "ldcad_shadow",
          "heuristic"
        ],
        "confidence": [
          1.0,
          0.8
        ],
        "feature_ids": [
          "stud@R24/studC",
          "s/3005s01@R0/snap_cyl@L8:I0"
        ],
        "residual": {
          "distance": 0.0,
          "axial_gap": 0.0,
          "alignment": 1.0,
          "roll_alignment": 1.0,
          "entry_face_gap": 0.0,
          "penetration": 28.0
        }
      },
      {
        "instances": [
          4,
          31
        ],
        "status": "potential",
        "kinds": [
          "stud",
          "stud_receptacle"
        ],
        "sources": [
          "ldcad_shadow",
          "heuristic"
        ],
        "confidence": [
          1.0,
          0.8
        ],
        "feature_ids": [
          "stud@R6/studC",
          "s/3005s01@R0/snap_cyl@L8:I0"
        ],
        "residual": {
          "distance": 0.0,
          "axial_gap": 0.0,
          "alignment": 1.0,
          "roll_alignment": 1.0,
          "entry_face_gap": 0.0,
          "penetration": 28.0
        }
      },
      {
        "instances": [
          4,
          33
        ],
        "status": "potential",
        "kinds": [
          "stud",
          "stud_receptacle"
        ],
        "sources": [
          "ldcad_shadow",
          "heuristic"
        ],
        "confidence": [
          1.0,
          0.8
        ],
        "feature_ids": [
          "stud@R3/studC",
          "s/3008s01@R0/snap_cyl@L8:I1"
        ],
        "residual": {
          "distance": 0.0,
          "axial_gap": 0.0,
          "alignment": 1.0,
          "roll_alignment": 1.0,
          "entry_face_gap": 0.0,
          "penetration": 28.0
        }
      },
      {
        "instances": [
          4,
          33
        ],
        "status": "potential",
        "kinds": [
          "stud",
          "stud_receptacle"
        ],
        "sources": [
          "ldcad_shadow",
          "heuristic"
        ],
        "confidence": [
          1.0,
          0.8
        ],
        "feature_ids": [
          "stud@R4/studC",
          "s/3008s01@R0/snap_cyl@L8:I0"
        ],
        "residual": {
          "distance": 0.0,
          "axial_gap": 0.0,
          "alignment": 1.0,
          "roll_alignment": 1.0,
          "entry_face_gap": 0.0,
          "penetration": 28.0
        }
      },
      {
        "instances": [
          5,
          11
        ],
        "status": "potential",
        "kinds": [
          "stud",
          "stud_receptacle"
        ],
        "sources": [
          "ldcad_shadow",
          "heuristic"
        ],
        "confidence": [
          1.0,
          0.8
        ],
        "feature_ids": [
          "stud@R13/studC",
          "s/3008s01@R0/snap_cyl@L8:I7"
        ],
        "residual": {
          "distance": 0.0,
          "axial_gap": 0.0,
          "alignment": 1.0,
          "roll_alignment": 1.0,
          "entry_face_gap": 0.0,
          "penetration": 28.0
        }
      },
      {
        "instances": [
          5,
          11
        ],
        "status": "potential",
        "kinds": [
          "stud",
          "stud_receptacle"
        ],
        "sources": [
          "ldcad_shadow",
          "heuristic"
        ],
        "confidence": [
          1.0,
          0.8
        ],
        "feature_ids": [
          "stud@R14/studC",
          "s/3008s01@R0/snap_cyl@L8:I6"
        ],
        "residual": {
          "distance": 0.0,
          "axial_gap": 0.0,
          "alignment": 1.0,
          "roll_alignment": 1.0,
          "entry_face_gap": 0.0,
          "penetration": 28.0
        }
      },
      {
        "instances": [
          5,
          11
        ],
        "status": "potential",
        "kinds": [
          "stud",
          "stud_receptacle"
        ],
        "sources": [
          "ldcad_shadow",
          "heuristic"
        ],
        "confidence": [
          1.0,
          0.8
        ],
        "feature_ids": [
          "stud@R15/studC",
          "s/3008s01@R0/snap_cyl@L8:I5"
        ],
        "residual": {
          "distance": 0.0,
          "axial_gap": 0.0,
          "alignment": 1.0,
          "roll_alignment": 1.0,
          "entry_face_gap": 0.0,
          "penetration": 28.0
        }
      },
      {
        "instances": [
          5,
          11
        ],
        "status": "potential",
        "kinds": [
          "stud",
          "stud_receptacle"
        ],
        "sources": [
          "ldcad_shadow",
          "heuristic"
        ],
        "confidence": [
          1.0,
          0.8
        ],
        "feature_ids": [
          "stud@R16/studC",
          "s/3008s01@R0/snap_cyl@L8:I4"
        ],
        "residual": {
          "distance": 0.0,
          "axial_gap": 0.0,
          "alignment": 1.0,
          "roll_alignment": 1.0,
          "entry_face_gap": 0.0,
          "penetration": 28.0
        }
      },
      {
        "instances": [
          5,
          11
        ],
        "status": "potential",
        "kinds": [
          "stud",
          "stud_receptacle"
        ],
        "sources": [
          "ldcad_shadow",
          "heuristic"
        ],
        "confidence": [
          1.0,
          0.8
        ],
        "feature_ids": [
          "stud@R17/studC",
          "s/3008s01@R0/snap_cyl@L8:I3"
        ],
        "residual": {
          "distance": 0.0,
          "axial_gap": 0.0,
          "alignment": 1.0,
          "roll_alignment": 1.0,
          "entry_face_gap": 0.0,
          "penetration": 28.0
        }
      },
      {
        "instances": [
          5,
          11
        ],
        "status": "potential",
        "kinds": [
          "stud",
          "stud_receptacle"
        ],
        "sources": [
          "ldcad_shadow",
          "heuristic"
        ],
        "confidence": [
          1.0,
          0.8
        ],
        "feature_ids": [
          "stud@R18/studC",
          "s/3008s01@R0/snap_cyl@L8:I2"
        ],
        "residual": {
          "distance": 0.0,
          "axial_gap": 0.0,
          "alignment": 1.0,
          "roll_alignment": 1.0,
          "entry_face_gap": 0.0,
          "penetration": 28.0
        }
      },
      {
        "instances": [
          7,
          33
        ],
        "status": "potential",
        "kinds": [
          "stud",
          "stud_receptacle"
        ],
        "sources": [
          "ldcad_shadow",
          "heuristic"
        ],
        "confidence": [
          1.0,
          0.8
        ],
        "feature_ids": [
          "stud@R10/studC",
          "s/3008s01@R0/snap_cyl@L8:I4"
        ],
        "residual": {
          "distance": 0.0,
          "axial_gap": 0.0,
          "alignment": 1.0,
          "roll_alignment": 1.0,
          "entry_face_gap": 0.0,
          "penetration": 28.0
        }
      },
      {
        "instances": [
          7,
          33
        ],
        "status": "potential",
        "kinds": [
          "stud",
          "stud_receptacle"
        ],
        "sources": [
          "ldcad_shadow",
          "heuristic"
        ],
        "confidence": [
          1.0,
          0.8
        ],
        "feature_ids": [
          "stud@R11/studC",
          "s/3008s01@R0/snap_cyl@L8:I3"
        ],
        "residual": {
          "distance": 0.0,
          "axial_gap": 0.0,
          "alignment": 1.0,
          "roll_alignment": 1.0,
          "entry_face_gap": 0.0,
          "penetration": 28.0
        }
      },
      {
        "instances": [
          7,
          33
        ],
        "status": "potential",
        "kinds": [
          "stud",
          "stud_receptacle"
        ],
        "sources": [
          "ldcad_shadow",
          "heuristic"
        ],
        "confidence": [
          1.0,
          0.8
        ],
        "feature_ids": [
          "stud@R12/studC",
          "s/3008s01@R0/snap_cyl@L8:I2"
        ],
        "residual": {
          "distance": 0.0,
          "axial_gap": 0.0,
          "alignment": 1.0,
          "roll_alignment": 1.0,
          "entry_face_gap": 0.0,
          "penetration": 28.0
        }
      },
      {
        "instances": [
          7,
          33
        ],
        "status": "potential",
        "kinds": [
          "stud",
          "stud_receptacle"
        ],
        "sources": [
          "ldcad_shadow",
          "heuristic"
        ],
        "confidence": [
          1.0,
          0.8
        ],
        "feature_ids": [
          "stud@R7/studC",
          "s/3008s01@R0/snap_cyl@L8:I7"
        ],
        "residual": {
          "distance": 0.0,
          "axial_gap": 0.0,
          "alignment": 1.0,
          "roll_alignment": 1.0,
          "entry_face_gap": 0.0,
          "penetration": 28.0
        }
      },
      {
        "instances": [
          7,
          33
        ],
        "status": "potential",
        "kinds": [
          "stud",
          "stud_receptacle"
        ],
        "sources": [
          "ldcad_shadow",
          "heuristic"
        ],
        "confidence": [
          1.0,
          0.8
        ],
        "feature_ids": [
          "stud@R8/studC",
          "s/3008s01@R0/snap_cyl@L8:I6"
        ],
        "residual": {
          "distance": 0.0,
          "axial_gap": 0.0,
          "alignment": 1.0,
          "roll_alignment": 1.0,
          "entry_face_gap": 0.0,
          "penetration": 28.0
        }
      },
      {
        "instances": [
          7,
          33
        ],
        "status": "potential",
        "kinds": [
          "stud",
          "stud_receptacle"
        ],
        "sources": [
          "ldcad_shadow",
          "heuristic"
        ],
        "confidence": [
          1.0,
          0.8
        ],
        "feature_ids": [
          "stud@R9/studC",
          "s/3008s01@R0/snap_cyl@L8:I5"
        ],
        "residual": {
          "distance": 0.0,
          "axial_gap": 0.0,
          "alignment": 1.0,
          "roll_alignment": 1.0,
          "entry_face_gap": 0.0,
          "penetration": 28.0
        }
      },
      {
        "instances": [
          8,
          12
        ],
        "status": "potential",
        "kinds": [
          "stud",
          "stud_receptacle"
        ],
        "sources": [
          "ldcad_shadow",
          "heuristic"
        ],
        "confidence": [
          1.0,
          0.8
        ],
        "feature_ids": [
          "stud@R5/studC",
          "s/3004s01@R0/snap_cyl@L8:I1"
        ],
        "residual": {
          "distance": 0.0,
          "axial_gap": 0.0,
          "alignment": 1.0,
          "roll_alignment": 1.0,
          "entry_face_gap": 0.0,
          "penetration": 28.0
        }
      },
      {
        "instances": [
          8,
          12
        ],
        "status": "potential",
        "kinds": [
          "stud",
          "stud_receptacle"
        ],
        "sources": [
          "ldcad_shadow",
          "heuristic"
        ],
        "confidence": [
          1.0,
          0.8
        ],
        "feature_ids": [
          "stud@R6/studC",
          "s/3004s01@R0/snap_cyl@L8:I0"
        ],
        "residual": {
          "distance": 0.0,
          "axial_gap": 0.0,
          "alignment": 1.0,
          "roll_alignment": 1.0,
          "entry_face_gap": 0.0,
          "penetration": 28.0
        }
      },
      {
        "instances": [
          8,
          14
        ],
        "status": "potential",
        "kinds": [
          "stud",
          "stud_receptacle"
        ],
        "sources": [
          "ldcad_shadow",
          "heuristic"
        ],
        "confidence": [
          1.0,
          0.8
        ],
        "feature_ids": [
          "stud@R3/studC",
          "s/3005s01@R0/snap_cyl@L8:I0"
        ],
        "residual": {
          "distance": 0.0,
          "axial_gap": 0.0,
          "alignment": 1.0,
          "roll_alignment": 1.0,
          "entry_face_gap": 0.0,
          "penetration": 28.0
        }
      },
      {
        "instances": [
          9,
          16
        ],
        "status": "potential",
        "kinds": [
          "stud",
          "stud_receptacle"
        ],
        "sources": [
          "ldcad_shadow",
          "heuristic"
        ],
        "confidence": [
          1.0,
          0.8
        ],
        "feature_ids": [
          "stud@R9/studC",
          "s/3005s01@R0/snap_cyl@L8:I0"
        ],
        "residual": {
          "distance": 0.0,
          "axial_gap": 0.0,
          "alignment": 1.0,
          "roll_alignment": 1.0,
          "entry_face_gap": 0.0,
          "penetration": 28.0
        }
      },
      {
        "instances": [
          9,
          18
        ],
        "status": "potential",
        "kinds": [
          "stud",
          "stud_receptacle"
        ],
        "sources": [
          "ldcad_shadow",
          "heuristic"
        ],
        "confidence": [
          1.0,
          0.8
        ],
        "feature_ids": [
          "stud@R10/studC",
          "s/3005s01@R0/snap_cyl@L8:I0"
        ],
        "residual": {
          "distance": 0.0,
          "axial_gap": 0.0,
          "alignment": 1.0,
          "roll_alignment": 1.0,
          "entry_face_gap": 0.0,
          "penetration": 28.0
        }
      },
      {
        "instances": [
          9,
          20
        ],
        "status": "potential",
        "kinds": [
          "stud",
          "stud_receptacle"
        ],
        "sources": [
          "ldcad_shadow",
          "heuristic"
        ],
        "confidence": [
          1.0,
          0.8
        ],
        "feature_ids": [
          "stud@R11/studC",
          "s/3005s01@R0/snap_cyl@L8:I0"
        ],
        "residual": {
          "distance": 0.0,
          "axial_gap": 0.0,
          "alignment": 1.0,
          "roll_alignment": 1.0,
          "entry_face_gap": 0.0,
          "penetration": 28.0
        }
      },
      {
        "instances": [
          9,
          22
        ],
        "status": "potential",
        "kinds": [
          "stud",
          "stud_receptacle"
        ],
        "sources": [
          "ldcad_shadow",
          "heuristic"
        ],
        "confidence": [
          1.0,
          0.8
        ],
        "feature_ids": [
          "stud@R12/studC",
          "s/3005s01@R0/snap_cyl@L8:I0"
        ],
        "residual": {
          "distance": 0.0,
          "axial_gap": 0.0,
          "alignment": 1.0,
          "roll_alignment": 1.0,
          "entry_face_gap": 0.0,
          "penetration": 28.0
        }
      },
      {
        "instances": [
          9,
          24
        ],
        "status": "potential",
        "kinds": [
          "stud",
          "stud_receptacle"
        ],
        "sources": [
          "ldcad_shadow",
          "heuristic"
        ],
        "confidence": [
          1.0,
          0.8
        ],
        "feature_ids": [
          "stud@R13/studC",
          "s/3005s01@R0/snap_cyl@L8:I0"
        ],
        "residual": {
          "distance": 0.0,
          "axial_gap": 0.0,
          "alignment": 1.0,
          "roll_alignment": 1.0,
          "entry_face_gap": 0.0,
          "penetration": 28.0
        }
      },
      {
        "instances": [
          9,
          26
        ],
        "status": "potential",
        "kinds": [
          "stud",
          "stud_receptacle"
        ],
        "sources": [
          "ldcad_shadow",
          "heuristic"
        ],
        "confidence": [
          1.0,
          0.8
        ],
        "feature_ids": [
          "stud@R14/studC",
          "s/3005s01@R0/snap_cyl@L8:I0"
        ],
        "residual": {
          "distance": 0.0,
          "axial_gap": 0.0,
          "alignment": 1.0,
          "roll_alignment": 1.0,
          "entry_face_gap": 0.0,
          "penetration": 28.0
        }
      },
      {
        "instances": [
          9,
          28
        ],
        "status": "potential",
        "kinds": [
          "stud",
          "stud_receptacle"
        ],
        "sources": [
          "ldcad_shadow",
          "heuristic"
        ],
        "confidence": [
          1.0,
          0.8
        ],
        "feature_ids": [
          "stud@R15/studC",
          "s/3005s01@R0/snap_cyl@L8:I0"
        ],
        "residual": {
          "distance": 0.0,
          "axial_gap": 0.0,
          "alignment": 1.0,
          "roll_alignment": 1.0,
          "entry_face_gap": 0.0,
          "penetration": 28.0
        }
      },
      {
        "instances": [
          9,
          30
        ],
        "status": "potential",
        "kinds": [
          "stud",
          "stud_receptacle"
        ],
        "sources": [
          "ldcad_shadow",
          "heuristic"
        ],
        "confidence": [
          1.0,
          0.8
        ],
        "feature_ids": [
          "stud@R16/studC",
          "s/3005s01@R0/snap_cyl@L8:I0"
        ],
        "residual": {
          "distance": 0.0,
          "axial_gap": 0.0,
          "alignment": 1.0,
          "roll_alignment": 1.0,
          "entry_face_gap": 0.0,
          "penetration": 28.0
        }
      },
      {
        "instances": [
          10,
          32
        ],
        "status": "potential",
        "kinds": [
          "stud",
          "stud_receptacle"
        ],
        "sources": [
          "ldcad_shadow",
          "heuristic"
        ],
        "confidence": [
          1.0,
          0.8
        ],
        "feature_ids": [
          "stud@R5/studC",
          "s/3005s01@R0/snap_cyl@L8:I0"
        ],
        "residual": {
          "distance": 0.0,
          "axial_gap": 0.0,
          "alignment": 1.0,
          "roll_alignment": 1.0,
          "entry_face_gap": 0.0,
          "penetration": 28.0
        }
      },
      {
        "instances": [
          10,
          34
        ],
        "status": "potential",
        "kinds": [
          "stud",
          "stud_receptacle"
        ],
        "sources": [
          "ldcad_shadow",
          "heuristic"
        ],
        "confidence": [
          1.0,
          0.8
        ],
        "feature_ids": [
          "stud@R3/studC",
          "s/3004s01@R0/snap_cyl@L8:I1"
        ],
        "residual": {
          "distance": 0.0,
          "axial_gap": 0.0,
          "alignment": 1.0,
          "roll_alignment": 1.0,
          "entry_face_gap": 0.0,
          "penetration": 28.0
        }
      },
      {
        "instances": [
          10,
          34
        ],
        "status": "potential",
        "kinds": [
          "stud",
          "stud_receptacle"
        ],
        "sources": [
          "ldcad_shadow",
          "heuristic"
        ],
        "confidence": [
          1.0,
          0.8
        ],
        "feature_ids": [
          "stud@R4/studC",
          "s/3004s01@R0/snap_cyl@L8:I0"
        ],
        "residual": {
          "distance": 0.0,
          "axial_gap": 0.0,
          "alignment": 1.0,
          "roll_alignment": 1.0,
          "entry_face_gap": 0.0,
          "penetration": 28.0
        }
      },
      {
        "instances": [
          11,
          35
        ],
        "status": "confirmed",
        "kinds": [
          "stud",
          "stud_receptacle"
        ],
        "sources": [
          "ldcad_shadow",
          "primitive"
        ],
        "confidence": [
          1.0,
          1.0
        ],
        "feature_ids": [
          "s/3008s01@R0/stug-1x8@R1/stud@R0/studC",
          "s/3010s01@R0/stug3-1x3@R1/stud3@R0/stud3:socket:-1+0"
        ],
        "residual": {
          "distance": 0.0,
          "axial_gap": 0.0,
          "alignment": 1.0,
          "roll_alignment": 1.0,
          "entry_face_gap": 0.0,
          "penetration": 28.0
        }
      },
      {
        "instances": [
          11,
          35
        ],
        "status": "confirmed",
        "kinds": [
          "stud",
          "stud_receptacle"
        ],
        "sources": [
          "ldcad_shadow",
          "primitive"
        ],
        "confidence": [
          1.0,
          1.0
        ],
        "feature_ids": [
          "s/3008s01@R0/stug-1x8@R1/stud@R1/studC",
          "s/3010s01@R0/stug3-1x3@R1/stud3@R0/stud3:socket:+1+0"
        ],
        "residual": {
          "distance": 0.0,
          "axial_gap": 0.0,
          "alignment": 1.0,
          "roll_alignment": 1.0,
          "entry_face_gap": 0.0,
          "penetration": 28.0
        }
      },
      {
        "instances": [
          11,
          35
        ],
        "status": "confirmed",
        "kinds": [
          "stud",
          "stud_receptacle"
        ],
        "sources": [
          "ldcad_shadow",
          "primitive"
        ],
        "confidence": [
          1.0,
          1.0
        ],
        "feature_ids": [
          "s/3008s01@R0/stug-1x8@R1/stud@R2/studC",
          "s/3010s01@R0/stug3-1x3@R1/stud3@R1/stud3:socket:+1+0"
        ],
        "residual": {
          "distance": 0.0,
          "axial_gap": 0.0,
          "alignment": 1.0,
          "roll_alignment": 1.0,
          "entry_face_gap": 0.0,
          "penetration": 28.0
        }
      },
      {
        "instances": [
          11,
          35
        ],
        "status": "confirmed",
        "kinds": [
          "stud",
          "stud_receptacle"
        ],
        "sources": [
          "ldcad_shadow",
          "primitive"
        ],
        "confidence": [
          1.0,
          1.0
        ],
        "feature_ids": [
          "s/3008s01@R0/stug-1x8@R1/stud@R3/studC",
          "s/3010s01@R0/stug3-1x3@R1/stud3@R2/stud3:socket:+1+0"
        ],
        "residual": {
          "distance": 0.0,
          "axial_gap": 0.0,
          "alignment": 1.0,
          "roll_alignment": 1.0,
          "entry_face_gap": 0.0,
          "penetration": 28.0
        }
      },
      {
        "instances": [
          11,
          36
        ],
        "status": "confirmed",
        "kinds": [
          "stud",
          "stud_receptacle"
        ],
        "sources": [
          "ldcad_shadow",
          "primitive"
        ],
        "confidence": [
          1.0,
          1.0
        ],
        "feature_ids": [
          "s/3008s01@R0/stug-1x8@R1/stud@R6/studC",
          "s/3010s01@R0/stug3-1x3@R1/stud3@R0/stud3:socket:-1+0"
        ],
        "residual": {
          "distance": 0.0,
          "axial_gap": 0.0,
          "alignment": 1.0,
          "roll_alignment": 1.0,
          "entry_face_gap": 0.0,
          "penetration": 28.0
        }
      },
      {
        "instances": [
          11,
          36
        ],
        "status": "confirmed",
        "kinds": [
          "stud",
          "stud_receptacle"
        ],
        "sources": [
          "ldcad_shadow",
          "primitive"
        ],
        "confidence": [
          1.0,
          1.0
        ],
        "feature_ids": [
          "s/3008s01@R0/stug-1x8@R1/stud@R7/studC",
          "s/3010s01@R0/stug3-1x3@R1/stud3@R0/stud3:socket:+1+0"
        ],
        "residual": {
          "distance": 0.0,
          "axial_gap": 0.0,
          "alignment": 1.0,
          "roll_alignment": 1.0,
          "entry_face_gap": 0.0,
          "penetration": 28.0
        }
      },
      {
        "instances": [
          11,
          139
        ],
        "status": "potential",
        "kinds": [
          "stud",
          "stud_receptacle"
        ],
        "sources": [
          "ldcad_shadow",
          "heuristic"
        ],
        "confidence": [
          1.0,
          0.8
        ],
        "feature_ids": [
          "s/3008s01@R0/stug-1x8@R1/stud@R4/studC",
          "snap_cyl@L9:I0"
        ],
        "residual": {
          "distance": 0.0,
          "axial_gap": 0.0,
          "alignment": 1.0,
          "roll_alignment": 1.0,
          "entry_face_gap": 0.0,
          "penetration": 52.0
        }
      },
      {
        "instances": [
          11,
          139
        ],
        "status": "potential",
        "kinds": [
          "stud",
          "stud_receptacle"
        ],
        "sources": [
          "ldcad_shadow",
          "heuristic"
        ],
        "confidence": [
          1.0,
          0.8
        ],
        "feature_ids": [
          "s/3008s01@R0/stug-1x8@R1/stud@R5/studC",
          "snap_cyl@L9:I1"
        ],
        "residual": {
          "distance": 0.0,
          "axial_gap": 0.0,
          "alignment": 1.0,
          "roll_alignment": 1.0,
          "entry_face_gap": 0.0,
          "penetration": 52.0
        }
      },
      {
        "instances": [
          12,
          36
        ],
        "status": "confirmed",
        "kinds": [
          "stud",
          "stud_receptacle"
        ],
        "sources": [
          "ldcad_shadow",
          "primitive"
        ],
        "confidence": [
          1.0,
          1.0
        ],
        "feature_ids": [
          "s/3004s01@R0/stud@R3/studC",
          "s/3010s01@R0/stug3-1x3@R1/stud3@R2/stud3:socket:+1+0"
        ],
        "residual": {
          "distance": 0.0,
          "axial_gap": 0.0,
          "alignment": 1.0,
          "roll_alignment": 1.0,
          "entry_face_gap": 0.0,
          "penetration": 28.0
        }
      },
      {
        "instances": [
          12,
          36
        ],
        "status": "confirmed",
        "kinds": [
          "stud",
          "stud_receptacle"
        ],
        "sources": [
          "ldcad_shadow",
          "primitive"
        ],
        "confidence": [
          1.0,
          1.0
        ],
        "feature_ids": [
          "s/3004s01@R0/stud@R4/studC",
          "s/3010s01@R0/stug3-1x3@R1/stud3@R1/stud3:socket:+1+0"
        ],
        "residual": {
          "distance": 0.0,
          "axial_gap": 0.0,
          "alignment": 1.0,
          "roll_alignment": 1.0,
          "entry_face_gap": 0.0,
          "penetration": 28.0
        }
      },
      {
        "instances": [
          13,
          37
        ],
        "status": "potential",
        "kinds": [
          "stud",
          "stud_receptacle"
        ],
        "sources": [
          "ldcad_shadow",
          "heuristic"
        ],
        "confidence": [
          1.0,
          0.8
        ],
        "feature_ids": [
          "s/3005s01@R0/stud@R0/studC",
          "s/3005s01@R0/snap_cyl@L8:I0"
        ],
        "residual": {
          "distance": 0.0,
          "axial_gap": 0.0,
          "alignment": 1.0,
          "roll_alignment": 1.0,
          "entry_face_gap": 0.0,
          "penetration": 28.0
        }
      },
      {
        "instances": [
          14,
          38
        ],
        "status": "potential",
        "kinds": [
          "stud",
          "stud_receptacle"
        ],
        "sources": [
          "ldcad_shadow",
          "heuristic"
        ],
        "confidence": [
          1.0,
          0.8
        ],
        "feature_ids": [
          "s/3005s01@R0/stud@R0/studC",
          "s/3005s01@R0/snap_cyl@L8:I0"
        ],
        "residual": {
          "distance": 0.0,
          "axial_gap": 0.0,
          "alignment": 1.0,
          "roll_alignment": 1.0,
          "entry_face_gap": 0.0,
          "penetration": 28.0
        }
      },
      {
        "instances": [
          15,
          39
        ],
        "status": "potential",
        "kinds": [
          "stud",
          "stud_receptacle"
        ],
        "sources": [
          "ldcad_shadow",
          "heuristic"
        ],
        "confidence": [
          1.0,
          0.8
        ],
        "feature_ids": [
          "s/3005s01@R0/stud@R0/studC",
          "s/3005s01@R0/snap_cyl@L8:I0"
        ],
        "residual": {
          "distance": 0.0,
          "axial_gap": 0.0,
          "alignment": 1.0,
          "roll_alignment": 1.0,
          "entry_face_gap": 0.0,
          "penetration": 28.0
        }
      },
      {
        "instances": [
          16,
          40
        ],
        "status": "potential",
        "kinds": [
          "stud",
          "stud_receptacle"
        ],
        "sources": [
          "ldcad_shadow",
          "heuristic"
        ],
        "confidence": [
          1.0,
          0.8
        ],
        "feature_ids": [
          "s/3005s01@R0/stud@R0/studC",
          "s/3005s01@R0/snap_cyl@L8:I0"
        ],
        "residual": {
          "distance": 0.0,
          "axial_gap": 0.0,
          "alignment": 1.0,
          "roll_alignment": 1.0,
          "entry_face_gap": 0.0,
          "penetration": 28.0
        }
      },
      {
        "instances": [
          17,
          41
        ],
        "status": "potential",
        "kinds": [
          "stud",
          "stud_receptacle"
        ],
        "sources": [
          "ldcad_shadow",
          "heuristic"
        ],
        "confidence": [
          1.0,
          0.8
        ],
        "feature_ids": [
          "s/3005s01@R0/stud@R0/studC",
          "s/3005s01@R0/snap_cyl@L8:I0"
        ],
        "residual": {
          "distance": 0.0,
          "axial_gap": 0.0,
          "alignment": 1.0,
          "roll_alignment": 1.0,
          "entry_face_gap": 0.0,
          "penetration": 28.0
        }
      },
      {
        "instances": [
          18,
          42
        ],
        "status": "potential",
        "kinds": [
          "stud",
          "stud_receptacle"
        ],
        "sources": [
          "ldcad_shadow",
          "heuristic"
        ],
        "confidence": [
          1.0,
          0.8
        ],
        "feature_ids": [
          "s/3005s01@R0/stud@R0/studC",
          "s/3005s01@R0/snap_cyl@L8:I0"
        ],
        "residual": {
          "distance": 0.0,
          "axial_gap": 0.0,
          "alignment": 1.0,
          "roll_alignment": 1.0,
          "entry_face_gap": 0.0,
          "penetration": 28.0
        }
      },
      {
        "instances": [
          19,
          43
        ],
        "status": "potential",
        "kinds": [
          "stud",
          "stud_receptacle"
        ],
        "sources": [
          "ldcad_shadow",
          "heuristic"
        ],
        "confidence": [
          1.0,
          0.8
        ],
        "feature_ids": [
          "s/3005s01@R0/stud@R0/studC",
          "s/3005s01@R0/snap_cyl@L8:I0"
        ],
        "residual": {
          "distance": 0.0,
          "axial_gap": 0.0,
          "alignment": 1.0,
          "roll_alignment": 1.0,
          "entry_face_gap": 0.0,
          "penetration": 28.0
        }
      },
      {
        "instances": [
          20,
          44
        ],
        "status": "potential",
        "kinds": [
          "stud",
          "stud_receptacle"
        ],
        "sources": [
          "ldcad_shadow",
          "heuristic"
        ],
        "confidence": [
          1.0,
          0.8
        ],
        "feature_ids": [
          "s/3005s01@R0/stud@R0/studC",
          "s/3005s01@R0/snap_cyl@L8:I0"
        ],
        "residual": {
          "distance": 0.0,
          "axial_gap": 0.0,
          "alignment": 1.0,
          "roll_alignment": 1.0,
          "entry_face_gap": 0.0,
          "penetration": 28.0
        }
      },
      {
        "instances": [
          21,
          147
        ],
        "status": "potential",
        "kinds": [
          "stud",
          "stud_receptacle"
        ],
        "sources": [
          "ldcad_shadow",
          "heuristic"
        ],
        "confidence": [
          1.0,
          0.8
        ],
        "feature_ids": [
          "s/3005s01@R0/stud@R0/studC",
          "snap_cyl@L9:I1"
        ],
        "residual": {
          "distance": 0.0,
          "axial_gap": 0.0,
          "alignment": 1.0,
          "roll_alignment": 1.0,
          "entry_face_gap": 0.0,
          "penetration": 52.0
        }
      },
      {
        "instances": [
          22,
          143
        ],
        "status": "potential",
        "kinds": [
          "stud",
          "stud_receptacle"
        ],
        "sources": [
          "ldcad_shadow",
          "heuristic"
        ],
        "confidence": [
          1.0,
          0.8
        ],
        "feature_ids": [
          "s/3005s01@R0/stud@R0/studC",
          "snap_cyl@L9:I0"
        ],
        "residual": {
          "distance": 0.0,
          "axial_gap": 0.0,
          "alignment": 1.0,
          "roll_alignment": 1.0,
          "entry_face_gap": 0.0,
          "penetration": 52.0
        }
      },
      {
        "instances": [
          23,
          147
        ],
        "status": "potential",
        "kinds": [
          "stud",
          "stud_receptacle"
        ],
        "sources": [
          "ldcad_shadow",
          "heuristic"
        ],
        "confidence": [
          1.0,
          0.8
        ],
        "feature_ids": [
          "s/3005s01@R0/stud@R0/studC",
          "snap_cyl@L9:I0"
        ],
        "residual": {
          "distance": 0.0,
          "axial_gap": 0.0,
          "alignment": 1.0,
          "roll_alignment": 1.0,
          "entry_face_gap": 0.0,
          "penetration": 52.0
        }
      },
      {
        "instances": [
          24,
          143
        ],
        "status": "potential",
        "kinds": [
          "stud",
          "stud_receptacle"
        ],
        "sources": [
          "ldcad_shadow",
          "heuristic"
        ],
        "confidence": [
          1.0,
          0.8
        ],
        "feature_ids": [
          "s/3005s01@R0/stud@R0/studC",
          "snap_cyl@L9:I1"
        ],
        "residual": {
          "distance": 0.0,
          "axial_gap": 0.0,
          "alignment": 1.0,
          "roll_alignment": 1.0,
          "entry_face_gap": 0.0,
          "penetration": 52.0
        }
      },
      {
        "instances": [
          25,
          45
        ],
        "status": "potential",
        "kinds": [
          "stud",
          "stud_receptacle"
        ],
        "sources": [
          "ldcad_shadow",
          "heuristic"
        ],
        "confidence": [
          1.0,
          0.8
        ],
        "feature_ids": [
          "s/3005s01@R0/stud@R0/studC",
          "s/3005s01@R0/snap_cyl@L8:I0"
        ],
        "residual": {
          "distance": 0.0,
          "axial_gap": 0.0,
          "alignment": 1.0,
          "roll_alignment": 1.0,
          "entry_face_gap": 0.0,
          "penetration": 28.0
        }
      },
      {
        "instances": [
          26,
          46
        ],
        "status": "potential",
        "kinds": [
          "stud",
          "stud_receptacle"
        ],
        "sources": [
          "ldcad_shadow",
          "heuristic"
        ],
        "confidence": [
          1.0,
          0.8
        ],
        "feature_ids": [
          "s/3005s01@R0/stud@R0/studC",
          "s/3005s01@R0/snap_cyl@L8:I0"
        ],
        "residual": {
          "distance": 0.0,
          "axial_gap": 0.0,
          "alignment": 1.0,
          "roll_alignment": 1.0,
          "entry_face_gap": 0.0,
          "penetration": 28.0
        }
      },
      {
        "instances": [
          27,
          47
        ],
        "status": "potential",
        "kinds": [
          "stud",
          "stud_receptacle"
        ],
        "sources": [
          "ldcad_shadow",
          "heuristic"
        ],
        "confidence": [
          1.0,
          0.8
        ],
        "feature_ids": [
          "s/3005s01@R0/stud@R0/studC",
          "s/3005s01@R0/snap_cyl@L8:I0"
        ],
        "residual": {
          "distance": 0.0,
          "axial_gap": 0.0,
          "alignment": 1.0,
          "roll_alignment": 1.0,
          "entry_face_gap": 0.0,
          "penetration": 28.0
        }
      },
      {
        "instances": [
          28,
          48
        ],
        "status": "potential",
        "kinds": [
          "stud",
          "stud_receptacle"
        ],
        "sources": [
          "ldcad_shadow",
          "heuristic"
        ],
        "confidence": [
          1.0,
          0.8
        ],
        "feature_ids": [
          "s/3005s01@R0/stud@R0/studC",
          "s/3005s01@R0/snap_cyl@L8:I0"
        ],
        "residual": {
          "distance": 0.0,
          "axial_gap": 0.0,
          "alignment": 1.0,
          "roll_alignment": 1.0,
          "entry_face_gap": 0.0,
          "penetration": 28.0
        }
      },
      {
        "instances": [
          29,
          49
        ],
        "status": "potential",
        "kinds": [
          "stud",
          "stud_receptacle"
        ],
        "sources": [
          "ldcad_shadow",
          "heuristic"
        ],
        "confidence": [
          1.0,
          0.8
        ],
        "feature_ids": [
          "s/3005s01@R0/stud@R0/studC",
          "s/3005s01@R0/snap_cyl@L8:I0"
        ],
        "residual": {
          "distance": 0.0,
          "axial_gap": 0.0,
          "alignment": 1.0,
          "roll_alignment": 1.0,
          "entry_face_gap": 0.0,
          "penetration": 28.0
        }
      },
      {
        "instances": [
          30,
          50
        ],
        "status": "potential",
        "kinds": [
          "stud",
          "stud_receptacle"
        ],
        "sources": [
          "ldcad_shadow",
          "heuristic"
        ],
        "confidence": [
          1.0,
          0.8
        ],
        "feature_ids": [
          "s/3005s01@R0/stud@R0/studC",
          "s/3005s01@R0/snap_cyl@L8:I0"
        ],
        "residual": {
          "distance": 0.0,
          "axial_gap": 0.0,
          "alignment": 1.0,
          "roll_alignment": 1.0,
          "entry_face_gap": 0.0,
          "penetration": 28.0
        }
      },
      {
        "instances": [
          31,
          51
        ],
        "status": "potential",
        "kinds": [
          "stud",
          "stud_receptacle"
        ],
        "sources": [
          "ldcad_shadow",
          "heuristic"
        ],
        "confidence": [
          1.0,
          0.8
        ],
        "feature_ids": [
          "s/3005s01@R0/stud@R0/studC",
          "s/3005s01@R0/snap_cyl@L8:I0"
        ],
        "residual": {
          "distance": 0.0,
          "axial_gap": 0.0,
          "alignment": 1.0,
          "roll_alignment": 1.0,
          "entry_face_gap": 0.0,
          "penetration": 28.0
        }
      },
      {
        "instances": [
          32,
          52
        ],
        "status": "potential",
        "kinds": [
          "stud",
          "stud_receptacle"
        ],
        "sources": [
          "ldcad_shadow",
          "heuristic"
        ],
        "confidence": [
          1.0,
          0.8
        ],
        "feature_ids": [
          "s/3005s01@R0/stud@R0/studC",
          "s/3005s01@R0/snap_cyl@L8:I0"
        ],
        "residual": {
          "distance": 0.0,
          "axial_gap": 0.0,
          "alignment": 1.0,
          "roll_alignment": 1.0,
          "entry_face_gap": 0.0,
          "penetration": 28.0
        }
      },
      {
        "instances": [
          33,
          53
        ],
        "status": "potential",
        "kinds": [
          "stud",
          "stud_receptacle"
        ],
        "sources": [
          "ldcad_shadow",
          "heuristic"
        ],
        "confidence": [
          1.0,
          0.8
        ],
        "feature_ids": [
          "s/3008s01@R0/stug-1x8@R1/stud@R0/studC",
          "s/3622s01@R0/snap_cyl@L8:I0"
        ],
        "residual": {
          "distance": 0.0,
          "axial_gap": 0.0,
          "alignment": 1.0,
          "roll_alignment": 1.0,
          "entry_face_gap": 0.0,
          "penetration": 28.0
        }
      },
      {
        "instances": [
          33,
          53
        ],
        "status": "potential",
        "kinds": [
          "stud",
          "stud_receptacle"
        ],
        "sources": [
          "ldcad_shadow",
          "heuristic"
        ],
        "confidence": [
          1.0,
          0.8
        ],
        "feature_ids": [
          "s/3008s01@R0/stug-1x8@R1/stud@R1/studC",
          "s/3622s01@R0/snap_cyl@L8:I1"
        ],
        "residual": {
          "distance": 0.0,
          "axial_gap": 0.0,
          "alignment": 1.0,
          "roll_alignment": 1.0,
          "entry_face_gap": 0.0,
          "penetration": 28.0
        }
      },
      {
        "instances": [
          33,
          53
        ],
        "status": "potential",
        "kinds": [
          "stud",
          "stud_receptacle"
        ],
        "sources": [
          "ldcad_shadow",
          "heuristic"
        ],
        "confidence": [
          1.0,
          0.8
        ],
        "feature_ids": [
          "s/3008s01@R0/stug-1x8@R1/stud@R2/studC",
          "s/3622s01@R0/snap_cyl@L8:I2"
        ],
        "residual": {
          "distance": 0.0,
          "axial_gap": 0.0,
          "alignment": 1.0,
          "roll_alignment": 1.0,
          "entry_face_gap": 0.0,
          "penetration": 28.0
        }
      },
      {
        "instances": [
          33,
          54
        ],
        "status": "potential",
        "kinds": [
          "stud",
          "stud_receptacle"
        ],
        "sources": [
          "ldcad_shadow",
          "heuristic"
        ],
        "confidence": [
          1.0,
          0.8
        ],
        "feature_ids": [
          "s/3008s01@R0/stug-1x8@R1/stud@R7/studC",
          "s/3622s01@R0/snap_cyl@L8:I0"
        ],
        "residual": {
          "distance": 0.0,
          "axial_gap": 0.0,
          "alignment": 1.0,
          "roll_alignment": 1.0,
          "entry_face_gap": 0.0,
          "penetration": 28.0
        }
      },
      {
        "instances": [
          34,
          54
        ],
        "status": "potential",
        "kinds": [
          "stud",
          "stud_receptacle"
        ],
        "sources": [
          "ldcad_shadow",
          "heuristic"
        ],
        "confidence": [
          1.0,
          0.8
        ],
        "feature_ids": [
          "s/3004s01@R0/stud@R3/studC",
          "s/3622s01@R0/snap_cyl@L8:I2"
        ],
        "residual": {
          "distance": 0.0,
          "axial_gap": 0.0,
          "alignment": 1.0,
          "roll_alignment": 1.0,
          "entry_face_gap": 0.0,
          "penetration": 28.0
        }
      },
      {
        "instances": [
          34,
          54
        ],
        "status": "potential",
        "kinds": [
          "stud",
          "stud_receptacle"
        ],
        "sources": [
          "ldcad_shadow",
          "heuristic"
        ],
        "confidence": [
          1.0,
          0.8
        ],
        "feature_ids": [
          "s/3004s01@R0/stud@R4/studC",
          "s/3622s01@R0/snap_cyl@L8:I1"
        ],
        "residual": {
          "distance": 0.0,
          "axial_gap": 0.0,
          "alignment": 1.0,
          "roll_alignment": 1.0,
          "entry_face_gap": 0.0,
          "penetration": 28.0
        }
      },
      {
        "instances": [
          35,
          55
        ],
        "status": "confirmed",
        "kinds": [
          "stud",
          "stud_receptacle"
        ],
        "sources": [
          "ldcad_shadow",
          "primitive"
        ],
        "confidence": [
          1.0,
          1.0
        ],
        "feature_ids": [
          "s/3010s01@R0/stug-1x4@R0/stud@R0/studC",
          "s/3010s01@R0/stug3-1x3@R1/stud3@R0/stud3:socket:-1+0"
        ],
        "residual": {
          "distance": 0.0,
          "axial_gap": 0.0,
          "alignment": 1.0,
          "roll_alignment": 1.0,
          "entry_face_gap": 0.0,
          "penetration": 28.0
        }
      },
      {
        "instances": [
          35,
          55
        ],
        "status": "confirmed",
        "kinds": [
          "stud",
          "stud_receptacle"
        ],
        "sources": [
          "ldcad_shadow",
          "primitive"
        ],
        "confidence": [
          1.0,
          1.0
        ],
        "feature_ids": [
          "s/3010s01@R0/stug-1x4@R0/stud@R1/studC",
          "s/3010s01@R0/stug3-1x3@R1/stud3@R0/stud3:socket:+1+0"
        ],
        "residual": {
          "distance": 0.0,
          "axial_gap": 0.0,
          "alignment": 1.0,
          "roll_alignment": 1.0,
          "entry_face_gap": 0.0,
          "penetration": 28.0
        }
      },
      {
        "instances": [
          35,
          55
        ],
        "status": "confirmed",
        "kinds": [
          "stud",
          "stud_receptacle"
        ],
        "sources": [
          "ldcad_shadow",
          "primitive"
        ],
        "confidence": [
          1.0,
          1.0
        ],
        "feature_ids": [
          "s/3010s01@R0/stug-1x4@R0/stud@R2/studC",
          "s/3010s01@R0/stug3-1x3@R1/stud3@R1/stud3:socket:+1+0"
        ],
        "residual": {
          "distance": 0.0,
          "axial_gap": 0.0,
          "alignment": 1.0,
          "roll_alignment": 1.0,
          "entry_face_gap": 0.0,
          "penetration": 28.0
        }
      },
      {
        "instances": [
          35,
          55
        ],
        "status": "confirmed",
        "kinds": [
          "stud",
          "stud_receptacle"
        ],
        "sources": [
          "ldcad_shadow",
          "primitive"
        ],
        "confidence": [
          1.0,
          1.0
        ],
        "feature_ids": [
          "s/3010s01@R0/stug-1x4@R0/stud@R3/studC",
          "s/3010s01@R0/stug3-1x3@R1/stud3@R2/stud3:socket:+1+0"
        ],
        "residual": {
          "distance": 0.0,
          "axial_gap": 0.0,
          "alignment": 1.0,
          "roll_alignment": 1.0,
          "entry_face_gap": 0.0,
          "penetration": 28.0
        }
      },
      {
        "instances": [
          36,
          56
        ],
        "status": "confirmed",
        "kinds": [
          "stud",
          "stud_receptacle"
        ],
        "sources": [
          "ldcad_shadow",
          "primitive"
        ],
        "confidence": [
          1.0,
          1.0
        ],
        "feature_ids": [
          "s/3010s01@R0/stug-1x4@R0/stud@R0/studC",
          "s/3010s01@R0/stug3-1x3@R1/stud3@R0/stud3:socket:-1+0"
        ],
        "residual": {
          "distance": 0.0,
          "axial_gap": 0.0,
          "alignment": 1.0,
          "roll_alignment": 1.0,
          "entry_face_gap": 0.0,
          "penetration": 28.0
        }
      },
      {
        "instances": [
          36,
          56
        ],
        "status": "confirmed",
        "kinds": [
          "stud",
          "stud_receptacle"
        ],
        "sources": [
          "ldcad_shadow",
          "primitive"
        ],
        "confidence": [
          1.0,
          1.0
        ],
        "feature_ids": [
          "s/3010s01@R0/stug-1x4@R0/stud@R1/studC",
          "s/3010s01@R0/stug3-1x3@R1/stud3@R0/stud3:socket:+1+0"
        ],
        "residual": {
          "distance": 0.0,
          "axial_gap": 0.0,
          "alignment": 1.0,
          "roll_alignment": 1.0,
          "entry_face_gap": 0.0,
          "penetration": 28.0
        }
      },
      {
        "instances": [
          36,
          56
        ],
        "status": "confirmed",
        "kinds": [
          "stud",
          "stud_receptacle"
        ],
        "sources": [
          "ldcad_shadow",
          "primitive"
        ],
        "confidence": [
          1.0,
          1.0
        ],
        "feature_ids": [
          "s/3010s01@R0/stug-1x4@R0/stud@R2/studC",
          "s/3010s01@R0/stug3-1x3@R1/stud3@R1/stud3:socket:+1+0"
        ],
        "residual": {
          "distance": 0.0,
          "axial_gap": 0.0,
          "alignment": 1.0,
          "roll_alignment": 1.0,
          "entry_face_gap": 0.0,
          "penetration": 28.0
        }
      },
      {
        "instances": [
          36,
          56
        ],
        "status": "confirmed",
        "kinds": [
          "stud",
          "stud_receptacle"
        ],
        "sources": [
          "ldcad_shadow",
          "primitive"
        ],
        "confidence": [
          1.0,
          1.0
        ],
        "feature_ids": [
          "s/3010s01@R0/stug-1x4@R0/stud@R3/studC",
          "s/3010s01@R0/stug3-1x3@R1/stud3@R2/stud3:socket:+1+0"
        ],
        "residual": {
          "distance": 0.0,
          "axial_gap": 0.0,
          "alignment": 1.0,
          "roll_alignment": 1.0,
          "entry_face_gap": 0.0,
          "penetration": 28.0
        }
      },
      {
        "instances": [
          37,
          57
        ],
        "status": "potential",
        "kinds": [
          "stud",
          "stud_receptacle"
        ],
        "sources": [
          "ldcad_shadow",
          "heuristic"
        ],
        "confidence": [
          1.0,
          0.8
        ],
        "feature_ids": [
          "s/3005s01@R0/stud@R0/studC",
          "s/3005s01@R0/snap_cyl@L8:I0"
        ],
        "residual": {
          "distance": 0.0,
          "axial_gap": 0.0,
          "alignment": 1.0,
          "roll_alignment": 1.0,
          "entry_face_gap": 0.0,
          "penetration": 28.0
        }
      },
      {
        "instances": [
          38,
          58
        ],
        "status": "potential",
        "kinds": [
          "stud",
          "stud_receptacle"
        ],
        "sources": [
          "ldcad_shadow",
          "heuristic"
        ],
        "confidence": [
          1.0,
          0.8
        ],
        "feature_ids": [
          "s/3005s01@R0/stud@R0/studC",
          "s/3005s01@R0/snap_cyl@L8:I0"
        ],
        "residual": {
          "distance": 0.0,
          "axial_gap": 0.0,
          "alignment": 1.0,
          "roll_alignment": 1.0,
          "entry_face_gap": 0.0,
          "penetration": 28.0
        }
      },
      {
        "instances": [
          39,
          59
        ],
        "status": "potential",
        "kinds": [
          "stud",
          "stud_receptacle"
        ],
        "sources": [
          "ldcad_shadow",
          "heuristic"
        ],
        "confidence": [
          1.0,
          0.8
        ],
        "feature_ids": [
          "s/3005s01@R0/stud@R0/studC",
          "s/3005s01@R0/snap_cyl@L8:I0"
        ],
        "residual": {
          "distance": 0.0,
          "axial_gap": 0.0,
          "alignment": 1.0,
          "roll_alignment": 1.0,
          "entry_face_gap": 0.0,
          "penetration": 28.0
        }
      },
      {
        "instances": [
          40,
          60
        ],
        "status": "potential",
        "kinds": [
          "stud",
          "stud_receptacle"
        ],
        "sources": [
          "ldcad_shadow",
          "heuristic"
        ],
        "confidence": [
          1.0,
          0.8
        ],
        "feature_ids": [
          "s/3005s01@R0/stud@R0/studC",
          "s/3005s01@R0/snap_cyl@L8:I0"
        ],
        "residual": {
          "distance": 0.0,
          "axial_gap": 0.0,
          "alignment": 1.0,
          "roll_alignment": 1.0,
          "entry_face_gap": 0.0,
          "penetration": 28.0
        }
      },
      {
        "instances": [
          41,
          61
        ],
        "status": "potential",
        "kinds": [
          "stud",
          "stud_receptacle"
        ],
        "sources": [
          "ldcad_shadow",
          "heuristic"
        ],
        "confidence": [
          1.0,
          0.8
        ],
        "feature_ids": [
          "s/3005s01@R0/stud@R0/studC",
          "s/3005s01@R0/snap_cyl@L8:I0"
        ],
        "residual": {
          "distance": 0.0,
          "axial_gap": 0.0,
          "alignment": 1.0,
          "roll_alignment": 1.0,
          "entry_face_gap": 0.0,
          "penetration": 28.0
        }
      },
      {
        "instances": [
          42,
          62
        ],
        "status": "potential",
        "kinds": [
          "stud",
          "stud_receptacle"
        ],
        "sources": [
          "ldcad_shadow",
          "heuristic"
        ],
        "confidence": [
          1.0,
          0.8
        ],
        "feature_ids": [
          "s/3005s01@R0/stud@R0/studC",
          "s/3005s01@R0/snap_cyl@L8:I0"
        ],
        "residual": {
          "distance": 0.0,
          "axial_gap": 0.0,
          "alignment": 1.0,
          "roll_alignment": 1.0,
          "entry_face_gap": 0.0,
          "penetration": 28.0
        }
      },
      {
        "instances": [
          43,
          63
        ],
        "status": "potential",
        "kinds": [
          "stud",
          "stud_receptacle"
        ],
        "sources": [
          "ldcad_shadow",
          "heuristic"
        ],
        "confidence": [
          1.0,
          0.8
        ],
        "feature_ids": [
          "s/3005s01@R0/stud@R0/studC",
          "s/3005s01@R0/snap_cyl@L8:I0"
        ],
        "residual": {
          "distance": 0.0,
          "axial_gap": 0.0,
          "alignment": 1.0,
          "roll_alignment": 1.0,
          "entry_face_gap": 0.0,
          "penetration": 28.0
        }
      },
      {
        "instances": [
          44,
          64
        ],
        "status": "potential",
        "kinds": [
          "stud",
          "stud_receptacle"
        ],
        "sources": [
          "ldcad_shadow",
          "heuristic"
        ],
        "confidence": [
          1.0,
          0.8
        ],
        "feature_ids": [
          "s/3005s01@R0/stud@R0/studC",
          "s/3005s01@R0/snap_cyl@L8:I0"
        ],
        "residual": {
          "distance": 0.0,
          "axial_gap": 0.0,
          "alignment": 1.0,
          "roll_alignment": 1.0,
          "entry_face_gap": 0.0,
          "penetration": 28.0
        }
      },
      {
        "instances": [
          45,
          65
        ],
        "status": "potential",
        "kinds": [
          "stud",
          "stud_receptacle"
        ],
        "sources": [
          "ldcad_shadow",
          "heuristic"
        ],
        "confidence": [
          1.0,
          0.8
        ],
        "feature_ids": [
          "s/3005s01@R0/stud@R0/studC",
          "s/3005s01@R0/snap_cyl@L8:I0"
        ],
        "residual": {
          "distance": 0.0,
          "axial_gap": 0.0,
          "alignment": 1.0,
          "roll_alignment": 1.0,
          "entry_face_gap": 0.0,
          "penetration": 28.0
        }
      },
      {
        "instances": [
          46,
          66
        ],
        "status": "potential",
        "kinds": [
          "stud",
          "stud_receptacle"
        ],
        "sources": [
          "ldcad_shadow",
          "heuristic"
        ],
        "confidence": [
          1.0,
          0.8
        ],
        "feature_ids": [
          "s/3005s01@R0/stud@R0/studC",
          "s/3005s01@R0/snap_cyl@L8:I0"
        ],
        "residual": {
          "distance": 0.0,
          "axial_gap": 0.0,
          "alignment": 1.0,
          "roll_alignment": 1.0,
          "entry_face_gap": 0.0,
          "penetration": 28.0
        }
      },
      {
        "instances": [
          47,
          67
        ],
        "status": "potential",
        "kinds": [
          "stud",
          "stud_receptacle"
        ],
        "sources": [
          "ldcad_shadow",
          "heuristic"
        ],
        "confidence": [
          1.0,
          0.8
        ],
        "feature_ids": [
          "s/3005s01@R0/stud@R0/studC",
          "s/3005s01@R0/snap_cyl@L8:I0"
        ],
        "residual": {
          "distance": 0.0,
          "axial_gap": 0.0,
          "alignment": 1.0,
          "roll_alignment": 1.0,
          "entry_face_gap": 0.0,
          "penetration": 28.0
        }
      },
      {
        "instances": [
          48,
          68
        ],
        "status": "potential",
        "kinds": [
          "stud",
          "stud_receptacle"
        ],
        "sources": [
          "ldcad_shadow",
          "heuristic"
        ],
        "confidence": [
          1.0,
          0.8
        ],
        "feature_ids": [
          "s/3005s01@R0/stud@R0/studC",
          "s/3005s01@R0/snap_cyl@L8:I0"
        ],
        "residual": {
          "distance": 0.0,
          "axial_gap": 0.0,
          "alignment": 1.0,
          "roll_alignment": 1.0,
          "entry_face_gap": 0.0,
          "penetration": 28.0
        }
      },
      {
        "instances": [
          49,
          69
        ],
        "status": "potential",
        "kinds": [
          "stud",
          "stud_receptacle"
        ],
        "sources": [
          "ldcad_shadow",
          "heuristic"
        ],
        "confidence": [
          1.0,
          0.8
        ],
        "feature_ids": [
          "s/3005s01@R0/stud@R0/studC",
          "s/3005s01@R0/snap_cyl@L8:I0"
        ],
        "residual": {
          "distance": 0.0,
          "axial_gap": 0.0,
          "alignment": 1.0,
          "roll_alignment": 1.0,
          "entry_face_gap": 0.0,
          "penetration": 28.0
        }
      },
      {
        "instances": [
          50,
          70
        ],
        "status": "potential",
        "kinds": [
          "stud",
          "stud_receptacle"
        ],
        "sources": [
          "ldcad_shadow",
          "heuristic"
        ],
        "confidence": [
          1.0,
          0.8
        ],
        "feature_ids": [
          "s/3005s01@R0/stud@R0/studC",
          "s/3005s01@R0/snap_cyl@L8:I0"
        ],
        "residual": {
          "distance": 0.0,
          "axial_gap": 0.0,
          "alignment": 1.0,
          "roll_alignment": 1.0,
          "entry_face_gap": 0.0,
          "penetration": 28.0
        }
      },
      {
        "instances": [
          51,
          71
        ],
        "status": "potential",
        "kinds": [
          "stud",
          "stud_receptacle"
        ],
        "sources": [
          "ldcad_shadow",
          "heuristic"
        ],
        "confidence": [
          1.0,
          0.8
        ],
        "feature_ids": [
          "s/3005s01@R0/stud@R0/studC",
          "s/3005s01@R0/snap_cyl@L8:I0"
        ],
        "residual": {
          "distance": 0.0,
          "axial_gap": 0.0,
          "alignment": 1.0,
          "roll_alignment": 1.0,
          "entry_face_gap": 0.0,
          "penetration": 28.0
        }
      },
      {
        "instances": [
          52,
          72
        ],
        "status": "potential",
        "kinds": [
          "stud",
          "stud_receptacle"
        ],
        "sources": [
          "ldcad_shadow",
          "heuristic"
        ],
        "confidence": [
          1.0,
          0.8
        ],
        "feature_ids": [
          "s/3005s01@R0/stud@R0/studC",
          "s/3005s01@R0/snap_cyl@L8:I0"
        ],
        "residual": {
          "distance": 0.0,
          "axial_gap": 0.0,
          "alignment": 1.0,
          "roll_alignment": 1.0,
          "entry_face_gap": 0.0,
          "penetration": 28.0
        }
      },
      {
        "instances": [
          53,
          73
        ],
        "status": "potential",
        "kinds": [
          "stud",
          "stud_receptacle"
        ],
        "sources": [
          "ldcad_shadow",
          "heuristic"
        ],
        "confidence": [
          1.0,
          0.8
        ],
        "feature_ids": [
          "s/3622s01@R0/stug-1x3@R0/stud@R0/studC",
          "s/3622s01@R0/snap_cyl@L8:I0"
        ],
        "residual": {
          "distance": 0.0,
          "axial_gap": 0.0,
          "alignment": 1.0,
          "roll_alignment": 1.0,
          "entry_face_gap": 0.0,
          "penetration": 28.0
        }
      },
      {
        "instances": [
          53,
          73
        ],
        "status": "potential",
        "kinds": [
          "stud",
          "stud_receptacle"
        ],
        "sources": [
          "ldcad_shadow",
          "heuristic"
        ],
        "confidence": [
          1.0,
          0.8
        ],
        "feature_ids": [
          "s/3622s01@R0/stug-1x3@R0/stud@R1/studC",
          "s/3622s01@R0/snap_cyl@L8:I1"
        ],
        "residual": {
          "distance": 0.0,
          "axial_gap": 0.0,
          "alignment": 1.0,
          "roll_alignment": 1.0,
          "entry_face_gap": 0.0,
          "penetration": 28.0
        }
      },
      {
        "instances": [
          53,
          73
        ],
        "status": "potential",
        "kinds": [
          "stud",
          "stud_receptacle"
        ],
        "sources": [
          "ldcad_shadow",
          "heuristic"
        ],
        "confidence": [
          1.0,
          0.8
        ],
        "feature_ids": [
          "s/3622s01@R0/stug-1x3@R0/stud@R2/studC",
          "s/3622s01@R0/snap_cyl@L8:I2"
        ],
        "residual": {
          "distance": 0.0,
          "axial_gap": 0.0,
          "alignment": 1.0,
          "roll_alignment": 1.0,
          "entry_face_gap": 0.0,
          "penetration": 28.0
        }
      },
      {
        "instances": [
          54,
          74
        ],
        "status": "potential",
        "kinds": [
          "stud",
          "stud_receptacle"
        ],
        "sources": [
          "ldcad_shadow",
          "heuristic"
        ],
        "confidence": [
          1.0,
          0.8
        ],
        "feature_ids": [
          "s/3622s01@R0/stug-1x3@R0/stud@R0/studC",
          "s/3622s01@R0/snap_cyl@L8:I0"
        ],
        "residual": {
          "distance": 0.0,
          "axial_gap": 0.0,
          "alignment": 1.0,
          "roll_alignment": 1.0,
          "entry_face_gap": 0.0,
          "penetration": 28.0
        }
      },
      {
        "instances": [
          54,
          74
        ],
        "status": "potential",
        "kinds": [
          "stud",
          "stud_receptacle"
        ],
        "sources": [
          "ldcad_shadow",
          "heuristic"
        ],
        "confidence": [
          1.0,
          0.8
        ],
        "feature_ids": [
          "s/3622s01@R0/stug-1x3@R0/stud@R1/studC",
          "s/3622s01@R0/snap_cyl@L8:I1"
        ],
        "residual": {
          "distance": 0.0,
          "axial_gap": 0.0,
          "alignment": 1.0,
          "roll_alignment": 1.0,
          "entry_face_gap": 0.0,
          "penetration": 28.0
        }
      },
      {
        "instances": [
          54,
          74
        ],
        "status": "potential",
        "kinds": [
          "stud",
          "stud_receptacle"
        ],
        "sources": [
          "ldcad_shadow",
          "heuristic"
        ],
        "confidence": [
          1.0,
          0.8
        ],
        "feature_ids": [
          "s/3622s01@R0/stug-1x3@R0/stud@R2/studC",
          "s/3622s01@R0/snap_cyl@L8:I2"
        ],
        "residual": {
          "distance": 0.0,
          "axial_gap": 0.0,
          "alignment": 1.0,
          "roll_alignment": 1.0,
          "entry_face_gap": 0.0,
          "penetration": 28.0
        }
      },
      {
        "instances": [
          55,
          75
        ],
        "status": "confirmed",
        "kinds": [
          "stud",
          "stud_receptacle"
        ],
        "sources": [
          "ldcad_shadow",
          "primitive"
        ],
        "confidence": [
          1.0,
          1.0
        ],
        "feature_ids": [
          "s/3010s01@R0/stug-1x4@R0/stud@R0/studC",
          "s/3010s01@R0/stug3-1x3@R1/stud3@R0/stud3:socket:-1+0"
        ],
        "residual": {
          "distance": 0.0,
          "axial_gap": 0.0,
          "alignment": 1.0,
          "roll_alignment": 1.0,
          "entry_face_gap": 0.0,
          "penetration": 28.0
        }
      },
      {
        "instances": [
          55,
          75
        ],
        "status": "confirmed",
        "kinds": [
          "stud",
          "stud_receptacle"
        ],
        "sources": [
          "ldcad_shadow",
          "primitive"
        ],
        "confidence": [
          1.0,
          1.0
        ],
        "feature_ids": [
          "s/3010s01@R0/stug-1x4@R0/stud@R1/studC",
          "s/3010s01@R0/stug3-1x3@R1/stud3@R0/stud3:socket:+1+0"
        ],
        "residual": {
          "distance": 0.0,
          "axial_gap": 0.0,
          "alignment": 1.0,
          "roll_alignment": 1.0,
          "entry_face_gap": 0.0,
          "penetration": 28.0
        }
      },
      {
        "instances": [
          55,
          75
        ],
        "status": "confirmed",
        "kinds": [
          "stud",
          "stud_receptacle"
        ],
        "sources": [
          "ldcad_shadow",
          "primitive"
        ],
        "confidence": [
          1.0,
          1.0
        ],
        "feature_ids": [
          "s/3010s01@R0/stug-1x4@R0/stud@R2/studC",
          "s/3010s01@R0/stug3-1x3@R1/stud3@R1/stud3:socket:+1+0"
        ],
        "residual": {
          "distance": 0.0,
          "axial_gap": 0.0,
          "alignment": 1.0,
          "roll_alignment": 1.0,
          "entry_face_gap": 0.0,
          "penetration": 28.0
        }
      },
      {
        "instances": [
          55,
          75
        ],
        "status": "confirmed",
        "kinds": [
          "stud",
          "stud_receptacle"
        ],
        "sources": [
          "ldcad_shadow",
          "primitive"
        ],
        "confidence": [
          1.0,
          1.0
        ],
        "feature_ids": [
          "s/3010s01@R0/stug-1x4@R0/stud@R3/studC",
          "s/3010s01@R0/stug3-1x3@R1/stud3@R2/stud3:socket:+1+0"
        ],
        "residual": {
          "distance": 0.0,
          "axial_gap": 0.0,
          "alignment": 1.0,
          "roll_alignment": 1.0,
          "entry_face_gap": 0.0,
          "penetration": 28.0
        }
      },
      {
        "instances": [
          56,
          76
        ],
        "status": "confirmed",
        "kinds": [
          "stud",
          "stud_receptacle"
        ],
        "sources": [
          "ldcad_shadow",
          "primitive"
        ],
        "confidence": [
          1.0,
          1.0
        ],
        "feature_ids": [
          "s/3010s01@R0/stug-1x4@R0/stud@R0/studC",
          "s/3010s01@R0/stug3-1x3@R1/stud3@R0/stud3:socket:-1+0"
        ],
        "residual": {
          "distance": 0.0,
          "axial_gap": 0.0,
          "alignment": 1.0,
          "roll_alignment": 1.0,
          "entry_face_gap": 0.0,
          "penetration": 28.0
        }
      },
      {
        "instances": [
          56,
          76
        ],
        "status": "confirmed",
        "kinds": [
          "stud",
          "stud_receptacle"
        ],
        "sources": [
          "ldcad_shadow",
          "primitive"
        ],
        "confidence": [
          1.0,
          1.0
        ],
        "feature_ids": [
          "s/3010s01@R0/stug-1x4@R0/stud@R1/studC",
          "s/3010s01@R0/stug3-1x3@R1/stud3@R0/stud3:socket:+1+0"
        ],
        "residual": {
          "distance": 0.0,
          "axial_gap": 0.0,
          "alignment": 1.0,
          "roll_alignment": 1.0,
          "entry_face_gap": 0.0,
          "penetration": 28.0
        }
      },
      {
        "instances": [
          56,
          76
        ],
        "status": "confirmed",
        "kinds": [
          "stud",
          "stud_receptacle"
        ],
        "sources": [
          "ldcad_shadow",
          "primitive"
        ],
        "confidence": [
          1.0,
          1.0
        ],
        "feature_ids": [
          "s/3010s01@R0/stug-1x4@R0/stud@R2/studC",
          "s/3010s01@R0/stug3-1x3@R1/stud3@R1/stud3:socket:+1+0"
        ],
        "residual": {
          "distance": 0.0,
          "axial_gap": 0.0,
          "alignment": 1.0,
          "roll_alignment": 1.0,
          "entry_face_gap": 0.0,
          "penetration": 28.0
        }
      },
      {
        "instances": [
          56,
          76
        ],
        "status": "confirmed",
        "kinds": [
          "stud",
          "stud_receptacle"
        ],
        "sources": [
          "ldcad_shadow",
          "primitive"
        ],
        "confidence": [
          1.0,
          1.0
        ],
        "feature_ids": [
          "s/3010s01@R0/stug-1x4@R0/stud@R3/studC",
          "s/3010s01@R0/stug3-1x3@R1/stud3@R2/stud3:socket:+1+0"
        ],
        "residual": {
          "distance": 0.0,
          "axial_gap": 0.0,
          "alignment": 1.0,
          "roll_alignment": 1.0,
          "entry_face_gap": 0.0,
          "penetration": 28.0
        }
      },
      {
        "instances": [
          57,
          77
        ],
        "status": "potential",
        "kinds": [
          "stud",
          "stud_receptacle"
        ],
        "sources": [
          "ldcad_shadow",
          "heuristic"
        ],
        "confidence": [
          1.0,
          0.8
        ],
        "feature_ids": [
          "s/3005s01@R0/stud@R0/studC",
          "s/3005s01@R0/snap_cyl@L8:I0"
        ],
        "residual": {
          "distance": 0.0,
          "axial_gap": 0.0,
          "alignment": 1.0,
          "roll_alignment": 1.0,
          "entry_face_gap": 0.0,
          "penetration": 28.0
        }
      },
      {
        "instances": [
          58,
          78
        ],
        "status": "potential",
        "kinds": [
          "stud",
          "stud_receptacle"
        ],
        "sources": [
          "ldcad_shadow",
          "heuristic"
        ],
        "confidence": [
          1.0,
          0.8
        ],
        "feature_ids": [
          "s/3005s01@R0/stud@R0/studC",
          "s/3005s01@R0/snap_cyl@L8:I0"
        ],
        "residual": {
          "distance": 0.0,
          "axial_gap": 0.0,
          "alignment": 1.0,
          "roll_alignment": 1.0,
          "entry_face_gap": 0.0,
          "penetration": 28.0
        }
      },
      {
        "instances": [
          59,
          79
        ],
        "status": "potential",
        "kinds": [
          "stud",
          "stud_receptacle"
        ],
        "sources": [
          "ldcad_shadow",
          "heuristic"
        ],
        "confidence": [
          1.0,
          0.8
        ],
        "feature_ids": [
          "s/3005s01@R0/stud@R0/studC",
          "s/3005s01@R0/snap_cyl@L8:I0"
        ],
        "residual": {
          "distance": 0.0,
          "axial_gap": 0.0,
          "alignment": 1.0,
          "roll_alignment": 1.0,
          "entry_face_gap": 0.0,
          "penetration": 28.0
        }
      },
      {
        "instances": [
          60,
          80
        ],
        "status": "potential",
        "kinds": [
          "stud",
          "stud_receptacle"
        ],
        "sources": [
          "ldcad_shadow",
          "heuristic"
        ],
        "confidence": [
          1.0,
          0.8
        ],
        "feature_ids": [
          "s/3005s01@R0/stud@R0/studC",
          "s/3005s01@R0/snap_cyl@L8:I0"
        ],
        "residual": {
          "distance": 0.0,
          "axial_gap": 0.0,
          "alignment": 1.0,
          "roll_alignment": 1.0,
          "entry_face_gap": 0.0,
          "penetration": 28.0
        }
      },
      {
        "instances": [
          61,
          81
        ],
        "status": "potential",
        "kinds": [
          "stud",
          "stud_receptacle"
        ],
        "sources": [
          "ldcad_shadow",
          "heuristic"
        ],
        "confidence": [
          1.0,
          0.8
        ],
        "feature_ids": [
          "s/3005s01@R0/stud@R0/studC",
          "s/3005s01@R0/snap_cyl@L8:I0"
        ],
        "residual": {
          "distance": 0.0,
          "axial_gap": 0.0,
          "alignment": 1.0,
          "roll_alignment": 1.0,
          "entry_face_gap": 0.0,
          "penetration": 28.0
        }
      },
      {
        "instances": [
          62,
          82
        ],
        "status": "potential",
        "kinds": [
          "stud",
          "stud_receptacle"
        ],
        "sources": [
          "ldcad_shadow",
          "heuristic"
        ],
        "confidence": [
          1.0,
          0.8
        ],
        "feature_ids": [
          "s/3005s01@R0/stud@R0/studC",
          "s/3005s01@R0/snap_cyl@L8:I0"
        ],
        "residual": {
          "distance": 0.0,
          "axial_gap": 0.0,
          "alignment": 1.0,
          "roll_alignment": 1.0,
          "entry_face_gap": 0.0,
          "penetration": 28.0
        }
      },
      {
        "instances": [
          63,
          83
        ],
        "status": "potential",
        "kinds": [
          "stud",
          "stud_receptacle"
        ],
        "sources": [
          "ldcad_shadow",
          "heuristic"
        ],
        "confidence": [
          1.0,
          0.8
        ],
        "feature_ids": [
          "s/3005s01@R0/stud@R0/studC",
          "s/3005s01@R0/snap_cyl@L8:I0"
        ],
        "residual": {
          "distance": 0.0,
          "axial_gap": 0.0,
          "alignment": 1.0,
          "roll_alignment": 1.0,
          "entry_face_gap": 0.0,
          "penetration": 28.0
        }
      },
      {
        "instances": [
          64,
          84
        ],
        "status": "potential",
        "kinds": [
          "stud",
          "stud_receptacle"
        ],
        "sources": [
          "ldcad_shadow",
          "heuristic"
        ],
        "confidence": [
          1.0,
          0.8
        ],
        "feature_ids": [
          "s/3005s01@R0/stud@R0/studC",
          "s/3005s01@R0/snap_cyl@L8:I0"
        ],
        "residual": {
          "distance": 0.0,
          "axial_gap": 0.0,
          "alignment": 1.0,
          "roll_alignment": 1.0,
          "entry_face_gap": 0.0,
          "penetration": 28.0
        }
      },
      {
        "instances": [
          65,
          85
        ],
        "status": "potential",
        "kinds": [
          "stud",
          "stud_receptacle"
        ],
        "sources": [
          "ldcad_shadow",
          "heuristic"
        ],
        "confidence": [
          1.0,
          0.8
        ],
        "feature_ids": [
          "s/3005s01@R0/stud@R0/studC",
          "s/3005s01@R0/snap_cyl@L8:I0"
        ],
        "residual": {
          "distance": 0.0,
          "axial_gap": 0.0,
          "alignment": 1.0,
          "roll_alignment": 1.0,
          "entry_face_gap": 0.0,
          "penetration": 28.0
        }
      },
      {
        "instances": [
          66,
          86
        ],
        "status": "potential",
        "kinds": [
          "stud",
          "stud_receptacle"
        ],
        "sources": [
          "ldcad_shadow",
          "heuristic"
        ],
        "confidence": [
          1.0,
          0.8
        ],
        "feature_ids": [
          "s/3005s01@R0/stud@R0/studC",
          "s/3005s01@R0/snap_cyl@L8:I0"
        ],
        "residual": {
          "distance": 0.0,
          "axial_gap": 0.0,
          "alignment": 1.0,
          "roll_alignment": 1.0,
          "entry_face_gap": 0.0,
          "penetration": 28.0
        }
      },
      {
        "instances": [
          67,
          87
        ],
        "status": "potential",
        "kinds": [
          "stud",
          "stud_receptacle"
        ],
        "sources": [
          "ldcad_shadow",
          "heuristic"
        ],
        "confidence": [
          1.0,
          0.8
        ],
        "feature_ids": [
          "s/3005s01@R0/stud@R0/studC",
          "s/3005s01@R0/snap_cyl@L8:I0"
        ],
        "residual": {
          "distance": 0.0,
          "axial_gap": 0.0,
          "alignment": 1.0,
          "roll_alignment": 1.0,
          "entry_face_gap": 0.0,
          "penetration": 28.0
        }
      },
      {
        "instances": [
          68,
          88
        ],
        "status": "potential",
        "kinds": [
          "stud",
          "stud_receptacle"
        ],
        "sources": [
          "ldcad_shadow",
          "heuristic"
        ],
        "confidence": [
          1.0,
          0.8
        ],
        "feature_ids": [
          "s/3005s01@R0/stud@R0/studC",
          "s/3005s01@R0/snap_cyl@L8:I0"
        ],
        "residual": {
          "distance": 0.0,
          "axial_gap": 0.0,
          "alignment": 1.0,
          "roll_alignment": 1.0,
          "entry_face_gap": 0.0,
          "penetration": 28.0
        }
      },
      {
        "instances": [
          69,
          89
        ],
        "status": "potential",
        "kinds": [
          "stud",
          "stud_receptacle"
        ],
        "sources": [
          "ldcad_shadow",
          "heuristic"
        ],
        "confidence": [
          1.0,
          0.8
        ],
        "feature_ids": [
          "s/3005s01@R0/stud@R0/studC",
          "s/3005s01@R0/snap_cyl@L8:I0"
        ],
        "residual": {
          "distance": 0.0,
          "axial_gap": 0.0,
          "alignment": 1.0,
          "roll_alignment": 1.0,
          "entry_face_gap": 0.0,
          "penetration": 28.0
        }
      },
      {
        "instances": [
          70,
          90
        ],
        "status": "potential",
        "kinds": [
          "stud",
          "stud_receptacle"
        ],
        "sources": [
          "ldcad_shadow",
          "heuristic"
        ],
        "confidence": [
          1.0,
          0.8
        ],
        "feature_ids": [
          "s/3005s01@R0/stud@R0/studC",
          "s/3005s01@R0/snap_cyl@L8:I0"
        ],
        "residual": {
          "distance": 0.0,
          "axial_gap": 0.0,
          "alignment": 1.0,
          "roll_alignment": 1.0,
          "entry_face_gap": 0.0,
          "penetration": 28.0
        }
      },
      {
        "instances": [
          71,
          91
        ],
        "status": "potential",
        "kinds": [
          "stud",
          "stud_receptacle"
        ],
        "sources": [
          "ldcad_shadow",
          "heuristic"
        ],
        "confidence": [
          1.0,
          0.8
        ],
        "feature_ids": [
          "s/3005s01@R0/stud@R0/studC",
          "s/3005s01@R0/snap_cyl@L8:I0"
        ],
        "residual": {
          "distance": 0.0,
          "axial_gap": 0.0,
          "alignment": 1.0,
          "roll_alignment": 1.0,
          "entry_face_gap": 0.0,
          "penetration": 28.0
        }
      },
      {
        "instances": [
          72,
          92
        ],
        "status": "potential",
        "kinds": [
          "stud",
          "stud_receptacle"
        ],
        "sources": [
          "ldcad_shadow",
          "heuristic"
        ],
        "confidence": [
          1.0,
          0.8
        ],
        "feature_ids": [
          "s/3005s01@R0/stud@R0/studC",
          "s/3005s01@R0/snap_cyl@L8:I0"
        ],
        "residual": {
          "distance": 0.0,
          "axial_gap": 0.0,
          "alignment": 1.0,
          "roll_alignment": 1.0,
          "entry_face_gap": 0.0,
          "penetration": 28.0
        }
      },
      {
        "instances": [
          73,
          93
        ],
        "status": "potential",
        "kinds": [
          "stud",
          "stud_receptacle"
        ],
        "sources": [
          "ldcad_shadow",
          "heuristic"
        ],
        "confidence": [
          1.0,
          0.8
        ],
        "feature_ids": [
          "s/3622s01@R0/stug-1x3@R0/stud@R0/studC",
          "s/3622s01@R0/snap_cyl@L8:I0"
        ],
        "residual": {
          "distance": 0.0,
          "axial_gap": 0.0,
          "alignment": 1.0,
          "roll_alignment": 1.0,
          "entry_face_gap": 0.0,
          "penetration": 28.0
        }
      },
      {
        "instances": [
          73,
          93
        ],
        "status": "potential",
        "kinds": [
          "stud",
          "stud_receptacle"
        ],
        "sources": [
          "ldcad_shadow",
          "heuristic"
        ],
        "confidence": [
          1.0,
          0.8
        ],
        "feature_ids": [
          "s/3622s01@R0/stug-1x3@R0/stud@R1/studC",
          "s/3622s01@R0/snap_cyl@L8:I1"
        ],
        "residual": {
          "distance": 0.0,
          "axial_gap": 0.0,
          "alignment": 1.0,
          "roll_alignment": 1.0,
          "entry_face_gap": 0.0,
          "penetration": 28.0
        }
      },
      {
        "instances": [
          73,
          93
        ],
        "status": "potential",
        "kinds": [
          "stud",
          "stud_receptacle"
        ],
        "sources": [
          "ldcad_shadow",
          "heuristic"
        ],
        "confidence": [
          1.0,
          0.8
        ],
        "feature_ids": [
          "s/3622s01@R0/stug-1x3@R0/stud@R2/studC",
          "s/3622s01@R0/snap_cyl@L8:I2"
        ],
        "residual": {
          "distance": 0.0,
          "axial_gap": 0.0,
          "alignment": 1.0,
          "roll_alignment": 1.0,
          "entry_face_gap": 0.0,
          "penetration": 28.0
        }
      },
      {
        "instances": [
          74,
          94
        ],
        "status": "potential",
        "kinds": [
          "stud",
          "stud_receptacle"
        ],
        "sources": [
          "ldcad_shadow",
          "heuristic"
        ],
        "confidence": [
          1.0,
          0.8
        ],
        "feature_ids": [
          "s/3622s01@R0/stug-1x3@R0/stud@R0/studC",
          "s/3622s01@R0/snap_cyl@L8:I0"
        ],
        "residual": {
          "distance": 0.0,
          "axial_gap": 0.0,
          "alignment": 1.0,
          "roll_alignment": 1.0,
          "entry_face_gap": 0.0,
          "penetration": 28.0
        }
      },
      {
        "instances": [
          74,
          94
        ],
        "status": "potential",
        "kinds": [
          "stud",
          "stud_receptacle"
        ],
        "sources": [
          "ldcad_shadow",
          "heuristic"
        ],
        "confidence": [
          1.0,
          0.8
        ],
        "feature_ids": [
          "s/3622s01@R0/stug-1x3@R0/stud@R1/studC",
          "s/3622s01@R0/snap_cyl@L8:I1"
        ],
        "residual": {
          "distance": 0.0,
          "axial_gap": 0.0,
          "alignment": 1.0,
          "roll_alignment": 1.0,
          "entry_face_gap": 0.0,
          "penetration": 28.0
        }
      },
      {
        "instances": [
          74,
          94
        ],
        "status": "potential",
        "kinds": [
          "stud",
          "stud_receptacle"
        ],
        "sources": [
          "ldcad_shadow",
          "heuristic"
        ],
        "confidence": [
          1.0,
          0.8
        ],
        "feature_ids": [
          "s/3622s01@R0/stug-1x3@R0/stud@R2/studC",
          "s/3622s01@R0/snap_cyl@L8:I2"
        ],
        "residual": {
          "distance": 0.0,
          "axial_gap": 0.0,
          "alignment": 1.0,
          "roll_alignment": 1.0,
          "entry_face_gap": 0.0,
          "penetration": 28.0
        }
      },
      {
        "instances": [
          75,
          95
        ],
        "status": "confirmed",
        "kinds": [
          "stud",
          "stud_receptacle"
        ],
        "sources": [
          "ldcad_shadow",
          "primitive"
        ],
        "confidence": [
          1.0,
          1.0
        ],
        "feature_ids": [
          "s/3010s01@R0/stug-1x4@R0/stud@R0/studC",
          "s/3010s01@R0/stug3-1x3@R1/stud3@R0/stud3:socket:-1+0"
        ],
        "residual": {
          "distance": 0.0,
          "axial_gap": 0.0,
          "alignment": 1.0,
          "roll_alignment": 1.0,
          "entry_face_gap": 0.0,
          "penetration": 28.0
        }
      },
      {
        "instances": [
          75,
          95
        ],
        "status": "confirmed",
        "kinds": [
          "stud",
          "stud_receptacle"
        ],
        "sources": [
          "ldcad_shadow",
          "primitive"
        ],
        "confidence": [
          1.0,
          1.0
        ],
        "feature_ids": [
          "s/3010s01@R0/stug-1x4@R0/stud@R1/studC",
          "s/3010s01@R0/stug3-1x3@R1/stud3@R0/stud3:socket:+1+0"
        ],
        "residual": {
          "distance": 0.0,
          "axial_gap": 0.0,
          "alignment": 1.0,
          "roll_alignment": 1.0,
          "entry_face_gap": 0.0,
          "penetration": 28.0
        }
      },
      {
        "instances": [
          75,
          95
        ],
        "status": "confirmed",
        "kinds": [
          "stud",
          "stud_receptacle"
        ],
        "sources": [
          "ldcad_shadow",
          "primitive"
        ],
        "confidence": [
          1.0,
          1.0
        ],
        "feature_ids": [
          "s/3010s01@R0/stug-1x4@R0/stud@R2/studC",
          "s/3010s01@R0/stug3-1x3@R1/stud3@R1/stud3:socket:+1+0"
        ],
        "residual": {
          "distance": 0.0,
          "axial_gap": 0.0,
          "alignment": 1.0,
          "roll_alignment": 1.0,
          "entry_face_gap": 0.0,
          "penetration": 28.0
        }
      },
      {
        "instances": [
          75,
          95
        ],
        "status": "confirmed",
        "kinds": [
          "stud",
          "stud_receptacle"
        ],
        "sources": [
          "ldcad_shadow",
          "primitive"
        ],
        "confidence": [
          1.0,
          1.0
        ],
        "feature_ids": [
          "s/3010s01@R0/stug-1x4@R0/stud@R3/studC",
          "s/3010s01@R0/stug3-1x3@R1/stud3@R2/stud3:socket:+1+0"
        ],
        "residual": {
          "distance": 0.0,
          "axial_gap": 0.0,
          "alignment": 1.0,
          "roll_alignment": 1.0,
          "entry_face_gap": 0.0,
          "penetration": 28.0
        }
      },
      {
        "instances": [
          76,
          96
        ],
        "status": "confirmed",
        "kinds": [
          "stud",
          "stud_receptacle"
        ],
        "sources": [
          "ldcad_shadow",
          "primitive"
        ],
        "confidence": [
          1.0,
          1.0
        ],
        "feature_ids": [
          "s/3010s01@R0/stug-1x4@R0/stud@R0/studC",
          "s/3010s01@R0/stug3-1x3@R1/stud3@R0/stud3:socket:-1+0"
        ],
        "residual": {
          "distance": 0.0,
          "axial_gap": 0.0,
          "alignment": 1.0,
          "roll_alignment": 1.0,
          "entry_face_gap": 0.0,
          "penetration": 28.0
        }
      },
      {
        "instances": [
          76,
          96
        ],
        "status": "confirmed",
        "kinds": [
          "stud",
          "stud_receptacle"
        ],
        "sources": [
          "ldcad_shadow",
          "primitive"
        ],
        "confidence": [
          1.0,
          1.0
        ],
        "feature_ids": [
          "s/3010s01@R0/stug-1x4@R0/stud@R1/studC",
          "s/3010s01@R0/stug3-1x3@R1/stud3@R0/stud3:socket:+1+0"
        ],
        "residual": {
          "distance": 0.0,
          "axial_gap": 0.0,
          "alignment": 1.0,
          "roll_alignment": 1.0,
          "entry_face_gap": 0.0,
          "penetration": 28.0
        }
      },
      {
        "instances": [
          76,
          96
        ],
        "status": "confirmed",
        "kinds": [
          "stud",
          "stud_receptacle"
        ],
        "sources": [
          "ldcad_shadow",
          "primitive"
        ],
        "confidence": [
          1.0,
          1.0
        ],
        "feature_ids": [
          "s/3010s01@R0/stug-1x4@R0/stud@R2/studC",
          "s/3010s01@R0/stug3-1x3@R1/stud3@R1/stud3:socket:+1+0"
        ],
        "residual": {
          "distance": 0.0,
          "axial_gap": 0.0,
          "alignment": 1.0,
          "roll_alignment": 1.0,
          "entry_face_gap": 0.0,
          "penetration": 28.0
        }
      },
      {
        "instances": [
          76,
          96
        ],
        "status": "confirmed",
        "kinds": [
          "stud",
          "stud_receptacle"
        ],
        "sources": [
          "ldcad_shadow",
          "primitive"
        ],
        "confidence": [
          1.0,
          1.0
        ],
        "feature_ids": [
          "s/3010s01@R0/stug-1x4@R0/stud@R3/studC",
          "s/3010s01@R0/stug3-1x3@R1/stud3@R2/stud3:socket:+1+0"
        ],
        "residual": {
          "distance": 0.0,
          "axial_gap": 0.0,
          "alignment": 1.0,
          "roll_alignment": 1.0,
          "entry_face_gap": 0.0,
          "penetration": 28.0
        }
      },
      {
        "instances": [
          77,
          97
        ],
        "status": "potential",
        "kinds": [
          "stud",
          "stud_receptacle"
        ],
        "sources": [
          "ldcad_shadow",
          "heuristic"
        ],
        "confidence": [
          1.0,
          0.8
        ],
        "feature_ids": [
          "s/3005s01@R0/stud@R0/studC",
          "s/3005s01@R0/snap_cyl@L8:I0"
        ],
        "residual": {
          "distance": 0.0,
          "axial_gap": 0.0,
          "alignment": 1.0,
          "roll_alignment": 1.0,
          "entry_face_gap": 0.0,
          "penetration": 28.0
        }
      },
      {
        "instances": [
          78,
          98
        ],
        "status": "potential",
        "kinds": [
          "stud",
          "stud_receptacle"
        ],
        "sources": [
          "ldcad_shadow",
          "heuristic"
        ],
        "confidence": [
          1.0,
          0.8
        ],
        "feature_ids": [
          "s/3005s01@R0/stud@R0/studC",
          "s/3005s01@R0/snap_cyl@L8:I0"
        ],
        "residual": {
          "distance": 0.0,
          "axial_gap": 0.0,
          "alignment": 1.0,
          "roll_alignment": 1.0,
          "entry_face_gap": 0.0,
          "penetration": 28.0
        }
      },
      {
        "instances": [
          79,
          99
        ],
        "status": "potential",
        "kinds": [
          "stud",
          "stud_receptacle"
        ],
        "sources": [
          "ldcad_shadow",
          "heuristic"
        ],
        "confidence": [
          1.0,
          0.8
        ],
        "feature_ids": [
          "s/3005s01@R0/stud@R0/studC",
          "s/3005s01@R0/snap_cyl@L8:I0"
        ],
        "residual": {
          "distance": 0.0,
          "axial_gap": 0.0,
          "alignment": 1.0,
          "roll_alignment": 1.0,
          "entry_face_gap": 0.0,
          "penetration": 28.0
        }
      },
      {
        "instances": [
          80,
          100
        ],
        "status": "potential",
        "kinds": [
          "stud",
          "stud_receptacle"
        ],
        "sources": [
          "ldcad_shadow",
          "heuristic"
        ],
        "confidence": [
          1.0,
          0.8
        ],
        "feature_ids": [
          "s/3005s01@R0/stud@R0/studC",
          "s/3005s01@R0/snap_cyl@L8:I0"
        ],
        "residual": {
          "distance": 0.0,
          "axial_gap": 0.0,
          "alignment": 1.0,
          "roll_alignment": 1.0,
          "entry_face_gap": 0.0,
          "penetration": 28.0
        }
      },
      {
        "instances": [
          81,
          101
        ],
        "status": "potential",
        "kinds": [
          "stud",
          "stud_receptacle"
        ],
        "sources": [
          "ldcad_shadow",
          "heuristic"
        ],
        "confidence": [
          1.0,
          0.8
        ],
        "feature_ids": [
          "s/3005s01@R0/stud@R0/studC",
          "s/3005s01@R0/snap_cyl@L8:I0"
        ],
        "residual": {
          "distance": 0.0,
          "axial_gap": 0.0,
          "alignment": 1.0,
          "roll_alignment": 1.0,
          "entry_face_gap": 0.0,
          "penetration": 28.0
        }
      },
      {
        "instances": [
          82,
          102
        ],
        "status": "potential",
        "kinds": [
          "stud",
          "stud_receptacle"
        ],
        "sources": [
          "ldcad_shadow",
          "heuristic"
        ],
        "confidence": [
          1.0,
          0.8
        ],
        "feature_ids": [
          "s/3005s01@R0/stud@R0/studC",
          "s/3005s01@R0/snap_cyl@L8:I0"
        ],
        "residual": {
          "distance": 0.0,
          "axial_gap": 0.0,
          "alignment": 1.0,
          "roll_alignment": 1.0,
          "entry_face_gap": 0.0,
          "penetration": 28.0
        }
      },
      {
        "instances": [
          83,
          103
        ],
        "status": "potential",
        "kinds": [
          "stud",
          "stud_receptacle"
        ],
        "sources": [
          "ldcad_shadow",
          "heuristic"
        ],
        "confidence": [
          1.0,
          0.8
        ],
        "feature_ids": [
          "s/3005s01@R0/stud@R0/studC",
          "s/3005s01@R0/snap_cyl@L8:I0"
        ],
        "residual": {
          "distance": 0.0,
          "axial_gap": 0.0,
          "alignment": 1.0,
          "roll_alignment": 1.0,
          "entry_face_gap": 0.0,
          "penetration": 28.0
        }
      },
      {
        "instances": [
          84,
          104
        ],
        "status": "potential",
        "kinds": [
          "stud",
          "stud_receptacle"
        ],
        "sources": [
          "ldcad_shadow",
          "heuristic"
        ],
        "confidence": [
          1.0,
          0.8
        ],
        "feature_ids": [
          "s/3005s01@R0/stud@R0/studC",
          "s/3005s01@R0/snap_cyl@L8:I0"
        ],
        "residual": {
          "distance": 0.0,
          "axial_gap": 0.0,
          "alignment": 1.0,
          "roll_alignment": 1.0,
          "entry_face_gap": 0.0,
          "penetration": 28.0
        }
      },
      {
        "instances": [
          85,
          105
        ],
        "status": "potential",
        "kinds": [
          "stud",
          "stud_receptacle"
        ],
        "sources": [
          "ldcad_shadow",
          "heuristic"
        ],
        "confidence": [
          1.0,
          0.8
        ],
        "feature_ids": [
          "s/3005s01@R0/stud@R0/studC",
          "s/3005s01@R0/snap_cyl@L8:I0"
        ],
        "residual": {
          "distance": 0.0,
          "axial_gap": 0.0,
          "alignment": 1.0,
          "roll_alignment": 1.0,
          "entry_face_gap": 0.0,
          "penetration": 28.0
        }
      },
      {
        "instances": [
          86,
          106
        ],
        "status": "potential",
        "kinds": [
          "stud",
          "stud_receptacle"
        ],
        "sources": [
          "ldcad_shadow",
          "heuristic"
        ],
        "confidence": [
          1.0,
          0.8
        ],
        "feature_ids": [
          "s/3005s01@R0/stud@R0/studC",
          "s/3005s01@R0/snap_cyl@L8:I0"
        ],
        "residual": {
          "distance": 0.0,
          "axial_gap": 0.0,
          "alignment": 1.0,
          "roll_alignment": 1.0,
          "entry_face_gap": 0.0,
          "penetration": 28.0
        }
      },
      {
        "instances": [
          87,
          107
        ],
        "status": "potential",
        "kinds": [
          "stud",
          "stud_receptacle"
        ],
        "sources": [
          "ldcad_shadow",
          "heuristic"
        ],
        "confidence": [
          1.0,
          0.8
        ],
        "feature_ids": [
          "s/3005s01@R0/stud@R0/studC",
          "s/3005s01@R0/snap_cyl@L8:I0"
        ],
        "residual": {
          "distance": 0.0,
          "axial_gap": 0.0,
          "alignment": 1.0,
          "roll_alignment": 1.0,
          "entry_face_gap": 0.0,
          "penetration": 28.0
        }
      },
      {
        "instances": [
          88,
          108
        ],
        "status": "potential",
        "kinds": [
          "stud",
          "stud_receptacle"
        ],
        "sources": [
          "ldcad_shadow",
          "heuristic"
        ],
        "confidence": [
          1.0,
          0.8
        ],
        "feature_ids": [
          "s/3005s01@R0/stud@R0/studC",
          "s/3005s01@R0/snap_cyl@L8:I0"
        ],
        "residual": {
          "distance": 0.0,
          "axial_gap": 0.0,
          "alignment": 1.0,
          "roll_alignment": 1.0,
          "entry_face_gap": 0.0,
          "penetration": 28.0
        }
      },
      {
        "instances": [
          89,
          109
        ],
        "status": "potential",
        "kinds": [
          "stud",
          "stud_receptacle"
        ],
        "sources": [
          "ldcad_shadow",
          "heuristic"
        ],
        "confidence": [
          1.0,
          0.8
        ],
        "feature_ids": [
          "s/3005s01@R0/stud@R0/studC",
          "s/3005s01@R0/snap_cyl@L8:I0"
        ],
        "residual": {
          "distance": 0.0,
          "axial_gap": 0.0,
          "alignment": 1.0,
          "roll_alignment": 1.0,
          "entry_face_gap": 0.0,
          "penetration": 28.0
        }
      },
      {
        "instances": [
          90,
          110
        ],
        "status": "potential",
        "kinds": [
          "stud",
          "stud_receptacle"
        ],
        "sources": [
          "ldcad_shadow",
          "heuristic"
        ],
        "confidence": [
          1.0,
          0.8
        ],
        "feature_ids": [
          "s/3005s01@R0/stud@R0/studC",
          "s/3005s01@R0/snap_cyl@L8:I0"
        ],
        "residual": {
          "distance": 0.0,
          "axial_gap": 0.0,
          "alignment": 1.0,
          "roll_alignment": 1.0,
          "entry_face_gap": 0.0,
          "penetration": 28.0
        }
      },
      {
        "instances": [
          91,
          111
        ],
        "status": "potential",
        "kinds": [
          "stud",
          "stud_receptacle"
        ],
        "sources": [
          "ldcad_shadow",
          "heuristic"
        ],
        "confidence": [
          1.0,
          0.8
        ],
        "feature_ids": [
          "s/3005s01@R0/stud@R0/studC",
          "s/3005s01@R0/snap_cyl@L8:I0"
        ],
        "residual": {
          "distance": 0.0,
          "axial_gap": 0.0,
          "alignment": 1.0,
          "roll_alignment": 1.0,
          "entry_face_gap": 0.0,
          "penetration": 28.0
        }
      },
      {
        "instances": [
          92,
          112
        ],
        "status": "potential",
        "kinds": [
          "stud",
          "stud_receptacle"
        ],
        "sources": [
          "ldcad_shadow",
          "heuristic"
        ],
        "confidence": [
          1.0,
          0.8
        ],
        "feature_ids": [
          "s/3005s01@R0/stud@R0/studC",
          "s/3005s01@R0/snap_cyl@L8:I0"
        ],
        "residual": {
          "distance": 0.0,
          "axial_gap": 0.0,
          "alignment": 1.0,
          "roll_alignment": 1.0,
          "entry_face_gap": 0.0,
          "penetration": 28.0
        }
      },
      {
        "instances": [
          93,
          113
        ],
        "status": "potential",
        "kinds": [
          "stud",
          "stud_receptacle"
        ],
        "sources": [
          "ldcad_shadow",
          "heuristic"
        ],
        "confidence": [
          1.0,
          0.8
        ],
        "feature_ids": [
          "s/3622s01@R0/stug-1x3@R0/stud@R0/studC",
          "s/3622s01@R0/snap_cyl@L8:I0"
        ],
        "residual": {
          "distance": 0.0,
          "axial_gap": 0.0,
          "alignment": 1.0,
          "roll_alignment": 1.0,
          "entry_face_gap": 0.0,
          "penetration": 28.0
        }
      },
      {
        "instances": [
          93,
          113
        ],
        "status": "potential",
        "kinds": [
          "stud",
          "stud_receptacle"
        ],
        "sources": [
          "ldcad_shadow",
          "heuristic"
        ],
        "confidence": [
          1.0,
          0.8
        ],
        "feature_ids": [
          "s/3622s01@R0/stug-1x3@R0/stud@R1/studC",
          "s/3622s01@R0/snap_cyl@L8:I1"
        ],
        "residual": {
          "distance": 0.0,
          "axial_gap": 0.0,
          "alignment": 1.0,
          "roll_alignment": 1.0,
          "entry_face_gap": 0.0,
          "penetration": 28.0
        }
      },
      {
        "instances": [
          93,
          113
        ],
        "status": "potential",
        "kinds": [
          "stud",
          "stud_receptacle"
        ],
        "sources": [
          "ldcad_shadow",
          "heuristic"
        ],
        "confidence": [
          1.0,
          0.8
        ],
        "feature_ids": [
          "s/3622s01@R0/stug-1x3@R0/stud@R2/studC",
          "s/3622s01@R0/snap_cyl@L8:I2"
        ],
        "residual": {
          "distance": 0.0,
          "axial_gap": 0.0,
          "alignment": 1.0,
          "roll_alignment": 1.0,
          "entry_face_gap": 0.0,
          "penetration": 28.0
        }
      },
      {
        "instances": [
          94,
          114
        ],
        "status": "potential",
        "kinds": [
          "stud",
          "stud_receptacle"
        ],
        "sources": [
          "ldcad_shadow",
          "heuristic"
        ],
        "confidence": [
          1.0,
          0.8
        ],
        "feature_ids": [
          "s/3622s01@R0/stug-1x3@R0/stud@R0/studC",
          "s/3622s01@R0/snap_cyl@L8:I0"
        ],
        "residual": {
          "distance": 0.0,
          "axial_gap": 0.0,
          "alignment": 1.0,
          "roll_alignment": 1.0,
          "entry_face_gap": 0.0,
          "penetration": 28.0
        }
      },
      {
        "instances": [
          94,
          114
        ],
        "status": "potential",
        "kinds": [
          "stud",
          "stud_receptacle"
        ],
        "sources": [
          "ldcad_shadow",
          "heuristic"
        ],
        "confidence": [
          1.0,
          0.8
        ],
        "feature_ids": [
          "s/3622s01@R0/stug-1x3@R0/stud@R1/studC",
          "s/3622s01@R0/snap_cyl@L8:I1"
        ],
        "residual": {
          "distance": 0.0,
          "axial_gap": 0.0,
          "alignment": 1.0,
          "roll_alignment": 1.0,
          "entry_face_gap": 0.0,
          "penetration": 28.0
        }
      },
      {
        "instances": [
          94,
          114
        ],
        "status": "potential",
        "kinds": [
          "stud",
          "stud_receptacle"
        ],
        "sources": [
          "ldcad_shadow",
          "heuristic"
        ],
        "confidence": [
          1.0,
          0.8
        ],
        "feature_ids": [
          "s/3622s01@R0/stug-1x3@R0/stud@R2/studC",
          "s/3622s01@R0/snap_cyl@L8:I2"
        ],
        "residual": {
          "distance": 0.0,
          "axial_gap": 0.0,
          "alignment": 1.0,
          "roll_alignment": 1.0,
          "entry_face_gap": 0.0,
          "penetration": 28.0
        }
      },
      {
        "instances": [
          95,
          115
        ],
        "status": "potential",
        "kinds": [
          "stud",
          "stud_receptacle"
        ],
        "sources": [
          "ldcad_shadow",
          "heuristic"
        ],
        "confidence": [
          1.0,
          0.8
        ],
        "feature_ids": [
          "s/3010s01@R0/stug-1x4@R0/stud@R0/studC",
          "s/3008s01@R0/snap_cyl@L8:I0"
        ],
        "residual": {
          "distance": 0.0,
          "axial_gap": 0.0,
          "alignment": 1.0,
          "roll_alignment": 1.0,
          "entry_face_gap": 0.0,
          "penetration": 28.0
        }
      },
      {
        "instances": [
          95,
          115
        ],
        "status": "potential",
        "kinds": [
          "stud",
          "stud_receptacle"
        ],
        "sources": [
          "ldcad_shadow",
          "heuristic"
        ],
        "confidence": [
          1.0,
          0.8
        ],
        "feature_ids": [
          "s/3010s01@R0/stug-1x4@R0/stud@R1/studC",
          "s/3008s01@R0/snap_cyl@L8:I1"
        ],
        "residual": {
          "distance": 0.0,
          "axial_gap": 0.0,
          "alignment": 1.0,
          "roll_alignment": 1.0,
          "entry_face_gap": 0.0,
          "penetration": 28.0
        }
      },
      {
        "instances": [
          95,
          115
        ],
        "status": "potential",
        "kinds": [
          "stud",
          "stud_receptacle"
        ],
        "sources": [
          "ldcad_shadow",
          "heuristic"
        ],
        "confidence": [
          1.0,
          0.8
        ],
        "feature_ids": [
          "s/3010s01@R0/stug-1x4@R0/stud@R2/studC",
          "s/3008s01@R0/snap_cyl@L8:I2"
        ],
        "residual": {
          "distance": 0.0,
          "axial_gap": 0.0,
          "alignment": 1.0,
          "roll_alignment": 1.0,
          "entry_face_gap": 0.0,
          "penetration": 28.0
        }
      },
      {
        "instances": [
          95,
          115
        ],
        "status": "potential",
        "kinds": [
          "stud",
          "stud_receptacle"
        ],
        "sources": [
          "ldcad_shadow",
          "heuristic"
        ],
        "confidence": [
          1.0,
          0.8
        ],
        "feature_ids": [
          "s/3010s01@R0/stug-1x4@R0/stud@R3/studC",
          "s/3008s01@R0/snap_cyl@L8:I3"
        ],
        "residual": {
          "distance": 0.0,
          "axial_gap": 0.0,
          "alignment": 1.0,
          "roll_alignment": 1.0,
          "entry_face_gap": 0.0,
          "penetration": 28.0
        }
      },
      {
        "instances": [
          96,
          115
        ],
        "status": "potential",
        "kinds": [
          "stud",
          "stud_receptacle"
        ],
        "sources": [
          "ldcad_shadow",
          "heuristic"
        ],
        "confidence": [
          1.0,
          0.8
        ],
        "feature_ids": [
          "s/3010s01@R0/stug-1x4@R0/stud@R0/studC",
          "s/3008s01@R0/snap_cyl@L8:I6"
        ],
        "residual": {
          "distance": 0.0,
          "axial_gap": 0.0,
          "alignment": 1.0,
          "roll_alignment": 1.0,
          "entry_face_gap": 0.0,
          "penetration": 28.0
        }
      },
      {
        "instances": [
          96,
          115
        ],
        "status": "potential",
        "kinds": [
          "stud",
          "stud_receptacle"
        ],
        "sources": [
          "ldcad_shadow",
          "heuristic"
        ],
        "confidence": [
          1.0,
          0.8
        ],
        "feature_ids": [
          "s/3010s01@R0/stug-1x4@R0/stud@R1/studC",
          "s/3008s01@R0/snap_cyl@L8:I7"
        ],
        "residual": {
          "distance": 0.0,
          "axial_gap": 0.0,
          "alignment": 1.0,
          "roll_alignment": 1.0,
          "entry_face_gap": 0.0,
          "penetration": 28.0
        }
      },
      {
        "instances": [
          96,
          116
        ],
        "status": "potential",
        "kinds": [
          "stud",
          "stud_receptacle"
        ],
        "sources": [
          "ldcad_shadow",
          "heuristic"
        ],
        "confidence": [
          1.0,
          0.8
        ],
        "feature_ids": [
          "s/3010s01@R0/stug-1x4@R0/stud@R2/studC",
          "s/3004s01@R0/snap_cyl@L8:I0"
        ],
        "residual": {
          "distance": 0.0,
          "axial_gap": 0.0,
          "alignment": 1.0,
          "roll_alignment": 1.0,
          "entry_face_gap": 0.0,
          "penetration": 28.0
        }
      },
      {
        "instances": [
          96,
          116
        ],
        "status": "potential",
        "kinds": [
          "stud",
          "stud_receptacle"
        ],
        "sources": [
          "ldcad_shadow",
          "heuristic"
        ],
        "confidence": [
          1.0,
          0.8
        ],
        "feature_ids": [
          "s/3010s01@R0/stug-1x4@R0/stud@R3/studC",
          "s/3004s01@R0/snap_cyl@L8:I1"
        ],
        "residual": {
          "distance": 0.0,
          "axial_gap": 0.0,
          "alignment": 1.0,
          "roll_alignment": 1.0,
          "entry_face_gap": 0.0,
          "penetration": 28.0
        }
      },
      {
        "instances": [
          97,
          117
        ],
        "status": "potential",
        "kinds": [
          "stud",
          "stud_receptacle"
        ],
        "sources": [
          "ldcad_shadow",
          "heuristic"
        ],
        "confidence": [
          1.0,
          0.8
        ],
        "feature_ids": [
          "s/3005s01@R0/stud@R0/studC",
          "s/3005s01@R0/snap_cyl@L8:I0"
        ],
        "residual": {
          "distance": 0.0,
          "axial_gap": 0.0,
          "alignment": 1.0,
          "roll_alignment": 1.0,
          "entry_face_gap": 0.0,
          "penetration": 28.0
        }
      },
      {
        "instances": [
          98,
          118
        ],
        "status": "potential",
        "kinds": [
          "stud",
          "stud_receptacle"
        ],
        "sources": [
          "ldcad_shadow",
          "heuristic"
        ],
        "confidence": [
          1.0,
          0.8
        ],
        "feature_ids": [
          "s/3005s01@R0/stud@R0/studC",
          "s/3005s01@R0/snap_cyl@L8:I0"
        ],
        "residual": {
          "distance": 0.0,
          "axial_gap": 0.0,
          "alignment": 1.0,
          "roll_alignment": 1.0,
          "entry_face_gap": 0.0,
          "penetration": 28.0
        }
      },
      {
        "instances": [
          99,
          119
        ],
        "status": "potential",
        "kinds": [
          "stud",
          "stud_receptacle"
        ],
        "sources": [
          "ldcad_shadow",
          "heuristic"
        ],
        "confidence": [
          1.0,
          0.8
        ],
        "feature_ids": [
          "s/3005s01@R0/stud@R0/studC",
          "s/3005s01@R0/snap_cyl@L8:I0"
        ],
        "residual": {
          "distance": 0.0,
          "axial_gap": 0.0,
          "alignment": 1.0,
          "roll_alignment": 1.0,
          "entry_face_gap": 0.0,
          "penetration": 28.0
        }
      },
      {
        "instances": [
          100,
          120
        ],
        "status": "potential",
        "kinds": [
          "stud",
          "stud_receptacle"
        ],
        "sources": [
          "ldcad_shadow",
          "heuristic"
        ],
        "confidence": [
          1.0,
          0.8
        ],
        "feature_ids": [
          "s/3005s01@R0/stud@R0/studC",
          "s/3005s01@R0/snap_cyl@L8:I0"
        ],
        "residual": {
          "distance": 0.0,
          "axial_gap": 0.0,
          "alignment": 1.0,
          "roll_alignment": 1.0,
          "entry_face_gap": 0.0,
          "penetration": 28.0
        }
      },
      {
        "instances": [
          101,
          121
        ],
        "status": "potential",
        "kinds": [
          "stud",
          "stud_receptacle"
        ],
        "sources": [
          "ldcad_shadow",
          "heuristic"
        ],
        "confidence": [
          1.0,
          0.8
        ],
        "feature_ids": [
          "s/3005s01@R0/stud@R0/studC",
          "s/3005s01@R0/snap_cyl@L8:I0"
        ],
        "residual": {
          "distance": 0.0,
          "axial_gap": 0.0,
          "alignment": 1.0,
          "roll_alignment": 1.0,
          "entry_face_gap": 0.0,
          "penetration": 28.0
        }
      },
      {
        "instances": [
          102,
          122
        ],
        "status": "potential",
        "kinds": [
          "stud",
          "stud_receptacle"
        ],
        "sources": [
          "ldcad_shadow",
          "heuristic"
        ],
        "confidence": [
          1.0,
          0.8
        ],
        "feature_ids": [
          "s/3005s01@R0/stud@R0/studC",
          "s/3005s01@R0/snap_cyl@L8:I0"
        ],
        "residual": {
          "distance": 0.0,
          "axial_gap": 0.0,
          "alignment": 1.0,
          "roll_alignment": 1.0,
          "entry_face_gap": 0.0,
          "penetration": 28.0
        }
      },
      {
        "instances": [
          103,
          123
        ],
        "status": "potential",
        "kinds": [
          "stud",
          "stud_receptacle"
        ],
        "sources": [
          "ldcad_shadow",
          "heuristic"
        ],
        "confidence": [
          1.0,
          0.8
        ],
        "feature_ids": [
          "s/3005s01@R0/stud@R0/studC",
          "s/3005s01@R0/snap_cyl@L8:I0"
        ],
        "residual": {
          "distance": 0.0,
          "axial_gap": 0.0,
          "alignment": 1.0,
          "roll_alignment": 1.0,
          "entry_face_gap": 0.0,
          "penetration": 28.0
        }
      },
      {
        "instances": [
          104,
          124
        ],
        "status": "potential",
        "kinds": [
          "stud",
          "stud_receptacle"
        ],
        "sources": [
          "ldcad_shadow",
          "heuristic"
        ],
        "confidence": [
          1.0,
          0.8
        ],
        "feature_ids": [
          "s/3005s01@R0/stud@R0/studC",
          "s/3005s01@R0/snap_cyl@L8:I0"
        ],
        "residual": {
          "distance": 0.0,
          "axial_gap": 0.0,
          "alignment": 1.0,
          "roll_alignment": 1.0,
          "entry_face_gap": 0.0,
          "penetration": 28.0
        }
      },
      {
        "instances": [
          105,
          129
        ],
        "status": "potential",
        "kinds": [
          "stud",
          "stud_receptacle"
        ],
        "sources": [
          "ldcad_shadow",
          "heuristic"
        ],
        "confidence": [
          1.0,
          0.8
        ],
        "feature_ids": [
          "s/3005s01@R0/stud@R0/studC",
          "s/3005s01@R0/snap_cyl@L8:I0"
        ],
        "residual": {
          "distance": 0.0,
          "axial_gap": 0.0,
          "alignment": 1.0,
          "roll_alignment": 1.0,
          "entry_face_gap": 0.0,
          "penetration": 28.0
        }
      },
      {
        "instances": [
          106,
          130
        ],
        "status": "potential",
        "kinds": [
          "stud",
          "stud_receptacle"
        ],
        "sources": [
          "ldcad_shadow",
          "heuristic"
        ],
        "confidence": [
          1.0,
          0.8
        ],
        "feature_ids": [
          "s/3005s01@R0/stud@R0/studC",
          "s/3005s01@R0/snap_cyl@L8:I0"
        ],
        "residual": {
          "distance": 0.0,
          "axial_gap": 0.0,
          "alignment": 1.0,
          "roll_alignment": 1.0,
          "entry_face_gap": 0.0,
          "penetration": 28.0
        }
      },
      {
        "instances": [
          107,
          131
        ],
        "status": "potential",
        "kinds": [
          "stud",
          "stud_receptacle"
        ],
        "sources": [
          "ldcad_shadow",
          "heuristic"
        ],
        "confidence": [
          1.0,
          0.8
        ],
        "feature_ids": [
          "s/3005s01@R0/stud@R0/studC",
          "s/3005s01@R0/snap_cyl@L8:I0"
        ],
        "residual": {
          "distance": 0.0,
          "axial_gap": 0.0,
          "alignment": 1.0,
          "roll_alignment": 1.0,
          "entry_face_gap": 0.0,
          "penetration": 28.0
        }
      },
      {
        "instances": [
          108,
          132
        ],
        "status": "potential",
        "kinds": [
          "stud",
          "stud_receptacle"
        ],
        "sources": [
          "ldcad_shadow",
          "heuristic"
        ],
        "confidence": [
          1.0,
          0.8
        ],
        "feature_ids": [
          "s/3005s01@R0/stud@R0/studC",
          "s/3005s01@R0/snap_cyl@L8:I0"
        ],
        "residual": {
          "distance": 0.0,
          "axial_gap": 0.0,
          "alignment": 1.0,
          "roll_alignment": 1.0,
          "entry_face_gap": 0.0,
          "penetration": 28.0
        }
      },
      {
        "instances": [
          109,
          133
        ],
        "status": "potential",
        "kinds": [
          "stud",
          "stud_receptacle"
        ],
        "sources": [
          "ldcad_shadow",
          "heuristic"
        ],
        "confidence": [
          1.0,
          0.8
        ],
        "feature_ids": [
          "s/3005s01@R0/stud@R0/studC",
          "s/3005s01@R0/snap_cyl@L8:I0"
        ],
        "residual": {
          "distance": 0.0,
          "axial_gap": 0.0,
          "alignment": 1.0,
          "roll_alignment": 1.0,
          "entry_face_gap": 0.0,
          "penetration": 28.0
        }
      },
      {
        "instances": [
          110,
          134
        ],
        "status": "potential",
        "kinds": [
          "stud",
          "stud_receptacle"
        ],
        "sources": [
          "ldcad_shadow",
          "heuristic"
        ],
        "confidence": [
          1.0,
          0.8
        ],
        "feature_ids": [
          "s/3005s01@R0/stud@R0/studC",
          "s/3005s01@R0/snap_cyl@L8:I0"
        ],
        "residual": {
          "distance": 0.0,
          "axial_gap": 0.0,
          "alignment": 1.0,
          "roll_alignment": 1.0,
          "entry_face_gap": 0.0,
          "penetration": 28.0
        }
      },
      {
        "instances": [
          111,
          135
        ],
        "status": "potential",
        "kinds": [
          "stud",
          "stud_receptacle"
        ],
        "sources": [
          "ldcad_shadow",
          "heuristic"
        ],
        "confidence": [
          1.0,
          0.8
        ],
        "feature_ids": [
          "s/3005s01@R0/stud@R0/studC",
          "s/3005s01@R0/snap_cyl@L8:I0"
        ],
        "residual": {
          "distance": 0.0,
          "axial_gap": 0.0,
          "alignment": 1.0,
          "roll_alignment": 1.0,
          "entry_face_gap": 0.0,
          "penetration": 28.0
        }
      },
      {
        "instances": [
          112,
          136
        ],
        "status": "potential",
        "kinds": [
          "stud",
          "stud_receptacle"
        ],
        "sources": [
          "ldcad_shadow",
          "heuristic"
        ],
        "confidence": [
          1.0,
          0.8
        ],
        "feature_ids": [
          "s/3005s01@R0/stud@R0/studC",
          "s/3005s01@R0/snap_cyl@L8:I0"
        ],
        "residual": {
          "distance": 0.0,
          "axial_gap": 0.0,
          "alignment": 1.0,
          "roll_alignment": 1.0,
          "entry_face_gap": 0.0,
          "penetration": 28.0
        }
      },
      {
        "instances": [
          113,
          137
        ],
        "status": "potential",
        "kinds": [
          "stud",
          "stud_receptacle"
        ],
        "sources": [
          "ldcad_shadow",
          "heuristic"
        ],
        "confidence": [
          1.0,
          0.8
        ],
        "feature_ids": [
          "s/3622s01@R0/stug-1x3@R0/stud@R0/studC",
          "s/3622s01@R0/snap_cyl@L8:I0"
        ],
        "residual": {
          "distance": 0.0,
          "axial_gap": 0.0,
          "alignment": 1.0,
          "roll_alignment": 1.0,
          "entry_face_gap": 0.0,
          "penetration": 28.0
        }
      },
      {
        "instances": [
          113,
          137
        ],
        "status": "potential",
        "kinds": [
          "stud",
          "stud_receptacle"
        ],
        "sources": [
          "ldcad_shadow",
          "heuristic"
        ],
        "confidence": [
          1.0,
          0.8
        ],
        "feature_ids": [
          "s/3622s01@R0/stug-1x3@R0/stud@R1/studC",
          "s/3622s01@R0/snap_cyl@L8:I1"
        ],
        "residual": {
          "distance": 0.0,
          "axial_gap": 0.0,
          "alignment": 1.0,
          "roll_alignment": 1.0,
          "entry_face_gap": 0.0,
          "penetration": 28.0
        }
      },
      {
        "instances": [
          113,
          137
        ],
        "status": "potential",
        "kinds": [
          "stud",
          "stud_receptacle"
        ],
        "sources": [
          "ldcad_shadow",
          "heuristic"
        ],
        "confidence": [
          1.0,
          0.8
        ],
        "feature_ids": [
          "s/3622s01@R0/stug-1x3@R0/stud@R2/studC",
          "s/3622s01@R0/snap_cyl@L8:I2"
        ],
        "residual": {
          "distance": 0.0,
          "axial_gap": 0.0,
          "alignment": 1.0,
          "roll_alignment": 1.0,
          "entry_face_gap": 0.0,
          "penetration": 28.0
        }
      },
      {
        "instances": [
          114,
          138
        ],
        "status": "potential",
        "kinds": [
          "stud",
          "stud_receptacle"
        ],
        "sources": [
          "ldcad_shadow",
          "heuristic"
        ],
        "confidence": [
          1.0,
          0.8
        ],
        "feature_ids": [
          "s/3622s01@R0/stug-1x3@R0/stud@R0/studC",
          "s/3622s01@R0/snap_cyl@L8:I0"
        ],
        "residual": {
          "distance": 0.0,
          "axial_gap": 0.0,
          "alignment": 1.0,
          "roll_alignment": 1.0,
          "entry_face_gap": 0.0,
          "penetration": 28.0
        }
      },
      {
        "instances": [
          114,
          138
        ],
        "status": "potential",
        "kinds": [
          "stud",
          "stud_receptacle"
        ],
        "sources": [
          "ldcad_shadow",
          "heuristic"
        ],
        "confidence": [
          1.0,
          0.8
        ],
        "feature_ids": [
          "s/3622s01@R0/stug-1x3@R0/stud@R1/studC",
          "s/3622s01@R0/snap_cyl@L8:I1"
        ],
        "residual": {
          "distance": 0.0,
          "axial_gap": 0.0,
          "alignment": 1.0,
          "roll_alignment": 1.0,
          "entry_face_gap": 0.0,
          "penetration": 28.0
        }
      },
      {
        "instances": [
          114,
          138
        ],
        "status": "potential",
        "kinds": [
          "stud",
          "stud_receptacle"
        ],
        "sources": [
          "ldcad_shadow",
          "heuristic"
        ],
        "confidence": [
          1.0,
          0.8
        ],
        "feature_ids": [
          "s/3622s01@R0/stug-1x3@R0/stud@R2/studC",
          "s/3622s01@R0/snap_cyl@L8:I2"
        ],
        "residual": {
          "distance": 0.0,
          "axial_gap": 0.0,
          "alignment": 1.0,
          "roll_alignment": 1.0,
          "entry_face_gap": 0.0,
          "penetration": 28.0
        }
      },
      {
        "instances": [
          115,
          141
        ],
        "status": "potential",
        "kinds": [
          "stud_receptacle",
          "stud"
        ],
        "sources": [
          "heuristic",
          "ldcad_shadow"
        ],
        "confidence": [
          0.8,
          1.0
        ],
        "feature_ids": [
          "s/3008s01@R0/snap_cyl@L8:I4",
          "stug2-1x2@R0/stud2@R0/studO@L9:I0"
        ],
        "residual": {
          "distance": 0.0,
          "axial_gap": 0.0,
          "alignment": 1.0,
          "roll_alignment": 1.0,
          "entry_face_gap": 0.0,
          "penetration": 28.0
        }
      },
      {
        "instances": [
          115,
          141
        ],
        "status": "potential",
        "kinds": [
          "stud_receptacle",
          "stud"
        ],
        "sources": [
          "heuristic",
          "ldcad_shadow"
        ],
        "confidence": [
          0.8,
          1.0
        ],
        "feature_ids": [
          "s/3008s01@R0/snap_cyl@L8:I5",
          "stug2-1x2@R0/stud2@R1/studO@L9:I0"
        ],
        "residual": {
          "distance": 0.0,
          "axial_gap": 0.0,
          "alignment": 1.0,
          "roll_alignment": 1.0,
          "entry_face_gap": 0.0,
          "penetration": 28.0
        }
      },
      {
        "instances": [
          115,
          151
        ],
        "status": "potential",
        "kinds": [
          "stud",
          "stud_receptacle"
        ],
        "sources": [
          "ldcad_shadow",
          "heuristic"
        ],
        "confidence": [
          1.0,
          0.8
        ],
        "feature_ids": [
          "s/3008s01@R0/stug-1x8@R1/stud@R0/studC",
          "snap_cyl@L8:I0"
        ],
        "residual": {
          "distance": 0.0,
          "axial_gap": 0.0,
          "alignment": 1.0,
          "roll_alignment": 1.0,
          "entry_face_gap": 0.0,
          "penetration": 12.0
        }
      },
      {
        "instances": [
          115,
          151
        ],
        "status": "potential",
        "kinds": [
          "stud",
          "stud_receptacle"
        ],
        "sources": [
          "ldcad_shadow",
          "heuristic"
        ],
        "confidence": [
          1.0,
          0.8
        ],
        "feature_ids": [
          "s/3008s01@R0/stug-1x8@R1/stud@R1/studC",
          "snap_cyl@L8:I1"
        ],
        "residual": {
          "distance": 0.0,
          "axial_gap": 0.0,
          "alignment": 1.0,
          "roll_alignment": 1.0,
          "entry_face_gap": 0.0,
          "penetration": 12.0
        }
      },
      {
        "instances": [
          115,
          151
        ],
        "status": "potential",
        "kinds": [
          "stud",
          "stud_receptacle"
        ],
        "sources": [
          "ldcad_shadow",
          "heuristic"
        ],
        "confidence": [
          1.0,
          0.8
        ],
        "feature_ids": [
          "s/3008s01@R0/stug-1x8@R1/stud@R2/studC",
          "snap_cyl@L8:I2"
        ],
        "residual": {
          "distance": 0.0,
          "axial_gap": 0.0,
          "alignment": 1.0,
          "roll_alignment": 1.0,
          "entry_face_gap": 0.0,
          "penetration": 12.0
        }
      },
      {
        "instances": [
          115,
          151
        ],
        "status": "potential",
        "kinds": [
          "stud",
          "stud_receptacle"
        ],
        "sources": [
          "ldcad_shadow",
          "heuristic"
        ],
        "confidence": [
          1.0,
          0.8
        ],
        "feature_ids": [
          "s/3008s01@R0/stug-1x8@R1/stud@R3/studC",
          "snap_cyl@L8:I3"
        ],
        "residual": {
          "distance": 0.0,
          "axial_gap": 0.0,
          "alignment": 1.0,
          "roll_alignment": 1.0,
          "entry_face_gap": 0.0,
          "penetration": 12.0
        }
      },
      {
        "instances": [
          115,
          151
        ],
        "status": "potential",
        "kinds": [
          "stud",
          "stud_receptacle"
        ],
        "sources": [
          "ldcad_shadow",
          "heuristic"
        ],
        "confidence": [
          1.0,
          0.8
        ],
        "feature_ids": [
          "s/3008s01@R0/stug-1x8@R1/stud@R4/studC",
          "snap_cyl@L8:I4"
        ],
        "residual": {
          "distance": 0.0,
          "axial_gap": 0.0,
          "alignment": 1.0,
          "roll_alignment": 1.0,
          "entry_face_gap": 0.0,
          "penetration": 12.0
        }
      },
      {
        "instances": [
          115,
          151
        ],
        "status": "potential",
        "kinds": [
          "stud",
          "stud_receptacle"
        ],
        "sources": [
          "ldcad_shadow",
          "heuristic"
        ],
        "confidence": [
          1.0,
          0.8
        ],
        "feature_ids": [
          "s/3008s01@R0/stug-1x8@R1/stud@R5/studC",
          "snap_cyl@L8:I5"
        ],
        "residual": {
          "distance": 0.0,
          "axial_gap": 0.0,
          "alignment": 1.0,
          "roll_alignment": 1.0,
          "entry_face_gap": 0.0,
          "penetration": 12.0
        }
      },
      {
        "instances": [
          115,
          151
        ],
        "status": "potential",
        "kinds": [
          "stud",
          "stud_receptacle"
        ],
        "sources": [
          "ldcad_shadow",
          "heuristic"
        ],
        "confidence": [
          1.0,
          0.8
        ],
        "feature_ids": [
          "s/3008s01@R0/stug-1x8@R1/stud@R6/studC",
          "snap_cyl@L8:I6"
        ],
        "residual": {
          "distance": 0.0,
          "axial_gap": 0.0,
          "alignment": 1.0,
          "roll_alignment": 1.0,
          "entry_face_gap": 0.0,
          "penetration": 12.0
        }
      },
      {
        "instances": [
          115,
          151
        ],
        "status": "potential",
        "kinds": [
          "stud",
          "stud_receptacle"
        ],
        "sources": [
          "ldcad_shadow",
          "heuristic"
        ],
        "confidence": [
          1.0,
          0.8
        ],
        "feature_ids": [
          "s/3008s01@R0/stug-1x8@R1/stud@R7/studC",
          "snap_cyl@L8:I7"
        ],
        "residual": {
          "distance": 0.0,
          "axial_gap": 0.0,
          "alignment": 1.0,
          "roll_alignment": 1.0,
          "entry_face_gap": 0.0,
          "penetration": 12.0
        }
      },
      {
        "instances": [
          116,
          152
        ],
        "status": "potential",
        "kinds": [
          "stud",
          "stud_receptacle"
        ],
        "sources": [
          "ldcad_shadow",
          "heuristic"
        ],
        "confidence": [
          1.0,
          0.8
        ],
        "feature_ids": [
          "s/3004s01@R0/stud@R3/studC",
          "s/3023bs01@R0/snap_cyl@L9:I1"
        ],
        "residual": {
          "distance": 0.0,
          "axial_gap": 0.0,
          "alignment": 1.0,
          "roll_alignment": 1.0,
          "entry_face_gap": 0.0,
          "penetration": 12.0
        }
      },
      {
        "instances": [
          116,
          152
        ],
        "status": "potential",
        "kinds": [
          "stud",
          "stud_receptacle"
        ],
        "sources": [
          "ldcad_shadow",
          "heuristic"
        ],
        "confidence": [
          1.0,
          0.8
        ],
        "feature_ids": [
          "s/3004s01@R0/stud@R4/studC",
          "s/3023bs01@R0/snap_cyl@L9:I0"
        ],
        "residual": {
          "distance": 0.0,
          "axial_gap": 0.0,
          "alignment": 1.0,
          "roll_alignment": 1.0,
          "entry_face_gap": 0.0,
          "penetration": 12.0
        }
      },
      {
        "instances": [
          117,
          155
        ],
        "status": "potential",
        "kinds": [
          "stud",
          "stud_receptacle"
        ],
        "sources": [
          "ldcad_shadow",
          "heuristic"
        ],
        "confidence": [
          1.0,
          0.8
        ],
        "feature_ids": [
          "s/3005s01@R0/stud@R0/studC",
          "snap_cyl@L8:I7"
        ],
        "residual": {
          "distance": 0.0,
          "axial_gap": 0.0,
          "alignment": 1.0,
          "roll_alignment": 1.0,
          "entry_face_gap": 0.0,
          "penetration": 12.0
        }
      },
      {
        "instances": [
          118,
          157
        ],
        "status": "potential",
        "kinds": [
          "stud",
          "stud_receptacle"
        ],
        "sources": [
          "ldcad_shadow",
          "heuristic"
        ],
        "confidence": [
          1.0,
          0.8
        ],
        "feature_ids": [
          "s/3005s01@R0/stud@R0/studC",
          "snap_cyl@L8:I7"
        ],
        "residual": {
          "distance": 0.0,
          "axial_gap": 0.0,
          "alignment": 1.0,
          "roll_alignment": 1.0,
          "entry_face_gap": 0.0,
          "penetration": 12.0
        }
      },
      {
        "instances": [
          119,
          155
        ],
        "status": "potential",
        "kinds": [
          "stud",
          "stud_receptacle"
        ],
        "sources": [
          "ldcad_shadow",
          "heuristic"
        ],
        "confidence": [
          1.0,
          0.8
        ],
        "feature_ids": [
          "s/3005s01@R0/stud@R0/studC",
          "snap_cyl@L8:I6"
        ],
        "residual": {
          "distance": 0.0,
          "axial_gap": 0.0,
          "alignment": 1.0,
          "roll_alignment": 1.0,
          "entry_face_gap": 0.0,
          "penetration": 12.0
        }
      },
      {
        "instances": [
          120,
          157
        ],
        "status": "potential",
        "kinds": [
          "stud",
          "stud_receptacle"
        ],
        "sources": [
          "ldcad_shadow",
          "heuristic"
        ],
        "confidence": [
          1.0,
          0.8
        ],
        "feature_ids": [
          "s/3005s01@R0/stud@R0/studC",
          "snap_cyl@L8:I6"
        ],
        "residual": {
          "distance": 0.0,
          "axial_gap": 0.0,
          "alignment": 1.0,
          "roll_alignment": 1.0,
          "entry_face_gap": 0.0,
          "penetration": 12.0
        }
      },
      {
        "instances": [
          121,
          155
        ],
        "status": "potential",
        "kinds": [
          "stud",
          "stud_receptacle"
        ],
        "sources": [
          "ldcad_shadow",
          "heuristic"
        ],
        "confidence": [
          1.0,
          0.8
        ],
        "feature_ids": [
          "s/3005s01@R0/stud@R0/studC",
          "snap_cyl@L8:I5"
        ],
        "residual": {
          "distance": 0.0,
          "axial_gap": 0.0,
          "alignment": 1.0,
          "roll_alignment": 1.0,
          "entry_face_gap": 0.0,
          "penetration": 12.0
        }
      },
      {
        "instances": [
          122,
          157
        ],
        "status": "potential",
        "kinds": [
          "stud",
          "stud_receptacle"
        ],
        "sources": [
          "ldcad_shadow",
          "heuristic"
        ],
        "confidence": [
          1.0,
          0.8
        ],
        "feature_ids": [
          "s/3005s01@R0/stud@R0/studC",
          "snap_cyl@L8:I5"
        ],
        "residual": {
          "distance": 0.0,
          "axial_gap": 0.0,
          "alignment": 1.0,
          "roll_alignment": 1.0,
          "entry_face_gap": 0.0,
          "penetration": 12.0
        }
      },
      {
        "instances": [
          123,
          155
        ],
        "status": "potential",
        "kinds": [
          "stud",
          "stud_receptacle"
        ],
        "sources": [
          "ldcad_shadow",
          "heuristic"
        ],
        "confidence": [
          1.0,
          0.8
        ],
        "feature_ids": [
          "s/3005s01@R0/stud@R0/studC",
          "snap_cyl@L8:I4"
        ],
        "residual": {
          "distance": 0.0,
          "axial_gap": 0.0,
          "alignment": 1.0,
          "roll_alignment": 1.0,
          "entry_face_gap": 0.0,
          "penetration": 12.0
        }
      },
      {
        "instances": [
          124,
          157
        ],
        "status": "potential",
        "kinds": [
          "stud",
          "stud_receptacle"
        ],
        "sources": [
          "ldcad_shadow",
          "heuristic"
        ],
        "confidence": [
          1.0,
          0.8
        ],
        "feature_ids": [
          "s/3005s01@R0/stud@R0/studC",
          "snap_cyl@L8:I4"
        ],
        "residual": {
          "distance": 0.0,
          "axial_gap": 0.0,
          "alignment": 1.0,
          "roll_alignment": 1.0,
          "entry_face_gap": 0.0,
          "penetration": 12.0
        }
      },
      {
        "instances": [
          125,
          149
        ],
        "status": "potential",
        "kinds": [
          "stud_receptacle",
          "stud"
        ],
        "sources": [
          "heuristic",
          "ldcad_shadow"
        ],
        "confidence": [
          0.8,
          1.0
        ],
        "feature_ids": [
          "s/3005s01@R0/snap_cyl@L8:I0",
          "stug2-1x2@R0/stud2@R1/studO@L9:I0"
        ],
        "residual": {
          "distance": 0.0,
          "axial_gap": 0.0,
          "alignment": 1.0,
          "roll_alignment": 1.0,
          "entry_face_gap": 0.0,
          "penetration": 28.0
        }
      },
      {
        "instances": [
          125,
          155
        ],
        "status": "potential",
        "kinds": [
          "stud",
          "stud_receptacle"
        ],
        "sources": [
          "ldcad_shadow",
          "heuristic"
        ],
        "confidence": [
          1.0,
          0.8
        ],
        "feature_ids": [
          "s/3005s01@R0/stud@R0/studC",
          "snap_cyl@L8:I3"
        ],
        "residual": {
          "distance": 0.0,
          "axial_gap": 0.0,
          "alignment": 1.0,
          "roll_alignment": 1.0,
          "entry_face_gap": 0.0,
          "penetration": 12.0
        }
      },
      {
        "instances": [
          126,
          145
        ],
        "status": "potential",
        "kinds": [
          "stud_receptacle",
          "stud"
        ],
        "sources": [
          "heuristic",
          "ldcad_shadow"
        ],
        "confidence": [
          0.8,
          1.0
        ],
        "feature_ids": [
          "s/3005s01@R0/snap_cyl@L8:I0",
          "stug2-1x2@R0/stud2@R0/studO@L9:I0"
        ],
        "residual": {
          "distance": 0.0,
          "axial_gap": 0.0,
          "alignment": 1.0,
          "roll_alignment": 1.0,
          "entry_face_gap": 0.0,
          "penetration": 28.0
        }
      },
      {
        "instances": [
          126,
          157
        ],
        "status": "potential",
        "kinds": [
          "stud",
          "stud_receptacle"
        ],
        "sources": [
          "ldcad_shadow",
          "heuristic"
        ],
        "confidence": [
          1.0,
          0.8
        ],
        "feature_ids": [
          "s/3005s01@R0/stud@R0/studC",
          "snap_cyl@L8:I3"
        ],
        "residual": {
          "distance": 0.0,
          "axial_gap": 0.0,
          "alignment": 1.0,
          "roll_alignment": 1.0,
          "entry_face_gap": 0.0,
          "penetration": 12.0
        }
      },
      {
        "instances": [
          127,
          149
        ],
        "status": "potential",
        "kinds": [
          "stud_receptacle",
          "stud"
        ],
        "sources": [
          "heuristic",
          "ldcad_shadow"
        ],
        "confidence": [
          0.8,
          1.0
        ],
        "feature_ids": [
          "s/3005s01@R0/snap_cyl@L8:I0",
          "stug2-1x2@R0/stud2@R0/studO@L9:I0"
        ],
        "residual": {
          "distance": 0.0,
          "axial_gap": 0.0,
          "alignment": 1.0,
          "roll_alignment": 1.0,
          "entry_face_gap": 0.0,
          "penetration": 28.0
        }
      },
      {
        "instances": [
          127,
          155
        ],
        "status": "potential",
        "kinds": [
          "stud",
          "stud_receptacle"
        ],
        "sources": [
          "ldcad_shadow",
          "heuristic"
        ],
        "confidence": [
          1.0,
          0.8
        ],
        "feature_ids": [
          "s/3005s01@R0/stud@R0/studC",
          "snap_cyl@L8:I2"
        ],
        "residual": {
          "distance": 0.0,
          "axial_gap": 0.0,
          "alignment": 1.0,
          "roll_alignment": 1.0,
          "entry_face_gap": 0.0,
          "penetration": 12.0
        }
      },
      {
        "instances": [
          128,
          145
        ],
        "status": "potential",
        "kinds": [
          "stud_receptacle",
          "stud"
        ],
        "sources": [
          "heuristic",
          "ldcad_shadow"
        ],
        "confidence": [
          0.8,
          1.0
        ],
        "feature_ids": [
          "s/3005s01@R0/snap_cyl@L8:I0",
          "stug2-1x2@R0/stud2@R1/studO@L9:I0"
        ],
        "residual": {
          "distance": 0.0,
          "axial_gap": 0.0,
          "alignment": 1.0,
          "roll_alignment": 1.0,
          "entry_face_gap": 0.0,
          "penetration": 28.0
        }
      },
      {
        "instances": [
          128,
          157
        ],
        "status": "potential",
        "kinds": [
          "stud",
          "stud_receptacle"
        ],
        "sources": [
          "ldcad_shadow",
          "heuristic"
        ],
        "confidence": [
          1.0,
          0.8
        ],
        "feature_ids": [
          "s/3005s01@R0/stud@R0/studC",
          "snap_cyl@L8:I2"
        ],
        "residual": {
          "distance": 0.0,
          "axial_gap": 0.0,
          "alignment": 1.0,
          "roll_alignment": 1.0,
          "entry_face_gap": 0.0,
          "penetration": 12.0
        }
      },
      {
        "instances": [
          129,
          155
        ],
        "status": "potential",
        "kinds": [
          "stud",
          "stud_receptacle"
        ],
        "sources": [
          "ldcad_shadow",
          "heuristic"
        ],
        "confidence": [
          1.0,
          0.8
        ],
        "feature_ids": [
          "s/3005s01@R0/stud@R0/studC",
          "snap_cyl@L8:I1"
        ],
        "residual": {
          "distance": 0.0,
          "axial_gap": 0.0,
          "alignment": 1.0,
          "roll_alignment": 1.0,
          "entry_face_gap": 0.0,
          "penetration": 12.0
        }
      },
      {
        "instances": [
          130,
          157
        ],
        "status": "potential",
        "kinds": [
          "stud",
          "stud_receptacle"
        ],
        "sources": [
          "ldcad_shadow",
          "heuristic"
        ],
        "confidence": [
          1.0,
          0.8
        ],
        "feature_ids": [
          "s/3005s01@R0/stud@R0/studC",
          "snap_cyl@L8:I1"
        ],
        "residual": {
          "distance": 0.0,
          "axial_gap": 0.0,
          "alignment": 1.0,
          "roll_alignment": 1.0,
          "entry_face_gap": 0.0,
          "penetration": 12.0
        }
      },
      {
        "instances": [
          131,
          155
        ],
        "status": "potential",
        "kinds": [
          "stud",
          "stud_receptacle"
        ],
        "sources": [
          "ldcad_shadow",
          "heuristic"
        ],
        "confidence": [
          1.0,
          0.8
        ],
        "feature_ids": [
          "s/3005s01@R0/stud@R0/studC",
          "snap_cyl@L8:I0"
        ],
        "residual": {
          "distance": 0.0,
          "axial_gap": 0.0,
          "alignment": 1.0,
          "roll_alignment": 1.0,
          "entry_face_gap": 0.0,
          "penetration": 12.0
        }
      },
      {
        "instances": [
          132,
          157
        ],
        "status": "potential",
        "kinds": [
          "stud",
          "stud_receptacle"
        ],
        "sources": [
          "ldcad_shadow",
          "heuristic"
        ],
        "confidence": [
          1.0,
          0.8
        ],
        "feature_ids": [
          "s/3005s01@R0/stud@R0/studC",
          "snap_cyl@L8:I0"
        ],
        "residual": {
          "distance": 0.0,
          "axial_gap": 0.0,
          "alignment": 1.0,
          "roll_alignment": 1.0,
          "entry_face_gap": 0.0,
          "penetration": 12.0
        }
      },
      {
        "instances": [
          133,
          156
        ],
        "status": "potential",
        "kinds": [
          "stud",
          "stud_receptacle"
        ],
        "sources": [
          "ldcad_shadow",
          "heuristic"
        ],
        "confidence": [
          1.0,
          0.8
        ],
        "feature_ids": [
          "s/3005s01@R0/stud@R0/studC",
          "s/3023bs01@R0/snap_cyl@L9:I1"
        ],
        "residual": {
          "distance": 0.0,
          "axial_gap": 0.0,
          "alignment": 1.0,
          "roll_alignment": 1.0,
          "entry_face_gap": 0.0,
          "penetration": 12.0
        }
      },
      {
        "instances": [
          134,
          158
        ],
        "status": "potential",
        "kinds": [
          "stud",
          "stud_receptacle"
        ],
        "sources": [
          "ldcad_shadow",
          "heuristic"
        ],
        "confidence": [
          1.0,
          0.8
        ],
        "feature_ids": [
          "s/3005s01@R0/stud@R0/studC",
          "s/3023bs01@R0/snap_cyl@L9:I1"
        ],
        "residual": {
          "distance": 0.0,
          "axial_gap": 0.0,
          "alignment": 1.0,
          "roll_alignment": 1.0,
          "entry_face_gap": 0.0,
          "penetration": 12.0
        }
      },
      {
        "instances": [
          135,
          156
        ],
        "status": "potential",
        "kinds": [
          "stud",
          "stud_receptacle"
        ],
        "sources": [
          "ldcad_shadow",
          "heuristic"
        ],
        "confidence": [
          1.0,
          0.8
        ],
        "feature_ids": [
          "s/3005s01@R0/stud@R0/studC",
          "s/3023bs01@R0/snap_cyl@L9:I0"
        ],
        "residual": {
          "distance": 0.0,
          "axial_gap": 0.0,
          "alignment": 1.0,
          "roll_alignment": 1.0,
          "entry_face_gap": 0.0,
          "penetration": 12.0
        }
      },
      {
        "instances": [
          136,
          158
        ],
        "status": "potential",
        "kinds": [
          "stud",
          "stud_receptacle"
        ],
        "sources": [
          "ldcad_shadow",
          "heuristic"
        ],
        "confidence": [
          1.0,
          0.8
        ],
        "feature_ids": [
          "s/3005s01@R0/stud@R0/studC",
          "s/3023bs01@R0/snap_cyl@L9:I0"
        ],
        "residual": {
          "distance": 0.0,
          "axial_gap": 0.0,
          "alignment": 1.0,
          "roll_alignment": 1.0,
          "entry_face_gap": 0.0,
          "penetration": 12.0
        }
      },
      {
        "instances": [
          137,
          153
        ],
        "status": "potential",
        "kinds": [
          "stud",
          "stud_receptacle"
        ],
        "sources": [
          "ldcad_shadow",
          "heuristic"
        ],
        "confidence": [
          1.0,
          0.8
        ],
        "feature_ids": [
          "s/3622s01@R0/stug-1x3@R0/stud@R0/studC",
          "snap_cyl@L8:I0"
        ],
        "residual": {
          "distance": 0.0,
          "axial_gap": 0.0,
          "alignment": 1.0,
          "roll_alignment": 1.0,
          "entry_face_gap": 0.0,
          "penetration": 12.0
        }
      },
      {
        "instances": [
          137,
          153
        ],
        "status": "potential",
        "kinds": [
          "stud",
          "stud_receptacle"
        ],
        "sources": [
          "ldcad_shadow",
          "heuristic"
        ],
        "confidence": [
          1.0,
          0.8
        ],
        "feature_ids": [
          "s/3622s01@R0/stug-1x3@R0/stud@R1/studC",
          "snap_cyl@L8:I1"
        ],
        "residual": {
          "distance": 0.0,
          "axial_gap": 0.0,
          "alignment": 1.0,
          "roll_alignment": 1.0,
          "entry_face_gap": 0.0,
          "penetration": 12.0
        }
      },
      {
        "instances": [
          137,
          153
        ],
        "status": "potential",
        "kinds": [
          "stud",
          "stud_receptacle"
        ],
        "sources": [
          "ldcad_shadow",
          "heuristic"
        ],
        "confidence": [
          1.0,
          0.8
        ],
        "feature_ids": [
          "s/3622s01@R0/stug-1x3@R0/stud@R2/studC",
          "snap_cyl@L8:I2"
        ],
        "residual": {
          "distance": 0.0,
          "axial_gap": 0.0,
          "alignment": 1.0,
          "roll_alignment": 1.0,
          "entry_face_gap": 0.0,
          "penetration": 12.0
        }
      },
      {
        "instances": [
          138,
          153
        ],
        "status": "potential",
        "kinds": [
          "stud",
          "stud_receptacle"
        ],
        "sources": [
          "ldcad_shadow",
          "heuristic"
        ],
        "confidence": [
          1.0,
          0.8
        ],
        "feature_ids": [
          "s/3622s01@R0/stug-1x3@R0/stud@R0/studC",
          "snap_cyl@L8:I7"
        ],
        "residual": {
          "distance": 0.0,
          "axial_gap": 0.0,
          "alignment": 1.0,
          "roll_alignment": 1.0,
          "entry_face_gap": 0.0,
          "penetration": 12.0
        }
      },
      {
        "instances": [
          138,
          154
        ],
        "status": "potential",
        "kinds": [
          "stud",
          "stud_receptacle"
        ],
        "sources": [
          "ldcad_shadow",
          "heuristic"
        ],
        "confidence": [
          1.0,
          0.8
        ],
        "feature_ids": [
          "s/3622s01@R0/stug-1x3@R0/stud@R1/studC",
          "s/3023bs01@R0/snap_cyl@L9:I0"
        ],
        "residual": {
          "distance": 0.0,
          "axial_gap": 0.0,
          "alignment": 1.0,
          "roll_alignment": 1.0,
          "entry_face_gap": 0.0,
          "penetration": 12.0
        }
      },
      {
        "instances": [
          138,
          154
        ],
        "status": "potential",
        "kinds": [
          "stud",
          "stud_receptacle"
        ],
        "sources": [
          "ldcad_shadow",
          "heuristic"
        ],
        "confidence": [
          1.0,
          0.8
        ],
        "feature_ids": [
          "s/3622s01@R0/stug-1x3@R0/stud@R2/studC",
          "s/3023bs01@R0/snap_cyl@L9:I1"
        ],
        "residual": {
          "distance": 0.0,
          "axial_gap": 0.0,
          "alignment": 1.0,
          "roll_alignment": 1.0,
          "entry_face_gap": 0.0,
          "penetration": 12.0
        }
      },
      {
        "instances": [
          139,
          140
        ],
        "status": "confirmed",
        "kinds": [
          "generic",
          "generic"
        ],
        "sources": [
          "ldcad_shadow",
          "ldcad_shadow"
        ],
        "confidence": [
          1.0,
          1.0
        ],
        "feature_ids": [
          "snap_gen@L10:I0",
          "s/60601s01@R0/snap_gen@L8:I0"
        ],
        "residual": {
          "distance": 0.0,
          "axial_gap": 0.0,
          "alignment": 1.0,
          "roll_alignment": 1.0,
          "entry_face_gap": null,
          "penetration": null
        }
      },
      {
        "instances": [
          139,
          141
        ],
        "status": "potential",
        "kinds": [
          "stud",
          "stud_receptacle"
        ],
        "sources": [
          "ldcad_shadow",
          "heuristic"
        ],
        "confidence": [
          1.0,
          0.8
        ],
        "feature_ids": [
          "stug2-1x2@R0/stud2@R0/studO@L9:I0",
          "snap_cyl@L9:I0"
        ],
        "residual": {
          "distance": 0.0,
          "axial_gap": 0.0,
          "alignment": 1.0,
          "roll_alignment": 1.0,
          "entry_face_gap": 0.0,
          "penetration": 52.0
        }
      },
      {
        "instances": [
          139,
          141
        ],
        "status": "potential",
        "kinds": [
          "stud",
          "stud_receptacle"
        ],
        "sources": [
          "ldcad_shadow",
          "heuristic"
        ],
        "confidence": [
          1.0,
          0.8
        ],
        "feature_ids": [
          "stug2-1x2@R0/stud2@R1/studO@L9:I0",
          "snap_cyl@L9:I1"
        ],
        "residual": {
          "distance": 0.0,
          "axial_gap": 0.0,
          "alignment": 1.0,
          "roll_alignment": 1.0,
          "entry_face_gap": 0.0,
          "penetration": 52.0
        }
      },
      {
        "instances": [
          141,
          142
        ],
        "status": "confirmed",
        "kinds": [
          "generic",
          "generic"
        ],
        "sources": [
          "ldcad_shadow",
          "ldcad_shadow"
        ],
        "confidence": [
          1.0,
          1.0
        ],
        "feature_ids": [
          "snap_gen@L10:I0",
          "s/60601s01@R0/snap_gen@L8:I0"
        ],
        "residual": {
          "distance": 0.0,
          "axial_gap": 0.0,
          "alignment": 1.0,
          "roll_alignment": 1.0,
          "entry_face_gap": null,
          "penetration": null
        }
      },
      {
        "instances": [
          143,
          144
        ],
        "status": "confirmed",
        "kinds": [
          "generic",
          "generic"
        ],
        "sources": [
          "ldcad_shadow",
          "ldcad_shadow"
        ],
        "confidence": [
          1.0,
          1.0
        ],
        "feature_ids": [
          "snap_gen@L10:I0",
          "s/60601s01@R0/snap_gen@L8:I0"
        ],
        "residual": {
          "distance": 0.0,
          "axial_gap": 0.0,
          "alignment": 1.0,
          "roll_alignment": 1.0,
          "entry_face_gap": null,
          "penetration": null
        }
      },
      {
        "instances": [
          143,
          145
        ],
        "status": "potential",
        "kinds": [
          "stud",
          "stud_receptacle"
        ],
        "sources": [
          "ldcad_shadow",
          "heuristic"
        ],
        "confidence": [
          1.0,
          0.8
        ],
        "feature_ids": [
          "stug2-1x2@R0/stud2@R0/studO@L9:I0",
          "snap_cyl@L9:I0"
        ],
        "residual": {
          "distance": 0.0,
          "axial_gap": 0.0,
          "alignment": 1.0,
          "roll_alignment": 1.0,
          "entry_face_gap": 0.0,
          "penetration": 52.0
        }
      },
      {
        "instances": [
          143,
          145
        ],
        "status": "potential",
        "kinds": [
          "stud",
          "stud_receptacle"
        ],
        "sources": [
          "ldcad_shadow",
          "heuristic"
        ],
        "confidence": [
          1.0,
          0.8
        ],
        "feature_ids": [
          "stug2-1x2@R0/stud2@R1/studO@L9:I0",
          "snap_cyl@L9:I1"
        ],
        "residual": {
          "distance": 0.0,
          "axial_gap": 0.0,
          "alignment": 1.0,
          "roll_alignment": 1.0,
          "entry_face_gap": 0.0,
          "penetration": 52.0
        }
      },
      {
        "instances": [
          145,
          146
        ],
        "status": "confirmed",
        "kinds": [
          "generic",
          "generic"
        ],
        "sources": [
          "ldcad_shadow",
          "ldcad_shadow"
        ],
        "confidence": [
          1.0,
          1.0
        ],
        "feature_ids": [
          "snap_gen@L10:I0",
          "s/60601s01@R0/snap_gen@L8:I0"
        ],
        "residual": {
          "distance": 0.0,
          "axial_gap": 0.0,
          "alignment": 1.0,
          "roll_alignment": 1.0,
          "entry_face_gap": null,
          "penetration": null
        }
      },
      {
        "instances": [
          147,
          148
        ],
        "status": "confirmed",
        "kinds": [
          "generic",
          "generic"
        ],
        "sources": [
          "ldcad_shadow",
          "ldcad_shadow"
        ],
        "confidence": [
          1.0,
          1.0
        ],
        "feature_ids": [
          "snap_gen@L10:I0",
          "s/60601s01@R0/snap_gen@L8:I0"
        ],
        "residual": {
          "distance": 0.0,
          "axial_gap": 0.0,
          "alignment": 1.0,
          "roll_alignment": 1.0,
          "entry_face_gap": null,
          "penetration": null
        }
      },
      {
        "instances": [
          147,
          149
        ],
        "status": "potential",
        "kinds": [
          "stud",
          "stud_receptacle"
        ],
        "sources": [
          "ldcad_shadow",
          "heuristic"
        ],
        "confidence": [
          1.0,
          0.8
        ],
        "feature_ids": [
          "stug2-1x2@R0/stud2@R0/studO@L9:I0",
          "snap_cyl@L9:I0"
        ],
        "residual": {
          "distance": 0.0,
          "axial_gap": 0.0,
          "alignment": 1.0,
          "roll_alignment": 1.0,
          "entry_face_gap": 0.0,
          "penetration": 52.0
        }
      },
      {
        "instances": [
          147,
          149
        ],
        "status": "potential",
        "kinds": [
          "stud",
          "stud_receptacle"
        ],
        "sources": [
          "ldcad_shadow",
          "heuristic"
        ],
        "confidence": [
          1.0,
          0.8
        ],
        "feature_ids": [
          "stug2-1x2@R0/stud2@R1/studO@L9:I0",
          "snap_cyl@L9:I1"
        ],
        "residual": {
          "distance": 0.0,
          "axial_gap": 0.0,
          "alignment": 1.0,
          "roll_alignment": 1.0,
          "entry_face_gap": 0.0,
          "penetration": 52.0
        }
      },
      {
        "instances": [
          149,
          150
        ],
        "status": "confirmed",
        "kinds": [
          "generic",
          "generic"
        ],
        "sources": [
          "ldcad_shadow",
          "ldcad_shadow"
        ],
        "confidence": [
          1.0,
          1.0
        ],
        "feature_ids": [
          "snap_gen@L10:I0",
          "s/60601s01@R0/snap_gen@L8:I0"
        ],
        "residual": {
          "distance": 0.0,
          "axial_gap": 0.0,
          "alignment": 1.0,
          "roll_alignment": 1.0,
          "entry_face_gap": null,
          "penetration": null
        }
      },
      {
        "instances": [
          151,
          159
        ],
        "status": "potential",
        "kinds": [
          "stud",
          "stud_receptacle"
        ],
        "sources": [
          "ldcad_shadow",
          "heuristic"
        ],
        "confidence": [
          1.0,
          0.8
        ],
        "feature_ids": [
          "s/3460s01@R0/stug-1x8@R3/stud@R0/studC",
          "snap_cyl@L8:I0"
        ],
        "residual": {
          "distance": 0.0,
          "axial_gap": 0.0,
          "alignment": 1.0,
          "roll_alignment": 1.0,
          "entry_face_gap": 0.0,
          "penetration": 12.0
        }
      },
      {
        "instances": [
          151,
          159
        ],
        "status": "potential",
        "kinds": [
          "stud",
          "stud_receptacle"
        ],
        "sources": [
          "ldcad_shadow",
          "heuristic"
        ],
        "confidence": [
          1.0,
          0.8
        ],
        "feature_ids": [
          "s/3460s01@R0/stug-1x8@R3/stud@R1/studC",
          "snap_cyl@L8:I1"
        ],
        "residual": {
          "distance": 0.0,
          "axial_gap": 0.0,
          "alignment": 1.0,
          "roll_alignment": 1.0,
          "entry_face_gap": 0.0,
          "penetration": 12.0
        }
      },
      {
        "instances": [
          151,
          159
        ],
        "status": "potential",
        "kinds": [
          "stud",
          "stud_receptacle"
        ],
        "sources": [
          "ldcad_shadow",
          "heuristic"
        ],
        "confidence": [
          1.0,
          0.8
        ],
        "feature_ids": [
          "s/3460s01@R0/stug-1x8@R3/stud@R2/studC",
          "snap_cyl@L8:I2"
        ],
        "residual": {
          "distance": 0.0,
          "axial_gap": 0.0,
          "alignment": 1.0,
          "roll_alignment": 1.0,
          "entry_face_gap": 0.0,
          "penetration": 12.0
        }
      },
      {
        "instances": [
          151,
          159
        ],
        "status": "potential",
        "kinds": [
          "stud",
          "stud_receptacle"
        ],
        "sources": [
          "ldcad_shadow",
          "heuristic"
        ],
        "confidence": [
          1.0,
          0.8
        ],
        "feature_ids": [
          "s/3460s01@R0/stug-1x8@R3/stud@R3/studC",
          "snap_cyl@L8:I3"
        ],
        "residual": {
          "distance": 0.0,
          "axial_gap": 0.0,
          "alignment": 1.0,
          "roll_alignment": 1.0,
          "entry_face_gap": 0.0,
          "penetration": 12.0
        }
      },
      {
        "instances": [
          151,
          159
        ],
        "status": "potential",
        "kinds": [
          "stud",
          "stud_receptacle"
        ],
        "sources": [
          "ldcad_shadow",
          "heuristic"
        ],
        "confidence": [
          1.0,
          0.8
        ],
        "feature_ids": [
          "s/3460s01@R0/stug-1x8@R3/stud@R4/studC",
          "snap_cyl@L8:I4"
        ],
        "residual": {
          "distance": 0.0,
          "axial_gap": 0.0,
          "alignment": 1.0,
          "roll_alignment": 1.0,
          "entry_face_gap": 0.0,
          "penetration": 12.0
        }
      },
      {
        "instances": [
          151,
          159
        ],
        "status": "potential",
        "kinds": [
          "stud",
          "stud_receptacle"
        ],
        "sources": [
          "ldcad_shadow",
          "heuristic"
        ],
        "confidence": [
          1.0,
          0.8
        ],
        "feature_ids": [
          "s/3460s01@R0/stug-1x8@R3/stud@R5/studC",
          "snap_cyl@L8:I5"
        ],
        "residual": {
          "distance": 0.0,
          "axial_gap": 0.0,
          "alignment": 1.0,
          "roll_alignment": 1.0,
          "entry_face_gap": 0.0,
          "penetration": 12.0
        }
      },
      {
        "instances": [
          151,
          159
        ],
        "status": "potential",
        "kinds": [
          "stud",
          "stud_receptacle"
        ],
        "sources": [
          "ldcad_shadow",
          "heuristic"
        ],
        "confidence": [
          1.0,
          0.8
        ],
        "feature_ids": [
          "s/3460s01@R0/stug-1x8@R3/stud@R6/studC",
          "snap_cyl@L8:I6"
        ],
        "residual": {
          "distance": 0.0,
          "axial_gap": 0.0,
          "alignment": 1.0,
          "roll_alignment": 1.0,
          "entry_face_gap": 0.0,
          "penetration": 12.0
        }
      },
      {
        "instances": [
          151,
          159
        ],
        "status": "potential",
        "kinds": [
          "stud",
          "stud_receptacle"
        ],
        "sources": [
          "ldcad_shadow",
          "heuristic"
        ],
        "confidence": [
          1.0,
          0.8
        ],
        "feature_ids": [
          "s/3460s01@R0/stug-1x8@R3/stud@R7/studC",
          "snap_cyl@L8:I7"
        ],
        "residual": {
          "distance": 0.0,
          "axial_gap": 0.0,
          "alignment": 1.0,
          "roll_alignment": 1.0,
          "entry_face_gap": 0.0,
          "penetration": 12.0
        }
      },
      {
        "instances": [
          152,
          160
        ],
        "status": "potential",
        "kinds": [
          "stud",
          "stud_receptacle"
        ],
        "sources": [
          "ldcad_shadow",
          "heuristic"
        ],
        "confidence": [
          1.0,
          0.8
        ],
        "feature_ids": [
          "s/3023bs01@R0/stug-1x2@R3/stud@R0/studC",
          "s/3023bs01@R0/snap_cyl@L9:I0"
        ],
        "residual": {
          "distance": 0.0,
          "axial_gap": 0.0,
          "alignment": 1.0,
          "roll_alignment": 1.0,
          "entry_face_gap": 0.0,
          "penetration": 12.0
        }
      },
      {
        "instances": [
          152,
          160
        ],
        "status": "potential",
        "kinds": [
          "stud",
          "stud_receptacle"
        ],
        "sources": [
          "ldcad_shadow",
          "heuristic"
        ],
        "confidence": [
          1.0,
          0.8
        ],
        "feature_ids": [
          "s/3023bs01@R0/stug-1x2@R3/stud@R1/studC",
          "s/3023bs01@R0/snap_cyl@L9:I1"
        ],
        "residual": {
          "distance": 0.0,
          "axial_gap": 0.0,
          "alignment": 1.0,
          "roll_alignment": 1.0,
          "entry_face_gap": 0.0,
          "penetration": 12.0
        }
      },
      {
        "instances": [
          153,
          161
        ],
        "status": "potential",
        "kinds": [
          "stud",
          "stud_receptacle"
        ],
        "sources": [
          "ldcad_shadow",
          "heuristic"
        ],
        "confidence": [
          1.0,
          0.8
        ],
        "feature_ids": [
          "s/3460s01@R0/stug-1x8@R3/stud@R0/studC",
          "snap_cyl@L8:I0"
        ],
        "residual": {
          "distance": 0.0,
          "axial_gap": 0.0,
          "alignment": 1.0,
          "roll_alignment": 1.0,
          "entry_face_gap": 0.0,
          "penetration": 12.0
        }
      },
      {
        "instances": [
          153,
          161
        ],
        "status": "potential",
        "kinds": [
          "stud",
          "stud_receptacle"
        ],
        "sources": [
          "ldcad_shadow",
          "heuristic"
        ],
        "confidence": [
          1.0,
          0.8
        ],
        "feature_ids": [
          "s/3460s01@R0/stug-1x8@R3/stud@R1/studC",
          "snap_cyl@L8:I1"
        ],
        "residual": {
          "distance": 0.0,
          "axial_gap": 0.0,
          "alignment": 1.0,
          "roll_alignment": 1.0,
          "entry_face_gap": 0.0,
          "penetration": 12.0
        }
      },
      {
        "instances": [
          153,
          161
        ],
        "status": "potential",
        "kinds": [
          "stud",
          "stud_receptacle"
        ],
        "sources": [
          "ldcad_shadow",
          "heuristic"
        ],
        "confidence": [
          1.0,
          0.8
        ],
        "feature_ids": [
          "s/3460s01@R0/stug-1x8@R3/stud@R2/studC",
          "snap_cyl@L8:I2"
        ],
        "residual": {
          "distance": 0.0,
          "axial_gap": 0.0,
          "alignment": 1.0,
          "roll_alignment": 1.0,
          "entry_face_gap": 0.0,
          "penetration": 12.0
        }
      },
      {
        "instances": [
          153,
          161
        ],
        "status": "potential",
        "kinds": [
          "stud",
          "stud_receptacle"
        ],
        "sources": [
          "ldcad_shadow",
          "heuristic"
        ],
        "confidence": [
          1.0,
          0.8
        ],
        "feature_ids": [
          "s/3460s01@R0/stug-1x8@R3/stud@R3/studC",
          "snap_cyl@L8:I3"
        ],
        "residual": {
          "distance": 0.0,
          "axial_gap": 0.0,
          "alignment": 1.0,
          "roll_alignment": 1.0,
          "entry_face_gap": 0.0,
          "penetration": 12.0
        }
      },
      {
        "instances": [
          153,
          161
        ],
        "status": "potential",
        "kinds": [
          "stud",
          "stud_receptacle"
        ],
        "sources": [
          "ldcad_shadow",
          "heuristic"
        ],
        "confidence": [
          1.0,
          0.8
        ],
        "feature_ids": [
          "s/3460s01@R0/stug-1x8@R3/stud@R4/studC",
          "snap_cyl@L8:I4"
        ],
        "residual": {
          "distance": 0.0,
          "axial_gap": 0.0,
          "alignment": 1.0,
          "roll_alignment": 1.0,
          "entry_face_gap": 0.0,
          "penetration": 12.0
        }
      },
      {
        "instances": [
          153,
          161
        ],
        "status": "potential",
        "kinds": [
          "stud",
          "stud_receptacle"
        ],
        "sources": [
          "ldcad_shadow",
          "heuristic"
        ],
        "confidence": [
          1.0,
          0.8
        ],
        "feature_ids": [
          "s/3460s01@R0/stug-1x8@R3/stud@R5/studC",
          "snap_cyl@L8:I5"
        ],
        "residual": {
          "distance": 0.0,
          "axial_gap": 0.0,
          "alignment": 1.0,
          "roll_alignment": 1.0,
          "entry_face_gap": 0.0,
          "penetration": 12.0
        }
      },
      {
        "instances": [
          153,
          161
        ],
        "status": "potential",
        "kinds": [
          "stud",
          "stud_receptacle"
        ],
        "sources": [
          "ldcad_shadow",
          "heuristic"
        ],
        "confidence": [
          1.0,
          0.8
        ],
        "feature_ids": [
          "s/3460s01@R0/stug-1x8@R3/stud@R6/studC",
          "snap_cyl@L8:I6"
        ],
        "residual": {
          "distance": 0.0,
          "axial_gap": 0.0,
          "alignment": 1.0,
          "roll_alignment": 1.0,
          "entry_face_gap": 0.0,
          "penetration": 12.0
        }
      },
      {
        "instances": [
          153,
          161
        ],
        "status": "potential",
        "kinds": [
          "stud",
          "stud_receptacle"
        ],
        "sources": [
          "ldcad_shadow",
          "heuristic"
        ],
        "confidence": [
          1.0,
          0.8
        ],
        "feature_ids": [
          "s/3460s01@R0/stug-1x8@R3/stud@R7/studC",
          "snap_cyl@L8:I7"
        ],
        "residual": {
          "distance": 0.0,
          "axial_gap": 0.0,
          "alignment": 1.0,
          "roll_alignment": 1.0,
          "entry_face_gap": 0.0,
          "penetration": 12.0
        }
      },
      {
        "instances": [
          154,
          162
        ],
        "status": "potential",
        "kinds": [
          "stud",
          "stud_receptacle"
        ],
        "sources": [
          "ldcad_shadow",
          "heuristic"
        ],
        "confidence": [
          1.0,
          0.8
        ],
        "feature_ids": [
          "s/3023bs01@R0/stug-1x2@R3/stud@R0/studC",
          "s/3023bs01@R0/snap_cyl@L9:I0"
        ],
        "residual": {
          "distance": 0.0,
          "axial_gap": 0.0,
          "alignment": 1.0,
          "roll_alignment": 1.0,
          "entry_face_gap": 0.0,
          "penetration": 12.0
        }
      },
      {
        "instances": [
          154,
          162
        ],
        "status": "potential",
        "kinds": [
          "stud",
          "stud_receptacle"
        ],
        "sources": [
          "ldcad_shadow",
          "heuristic"
        ],
        "confidence": [
          1.0,
          0.8
        ],
        "feature_ids": [
          "s/3023bs01@R0/stug-1x2@R3/stud@R1/studC",
          "s/3023bs01@R0/snap_cyl@L9:I1"
        ],
        "residual": {
          "distance": 0.0,
          "axial_gap": 0.0,
          "alignment": 1.0,
          "roll_alignment": 1.0,
          "entry_face_gap": 0.0,
          "penetration": 12.0
        }
      },
      {
        "instances": [
          155,
          163
        ],
        "status": "potential",
        "kinds": [
          "stud",
          "stud_receptacle"
        ],
        "sources": [
          "ldcad_shadow",
          "heuristic"
        ],
        "confidence": [
          1.0,
          0.8
        ],
        "feature_ids": [
          "s/3460s01@R0/stug-1x8@R3/stud@R0/studC",
          "snap_cyl@L8:I0"
        ],
        "residual": {
          "distance": 0.0,
          "axial_gap": 0.0,
          "alignment": 1.0,
          "roll_alignment": 1.0,
          "entry_face_gap": 0.0,
          "penetration": 12.0
        }
      },
      {
        "instances": [
          155,
          163
        ],
        "status": "potential",
        "kinds": [
          "stud",
          "stud_receptacle"
        ],
        "sources": [
          "ldcad_shadow",
          "heuristic"
        ],
        "confidence": [
          1.0,
          0.8
        ],
        "feature_ids": [
          "s/3460s01@R0/stug-1x8@R3/stud@R1/studC",
          "snap_cyl@L8:I1"
        ],
        "residual": {
          "distance": 0.0,
          "axial_gap": 0.0,
          "alignment": 1.0,
          "roll_alignment": 1.0,
          "entry_face_gap": 0.0,
          "penetration": 12.0
        }
      },
      {
        "instances": [
          155,
          163
        ],
        "status": "potential",
        "kinds": [
          "stud",
          "stud_receptacle"
        ],
        "sources": [
          "ldcad_shadow",
          "heuristic"
        ],
        "confidence": [
          1.0,
          0.8
        ],
        "feature_ids": [
          "s/3460s01@R0/stug-1x8@R3/stud@R2/studC",
          "snap_cyl@L8:I2"
        ],
        "residual": {
          "distance": 0.0,
          "axial_gap": 0.0,
          "alignment": 1.0,
          "roll_alignment": 1.0,
          "entry_face_gap": 0.0,
          "penetration": 12.0
        }
      },
      {
        "instances": [
          155,
          163
        ],
        "status": "potential",
        "kinds": [
          "stud",
          "stud_receptacle"
        ],
        "sources": [
          "ldcad_shadow",
          "heuristic"
        ],
        "confidence": [
          1.0,
          0.8
        ],
        "feature_ids": [
          "s/3460s01@R0/stug-1x8@R3/stud@R3/studC",
          "snap_cyl@L8:I3"
        ],
        "residual": {
          "distance": 0.0,
          "axial_gap": 0.0,
          "alignment": 1.0,
          "roll_alignment": 1.0,
          "entry_face_gap": 0.0,
          "penetration": 12.0
        }
      },
      {
        "instances": [
          155,
          163
        ],
        "status": "potential",
        "kinds": [
          "stud",
          "stud_receptacle"
        ],
        "sources": [
          "ldcad_shadow",
          "heuristic"
        ],
        "confidence": [
          1.0,
          0.8
        ],
        "feature_ids": [
          "s/3460s01@R0/stug-1x8@R3/stud@R4/studC",
          "snap_cyl@L8:I4"
        ],
        "residual": {
          "distance": 0.0,
          "axial_gap": 0.0,
          "alignment": 1.0,
          "roll_alignment": 1.0,
          "entry_face_gap": 0.0,
          "penetration": 12.0
        }
      },
      {
        "instances": [
          155,
          163
        ],
        "status": "potential",
        "kinds": [
          "stud",
          "stud_receptacle"
        ],
        "sources": [
          "ldcad_shadow",
          "heuristic"
        ],
        "confidence": [
          1.0,
          0.8
        ],
        "feature_ids": [
          "s/3460s01@R0/stug-1x8@R3/stud@R5/studC",
          "snap_cyl@L8:I5"
        ],
        "residual": {
          "distance": 0.0,
          "axial_gap": 0.0,
          "alignment": 1.0,
          "roll_alignment": 1.0,
          "entry_face_gap": 0.0,
          "penetration": 12.0
        }
      },
      {
        "instances": [
          155,
          163
        ],
        "status": "potential",
        "kinds": [
          "stud",
          "stud_receptacle"
        ],
        "sources": [
          "ldcad_shadow",
          "heuristic"
        ],
        "confidence": [
          1.0,
          0.8
        ],
        "feature_ids": [
          "s/3460s01@R0/stug-1x8@R3/stud@R6/studC",
          "snap_cyl@L8:I6"
        ],
        "residual": {
          "distance": 0.0,
          "axial_gap": 0.0,
          "alignment": 1.0,
          "roll_alignment": 1.0,
          "entry_face_gap": 0.0,
          "penetration": 12.0
        }
      },
      {
        "instances": [
          155,
          163
        ],
        "status": "potential",
        "kinds": [
          "stud",
          "stud_receptacle"
        ],
        "sources": [
          "ldcad_shadow",
          "heuristic"
        ],
        "confidence": [
          1.0,
          0.8
        ],
        "feature_ids": [
          "s/3460s01@R0/stug-1x8@R3/stud@R7/studC",
          "snap_cyl@L8:I7"
        ],
        "residual": {
          "distance": 0.0,
          "axial_gap": 0.0,
          "alignment": 1.0,
          "roll_alignment": 1.0,
          "entry_face_gap": 0.0,
          "penetration": 12.0
        }
      },
      {
        "instances": [
          156,
          164
        ],
        "status": "potential",
        "kinds": [
          "stud",
          "stud_receptacle"
        ],
        "sources": [
          "ldcad_shadow",
          "heuristic"
        ],
        "confidence": [
          1.0,
          0.8
        ],
        "feature_ids": [
          "s/3023bs01@R0/stug-1x2@R3/stud@R0/studC",
          "s/3023bs01@R0/snap_cyl@L9:I0"
        ],
        "residual": {
          "distance": 0.0,
          "axial_gap": 0.0,
          "alignment": 1.0,
          "roll_alignment": 1.0,
          "entry_face_gap": 0.0,
          "penetration": 12.0
        }
      },
      {
        "instances": [
          156,
          164
        ],
        "status": "potential",
        "kinds": [
          "stud",
          "stud_receptacle"
        ],
        "sources": [
          "ldcad_shadow",
          "heuristic"
        ],
        "confidence": [
          1.0,
          0.8
        ],
        "feature_ids": [
          "s/3023bs01@R0/stug-1x2@R3/stud@R1/studC",
          "s/3023bs01@R0/snap_cyl@L9:I1"
        ],
        "residual": {
          "distance": 0.0,
          "axial_gap": 0.0,
          "alignment": 1.0,
          "roll_alignment": 1.0,
          "entry_face_gap": 0.0,
          "penetration": 12.0
        }
      },
      {
        "instances": [
          157,
          165
        ],
        "status": "potential",
        "kinds": [
          "stud",
          "stud_receptacle"
        ],
        "sources": [
          "ldcad_shadow",
          "heuristic"
        ],
        "confidence": [
          1.0,
          0.8
        ],
        "feature_ids": [
          "s/3460s01@R0/stug-1x8@R3/stud@R0/studC",
          "snap_cyl@L8:I0"
        ],
        "residual": {
          "distance": 0.0,
          "axial_gap": 0.0,
          "alignment": 1.0,
          "roll_alignment": 1.0,
          "entry_face_gap": 0.0,
          "penetration": 12.0
        }
      },
      {
        "instances": [
          157,
          165
        ],
        "status": "potential",
        "kinds": [
          "stud",
          "stud_receptacle"
        ],
        "sources": [
          "ldcad_shadow",
          "heuristic"
        ],
        "confidence": [
          1.0,
          0.8
        ],
        "feature_ids": [
          "s/3460s01@R0/stug-1x8@R3/stud@R1/studC",
          "snap_cyl@L8:I1"
        ],
        "residual": {
          "distance": 0.0,
          "axial_gap": 0.0,
          "alignment": 1.0,
          "roll_alignment": 1.0,
          "entry_face_gap": 0.0,
          "penetration": 12.0
        }
      },
      {
        "instances": [
          157,
          165
        ],
        "status": "potential",
        "kinds": [
          "stud",
          "stud_receptacle"
        ],
        "sources": [
          "ldcad_shadow",
          "heuristic"
        ],
        "confidence": [
          1.0,
          0.8
        ],
        "feature_ids": [
          "s/3460s01@R0/stug-1x8@R3/stud@R2/studC",
          "snap_cyl@L8:I2"
        ],
        "residual": {
          "distance": 0.0,
          "axial_gap": 0.0,
          "alignment": 1.0,
          "roll_alignment": 1.0,
          "entry_face_gap": 0.0,
          "penetration": 12.0
        }
      },
      {
        "instances": [
          157,
          165
        ],
        "status": "potential",
        "kinds": [
          "stud",
          "stud_receptacle"
        ],
        "sources": [
          "ldcad_shadow",
          "heuristic"
        ],
        "confidence": [
          1.0,
          0.8
        ],
        "feature_ids": [
          "s/3460s01@R0/stug-1x8@R3/stud@R3/studC",
          "snap_cyl@L8:I3"
        ],
        "residual": {
          "distance": 0.0,
          "axial_gap": 0.0,
          "alignment": 1.0,
          "roll_alignment": 1.0,
          "entry_face_gap": 0.0,
          "penetration": 12.0
        }
      },
      {
        "instances": [
          157,
          165
        ],
        "status": "potential",
        "kinds": [
          "stud",
          "stud_receptacle"
        ],
        "sources": [
          "ldcad_shadow",
          "heuristic"
        ],
        "confidence": [
          1.0,
          0.8
        ],
        "feature_ids": [
          "s/3460s01@R0/stug-1x8@R3/stud@R4/studC",
          "snap_cyl@L8:I4"
        ],
        "residual": {
          "distance": 0.0,
          "axial_gap": 0.0,
          "alignment": 1.0,
          "roll_alignment": 1.0,
          "entry_face_gap": 0.0,
          "penetration": 12.0
        }
      },
      {
        "instances": [
          157,
          165
        ],
        "status": "potential",
        "kinds": [
          "stud",
          "stud_receptacle"
        ],
        "sources": [
          "ldcad_shadow",
          "heuristic"
        ],
        "confidence": [
          1.0,
          0.8
        ],
        "feature_ids": [
          "s/3460s01@R0/stug-1x8@R3/stud@R5/studC",
          "snap_cyl@L8:I5"
        ],
        "residual": {
          "distance": 0.0,
          "axial_gap": 0.0,
          "alignment": 1.0,
          "roll_alignment": 1.0,
          "entry_face_gap": 0.0,
          "penetration": 12.0
        }
      },
      {
        "instances": [
          157,
          165
        ],
        "status": "potential",
        "kinds": [
          "stud",
          "stud_receptacle"
        ],
        "sources": [
          "ldcad_shadow",
          "heuristic"
        ],
        "confidence": [
          1.0,
          0.8
        ],
        "feature_ids": [
          "s/3460s01@R0/stug-1x8@R3/stud@R6/studC",
          "snap_cyl@L8:I6"
        ],
        "residual": {
          "distance": 0.0,
          "axial_gap": 0.0,
          "alignment": 1.0,
          "roll_alignment": 1.0,
          "entry_face_gap": 0.0,
          "penetration": 12.0
        }
      },
      {
        "instances": [
          157,
          165
        ],
        "status": "potential",
        "kinds": [
          "stud",
          "stud_receptacle"
        ],
        "sources": [
          "ldcad_shadow",
          "heuristic"
        ],
        "confidence": [
          1.0,
          0.8
        ],
        "feature_ids": [
          "s/3460s01@R0/stug-1x8@R3/stud@R7/studC",
          "snap_cyl@L8:I7"
        ],
        "residual": {
          "distance": 0.0,
          "axial_gap": 0.0,
          "alignment": 1.0,
          "roll_alignment": 1.0,
          "entry_face_gap": 0.0,
          "penetration": 12.0
        }
      },
      {
        "instances": [
          158,
          166
        ],
        "status": "potential",
        "kinds": [
          "stud",
          "stud_receptacle"
        ],
        "sources": [
          "ldcad_shadow",
          "heuristic"
        ],
        "confidence": [
          1.0,
          0.8
        ],
        "feature_ids": [
          "s/3023bs01@R0/stug-1x2@R3/stud@R0/studC",
          "s/3023bs01@R0/snap_cyl@L9:I0"
        ],
        "residual": {
          "distance": 0.0,
          "axial_gap": 0.0,
          "alignment": 1.0,
          "roll_alignment": 1.0,
          "entry_face_gap": 0.0,
          "penetration": 12.0
        }
      },
      {
        "instances": [
          158,
          166
        ],
        "status": "potential",
        "kinds": [
          "stud",
          "stud_receptacle"
        ],
        "sources": [
          "ldcad_shadow",
          "heuristic"
        ],
        "confidence": [
          1.0,
          0.8
        ],
        "feature_ids": [
          "s/3023bs01@R0/stug-1x2@R3/stud@R1/studC",
          "s/3023bs01@R0/snap_cyl@L9:I1"
        ],
        "residual": {
          "distance": 0.0,
          "axial_gap": 0.0,
          "alignment": 1.0,
          "roll_alignment": 1.0,
          "entry_face_gap": 0.0,
          "penetration": 12.0
        }
      },
      {
        "instances": [
          159,
          167
        ],
        "status": "confirmed",
        "kinds": [
          "stud",
          "stud_receptacle"
        ],
        "sources": [
          "ldcad_shadow",
          "ldcad_shadow"
        ],
        "confidence": [
          1.0,
          1.0
        ],
        "feature_ids": [
          "s/3460s01@R0/stug-1x8@R3/stud@R0/studC",
          "snap_cyl@L8:I3"
        ],
        "residual": {
          "distance": 0.0,
          "axial_gap": 0.0,
          "alignment": 1.0,
          "roll_alignment": 1.0,
          "entry_face_gap": 0.0,
          "penetration": 12.0
        }
      },
      {
        "instances": [
          159,
          167
        ],
        "status": "confirmed",
        "kinds": [
          "stud",
          "stud_receptacle"
        ],
        "sources": [
          "ldcad_shadow",
          "ldcad_shadow"
        ],
        "confidence": [
          1.0,
          1.0
        ],
        "feature_ids": [
          "s/3460s01@R0/stug-1x8@R3/stud@R1/studC",
          "snap_cyl@L8:I5"
        ],
        "residual": {
          "distance": 0.0,
          "axial_gap": 0.0,
          "alignment": 1.0,
          "roll_alignment": 1.0,
          "entry_face_gap": 0.0,
          "penetration": 12.0
        }
      },
      {
        "instances": [
          159,
          167
        ],
        "status": "confirmed",
        "kinds": [
          "stud",
          "stud_receptacle"
        ],
        "sources": [
          "ldcad_shadow",
          "ldcad_shadow"
        ],
        "confidence": [
          1.0,
          1.0
        ],
        "feature_ids": [
          "s/3460s01@R0/stug-1x8@R3/stud@R2/studC",
          "snap_cyl@L8:I7"
        ],
        "residual": {
          "distance": 0.0,
          "axial_gap": 0.0,
          "alignment": 1.0,
          "roll_alignment": 1.0,
          "entry_face_gap": 0.0,
          "penetration": 12.0
        }
      },
      {
        "instances": [
          159,
          167
        ],
        "status": "confirmed",
        "kinds": [
          "stud",
          "stud_receptacle"
        ],
        "sources": [
          "ldcad_shadow",
          "ldcad_shadow"
        ],
        "confidence": [
          1.0,
          1.0
        ],
        "feature_ids": [
          "s/3460s01@R0/stug-1x8@R3/stud@R3/studC",
          "snap_cyl@L8:I9"
        ],
        "residual": {
          "distance": 0.0,
          "axial_gap": 0.0,
          "alignment": 1.0,
          "roll_alignment": 1.0,
          "entry_face_gap": 0.0,
          "penetration": 12.0
        }
      },
      {
        "instances": [
          159,
          167
        ],
        "status": "confirmed",
        "kinds": [
          "stud",
          "stud_receptacle"
        ],
        "sources": [
          "ldcad_shadow",
          "ldcad_shadow"
        ],
        "confidence": [
          1.0,
          1.0
        ],
        "feature_ids": [
          "s/3460s01@R0/stug-1x8@R3/stud@R4/studC",
          "snap_cyl@L8:I11"
        ],
        "residual": {
          "distance": 0.0,
          "axial_gap": 0.0,
          "alignment": 1.0,
          "roll_alignment": 1.0,
          "entry_face_gap": 0.0,
          "penetration": 12.0
        }
      },
      {
        "instances": [
          159,
          167
        ],
        "status": "confirmed",
        "kinds": [
          "stud",
          "stud_receptacle"
        ],
        "sources": [
          "ldcad_shadow",
          "ldcad_shadow"
        ],
        "confidence": [
          1.0,
          1.0
        ],
        "feature_ids": [
          "s/3460s01@R0/stug-1x8@R3/stud@R5/studC",
          "snap_cyl@L8:I13"
        ],
        "residual": {
          "distance": 0.0,
          "axial_gap": 0.0,
          "alignment": 1.0,
          "roll_alignment": 1.0,
          "entry_face_gap": 0.0,
          "penetration": 12.0
        }
      },
      {
        "instances": [
          159,
          167
        ],
        "status": "confirmed",
        "kinds": [
          "stud",
          "stud_receptacle"
        ],
        "sources": [
          "ldcad_shadow",
          "ldcad_shadow"
        ],
        "confidence": [
          1.0,
          1.0
        ],
        "feature_ids": [
          "s/3460s01@R0/stug-1x8@R3/stud@R6/studC",
          "snap_cyl@L8:I15"
        ],
        "residual": {
          "distance": 0.0,
          "axial_gap": 0.0,
          "alignment": 1.0,
          "roll_alignment": 1.0,
          "entry_face_gap": 0.0,
          "penetration": 12.0
        }
      },
      {
        "instances": [
          159,
          168
        ],
        "status": "confirmed",
        "kinds": [
          "stud",
          "stud_receptacle"
        ],
        "sources": [
          "ldcad_shadow",
          "ldcad_shadow"
        ],
        "confidence": [
          1.0,
          1.0
        ],
        "feature_ids": [
          "s/3460s01@R0/stug-1x8@R3/stud@R7/studC",
          "snap_cyl@L8:I1"
        ],
        "residual": {
          "distance": 0.0,
          "axial_gap": 0.0,
          "alignment": 1.0,
          "roll_alignment": 1.0,
          "entry_face_gap": 0.0,
          "penetration": 12.0
        }
      },
      {
        "instances": [
          160,
          168
        ],
        "status": "confirmed",
        "kinds": [
          "stud",
          "stud_receptacle"
        ],
        "sources": [
          "ldcad_shadow",
          "ldcad_shadow"
        ],
        "confidence": [
          1.0,
          1.0
        ],
        "feature_ids": [
          "s/3023bs01@R0/stug-1x2@R3/stud@R0/studC",
          "snap_cyl@L8:I3"
        ],
        "residual": {
          "distance": 0.0,
          "axial_gap": 0.0,
          "alignment": 1.0,
          "roll_alignment": 1.0,
          "entry_face_gap": 0.0,
          "penetration": 12.0
        }
      },
      {
        "instances": [
          160,
          168
        ],
        "status": "confirmed",
        "kinds": [
          "stud",
          "stud_receptacle"
        ],
        "sources": [
          "ldcad_shadow",
          "ldcad_shadow"
        ],
        "confidence": [
          1.0,
          1.0
        ],
        "feature_ids": [
          "s/3023bs01@R0/stug-1x2@R3/stud@R1/studC",
          "snap_cyl@L8:I5"
        ],
        "residual": {
          "distance": 0.0,
          "axial_gap": 0.0,
          "alignment": 1.0,
          "roll_alignment": 1.0,
          "entry_face_gap": 0.0,
          "penetration": 12.0
        }
      },
      {
        "instances": [
          161,
          169
        ],
        "status": "confirmed",
        "kinds": [
          "stud",
          "stud_receptacle"
        ],
        "sources": [
          "ldcad_shadow",
          "ldcad_shadow"
        ],
        "confidence": [
          1.0,
          1.0
        ],
        "feature_ids": [
          "s/3460s01@R0/stug-1x8@R3/stud@R0/studC",
          "snap_cyl@L8:I2"
        ],
        "residual": {
          "distance": 0.0,
          "axial_gap": 0.0,
          "alignment": 1.0,
          "roll_alignment": 1.0,
          "entry_face_gap": 0.0,
          "penetration": 12.0
        }
      },
      {
        "instances": [
          161,
          169
        ],
        "status": "confirmed",
        "kinds": [
          "stud",
          "stud_receptacle"
        ],
        "sources": [
          "ldcad_shadow",
          "ldcad_shadow"
        ],
        "confidence": [
          1.0,
          1.0
        ],
        "feature_ids": [
          "s/3460s01@R0/stug-1x8@R3/stud@R1/studC",
          "snap_cyl@L8:I4"
        ],
        "residual": {
          "distance": 0.0,
          "axial_gap": 0.0,
          "alignment": 1.0,
          "roll_alignment": 1.0,
          "entry_face_gap": 0.0,
          "penetration": 12.0
        }
      },
      {
        "instances": [
          161,
          169
        ],
        "status": "confirmed",
        "kinds": [
          "stud",
          "stud_receptacle"
        ],
        "sources": [
          "ldcad_shadow",
          "ldcad_shadow"
        ],
        "confidence": [
          1.0,
          1.0
        ],
        "feature_ids": [
          "s/3460s01@R0/stug-1x8@R3/stud@R2/studC",
          "snap_cyl@L8:I6"
        ],
        "residual": {
          "distance": 0.0,
          "axial_gap": 0.0,
          "alignment": 1.0,
          "roll_alignment": 1.0,
          "entry_face_gap": 0.0,
          "penetration": 12.0
        }
      },
      {
        "instances": [
          161,
          169
        ],
        "status": "confirmed",
        "kinds": [
          "stud",
          "stud_receptacle"
        ],
        "sources": [
          "ldcad_shadow",
          "ldcad_shadow"
        ],
        "confidence": [
          1.0,
          1.0
        ],
        "feature_ids": [
          "s/3460s01@R0/stug-1x8@R3/stud@R3/studC",
          "snap_cyl@L8:I8"
        ],
        "residual": {
          "distance": 0.0,
          "axial_gap": 0.0,
          "alignment": 1.0,
          "roll_alignment": 1.0,
          "entry_face_gap": 0.0,
          "penetration": 12.0
        }
      },
      {
        "instances": [
          161,
          169
        ],
        "status": "confirmed",
        "kinds": [
          "stud",
          "stud_receptacle"
        ],
        "sources": [
          "ldcad_shadow",
          "ldcad_shadow"
        ],
        "confidence": [
          1.0,
          1.0
        ],
        "feature_ids": [
          "s/3460s01@R0/stug-1x8@R3/stud@R4/studC",
          "snap_cyl@L8:I10"
        ],
        "residual": {
          "distance": 0.0,
          "axial_gap": 0.0,
          "alignment": 1.0,
          "roll_alignment": 1.0,
          "entry_face_gap": 0.0,
          "penetration": 12.0
        }
      },
      {
        "instances": [
          161,
          169
        ],
        "status": "confirmed",
        "kinds": [
          "stud",
          "stud_receptacle"
        ],
        "sources": [
          "ldcad_shadow",
          "ldcad_shadow"
        ],
        "confidence": [
          1.0,
          1.0
        ],
        "feature_ids": [
          "s/3460s01@R0/stug-1x8@R3/stud@R5/studC",
          "snap_cyl@L8:I12"
        ],
        "residual": {
          "distance": 0.0,
          "axial_gap": 0.0,
          "alignment": 1.0,
          "roll_alignment": 1.0,
          "entry_face_gap": 0.0,
          "penetration": 12.0
        }
      },
      {
        "instances": [
          161,
          169
        ],
        "status": "confirmed",
        "kinds": [
          "stud",
          "stud_receptacle"
        ],
        "sources": [
          "ldcad_shadow",
          "ldcad_shadow"
        ],
        "confidence": [
          1.0,
          1.0
        ],
        "feature_ids": [
          "s/3460s01@R0/stug-1x8@R3/stud@R6/studC",
          "snap_cyl@L8:I14"
        ],
        "residual": {
          "distance": 0.0,
          "axial_gap": 0.0,
          "alignment": 1.0,
          "roll_alignment": 1.0,
          "entry_face_gap": 0.0,
          "penetration": 12.0
        }
      },
      {
        "instances": [
          161,
          170
        ],
        "status": "confirmed",
        "kinds": [
          "stud",
          "stud_receptacle"
        ],
        "sources": [
          "ldcad_shadow",
          "ldcad_shadow"
        ],
        "confidence": [
          1.0,
          1.0
        ],
        "feature_ids": [
          "s/3460s01@R0/stug-1x8@R3/stud@R7/studC",
          "snap_cyl@L8:I0"
        ],
        "residual": {
          "distance": 0.0,
          "axial_gap": 0.0,
          "alignment": 1.0,
          "roll_alignment": 1.0,
          "entry_face_gap": 0.0,
          "penetration": 12.0
        }
      },
      {
        "instances": [
          162,
          170
        ],
        "status": "confirmed",
        "kinds": [
          "stud",
          "stud_receptacle"
        ],
        "sources": [
          "ldcad_shadow",
          "ldcad_shadow"
        ],
        "confidence": [
          1.0,
          1.0
        ],
        "feature_ids": [
          "s/3023bs01@R0/stug-1x2@R3/stud@R0/studC",
          "snap_cyl@L8:I2"
        ],
        "residual": {
          "distance": 0.0,
          "axial_gap": 0.0,
          "alignment": 1.0,
          "roll_alignment": 1.0,
          "entry_face_gap": 0.0,
          "penetration": 12.0
        }
      },
      {
        "instances": [
          162,
          170
        ],
        "status": "confirmed",
        "kinds": [
          "stud",
          "stud_receptacle"
        ],
        "sources": [
          "ldcad_shadow",
          "ldcad_shadow"
        ],
        "confidence": [
          1.0,
          1.0
        ],
        "feature_ids": [
          "s/3023bs01@R0/stug-1x2@R3/stud@R1/studC",
          "snap_cyl@L8:I4"
        ],
        "residual": {
          "distance": 0.0,
          "axial_gap": 0.0,
          "alignment": 1.0,
          "roll_alignment": 1.0,
          "entry_face_gap": 0.0,
          "penetration": 12.0
        }
      },
      {
        "instances": [
          163,
          171
        ],
        "status": "confirmed",
        "kinds": [
          "stud",
          "stud_receptacle"
        ],
        "sources": [
          "ldcad_shadow",
          "ldcad_shadow"
        ],
        "confidence": [
          1.0,
          1.0
        ],
        "feature_ids": [
          "s/3460s01@R0/stug-1x8@R3/stud@R0/studC",
          "snap_cyl@L8:I1"
        ],
        "residual": {
          "distance": 0.0,
          "axial_gap": 0.0,
          "alignment": 1.0,
          "roll_alignment": 1.0,
          "entry_face_gap": 0.0,
          "penetration": 12.0
        }
      },
      {
        "instances": [
          163,
          171
        ],
        "status": "confirmed",
        "kinds": [
          "stud",
          "stud_receptacle"
        ],
        "sources": [
          "ldcad_shadow",
          "ldcad_shadow"
        ],
        "confidence": [
          1.0,
          1.0
        ],
        "feature_ids": [
          "s/3460s01@R0/stug-1x8@R3/stud@R1/studC",
          "snap_cyl@L8:I3"
        ],
        "residual": {
          "distance": 0.0,
          "axial_gap": 0.0,
          "alignment": 1.0,
          "roll_alignment": 1.0,
          "entry_face_gap": 0.0,
          "penetration": 12.0
        }
      },
      {
        "instances": [
          163,
          171
        ],
        "status": "confirmed",
        "kinds": [
          "stud",
          "stud_receptacle"
        ],
        "sources": [
          "ldcad_shadow",
          "ldcad_shadow"
        ],
        "confidence": [
          1.0,
          1.0
        ],
        "feature_ids": [
          "s/3460s01@R0/stug-1x8@R3/stud@R2/studC",
          "snap_cyl@L8:I5"
        ],
        "residual": {
          "distance": 0.0,
          "axial_gap": 0.0,
          "alignment": 1.0,
          "roll_alignment": 1.0,
          "entry_face_gap": 0.0,
          "penetration": 12.0
        }
      },
      {
        "instances": [
          163,
          171
        ],
        "status": "confirmed",
        "kinds": [
          "stud",
          "stud_receptacle"
        ],
        "sources": [
          "ldcad_shadow",
          "ldcad_shadow"
        ],
        "confidence": [
          1.0,
          1.0
        ],
        "feature_ids": [
          "s/3460s01@R0/stug-1x8@R3/stud@R3/studC",
          "snap_cyl@L8:I7"
        ],
        "residual": {
          "distance": 0.0,
          "axial_gap": 0.0,
          "alignment": 1.0,
          "roll_alignment": 1.0,
          "entry_face_gap": 0.0,
          "penetration": 12.0
        }
      },
      {
        "instances": [
          163,
          171
        ],
        "status": "confirmed",
        "kinds": [
          "stud",
          "stud_receptacle"
        ],
        "sources": [
          "ldcad_shadow",
          "ldcad_shadow"
        ],
        "confidence": [
          1.0,
          1.0
        ],
        "feature_ids": [
          "s/3460s01@R0/stug-1x8@R3/stud@R4/studC",
          "snap_cyl@L8:I9"
        ],
        "residual": {
          "distance": 0.0,
          "axial_gap": 0.0,
          "alignment": 1.0,
          "roll_alignment": 1.0,
          "entry_face_gap": 0.0,
          "penetration": 12.0
        }
      },
      {
        "instances": [
          163,
          171
        ],
        "status": "confirmed",
        "kinds": [
          "stud",
          "stud_receptacle"
        ],
        "sources": [
          "ldcad_shadow",
          "ldcad_shadow"
        ],
        "confidence": [
          1.0,
          1.0
        ],
        "feature_ids": [
          "s/3460s01@R0/stug-1x8@R3/stud@R5/studC",
          "snap_cyl@L8:I11"
        ],
        "residual": {
          "distance": 0.0,
          "axial_gap": 0.0,
          "alignment": 1.0,
          "roll_alignment": 1.0,
          "entry_face_gap": 0.0,
          "penetration": 12.0
        }
      },
      {
        "instances": [
          163,
          171
        ],
        "status": "confirmed",
        "kinds": [
          "stud",
          "stud_receptacle"
        ],
        "sources": [
          "ldcad_shadow",
          "ldcad_shadow"
        ],
        "confidence": [
          1.0,
          1.0
        ],
        "feature_ids": [
          "s/3460s01@R0/stug-1x8@R3/stud@R6/studC",
          "snap_cyl@L8:I13"
        ],
        "residual": {
          "distance": 0.0,
          "axial_gap": 0.0,
          "alignment": 1.0,
          "roll_alignment": 1.0,
          "entry_face_gap": 0.0,
          "penetration": 12.0
        }
      },
      {
        "instances": [
          163,
          171
        ],
        "status": "confirmed",
        "kinds": [
          "stud",
          "stud_receptacle"
        ],
        "sources": [
          "ldcad_shadow",
          "ldcad_shadow"
        ],
        "confidence": [
          1.0,
          1.0
        ],
        "feature_ids": [
          "s/3460s01@R0/stug-1x8@R3/stud@R7/studC",
          "snap_cyl@L8:I15"
        ],
        "residual": {
          "distance": 0.0,
          "axial_gap": 0.0,
          "alignment": 1.0,
          "roll_alignment": 1.0,
          "entry_face_gap": 0.0,
          "penetration": 12.0
        }
      },
      {
        "instances": [
          164,
          172
        ],
        "status": "confirmed",
        "kinds": [
          "stud",
          "stud_receptacle"
        ],
        "sources": [
          "ldcad_shadow",
          "ldcad_shadow"
        ],
        "confidence": [
          1.0,
          1.0
        ],
        "feature_ids": [
          "s/3023bs01@R0/stug-1x2@R3/stud@R0/studC",
          "snap_cyl@L9:I3"
        ],
        "residual": {
          "distance": 0.0,
          "axial_gap": 0.0,
          "alignment": 1.0,
          "roll_alignment": 1.0,
          "entry_face_gap": 0.0,
          "penetration": 12.0
        }
      },
      {
        "instances": [
          164,
          172
        ],
        "status": "confirmed",
        "kinds": [
          "stud",
          "stud_receptacle"
        ],
        "sources": [
          "ldcad_shadow",
          "ldcad_shadow"
        ],
        "confidence": [
          1.0,
          1.0
        ],
        "feature_ids": [
          "s/3023bs01@R0/stug-1x2@R3/stud@R1/studC",
          "snap_cyl@L9:I2"
        ],
        "residual": {
          "distance": 0.0,
          "axial_gap": 0.0,
          "alignment": 1.0,
          "roll_alignment": 1.0,
          "entry_face_gap": 0.0,
          "penetration": 12.0
        }
      },
      {
        "instances": [
          165,
          173
        ],
        "status": "confirmed",
        "kinds": [
          "stud",
          "stud_receptacle"
        ],
        "sources": [
          "ldcad_shadow",
          "ldcad_shadow"
        ],
        "confidence": [
          1.0,
          1.0
        ],
        "feature_ids": [
          "s/3460s01@R0/stug-1x8@R3/stud@R0/studC",
          "snap_cyl@L8:I0"
        ],
        "residual": {
          "distance": 0.0,
          "axial_gap": 0.0,
          "alignment": 1.0,
          "roll_alignment": 1.0,
          "entry_face_gap": 0.0,
          "penetration": 12.0
        }
      },
      {
        "instances": [
          165,
          173
        ],
        "status": "confirmed",
        "kinds": [
          "stud",
          "stud_receptacle"
        ],
        "sources": [
          "ldcad_shadow",
          "ldcad_shadow"
        ],
        "confidence": [
          1.0,
          1.0
        ],
        "feature_ids": [
          "s/3460s01@R0/stug-1x8@R3/stud@R1/studC",
          "snap_cyl@L8:I2"
        ],
        "residual": {
          "distance": 0.0,
          "axial_gap": 0.0,
          "alignment": 1.0,
          "roll_alignment": 1.0,
          "entry_face_gap": 0.0,
          "penetration": 12.0
        }
      },
      {
        "instances": [
          165,
          173
        ],
        "status": "confirmed",
        "kinds": [
          "stud",
          "stud_receptacle"
        ],
        "sources": [
          "ldcad_shadow",
          "ldcad_shadow"
        ],
        "confidence": [
          1.0,
          1.0
        ],
        "feature_ids": [
          "s/3460s01@R0/stug-1x8@R3/stud@R2/studC",
          "snap_cyl@L8:I4"
        ],
        "residual": {
          "distance": 0.0,
          "axial_gap": 0.0,
          "alignment": 1.0,
          "roll_alignment": 1.0,
          "entry_face_gap": 0.0,
          "penetration": 12.0
        }
      },
      {
        "instances": [
          165,
          173
        ],
        "status": "confirmed",
        "kinds": [
          "stud",
          "stud_receptacle"
        ],
        "sources": [
          "ldcad_shadow",
          "ldcad_shadow"
        ],
        "confidence": [
          1.0,
          1.0
        ],
        "feature_ids": [
          "s/3460s01@R0/stug-1x8@R3/stud@R3/studC",
          "snap_cyl@L8:I6"
        ],
        "residual": {
          "distance": 0.0,
          "axial_gap": 0.0,
          "alignment": 1.0,
          "roll_alignment": 1.0,
          "entry_face_gap": 0.0,
          "penetration": 12.0
        }
      },
      {
        "instances": [
          165,
          173
        ],
        "status": "confirmed",
        "kinds": [
          "stud",
          "stud_receptacle"
        ],
        "sources": [
          "ldcad_shadow",
          "ldcad_shadow"
        ],
        "confidence": [
          1.0,
          1.0
        ],
        "feature_ids": [
          "s/3460s01@R0/stug-1x8@R3/stud@R4/studC",
          "snap_cyl@L8:I8"
        ],
        "residual": {
          "distance": 0.0,
          "axial_gap": 0.0,
          "alignment": 1.0,
          "roll_alignment": 1.0,
          "entry_face_gap": 0.0,
          "penetration": 12.0
        }
      },
      {
        "instances": [
          165,
          173
        ],
        "status": "confirmed",
        "kinds": [
          "stud",
          "stud_receptacle"
        ],
        "sources": [
          "ldcad_shadow",
          "ldcad_shadow"
        ],
        "confidence": [
          1.0,
          1.0
        ],
        "feature_ids": [
          "s/3460s01@R0/stug-1x8@R3/stud@R5/studC",
          "snap_cyl@L8:I10"
        ],
        "residual": {
          "distance": 0.0,
          "axial_gap": 0.0,
          "alignment": 1.0,
          "roll_alignment": 1.0,
          "entry_face_gap": 0.0,
          "penetration": 12.0
        }
      },
      {
        "instances": [
          165,
          173
        ],
        "status": "confirmed",
        "kinds": [
          "stud",
          "stud_receptacle"
        ],
        "sources": [
          "ldcad_shadow",
          "ldcad_shadow"
        ],
        "confidence": [
          1.0,
          1.0
        ],
        "feature_ids": [
          "s/3460s01@R0/stug-1x8@R3/stud@R6/studC",
          "snap_cyl@L8:I12"
        ],
        "residual": {
          "distance": 0.0,
          "axial_gap": 0.0,
          "alignment": 1.0,
          "roll_alignment": 1.0,
          "entry_face_gap": 0.0,
          "penetration": 12.0
        }
      },
      {
        "instances": [
          165,
          173
        ],
        "status": "confirmed",
        "kinds": [
          "stud",
          "stud_receptacle"
        ],
        "sources": [
          "ldcad_shadow",
          "ldcad_shadow"
        ],
        "confidence": [
          1.0,
          1.0
        ],
        "feature_ids": [
          "s/3460s01@R0/stug-1x8@R3/stud@R7/studC",
          "snap_cyl@L8:I14"
        ],
        "residual": {
          "distance": 0.0,
          "axial_gap": 0.0,
          "alignment": 1.0,
          "roll_alignment": 1.0,
          "entry_face_gap": 0.0,
          "penetration": 12.0
        }
      },
      {
        "instances": [
          166,
          174
        ],
        "status": "confirmed",
        "kinds": [
          "stud",
          "stud_receptacle"
        ],
        "sources": [
          "ldcad_shadow",
          "ldcad_shadow"
        ],
        "confidence": [
          1.0,
          1.0
        ],
        "feature_ids": [
          "s/3023bs01@R0/stug-1x2@R3/stud@R0/studC",
          "snap_cyl@L9:I1"
        ],
        "residual": {
          "distance": 0.0,
          "axial_gap": 0.0,
          "alignment": 1.0,
          "roll_alignment": 1.0,
          "entry_face_gap": 0.0,
          "penetration": 12.0
        }
      },
      {
        "instances": [
          166,
          174
        ],
        "status": "confirmed",
        "kinds": [
          "stud",
          "stud_receptacle"
        ],
        "sources": [
          "ldcad_shadow",
          "ldcad_shadow"
        ],
        "confidence": [
          1.0,
          1.0
        ],
        "feature_ids": [
          "s/3023bs01@R0/stug-1x2@R3/stud@R1/studC",
          "snap_cyl@L9:I0"
        ],
        "residual": {
          "distance": 0.0,
          "axial_gap": 0.0,
          "alignment": 1.0,
          "roll_alignment": 1.0,
          "entry_face_gap": 0.0,
          "penetration": 12.0
        }
      }
    ],
    "contacts_truncated": false,
    "confirmed_components": [
      [
        0,
        1,
        2,
        3,
        4,
        5,
        6,
        7,
        8,
        9,
        10
      ],
      [
        11,
        12,
        35,
        36,
        55,
        56,
        75,
        76,
        95,
        96
      ],
      [
        13
      ],
      [
        14
      ],
      [
        15
      ],
      [
        16
      ],
      [
        17
      ],
      [
        18
      ],
      [
        19
      ],
      [
        20
      ],
      [
        21
      ],
      [
        22
      ],
      [
        23
      ],
      [
        24
      ],
      [
        25
      ],
      [
        26
      ],
      [
        27
      ],
      [
        28
      ],
      [
        29
      ],
      [
        30
      ],
      [
        31
      ],
      [
        32
      ],
      [
        33
      ],
      [
        34
      ],
      [
        37
      ],
      [
        38
      ],
      [
        39
      ],
      [
        40
      ],
      [
        41
      ],
      [
        42
      ],
      [
        43
      ],
      [
        44
      ],
      [
        45
      ],
      [
        46
      ],
      [
        47
      ],
      [
        48
      ],
      [
        49
      ],
      [
        50
      ],
      [
        51
      ],
      [
        52
      ],
      [
        53
      ],
      [
        54
      ],
      [
        57
      ],
      [
        58
      ],
      [
        59
      ],
      [
        60
      ],
      [
        61
      ],
      [
        62
      ],
      [
        63
      ],
      [
        64
      ],
      [
        65
      ],
      [
        66
      ],
      [
        67
      ],
      [
        68
      ],
      [
        69
      ],
      [
        70
      ],
      [
        71
      ],
      [
        72
      ],
      [
        73
      ],
      [
        74
      ],
      [
        77
      ],
      [
        78
      ],
      [
        79
      ],
      [
        80
      ],
      [
        81
      ],
      [
        82
      ],
      [
        83
      ],
      [
        84
      ],
      [
        85
      ],
      [
        86
      ],
      [
        87
      ],
      [
        88
      ],
      [
        89
      ],
      [
        90
      ],
      [
        91
      ],
      [
        92
      ],
      [
        93
      ],
      [
        94
      ],
      [
        97
      ],
      [
        98
      ],
      [
        99
      ],
      [
        100
      ],
      [
        101
      ],
      [
        102
      ],
      [
        103
      ],
      [
        104
      ],
      [
        105
      ],
      [
        106
      ],
      [
        107
      ],
      [
        108
      ],
      [
        109
      ],
      [
        110
      ],
      [
        111
      ],
      [
        112
      ],
      [
        113
      ],
      [
        114
      ],
      [
        115
      ],
      [
        116
      ],
      [
        117
      ],
      [
        118
      ],
      [
        119
      ],
      [
        120
      ],
      [
        121
      ],
      [
        122
      ],
      [
        123
      ],
      [
        124
      ],
      [
        125
      ],
      [
        126
      ],
      [
        127
      ],
      [
        128
      ],
      [
        129
      ],
      [
        130
      ],
      [
        131
      ],
      [
        132
      ],
      [
        133
      ],
      [
        134
      ],
      [
        135
      ],
      [
        136
      ],
      [
        137
      ],
      [
        138
      ],
      [
        139,
        140
      ],
      [
        141,
        142
      ],
      [
        143,
        144
      ],
      [
        145,
        146
      ],
      [
        147,
        148
      ],
      [
        149,
        150
      ],
      [
        151
      ],
      [
        152
      ],
      [
        153
      ],
      [
        154
      ],
      [
        155
      ],
      [
        156
      ],
      [
        157
      ],
      [
        158
      ],
      [
        159,
        160,
        167,
        168
      ],
      [
        161,
        162,
        169,
        170
      ],
      [
        163,
        171
      ],
      [
        164,
        172
      ],
      [
        165,
        173
      ],
      [
        166,
        174
      ]
    ],
    "optimistic_components": [
      [
        0,
        1,
        2,
        3,
        4,
        5,
        6,
        7,
        8,
        9,
        10,
        11,
        12,
        13,
        14,
        15,
        16,
        17,
        18,
        19,
        20,
        21,
        22,
        23,
        24,
        25,
        26,
        27,
        28,
        29,
        30,
        31,
        32,
        33,
        34,
        35,
        36,
        37,
        38,
        39,
        40,
        41,
        42,
        43,
        44,
        45,
        46,
        47,
        48,
        49,
        50,
        51,
        52,
        53,
        54,
        55,
        56,
        57,
        58,
        59,
        60,
        61,
        62,
        63,
        64,
        65,
        66,
        67,
        68,
        69,
        70,
        71,
        72,
        73,
        74,
        75,
        76,
        77,
        78,
        79,
        80,
        81,
        82,
        83,
        84,
        85,
        86,
        87,
        88,
        89,
        90,
        91,
        92,
        93,
        94,
        95,
        96,
        97,
        98,
        99,
        100,
        101,
        102,
        103,
        104,
        105,
        106,
        107,
        108,
        109,
        110,
        111,
        112,
        113,
        114,
        115,
        116,
        117,
        118,
        119,
        120,
        121,
        122,
        123,
        124,
        125,
        126,
        127,
        128,
        129,
        130,
        131,
        132,
        133,
        134,
        135,
        136,
        137,
        138,
        139,
        140,
        141,
        142,
        143,
        144,
        145,
        146,
        147,
        148,
        149,
        150,
        151,
        152,
        153,
        154,
        155,
        156,
        157,
        158,
        159,
        160,
        161,
        162,
        163,
        164,
        165,
        166,
        167,
        168,
        169,
        170,
        171,
        172,
        173,
        174
      ]
    ],
    "optimistic_component_count": 1,
    "confirmed_component_count": 140,
    "components_truncated": false,
    "overlap_candidate_count": 203,
    "overlaps": [
      {
        "instances": [
          167,
          159
        ],
        "depths": [
          140.0,
          4.0,
          20.0
        ],
        "status": "stud_zone_overlap_review_connections",
        "body_penetration": null,
        "connection_count": 7
      },
      {
        "instances": [
          169,
          161
        ],
        "depths": [
          140.0,
          4.0,
          20.0
        ],
        "status": "stud_zone_overlap_review_connections",
        "body_penetration": null,
        "connection_count": 7
      },
      {
        "instances": [
          171,
          163
        ],
        "depths": [
          20.0,
          4.0,
          160.0
        ],
        "status": "stud_zone_overlap_review_connections",
        "body_penetration": null,
        "connection_count": 8
      },
      {
        "instances": [
          172,
          164
        ],
        "depths": [
          20.0,
          4.0,
          40.0
        ],
        "status": "stud_zone_overlap_review_connections",
        "body_penetration": null,
        "connection_count": 2
      },
      {
        "instances": [
          0,
          2
        ],
        "depths": [
          40.0,
          4.0,
          40.0
        ],
        "status": "review_oriented_bounds",
        "body_penetration": null,
        "connection_count": 4
      },
      {
        "instances": [
          0,
          3
        ],
        "depths": [
          40.0,
          4.0,
          160.0
        ],
        "status": "review_oriented_bounds",
        "body_penetration": null,
        "connection_count": 16
      },
      {
        "instances": [
          0,
          4
        ],
        "depths": [
          40.0,
          4.0,
          40.0
        ],
        "status": "review_oriented_bounds",
        "body_penetration": null,
        "connection_count": 4
      },
      {
        "instances": [
          0,
          5
        ],
        "depths": [
          80.0,
          4.0,
          40.0
        ],
        "status": "review_oriented_bounds",
        "body_penetration": null,
        "connection_count": 8
      },
      {
        "instances": [
          0,
          6
        ],
        "depths": [
          80.0,
          4.0,
          160.0
        ],
        "status": "review_oriented_bounds",
        "body_penetration": null,
        "connection_count": 32
      },
      {
        "instances": [
          0,
          7
        ],
        "depths": [
          80.0,
          4.0,
          40.0
        ],
        "status": "review_oriented_bounds",
        "body_penetration": null,
        "connection_count": 8
      },
      {
        "instances": [
          2,
          11
        ],
        "depths": [
          40.0,
          4.0,
          20.0
        ],
        "status": "stud_zone_overlap_review_connections",
        "body_penetration": null,
        "connection_count": 2
      },
      {
        "instances": [
          2,
          13
        ],
        "depths": [
          20.0,
          4.0,
          20.0
        ],
        "status": "stud_zone_overlap_review_connections",
        "body_penetration": null,
        "connection_count": 1
      },
      {
        "instances": [
          3,
          15
        ],
        "depths": [
          20.0,
          4.0,
          20.0
        ],
        "status": "stud_zone_overlap_review_connections",
        "body_penetration": null,
        "connection_count": 1
      },
      {
        "instances": [
          3,
          17
        ],
        "depths": [
          20.0,
          4.0,
          20.0
        ],
        "status": "stud_zone_overlap_review_connections",
        "body_penetration": null,
        "connection_count": 1
      },
      {
        "instances": [
          3,
          19
        ],
        "depths": [
          20.0,
          4.0,
          20.0
        ],
        "status": "stud_zone_overlap_review_connections",
        "body_penetration": null,
        "connection_count": 1
      },
      {
        "instances": [
          3,
          21
        ],
        "depths": [
          20.0,
          4.0,
          20.0
        ],
        "status": "stud_zone_overlap_review_connections",
        "body_penetration": null,
        "connection_count": 1
      },
      {
        "instances": [
          3,
          23
        ],
        "depths": [
          20.0,
          4.0,
          20.0
        ],
        "status": "stud_zone_overlap_review_connections",
        "body_penetration": null,
        "connection_count": 1
      },
      {
        "instances": [
          3,
          25
        ],
        "depths": [
          20.0,
          4.0,
          20.0
        ],
        "status": "stud_zone_overlap_review_connections",
        "body_penetration": null,
        "connection_count": 1
      },
      {
        "instances": [
          3,
          27
        ],
        "depths": [
          20.0,
          4.0,
          20.0
        ],
        "status": "stud_zone_overlap_review_connections",
        "body_penetration": null,
        "connection_count": 1
      },
      {
        "instances": [
          3,
          29
        ],
        "depths": [
          20.0,
          4.0,
          20.0
        ],
        "status": "stud_zone_overlap_review_connections",
        "body_penetration": null,
        "connection_count": 1
      },
      {
        "instances": [
          4,
          31
        ],
        "depths": [
          20.0,
          4.0,
          20.0
        ],
        "status": "stud_zone_overlap_review_connections",
        "body_penetration": null,
        "connection_count": 1
      },
      {
        "instances": [
          4,
          33
        ],
        "depths": [
          40.0,
          4.0,
          20.0
        ],
        "status": "stud_zone_overlap_review_connections",
        "body_penetration": null,
        "connection_count": 2
      },
      {
        "instances": [
          11,
          35
        ],
        "depths": [
          80.0,
          4.0,
          20.0
        ],
        "status": "stud_zone_overlap_review_connections",
        "body_penetration": null,
        "connection_count": 4
      },
      {
        "instances": [
          11,
          5
        ],
        "depths": [
          120.0,
          4.0,
          20.0
        ],
        "status": "stud_zone_overlap_review_connections",
        "body_penetration": null,
        "connection_count": 6
      },
      {
        "instances": [
          11,
          139
        ],
        "depths": [
          40.0,
          4.0,
          20.0
        ],
        "status": "review_oriented_bounds",
        "body_penetration": null,
        "connection_count": 2
      },
      {
        "instances": [
          11,
          36
        ],
        "depths": [
          40.0,
          4.0,
          20.0
        ],
        "status": "stud_zone_overlap_review_connections",
        "body_penetration": null,
        "connection_count": 2
      },
      {
        "instances": [
          13,
          37
        ],
        "depths": [
          20.0,
          4.0,
          20.0
        ],
        "status": "stud_zone_overlap_review_connections",
        "body_penetration": null,
        "connection_count": 1
      },
      {
        "instances": [
          15,
          39
        ],
        "depths": [
          20.0,
          4.0,
          20.0
        ],
        "status": "stud_zone_overlap_review_connections",
        "body_penetration": null,
        "connection_count": 1
      },
      {
        "instances": [
          17,
          41
        ],
        "depths": [
          20.0,
          4.0,
          20.0
        ],
        "status": "stud_zone_overlap_review_connections",
        "body_penetration": null,
        "connection_count": 1
      },
      {
        "instances": [
          19,
          43
        ],
        "depths": [
          20.0,
          4.0,
          20.0
        ],
        "status": "stud_zone_overlap_review_connections",
        "body_penetration": null,
        "connection_count": 1
      },
      {
        "instances": [
          21,
          147
        ],
        "depths": [
          20.0,
          4.0,
          20.0
        ],
        "status": "review_oriented_bounds",
        "body_penetration": null,
        "connection_count": 1
      },
      {
        "instances": [
          23,
          147
        ],
        "depths": [
          20.0,
          4.0,
          20.0
        ],
        "status": "review_oriented_bounds",
        "body_penetration": null,
        "connection_count": 1
      },
      {
        "instances": [
          25,
          45
        ],
        "depths": [
          20.0,
          4.0,
          20.0
        ],
        "status": "stud_zone_overlap_review_connections",
        "body_penetration": null,
        "connection_count": 1
      },
      {
        "instances": [
          27,
          47
        ],
        "depths": [
          20.0,
          4.0,
          20.0
        ],
        "status": "stud_zone_overlap_review_connections",
        "body_penetration": null,
        "connection_count": 1
      },
      {
        "instances": [
          29,
          49
        ],
        "depths": [
          20.0,
          4.0,
          20.0
        ],
        "status": "stud_zone_overlap_review_connections",
        "body_penetration": null,
        "connection_count": 1
      },
      {
        "instances": [
          31,
          51
        ],
        "depths": [
          20.0,
          4.0,
          20.0
        ],
        "status": "stud_zone_overlap_review_connections",
        "body_penetration": null,
        "connection_count": 1
      },
      {
        "instances": [
          33,
          53
        ],
        "depths": [
          60.0,
          4.0,
          20.0
        ],
        "status": "stud_zone_overlap_review_connections",
        "body_penetration": null,
        "connection_count": 3
      },
      {
        "instances": [
          33,
          7
        ],
        "depths": [
          120.0,
          4.0,
          20.0
        ],
        "status": "stud_zone_overlap_review_connections",
        "body_penetration": null,
        "connection_count": 6
      },
      {
        "instances": [
          33,
          54
        ],
        "depths": [
          20.0,
          4.0,
          20.0
        ],
        "status": "stud_zone_overlap_review_connections",
        "body_penetration": null,
        "connection_count": 1
      },
      {
        "instances": [
          35,
          55
        ],
        "depths": [
          80.0,
          4.0,
          20.0
        ],
        "status": "stud_zone_overlap_review_connections",
        "body_penetration": null,
        "connection_count": 4
      },
      {
        "instances": [
          37,
          57
        ],
        "depths": [
          20.0,
          4.0,
          20.0
        ],
        "status": "stud_zone_overlap_review_connections",
        "body_penetration": null,
        "connection_count": 1
      },
      {
        "instances": [
          39,
          59
        ],
        "depths": [
          20.0,
          4.0,
          20.0
        ],
        "status": "stud_zone_overlap_review_connections",
        "body_penetration": null,
        "connection_count": 1
      },
      {
        "instances": [
          41,
          61
        ],
        "depths": [
          20.0,
          4.0,
          20.0
        ],
        "status": "stud_zone_overlap_review_connections",
        "body_penetration": null,
        "connection_count": 1
      },
      {
        "instances": [
          43,
          63
        ],
        "depths": [
          20.0,
          4.0,
          20.0
        ],
        "status": "stud_zone_overlap_review_connections",
        "body_penetration": null,
        "connection_count": 1
      },
      {
        "instances": [
          45,
          65
        ],
        "depths": [
          20.0,
          4.0,
          20.0
        ],
        "status": "stud_zone_overlap_review_connections",
        "body_penetration": null,
        "connection_count": 1
      },
      {
        "instances": [
          47,
          67
        ],
        "depths": [
          20.0,
          4.0,
          20.0
        ],
        "status": "stud_zone_overlap_review_connections",
        "body_penetration": null,
        "connection_count": 1
      },
      {
        "instances": [
          49,
          69
        ],
        "depths": [
          20.0,
          4.0,
          20.0
        ],
        "status": "stud_zone_overlap_review_connections",
        "body_penetration": null,
        "connection_count": 1
      },
      {
        "instances": [
          51,
          71
        ],
        "depths": [
          20.0,
          4.0,
          20.0
        ],
        "status": "stud_zone_overlap_review_connections",
        "body_penetration": null,
        "connection_count": 1
      },
      {
        "instances": [
          53,
          73
        ],
        "depths": [
          60.0,
          4.0,
          20.0
        ],
        "status": "stud_zone_overlap_review_connections",
        "body_penetration": null,
        "connection_count": 3
      },
      {
        "instances": [
          55,
          75
        ],
        "depths": [
          80.0,
          4.0,
          20.0
        ],
        "status": "stud_zone_overlap_review_connections",
        "body_penetration": null,
        "connection_count": 4
      },
      {
        "instances": [
          57,
          77
        ],
        "depths": [
          20.0,
          4.0,
          20.0
        ],
        "status": "stud_zone_overlap_review_connections",
        "body_penetration": null,
        "connection_count": 1
      },
      {
        "instances": [
          59,
          79
        ],
        "depths": [
          20.0,
          4.0,
          20.0
        ],
        "status": "stud_zone_overlap_review_connections",
        "body_penetration": null,
        "connection_count": 1
      },
      {
        "instances": [
          61,
          81
        ],
        "depths": [
          20.0,
          4.0,
          20.0
        ],
        "status": "stud_zone_overlap_review_connections",
        "body_penetration": null,
        "connection_count": 1
      },
      {
        "instances": [
          63,
          83
        ],
        "depths": [
          20.0,
          4.0,
          20.0
        ],
        "status": "stud_zone_overlap_review_connections",
        "body_penetration": null,
        "connection_count": 1
      },
      {
        "instances": [
          65,
          85
        ],
        "depths": [
          20.0,
          4.0,
          20.0
        ],
        "status": "stud_zone_overlap_review_connections",
        "body_penetration": null,
        "connection_count": 1
      },
      {
        "instances": [
          67,
          87
        ],
        "depths": [
          20.0,
          4.0,
          20.0
        ],
        "status": "stud_zone_overlap_review_connections",
        "body_penetration": null,
        "connection_count": 1
      },
      {
        "instances": [
          69,
          89
        ],
        "depths": [
          20.0,
          4.0,
          20.0
        ],
        "status": "stud_zone_overlap_review_connections",
        "body_penetration": null,
        "connection_count": 1
      },
      {
        "instances": [
          71,
          91
        ],
        "depths": [
          20.0,
          4.0,
          20.0
        ],
        "status": "stud_zone_overlap_review_connections",
        "body_penetration": null,
        "connection_count": 1
      },
      {
        "instances": [
          73,
          93
        ],
        "depths": [
          60.0,
          4.0,
          20.0
        ],
        "status": "stud_zone_overlap_review_connections",
        "body_penetration": null,
        "connection_count": 3
      },
      {
        "instances": [
          75,
          95
        ],
        "depths": [
          80.0,
          4.0,
          20.0
        ],
        "status": "stud_zone_overlap_review_connections",
        "body_penetration": null,
        "connection_count": 4
      },
      {
        "instances": [
          77,
          97
        ],
        "depths": [
          20.0,
          4.0,
          20.0
        ],
        "status": "stud_zone_overlap_review_connections",
        "body_penetration": null,
        "connection_count": 1
      },
      {
        "instances": [
          79,
          99
        ],
        "depths": [
          20.0,
          4.0,
          20.0
        ],
        "status": "stud_zone_overlap_review_connections",
        "body_penetration": null,
        "connection_count": 1
      },
      {
        "instances": [
          81,
          101
        ],
        "depths": [
          20.0,
          4.0,
          20.0
        ],
        "status": "stud_zone_overlap_review_connections",
        "body_penetration": null,
        "connection_count": 1
      },
      {
        "instances": [
          83,
          103
        ],
        "depths": [
          20.0,
          4.0,
          20.0
        ],
        "status": "stud_zone_overlap_review_connections",
        "body_penetration": null,
        "connection_count": 1
      },
      {
        "instances": [
          85,
          105
        ],
        "depths": [
          20.0,
          4.0,
          20.0
        ],
        "status": "stud_zone_overlap_review_connections",
        "body_penetration": null,
        "connection_count": 1
      },
      {
        "instances": [
          87,
          107
        ],
        "depths": [
          20.0,
          4.0,
          20.0
        ],
        "status": "stud_zone_overlap_review_connections",
        "body_penetration": null,
        "connection_count": 1
      },
      {
        "instances": [
          89,
          109
        ],
        "depths": [
          20.0,
          4.0,
          20.0
        ],
        "status": "stud_zone_overlap_review_connections",
        "body_penetration": null,
        "connection_count": 1
      },
      {
        "instances": [
          91,
          111
        ],
        "depths": [
          20.0,
          4.0,
          20.0
        ],
        "status": "stud_zone_overlap_review_connections",
        "body_penetration": null,
        "connection_count": 1
      },
      {
        "instances": [
          93,
          113
        ],
        "depths": [
          60.0,
          4.0,
          20.0
        ],
        "status": "stud_zone_overlap_review_connections",
        "body_penetration": null,
        "connection_count": 3
      },
      {
        "instances": [
          95,
          115
        ],
        "depths": [
          80.0,
          4.0,
          20.0
        ],
        "status": "stud_zone_overlap_review_connections",
        "body_penetration": null,
        "connection_count": 4
      },
      {
        "instances": [
          97,
          117
        ],
        "depths": [
          20.0,
          4.0,
          20.0
        ],
        "status": "stud_zone_overlap_review_connections",
        "body_penetration": null,
        "connection_count": 1
      },
      {
        "instances": [
          99,
          119
        ],
        "depths": [
          20.0,
          4.0,
          20.0
        ],
        "status": "stud_zone_overlap_review_connections",
        "body_penetration": null,
        "connection_count": 1
      },
      {
        "instances": [
          101,
          121
        ],
        "depths": [
          20.0,
          4.0,
          20.0
        ],
        "status": "stud_zone_overlap_review_connections",
        "body_penetration": null,
        "connection_count": 1
      },
      {
        "instances": [
          103,
          123
        ],
        "depths": [
          20.0,
          4.0,
          20.0
        ],
        "status": "stud_zone_overlap_review_connections",
        "body_penetration": null,
        "connection_count": 1
      },
      {
        "instances": [
          105,
          129
        ],
        "depths": [
          20.0,
          4.0,
          20.0
        ],
        "status": "stud_zone_overlap_review_connections",
        "body_penetration": null,
        "connection_count": 1
      },
      {
        "instances": [
          107,
          131
        ],
        "depths": [
          20.0,
          4.0,
          20.0
        ],
        "status": "stud_zone_overlap_review_connections",
        "body_penetration": null,
        "connection_count": 1
      },
      {
        "instances": [
          109,
          133
        ],
        "depths": [
          20.0,
          4.0,
          20.0
        ],
        "status": "stud_zone_overlap_review_connections",
        "body_penetration": null,
        "connection_count": 1
      },
      {
        "instances": [
          111,
          135
        ],
        "depths": [
          20.0,
          4.0,
          20.0
        ],
        "status": "stud_zone_overlap_review_connections",
        "body_penetration": null,
        "connection_count": 1
      },
      {
        "instances": [
          113,
          137
        ],
        "depths": [
          60.0,
          4.0,
          20.0
        ],
        "status": "stud_zone_overlap_review_connections",
        "body_penetration": null,
        "connection_count": 3
      },
      {
        "instances": [
          115,
          151
        ],
        "depths": [
          160.0,
          4.0,
          20.0
        ],
        "status": "stud_zone_overlap_review_connections",
        "body_penetration": null,
        "connection_count": 8
      },
      {
        "instances": [
          115,
          141
        ],
        "depths": [
          40.0,
          4.0,
          20.0
        ],
        "status": "review_oriented_bounds",
        "body_penetration": null,
        "connection_count": 2
      },
      {
        "instances": [
          115,
          96
        ],
        "depths": [
          40.0,
          4.0,
          20.0
        ],
        "status": "stud_zone_overlap_review_connections",
        "body_penetration": null,
        "connection_count": 2
      },
      {
        "instances": [
          117,
          155
        ],
        "depths": [
          20.0,
          4.0,
          20.0
        ],
        "status": "stud_zone_overlap_review_connections",
        "body_penetration": null,
        "connection_count": 1
      },
      {
        "instances": [
          119,
          155
        ],
        "depths": [
          20.0,
          4.0,
          20.0
        ],
        "status": "stud_zone_overlap_review_connections",
        "body_penetration": null,
        "connection_count": 1
      },
      {
        "instances": [
          121,
          155
        ],
        "depths": [
          20.0,
          4.0,
          20.0
        ],
        "status": "stud_zone_overlap_review_connections",
        "body_penetration": null,
        "connection_count": 1
      },
      {
        "instances": [
          123,
          155
        ],
        "depths": [
          20.0,
          4.0,
          20.0
        ],
        "status": "stud_zone_overlap_review_connections",
        "body_penetration": null,
        "connection_count": 1
      },
      {
        "instances": [
          125,
          149
        ],
        "depths": [
          20.0,
          4.0,
          20.0
        ],
        "status": "review_oriented_bounds",
        "body_penetration": null,
        "connection_count": 1
      },
      {
        "instances": [
          125,
          155
        ],
        "depths": [
          20.0,
          4.0,
          20.0
        ],
        "status": "stud_zone_overlap_review_connections",
        "body_penetration": null,
        "connection_count": 1
      },
      {
        "instances": [
          127,
          149
        ],
        "depths": [
          20.0,
          4.0,
          20.0
        ],
        "status": "review_oriented_bounds",
        "body_penetration": null,
        "connection_count": 1
      },
      {
        "instances": [
          127,
          155
        ],
        "depths": [
          20.0,
          4.0,
          20.0
        ],
        "status": "stud_zone_overlap_review_connections",
        "body_penetration": null,
        "connection_count": 1
      },
      {
        "instances": [
          129,
          155
        ],
        "depths": [
          20.0,
          4.0,
          20.0
        ],
        "status": "stud_zone_overlap_review_connections",
        "body_penetration": null,
        "connection_count": 1
      },
      {
        "instances": [
          131,
          155
        ],
        "depths": [
          20.0,
          4.0,
          20.0
        ],
        "status": "stud_zone_overlap_review_connections",
        "body_penetration": null,
        "connection_count": 1
      },
      {
        "instances": [
          133,
          156
        ],
        "depths": [
          20.0,
          4.0,
          20.0
        ],
        "status": "stud_zone_overlap_review_connections",
        "body_penetration": null,
        "connection_count": 1
      },
      {
        "instances": [
          135,
          156
        ],
        "depths": [
          20.0,
          4.0,
          20.0
        ],
        "status": "stud_zone_overlap_review_connections",
        "body_penetration": null,
        "connection_count": 1
      },
      {
        "instances": [
          137,
          153
        ],
        "depths": [
          60.0,
          4.0,
          20.0
        ],
        "status": "stud_zone_overlap_review_connections",
        "body_penetration": null,
        "connection_count": 3
      },
      {
        "instances": [
          147,
          149
        ],
        "depths": [
          20.0,
          4.0,
          40.0
        ],
        "status": "review_oriented_bounds",
        "body_penetration": null,
        "connection_count": 2
      },
      {
        "instances": [
          147,
          148
        ],
        "depths": [
          4.0,
          39.0,
          33.0
        ],
        "status": "review_oriented_bounds",
        "body_penetration": null,
        "connection_count": 1
      },
      {
        "instances": [
          149,
          150
        ],
        "depths": [
          4.0,
          39.0,
          33.0
        ],
        "status": "review_oriented_bounds",
        "body_penetration": null,
        "connection_count": 1
      },
      {
        "instances": [
          151,
          159
        ],
        "depths": [
          160.0,
          4.0,
          20.0
        ],
        "status": "stud_zone_overlap_review_connections",
        "body_penetration": null,
        "connection_count": 8
      },
      {
        "instances": [
          153,
          161
        ],
        "depths": [
          160.0,
          4.0,
          20.0
        ],
        "status": "stud_zone_overlap_review_connections",
        "body_penetration": null,
        "connection_count": 8
      },
      {
        "instances": [
          153,
          138
        ],
        "depths": [
          20.0,
          4.0,
          20.0
        ],
        "status": "stud_zone_overlap_review_connections",
        "body_penetration": null,
        "connection_count": 1
      },
      {
        "instances": [
          155,
          163
        ],
        "depths": [
          20.0,
          4.0,
          160.0
        ],
        "status": "stud_zone_overlap_review_connections",
        "body_penetration": null,
        "connection_count": 8
      },
      {
        "instances": [
          156,
          164
        ],
        "depths": [
          20.0,
          4.0,
          40.0
        ],
        "status": "stud_zone_overlap_review_connections",
        "body_penetration": null,
        "connection_count": 2
      },
      {
        "instances": [
          159,
          168
        ],
        "depths": [
          20.0,
          4.0,
          20.0
        ],
        "status": "stud_zone_overlap_review_connections",
        "body_penetration": null,
        "connection_count": 1
      },
      {
        "instances": [
          161,
          170
        ],
        "depths": [
          20.0,
          4.0,
          20.0
        ],
        "status": "stud_zone_overlap_review_connections",
        "body_penetration": null,
        "connection_count": 1
      },
      {
        "instances": [
          5,
          1
        ],
        "depths": [
          40.0,
          4.0,
          40.0
        ],
        "status": "review_oriented_bounds",
        "body_penetration": null,
        "connection_count": 4
      },
      {
        "instances": [
          6,
          1
        ],
        "depths": [
          40.0,
          4.0,
          160.0
        ],
        "status": "review_oriented_bounds",
        "body_penetration": null,
        "connection_count": 16
      },
      {
        "instances": [
          7,
          1
        ],
        "depths": [
          40.0,
          4.0,
          40.0
        ],
        "status": "review_oriented_bounds",
        "body_penetration": null,
        "connection_count": 4
      },
      {
        "instances": [
          139,
          141
        ],
        "depths": [
          40.0,
          4.0,
          20.0
        ],
        "status": "review_oriented_bounds",
        "body_penetration": null,
        "connection_count": 2
      },
      {
        "instances": [
          139,
          140
        ],
        "depths": [
          33.0,
          39.0,
          4.0
        ],
        "status": "review_oriented_bounds",
        "body_penetration": null,
        "connection_count": 1
      },
      {
        "instances": [
          141,
          142
        ],
        "depths": [
          33.0,
          39.0,
          4.0
        ],
        "status": "review_oriented_bounds",
        "body_penetration": null,
        "connection_count": 1
      },
      {
        "instances": [
          1,
          8
        ],
        "depths": [
          40.0,
          4.0,
          40.0
        ],
        "status": "review_oriented_bounds",
        "body_penetration": null,
        "connection_count": 4
      },
      {
        "instances": [
          1,
          9
        ],
        "depths": [
          40.0,
          4.0,
          160.0
        ],
        "status": "review_oriented_bounds",
        "body_penetration": null,
        "connection_count": 16
      },
      {
        "instances": [
          1,
          10
        ],
        "depths": [
          40.0,
          4.0,
          40.0
        ],
        "status": "review_oriented_bounds",
        "body_penetration": null,
        "connection_count": 4
      },
      {
        "instances": [
          36,
          56
        ],
        "depths": [
          80.0,
          4.0,
          20.0
        ],
        "status": "stud_zone_overlap_review_connections",
        "body_penetration": null,
        "connection_count": 4
      },
      {
        "instances": [
          36,
          12
        ],
        "depths": [
          40.0,
          4.0,
          20.0
        ],
        "status": "stud_zone_overlap_review_connections",
        "body_penetration": null,
        "connection_count": 2
      },
      {
        "instances": [
          56,
          76
        ],
        "depths": [
          80.0,
          4.0,
          20.0
        ],
        "status": "stud_zone_overlap_review_connections",
        "body_penetration": null,
        "connection_count": 4
      },
      {
        "instances": [
          76,
          96
        ],
        "depths": [
          80.0,
          4.0,
          20.0
        ],
        "status": "stud_zone_overlap_review_connections",
        "body_penetration": null,
        "connection_count": 4
      },
      {
        "instances": [
          96,
          116
        ],
        "depths": [
          40.0,
          4.0,
          20.0
        ],
        "status": "stud_zone_overlap_review_connections",
        "body_penetration": null,
        "connection_count": 2
      },
      {
        "instances": [
          54,
          74
        ],
        "depths": [
          60.0,
          4.0,
          20.0
        ],
        "status": "stud_zone_overlap_review_connections",
        "body_penetration": null,
        "connection_count": 3
      },
      {
        "instances": [
          54,
          34
        ],
        "depths": [
          40.0,
          4.0,
          20.0
        ],
        "status": "stud_zone_overlap_review_connections",
        "body_penetration": null,
        "connection_count": 2
      },
      {
        "instances": [
          74,
          94
        ],
        "depths": [
          60.0,
          4.0,
          20.0
        ],
        "status": "stud_zone_overlap_review_connections",
        "body_penetration": null,
        "connection_count": 3
      },
      {
        "instances": [
          94,
          114
        ],
        "depths": [
          60.0,
          4.0,
          20.0
        ],
        "status": "stud_zone_overlap_review_connections",
        "body_penetration": null,
        "connection_count": 3
      },
      {
        "instances": [
          114,
          138
        ],
        "depths": [
          60.0,
          4.0,
          20.0
        ],
        "status": "stud_zone_overlap_review_connections",
        "body_penetration": null,
        "connection_count": 3
      },
      {
        "instances": [
          138,
          154
        ],
        "depths": [
          40.0,
          4.0,
          20.0
        ],
        "status": "stud_zone_overlap_review_connections",
        "body_penetration": null,
        "connection_count": 2
      },
      {
        "instances": [
          168,
          160
        ],
        "depths": [
          40.0,
          4.0,
          20.0
        ],
        "status": "stud_zone_overlap_review_connections",
        "body_penetration": null,
        "connection_count": 2
      },
      {
        "instances": [
          170,
          162
        ],
        "depths": [
          40.0,
          4.0,
          20.0
        ],
        "status": "stud_zone_overlap_review_connections",
        "body_penetration": null,
        "connection_count": 2
      },
      {
        "instances": [
          8,
          12
        ],
        "depths": [
          40.0,
          4.0,
          20.0
        ],
        "status": "stud_zone_overlap_review_connections",
        "body_penetration": null,
        "connection_count": 2
      },
      {
        "instances": [
          8,
          14
        ],
        "depths": [
          20.0,
          4.0,
          20.0
        ],
        "status": "stud_zone_overlap_review_connections",
        "body_penetration": null,
        "connection_count": 1
      },
      {
        "instances": [
          9,
          16
        ],
        "depths": [
          20.0,
          4.0,
          20.0
        ],
        "status": "stud_zone_overlap_review_connections",
        "body_penetration": null,
        "connection_count": 1
      },
      {
        "instances": [
          9,
          18
        ],
        "depths": [
          20.0,
          4.0,
          20.0
        ],
        "status": "stud_zone_overlap_review_connections",
        "body_penetration": null,
        "connection_count": 1
      },
      {
        "instances": [
          9,
          20
        ],
        "depths": [
          20.0,
          4.0,
          20.0
        ],
        "status": "stud_zone_overlap_review_connections",
        "body_penetration": null,
        "connection_count": 1
      },
      {
        "instances": [
          9,
          22
        ],
        "depths": [
          20.0,
          4.0,
          20.0
        ],
        "status": "stud_zone_overlap_review_connections",
        "body_penetration": null,
        "connection_count": 1
      },
      {
        "instances": [
          9,
          24
        ],
        "depths": [
          20.0,
          4.0,
          20.0
        ],
        "status": "stud_zone_overlap_review_connections",
        "body_penetration": null,
        "connection_count": 1
      },
      {
        "instances": [
          9,
          26
        ],
        "depths": [
          20.0,
          4.0,
          20.0
        ],
        "status": "stud_zone_overlap_review_connections",
        "body_penetration": null,
        "connection_count": 1
      },
      {
        "instances": [
          9,
          28
        ],
        "depths": [
          20.0,
          4.0,
          20.0
        ],
        "status": "stud_zone_overlap_review_connections",
        "body_penetration": null,
        "connection_count": 1
      },
      {
        "instances": [
          9,
          30
        ],
        "depths": [
          20.0,
          4.0,
          20.0
        ],
        "status": "stud_zone_overlap_review_connections",
        "body_penetration": null,
        "connection_count": 1
      },
      {
        "instances": [
          10,
          34
        ],
        "depths": [
          40.0,
          4.0,
          20.0
        ],
        "status": "stud_zone_overlap_review_connections",
        "body_penetration": null,
        "connection_count": 2
      },
      {
        "instances": [
          10,
          32
        ],
        "depths": [
          20.0,
          4.0,
          20.0
        ],
        "status": "stud_zone_overlap_review_connections",
        "body_penetration": null,
        "connection_count": 1
      },
      {
        "instances": [
          116,
          152
        ],
        "depths": [
          40.0,
          4.0,
          20.0
        ],
        "status": "stud_zone_overlap_review_connections",
        "body_penetration": null,
        "connection_count": 2
      },
      {
        "instances": [
          152,
          160
        ],
        "depths": [
          40.0,
          4.0,
          20.0
        ],
        "status": "stud_zone_overlap_review_connections",
        "body_penetration": null,
        "connection_count": 2
      },
      {
        "instances": [
          154,
          162
        ],
        "depths": [
          40.0,
          4.0,
          20.0
        ],
        "status": "stud_zone_overlap_review_connections",
        "body_penetration": null,
        "connection_count": 2
      },
      {
        "instances": [
          14,
          38
        ],
        "depths": [
          20.0,
          4.0,
          20.0
        ],
        "status": "stud_zone_overlap_review_connections",
        "body_penetration": null,
        "connection_count": 1
      },
      {
        "instances": [
          16,
          40
        ],
        "depths": [
          20.0,
          4.0,
          20.0
        ],
        "status": "stud_zone_overlap_review_connections",
        "body_penetration": null,
        "connection_count": 1
      },
      {
        "instances": [
          18,
          42
        ],
        "depths": [
          20.0,
          4.0,
          20.0
        ],
        "status": "stud_zone_overlap_review_connections",
        "body_penetration": null,
        "connection_count": 1
      },
      {
        "instances": [
          20,
          44
        ],
        "depths": [
          20.0,
          4.0,
          20.0
        ],
        "status": "stud_zone_overlap_review_connections",
        "body_penetration": null,
        "connection_count": 1
      },
      {
        "instances": [
          22,
          143
        ],
        "depths": [
          20.0,
          4.0,
          20.0
        ],
        "status": "review_oriented_bounds",
        "body_penetration": null,
        "connection_count": 1
      },
      {
        "instances": [
          24,
          143
        ],
        "depths": [
          20.0,
          4.0,
          20.0
        ],
        "status": "review_oriented_bounds",
        "body_penetration": null,
        "connection_count": 1
      },
      {
        "instances": [
          26,
          46
        ],
        "depths": [
          20.0,
          4.0,
          20.0
        ],
        "status": "stud_zone_overlap_review_connections",
        "body_penetration": null,
        "connection_count": 1
      },
      {
        "instances": [
          28,
          48
        ],
        "depths": [
          20.0,
          4.0,
          20.0
        ],
        "status": "stud_zone_overlap_review_connections",
        "body_penetration": null,
        "connection_count": 1
      },
      {
        "instances": [
          30,
          50
        ],
        "depths": [
          20.0,
          4.0,
          20.0
        ],
        "status": "stud_zone_overlap_review_connections",
        "body_penetration": null,
        "connection_count": 1
      },
      {
        "instances": [
          32,
          52
        ],
        "depths": [
          20.0,
          4.0,
          20.0
        ],
        "status": "stud_zone_overlap_review_connections",
        "body_penetration": null,
        "connection_count": 1
      },
      {
        "instances": [
          38,
          58
        ],
        "depths": [
          20.0,
          4.0,
          20.0
        ],
        "status": "stud_zone_overlap_review_connections",
        "body_penetration": null,
        "connection_count": 1
      },
      {
        "instances": [
          40,
          60
        ],
        "depths": [
          20.0,
          4.0,
          20.0
        ],
        "status": "stud_zone_overlap_review_connections",
        "body_penetration": null,
        "connection_count": 1
      },
      {
        "instances": [
          42,
          62
        ],
        "depths": [
          20.0,
          4.0,
          20.0
        ],
        "status": "stud_zone_overlap_review_connections",
        "body_penetration": null,
        "connection_count": 1
      },
      {
        "instances": [
          44,
          64
        ],
        "depths": [
          20.0,
          4.0,
          20.0
        ],
        "status": "stud_zone_overlap_review_connections",
        "body_penetration": null,
        "connection_count": 1
      },
      {
        "instances": [
          46,
          66
        ],
        "depths": [
          20.0,
          4.0,
          20.0
        ],
        "status": "stud_zone_overlap_review_connections",
        "body_penetration": null,
        "connection_count": 1
      },
      {
        "instances": [
          48,
          68
        ],
        "depths": [
          20.0,
          4.0,
          20.0
        ],
        "status": "stud_zone_overlap_review_connections",
        "body_penetration": null,
        "connection_count": 1
      },
      {
        "instances": [
          50,
          70
        ],
        "depths": [
          20.0,
          4.0,
          20.0
        ],
        "status": "stud_zone_overlap_review_connections",
        "body_penetration": null,
        "connection_count": 1
      },
      {
        "instances": [
          52,
          72
        ],
        "depths": [
          20.0,
          4.0,
          20.0
        ],
        "status": "stud_zone_overlap_review_connections",
        "body_penetration": null,
        "connection_count": 1
      },
      {
        "instances": [
          58,
          78
        ],
        "depths": [
          20.0,
          4.0,
          20.0
        ],
        "status": "stud_zone_overlap_review_connections",
        "body_penetration": null,
        "connection_count": 1
      },
      {
        "instances": [
          60,
          80
        ],
        "depths": [
          20.0,
          4.0,
          20.0
        ],
        "status": "stud_zone_overlap_review_connections",
        "body_penetration": null,
        "connection_count": 1
      },
      {
        "instances": [
          62,
          82
        ],
        "depths": [
          20.0,
          4.0,
          20.0
        ],
        "status": "stud_zone_overlap_review_connections",
        "body_penetration": null,
        "connection_count": 1
      },
      {
        "instances": [
          64,
          84
        ],
        "depths": [
          20.0,
          4.0,
          20.0
        ],
        "status": "stud_zone_overlap_review_connections",
        "body_penetration": null,
        "connection_count": 1
      },
      {
        "instances": [
          66,
          86
        ],
        "depths": [
          20.0,
          4.0,
          20.0
        ],
        "status": "stud_zone_overlap_review_connections",
        "body_penetration": null,
        "connection_count": 1
      },
      {
        "instances": [
          68,
          88
        ],
        "depths": [
          20.0,
          4.0,
          20.0
        ],
        "status": "stud_zone_overlap_review_connections",
        "body_penetration": null,
        "connection_count": 1
      },
      {
        "instances": [
          70,
          90
        ],
        "depths": [
          20.0,
          4.0,
          20.0
        ],
        "status": "stud_zone_overlap_review_connections",
        "body_penetration": null,
        "connection_count": 1
      },
      {
        "instances": [
          72,
          92
        ],
        "depths": [
          20.0,
          4.0,
          20.0
        ],
        "status": "stud_zone_overlap_review_connections",
        "body_penetration": null,
        "connection_count": 1
      },
      {
        "instances": [
          78,
          98
        ],
        "depths": [
          20.0,
          4.0,
          20.0
        ],
        "status": "stud_zone_overlap_review_connections",
        "body_penetration": null,
        "connection_count": 1
      },
      {
        "instances": [
          80,
          100
        ],
        "depths": [
          20.0,
          4.0,
          20.0
        ],
        "status": "stud_zone_overlap_review_connections",
        "body_penetration": null,
        "connection_count": 1
      },
      {
        "instances": [
          82,
          102
        ],
        "depths": [
          20.0,
          4.0,
          20.0
        ],
        "status": "stud_zone_overlap_review_connections",
        "body_penetration": null,
        "connection_count": 1
      },
      {
        "instances": [
          84,
          104
        ],
        "depths": [
          20.0,
          4.0,
          20.0
        ],
        "status": "stud_zone_overlap_review_connections",
        "body_penetration": null,
        "connection_count": 1
      },
      {
        "instances": [
          86,
          106
        ],
        "depths": [
          20.0,
          4.0,
          20.0
        ],
        "status": "stud_zone_overlap_review_connections",
        "body_penetration": null,
        "connection_count": 1
      },
      {
        "instances": [
          88,
          108
        ],
        "depths": [
          20.0,
          4.0,
          20.0
        ],
        "status": "stud_zone_overlap_review_connections",
        "body_penetration": null,
        "connection_count": 1
      },
      {
        "instances": [
          90,
          110
        ],
        "depths": [
          20.0,
          4.0,
          20.0
        ],
        "status": "stud_zone_overlap_review_connections",
        "body_penetration": null,
        "connection_count": 1
      },
      {
        "instances": [
          92,
          112
        ],
        "depths": [
          20.0,
          4.0,
          20.0
        ],
        "status": "stud_zone_overlap_review_connections",
        "body_penetration": null,
        "connection_count": 1
      },
      {
        "instances": [
          98,
          118
        ],
        "depths": [
          20.0,
          4.0,
          20.0
        ],
        "status": "stud_zone_overlap_review_connections",
        "body_penetration": null,
        "connection_count": 1
      },
      {
        "instances": [
          100,
          120
        ],
        "depths": [
          20.0,
          4.0,
          20.0
        ],
        "status": "stud_zone_overlap_review_connections",
        "body_penetration": null,
        "connection_count": 1
      },
      {
        "instances": [
          102,
          122
        ],
        "depths": [
          20.0,
          4.0,
          20.0
        ],
        "status": "stud_zone_overlap_review_connections",
        "body_penetration": null,
        "connection_count": 1
      },
      {
        "instances": [
          104,
          124
        ],
        "depths": [
          20.0,
          4.0,
          20.0
        ],
        "status": "stud_zone_overlap_review_connections",
        "body_penetration": null,
        "connection_count": 1
      },
      {
        "instances": [
          106,
          130
        ],
        "depths": [
          20.0,
          4.0,
          20.0
        ],
        "status": "stud_zone_overlap_review_connections",
        "body_penetration": null,
        "connection_count": 1
      },
      {
        "instances": [
          108,
          132
        ],
        "depths": [
          20.0,
          4.0,
          20.0
        ],
        "status": "stud_zone_overlap_review_connections",
        "body_penetration": null,
        "connection_count": 1
      },
      {
        "instances": [
          110,
          134
        ],
        "depths": [
          20.0,
          4.0,
          20.0
        ],
        "status": "stud_zone_overlap_review_connections",
        "body_penetration": null,
        "connection_count": 1
      },
      {
        "instances": [
          112,
          136
        ],
        "depths": [
          20.0,
          4.0,
          20.0
        ],
        "status": "stud_zone_overlap_review_connections",
        "body_penetration": null,
        "connection_count": 1
      },
      {
        "instances": [
          118,
          157
        ],
        "depths": [
          20.0,
          4.0,
          20.0
        ],
        "status": "stud_zone_overlap_review_connections",
        "body_penetration": null,
        "connection_count": 1
      },
      {
        "instances": [
          120,
          157
        ],
        "depths": [
          20.0,
          4.0,
          20.0
        ],
        "status": "stud_zone_overlap_review_connections",
        "body_penetration": null,
        "connection_count": 1
      },
      {
        "instances": [
          122,
          157
        ],
        "depths": [
          20.0,
          4.0,
          20.0
        ],
        "status": "stud_zone_overlap_review_connections",
        "body_penetration": null,
        "connection_count": 1
      },
      {
        "instances": [
          124,
          157
        ],
        "depths": [
          20.0,
          4.0,
          20.0
        ],
        "status": "stud_zone_overlap_review_connections",
        "body_penetration": null,
        "connection_count": 1
      },
      {
        "instances": [
          126,
          145
        ],
        "depths": [
          20.0,
          4.0,
          20.0
        ],
        "status": "review_oriented_bounds",
        "body_penetration": null,
        "connection_count": 1
      },
      {
        "instances": [
          126,
          157
        ],
        "depths": [
          20.0,
          4.0,
          20.0
        ],
        "status": "stud_zone_overlap_review_connections",
        "body_penetration": null,
        "connection_count": 1
      },
      {
        "instances": [
          128,
          145
        ],
        "depths": [
          20.0,
          4.0,
          20.0
        ],
        "status": "review_oriented_bounds",
        "body_penetration": null,
        "connection_count": 1
      },
      {
        "instances": [
          128,
          157
        ],
        "depths": [
          20.0,
          4.0,
          20.0
        ],
        "status": "stud_zone_overlap_review_connections",
        "body_penetration": null,
        "connection_count": 1
      },
      {
        "instances": [
          130,
          157
        ],
        "depths": [
          20.0,
          4.0,
          20.0
        ],
        "status": "stud_zone_overlap_review_connections",
        "body_penetration": null,
        "connection_count": 1
      },
      {
        "instances": [
          132,
          157
        ],
        "depths": [
          20.0,
          4.0,
          20.0
        ],
        "status": "stud_zone_overlap_review_connections",
        "body_penetration": null,
        "connection_count": 1
      },
      {
        "instances": [
          134,
          158
        ],
        "depths": [
          20.0,
          4.0,
          20.0
        ],
        "status": "stud_zone_overlap_review_connections",
        "body_penetration": null,
        "connection_count": 1
      },
      {
        "instances": [
          136,
          158
        ],
        "depths": [
          20.0,
          4.0,
          20.0
        ],
        "status": "stud_zone_overlap_review_connections",
        "body_penetration": null,
        "connection_count": 1
      },
      {
        "instances": [
          143,
          145
        ],
        "depths": [
          20.0,
          4.0,
          40.0
        ],
        "status": "review_oriented_bounds",
        "body_penetration": null,
        "connection_count": 2
      },
      {
        "instances": [
          143,
          144
        ],
        "depths": [
          4.0,
          39.0,
          33.0
        ],
        "status": "review_oriented_bounds",
        "body_penetration": null,
        "connection_count": 1
      },
      {
        "instances": [
          145,
          146
        ],
        "depths": [
          4.0,
          39.0,
          33.0
        ],
        "status": "review_oriented_bounds",
        "body_penetration": null,
        "connection_count": 1
      },
      {
        "instances": [
          157,
          165
        ],
        "depths": [
          20.0,
          4.0,
          160.0
        ],
        "status": "stud_zone_overlap_review_connections",
        "body_penetration": null,
        "connection_count": 8
      },
      {
        "instances": [
          158,
          166
        ],
        "depths": [
          20.0,
          4.0,
          40.0
        ],
        "status": "stud_zone_overlap_review_connections",
        "body_penetration": null,
        "connection_count": 2
      },
      {
        "instances": [
          165,
          173
        ],
        "depths": [
          20.0,
          4.0,
          160.0
        ],
        "status": "stud_zone_overlap_review_connections",
        "body_penetration": null,
        "connection_count": 8
      },
      {
        "instances": [
          166,
          174
        ],
        "depths": [
          20.0,
          4.0,
          40.0
        ],
        "status": "stud_zone_overlap_review_connections",
        "body_penetration": null,
        "connection_count": 2
      }
    ],
    "overlaps_truncated": false,
    "diagnostics": [
      {
        "code": "coverage.collision_review",
        "severity": "warning",
        "message": "Some parts lack rectangular body checks; oriented bounds refine candidates, while remaining overlaps require material review.",
        "line_number": null,
        "section": null
      }
    ],
    "limitations": [
      "AABB candidates do not prove collisions; stud/socket bounding boxes normally overlap.",
      "Connector matches, including 'confirmed', are computational evidence, not buildability certification.",
      "No material intersection, clutch strength, stability, legal connection stress, or real colour availability proof."
    ]
  }
}
