{
  "file": "output/tidal-observatory.mpd",
  "section": "tidal-lantern.ldr",
  "profile": "syntax",
  "checks_passed": true,
  "physical_validity": "not_proven",
  "diagnostics": [
    {
      "code": "assembly.disconnected_evidence",
      "severity": "warning",
      "message": "Connection analysis finds multiple groups. Investigate floating parts, missing connector metadata, or intentional separate objects.",
      "line_number": null,
      "section": null,
      "component_count": 5
    },
    {
      "code": "coverage.collision_review",
      "severity": "warning",
      "message": "Some parts lack rectangular body checks; oriented bounds refine candidates, while remaining overlaps require material review.",
      "line_number": null,
      "section": null
    }
  ],
  "geometry": {
    "complete": true,
    "connection_coverage": {
      "complete": 93,
      "partial": 0,
      "none": 0
    },
    "collision_method": "AABB broad phase, oriented bounds separation, curated rectangular body SAT",
    "physical_validity": "not_proven",
    "bounds": {
      "min": [
        -80.0,
        -156.0,
        -80.0
      ],
      "max": [
        80.0,
        16.0,
        80.0
      ]
    },
    "occurrence_count": 93,
    "detail": "full",
    "instance_offset": 0,
    "instances": [
      {
        "index": 0,
        "part": "3036.dat",
        "description": "Plate 6 x 8",
        "colour": {
          "code": 72,
          "name": null,
          "rgb": null,
          "alpha": null,
          "colour_attributes": null
        },
        "position": [
          0.0,
          8.0,
          -20.0
        ],
        "matrix": [
          [
            1.0,
            0.0,
            0.0
          ],
          [
            0.0,
            1.0,
            0.0
          ],
          [
            0.0,
            0.0,
            1.0
          ]
        ],
        "bounds": {
          "min": [
            -80.0,
            4.0,
            -80.0
          ],
          "max": [
            80.0,
            16.0,
            40.0
          ]
        },
        "section": "tidal-lantern.ldr",
        "line_number": 2795,
        "source_path": [
          null,
          2795
        ],
        "step": 1,
        "body_profile": true,
        "connector_count": 96,
        "placement_path": [
          0,
          0
        ],
        "connection_metadata": {
          "coverage": "complete",
          "source_count": 3,
          "recognized_record_count": 2,
          "unsupported_record_count": 0,
          "invalid_record_count": 0,
          "diagnostics": []
        }
      },
      {
        "index": 1,
        "part": "3034.dat",
        "description": "Plate 2 x 8",
        "colour": {
          "code": 72,
          "name": null,
          "rgb": null,
          "alpha": null,
          "colour_attributes": null
        },
        "position": [
          0.0,
          8.0,
          60.0
        ],
        "matrix": [
          [
            1.0,
            0.0,
            0.0
          ],
          [
            0.0,
            1.0,
            0.0
          ],
          [
            0.0,
            0.0,
            1.0
          ]
        ],
        "bounds": {
          "min": [
            -80.0,
            4.0,
            40.0
          ],
          "max": [
            80.0,
            16.0,
            80.0
          ]
        },
        "section": "tidal-lantern.ldr",
        "line_number": 2797,
        "source_path": [
          null,
          2797
        ],
        "step": 1,
        "body_profile": true,
        "connector_count": 32,
        "placement_path": [
          0,
          1
        ],
        "connection_metadata": {
          "coverage": "complete",
          "source_count": 3,
          "recognized_record_count": 2,
          "unsupported_record_count": 0,
          "invalid_record_count": 0,
          "diagnostics": []
        }
      },
      {
        "index": 2,
        "part": "3036.dat",
        "description": "Plate 6 x 8",
        "colour": {
          "code": 320,
          "name": null,
          "rgb": null,
          "alpha": null,
          "colour_attributes": null
        },
        "position": [
          0.0,
          0.0,
          -20.0
        ],
        "matrix": [
          [
            1.0,
            0.0,
            0.0
          ],
          [
            0.0,
            1.0,
            0.0
          ],
          [
            0.0,
            0.0,
            1.0
          ]
        ],
        "bounds": {
          "min": [
            -80.0,
            -4.0,
            -80.0
          ],
          "max": [
            80.0,
            8.0,
            40.0
          ]
        },
        "section": "tidal-lantern.ldr",
        "line_number": 2800,
        "source_path": [
          null,
          2800
        ],
        "step": 1,
        "body_profile": true,
        "connector_count": 96,
        "placement_path": [
          0,
          2
        ],
        "connection_metadata": {
          "coverage": "complete",
          "source_count": 3,
          "recognized_record_count": 2,
          "unsupported_record_count": 0,
          "invalid_record_count": 0,
          "diagnostics": []
        }
      },
      {
        "index": 3,
        "part": "3034.dat",
        "description": "Plate 2 x 8",
        "colour": {
          "code": 320,
          "name": null,
          "rgb": null,
          "alpha": null,
          "colour_attributes": null
        },
        "position": [
          0.0,
          0.0,
          60.0
        ],
        "matrix": [
          [
            1.0,
            0.0,
            0.0
          ],
          [
            0.0,
            1.0,
            0.0
          ],
          [
            0.0,
            0.0,
            1.0
          ]
        ],
        "bounds": {
          "min": [
            -80.0,
            -4.0,
            40.0
          ],
          "max": [
            80.0,
            8.0,
            80.0
          ]
        },
        "section": "tidal-lantern.ldr",
        "line_number": 2802,
        "source_path": [
          null,
          2802
        ],
        "step": 1,
        "body_profile": true,
        "connector_count": 32,
        "placement_path": [
          0,
          3
        ],
        "connection_metadata": {
          "coverage": "complete",
          "source_count": 3,
          "recognized_record_count": 2,
          "unsupported_record_count": 0,
          "invalid_record_count": 0,
          "diagnostics": []
        }
      },
      {
        "index": 4,
        "part": "3005.dat",
        "description": "Brick 1 x 1",
        "colour": {
          "code": 0,
          "name": null,
          "rgb": null,
          "alpha": null,
          "colour_attributes": null
        },
        "position": [
          -70.0,
          -24.0,
          -70.0
        ],
        "matrix": [
          [
            1.0,
            0.0,
            0.0
          ],
          [
            0.0,
            1.0,
            0.0
          ],
          [
            0.0,
            0.0,
            1.0
          ]
        ],
        "bounds": {
          "min": [
            -80.0,
            -28.0,
            -80.0
          ],
          "max": [
            -60.0,
            0.0,
            -60.0
          ]
        },
        "section": "tidal-lantern.ldr",
        "line_number": 2805,
        "source_path": [
          null,
          2805
        ],
        "step": 1,
        "body_profile": true,
        "connector_count": 2,
        "placement_path": [
          0,
          4
        ],
        "connection_metadata": {
          "coverage": "complete",
          "source_count": 2,
          "recognized_record_count": 2,
          "unsupported_record_count": 0,
          "invalid_record_count": 0,
          "diagnostics": []
        }
      },
      {
        "index": 5,
        "part": "3005.dat",
        "description": "Brick 1 x 1",
        "colour": {
          "code": 0,
          "name": null,
          "rgb": null,
          "alpha": null,
          "colour_attributes": null
        },
        "position": [
          -70.0,
          -24.0,
          70.0
        ],
        "matrix": [
          [
            1.0,
            0.0,
            0.0
          ],
          [
            0.0,
            1.0,
            0.0
          ],
          [
            0.0,
            0.0,
            1.0
          ]
        ],
        "bounds": {
          "min": [
            -80.0,
            -28.0,
            60.0
          ],
          "max": [
            -60.0,
            0.0,
            80.0
          ]
        },
        "section": "tidal-lantern.ldr",
        "line_number": 2807,
        "source_path": [
          null,
          2807
        ],
        "step": 1,
        "body_profile": true,
        "connector_count": 2,
        "placement_path": [
          0,
          5
        ],
        "connection_metadata": {
          "coverage": "complete",
          "source_count": 2,
          "recognized_record_count": 2,
          "unsupported_record_count": 0,
          "invalid_record_count": 0,
          "diagnostics": []
        }
      },
      {
        "index": 6,
        "part": "3005.dat",
        "description": "Brick 1 x 1",
        "colour": {
          "code": 0,
          "name": null,
          "rgb": null,
          "alpha": null,
          "colour_attributes": null
        },
        "position": [
          70.0,
          -24.0,
          -70.0
        ],
        "matrix": [
          [
            1.0,
            0.0,
            0.0
          ],
          [
            0.0,
            1.0,
            0.0
          ],
          [
            0.0,
            0.0,
            1.0
          ]
        ],
        "bounds": {
          "min": [
            60.0,
            -28.0,
            -80.0
          ],
          "max": [
            80.0,
            0.0,
            -60.0
          ]
        },
        "section": "tidal-lantern.ldr",
        "line_number": 2809,
        "source_path": [
          null,
          2809
        ],
        "step": 1,
        "body_profile": true,
        "connector_count": 2,
        "placement_path": [
          0,
          6
        ],
        "connection_metadata": {
          "coverage": "complete",
          "source_count": 2,
          "recognized_record_count": 2,
          "unsupported_record_count": 0,
          "invalid_record_count": 0,
          "diagnostics": []
        }
      },
      {
        "index": 7,
        "part": "3005.dat",
        "description": "Brick 1 x 1",
        "colour": {
          "code": 0,
          "name": null,
          "rgb": null,
          "alpha": null,
          "colour_attributes": null
        },
        "position": [
          70.0,
          -24.0,
          70.0
        ],
        "matrix": [
          [
            1.0,
            0.0,
            0.0
          ],
          [
            0.0,
            1.0,
            0.0
          ],
          [
            0.0,
            0.0,
            1.0
          ]
        ],
        "bounds": {
          "min": [
            60.0,
            -28.0,
            60.0
          ],
          "max": [
            80.0,
            0.0,
            80.0
          ]
        },
        "section": "tidal-lantern.ldr",
        "line_number": 2811,
        "source_path": [
          null,
          2811
        ],
        "step": 1,
        "body_profile": true,
        "connector_count": 2,
        "placement_path": [
          0,
          7
        ],
        "connection_metadata": {
          "coverage": "complete",
          "source_count": 2,
          "recognized_record_count": 2,
          "unsupported_record_count": 0,
          "invalid_record_count": 0,
          "diagnostics": []
        }
      },
      {
        "index": 8,
        "part": "3005.dat",
        "description": "Brick 1 x 1",
        "colour": {
          "code": 0,
          "name": null,
          "rgb": null,
          "alpha": null,
          "colour_attributes": null
        },
        "position": [
          -50.0,
          -24.0,
          -70.0
        ],
        "matrix": [
          [
            1.0,
            0.0,
            0.0
          ],
          [
            0.0,
            1.0,
            0.0
          ],
          [
            0.0,
            0.0,
            1.0
          ]
        ],
        "bounds": {
          "min": [
            -60.0,
            -28.0,
            -80.0
          ],
          "max": [
            -40.0,
            0.0,
            -60.0
          ]
        },
        "section": "tidal-lantern.ldr",
        "line_number": 2814,
        "source_path": [
          null,
          2814
        ],
        "step": 1,
        "body_profile": true,
        "connector_count": 2,
        "placement_path": [
          0,
          8
        ],
        "connection_metadata": {
          "coverage": "complete",
          "source_count": 2,
          "recognized_record_count": 2,
          "unsupported_record_count": 0,
          "invalid_record_count": 0,
          "diagnostics": []
        }
      },
      {
        "index": 9,
        "part": "3005.dat",
        "description": "Brick 1 x 1",
        "colour": {
          "code": 0,
          "name": null,
          "rgb": null,
          "alpha": null,
          "colour_attributes": null
        },
        "position": [
          50.0,
          -24.0,
          -70.0
        ],
        "matrix": [
          [
            1.0,
            0.0,
            0.0
          ],
          [
            0.0,
            1.0,
            0.0
          ],
          [
            0.0,
            0.0,
            1.0
          ]
        ],
        "bounds": {
          "min": [
            40.0,
            -28.0,
            -80.0
          ],
          "max": [
            60.0,
            0.0,
            -60.0
          ]
        },
        "section": "tidal-lantern.ldr",
        "line_number": 2816,
        "source_path": [
          null,
          2816
        ],
        "step": 1,
        "body_profile": true,
        "connector_count": 2,
        "placement_path": [
          0,
          9
        ],
        "connection_metadata": {
          "coverage": "complete",
          "source_count": 2,
          "recognized_record_count": 2,
          "unsupported_record_count": 0,
          "invalid_record_count": 0,
          "diagnostics": []
        }
      },
      {
        "index": 10,
        "part": "3005.dat",
        "description": "Brick 1 x 1",
        "colour": {
          "code": 0,
          "name": null,
          "rgb": null,
          "alpha": null,
          "colour_attributes": null
        },
        "position": [
          -50.0,
          -24.0,
          70.0
        ],
        "matrix": [
          [
            1.0,
            0.0,
            0.0
          ],
          [
            0.0,
            1.0,
            0.0
          ],
          [
            0.0,
            0.0,
            1.0
          ]
        ],
        "bounds": {
          "min": [
            -60.0,
            -28.0,
            60.0
          ],
          "max": [
            -40.0,
            0.0,
            80.0
          ]
        },
        "section": "tidal-lantern.ldr",
        "line_number": 2818,
        "source_path": [
          null,
          2818
        ],
        "step": 1,
        "body_profile": true,
        "connector_count": 2,
        "placement_path": [
          0,
          10
        ],
        "connection_metadata": {
          "coverage": "complete",
          "source_count": 2,
          "recognized_record_count": 2,
          "unsupported_record_count": 0,
          "invalid_record_count": 0,
          "diagnostics": []
        }
      },
      {
        "index": 11,
        "part": "3005.dat",
        "description": "Brick 1 x 1",
        "colour": {
          "code": 0,
          "name": null,
          "rgb": null,
          "alpha": null,
          "colour_attributes": null
        },
        "position": [
          50.0,
          -24.0,
          70.0
        ],
        "matrix": [
          [
            1.0,
            0.0,
            0.0
          ],
          [
            0.0,
            1.0,
            0.0
          ],
          [
            0.0,
            0.0,
            1.0
          ]
        ],
        "bounds": {
          "min": [
            40.0,
            -28.0,
            60.0
          ],
          "max": [
            60.0,
            0.0,
            80.0
          ]
        },
        "section": "tidal-lantern.ldr",
        "line_number": 2820,
        "source_path": [
          null,
          2820
        ],
        "step": 1,
        "body_profile": true,
        "connector_count": 2,
        "placement_path": [
          0,
          11
        ],
        "connection_metadata": {
          "coverage": "complete",
          "source_count": 2,
          "recognized_record_count": 2,
          "unsupported_record_count": 0,
          "invalid_record_count": 0,
          "diagnostics": []
        }
      },
      {
        "index": 12,
        "part": "3005.dat",
        "description": "Brick 1 x 1",
        "colour": {
          "code": 0,
          "name": null,
          "rgb": null,
          "alpha": null,
          "colour_attributes": null
        },
        "position": [
          -70.0,
          -24.0,
          -50.0
        ],
        "matrix": [
          [
            1.0,
            0.0,
            0.0
          ],
          [
            0.0,
            1.0,
            0.0
          ],
          [
            0.0,
            0.0,
            1.0
          ]
        ],
        "bounds": {
          "min": [
            -80.0,
            -28.0,
            -60.0
          ],
          "max": [
            -60.0,
            0.0,
            -40.0
          ]
        },
        "section": "tidal-lantern.ldr",
        "line_number": 2822,
        "source_path": [
          null,
          2822
        ],
        "step": 1,
        "body_profile": true,
        "connector_count": 2,
        "placement_path": [
          0,
          12
        ],
        "connection_metadata": {
          "coverage": "complete",
          "source_count": 2,
          "recognized_record_count": 2,
          "unsupported_record_count": 0,
          "invalid_record_count": 0,
          "diagnostics": []
        }
      },
      {
        "index": 13,
        "part": "3005.dat",
        "description": "Brick 1 x 1",
        "colour": {
          "code": 0,
          "name": null,
          "rgb": null,
          "alpha": null,
          "colour_attributes": null
        },
        "position": [
          -70.0,
          -24.0,
          50.0
        ],
        "matrix": [
          [
            1.0,
            0.0,
            0.0
          ],
          [
            0.0,
            1.0,
            0.0
          ],
          [
            0.0,
            0.0,
            1.0
          ]
        ],
        "bounds": {
          "min": [
            -80.0,
            -28.0,
            40.0
          ],
          "max": [
            -60.0,
            0.0,
            60.0
          ]
        },
        "section": "tidal-lantern.ldr",
        "line_number": 2824,
        "source_path": [
          null,
          2824
        ],
        "step": 1,
        "body_profile": true,
        "connector_count": 2,
        "placement_path": [
          0,
          13
        ],
        "connection_metadata": {
          "coverage": "complete",
          "source_count": 2,
          "recognized_record_count": 2,
          "unsupported_record_count": 0,
          "invalid_record_count": 0,
          "diagnostics": []
        }
      },
      {
        "index": 14,
        "part": "3005.dat",
        "description": "Brick 1 x 1",
        "colour": {
          "code": 0,
          "name": null,
          "rgb": null,
          "alpha": null,
          "colour_attributes": null
        },
        "position": [
          70.0,
          -24.0,
          -50.0
        ],
        "matrix": [
          [
            1.0,
            0.0,
            0.0
          ],
          [
            0.0,
            1.0,
            0.0
          ],
          [
            0.0,
            0.0,
            1.0
          ]
        ],
        "bounds": {
          "min": [
            60.0,
            -28.0,
            -60.0
          ],
          "max": [
            80.0,
            0.0,
            -40.0
          ]
        },
        "section": "tidal-lantern.ldr",
        "line_number": 2826,
        "source_path": [
          null,
          2826
        ],
        "step": 1,
        "body_profile": true,
        "connector_count": 2,
        "placement_path": [
          0,
          14
        ],
        "connection_metadata": {
          "coverage": "complete",
          "source_count": 2,
          "recognized_record_count": 2,
          "unsupported_record_count": 0,
          "invalid_record_count": 0,
          "diagnostics": []
        }
      },
      {
        "index": 15,
        "part": "3005.dat",
        "description": "Brick 1 x 1",
        "colour": {
          "code": 0,
          "name": null,
          "rgb": null,
          "alpha": null,
          "colour_attributes": null
        },
        "position": [
          70.0,
          -24.0,
          50.0
        ],
        "matrix": [
          [
            1.0,
            0.0,
            0.0
          ],
          [
            0.0,
            1.0,
            0.0
          ],
          [
            0.0,
            0.0,
            1.0
          ]
        ],
        "bounds": {
          "min": [
            60.0,
            -28.0,
            40.0
          ],
          "max": [
            80.0,
            0.0,
            60.0
          ]
        },
        "section": "tidal-lantern.ldr",
        "line_number": 2828,
        "source_path": [
          null,
          2828
        ],
        "step": 1,
        "body_profile": true,
        "connector_count": 2,
        "placement_path": [
          0,
          15
        ],
        "connection_metadata": {
          "coverage": "complete",
          "source_count": 2,
          "recognized_record_count": 2,
          "unsupported_record_count": 0,
          "invalid_record_count": 0,
          "diagnostics": []
        }
      },
      {
        "index": 16,
        "part": "3005.dat",
        "description": "Brick 1 x 1",
        "colour": {
          "code": 0,
          "name": null,
          "rgb": null,
          "alpha": null,
          "colour_attributes": null
        },
        "position": [
          -70.0,
          -48.0,
          -70.0
        ],
        "matrix": [
          [
            1.0,
            0.0,
            0.0
          ],
          [
            0.0,
            1.0,
            0.0
          ],
          [
            0.0,
            0.0,
            1.0
          ]
        ],
        "bounds": {
          "min": [
            -80.0,
            -52.0,
            -80.0
          ],
          "max": [
            -60.0,
            -24.0,
            -60.0
          ]
        },
        "section": "tidal-lantern.ldr",
        "line_number": 2831,
        "source_path": [
          null,
          2831
        ],
        "step": 1,
        "body_profile": true,
        "connector_count": 2,
        "placement_path": [
          0,
          16
        ],
        "connection_metadata": {
          "coverage": "complete",
          "source_count": 2,
          "recognized_record_count": 2,
          "unsupported_record_count": 0,
          "invalid_record_count": 0,
          "diagnostics": []
        }
      },
      {
        "index": 17,
        "part": "3005.dat",
        "description": "Brick 1 x 1",
        "colour": {
          "code": 0,
          "name": null,
          "rgb": null,
          "alpha": null,
          "colour_attributes": null
        },
        "position": [
          -70.0,
          -48.0,
          70.0
        ],
        "matrix": [
          [
            1.0,
            0.0,
            0.0
          ],
          [
            0.0,
            1.0,
            0.0
          ],
          [
            0.0,
            0.0,
            1.0
          ]
        ],
        "bounds": {
          "min": [
            -80.0,
            -52.0,
            60.0
          ],
          "max": [
            -60.0,
            -24.0,
            80.0
          ]
        },
        "section": "tidal-lantern.ldr",
        "line_number": 2833,
        "source_path": [
          null,
          2833
        ],
        "step": 1,
        "body_profile": true,
        "connector_count": 2,
        "placement_path": [
          0,
          17
        ],
        "connection_metadata": {
          "coverage": "complete",
          "source_count": 2,
          "recognized_record_count": 2,
          "unsupported_record_count": 0,
          "invalid_record_count": 0,
          "diagnostics": []
        }
      },
      {
        "index": 18,
        "part": "3005.dat",
        "description": "Brick 1 x 1",
        "colour": {
          "code": 0,
          "name": null,
          "rgb": null,
          "alpha": null,
          "colour_attributes": null
        },
        "position": [
          70.0,
          -48.0,
          -70.0
        ],
        "matrix": [
          [
            1.0,
            0.0,
            0.0
          ],
          [
            0.0,
            1.0,
            0.0
          ],
          [
            0.0,
            0.0,
            1.0
          ]
        ],
        "bounds": {
          "min": [
            60.0,
            -52.0,
            -80.0
          ],
          "max": [
            80.0,
            -24.0,
            -60.0
          ]
        },
        "section": "tidal-lantern.ldr",
        "line_number": 2835,
        "source_path": [
          null,
          2835
        ],
        "step": 1,
        "body_profile": true,
        "connector_count": 2,
        "placement_path": [
          0,
          18
        ],
        "connection_metadata": {
          "coverage": "complete",
          "source_count": 2,
          "recognized_record_count": 2,
          "unsupported_record_count": 0,
          "invalid_record_count": 0,
          "diagnostics": []
        }
      },
      {
        "index": 19,
        "part": "3005.dat",
        "description": "Brick 1 x 1",
        "colour": {
          "code": 0,
          "name": null,
          "rgb": null,
          "alpha": null,
          "colour_attributes": null
        },
        "position": [
          70.0,
          -48.0,
          70.0
        ],
        "matrix": [
          [
            1.0,
            0.0,
            0.0
          ],
          [
            0.0,
            1.0,
            0.0
          ],
          [
            0.0,
            0.0,
            1.0
          ]
        ],
        "bounds": {
          "min": [
            60.0,
            -52.0,
            60.0
          ],
          "max": [
            80.0,
            -24.0,
            80.0
          ]
        },
        "section": "tidal-lantern.ldr",
        "line_number": 2837,
        "source_path": [
          null,
          2837
        ],
        "step": 1,
        "body_profile": true,
        "connector_count": 2,
        "placement_path": [
          0,
          19
        ],
        "connection_metadata": {
          "coverage": "complete",
          "source_count": 2,
          "recognized_record_count": 2,
          "unsupported_record_count": 0,
          "invalid_record_count": 0,
          "diagnostics": []
        }
      },
      {
        "index": 20,
        "part": "3005.dat",
        "description": "Brick 1 x 1",
        "colour": {
          "code": 0,
          "name": null,
          "rgb": null,
          "alpha": null,
          "colour_attributes": null
        },
        "position": [
          -50.0,
          -48.0,
          -70.0
        ],
        "matrix": [
          [
            1.0,
            0.0,
            0.0
          ],
          [
            0.0,
            1.0,
            0.0
          ],
          [
            0.0,
            0.0,
            1.0
          ]
        ],
        "bounds": {
          "min": [
            -60.0,
            -52.0,
            -80.0
          ],
          "max": [
            -40.0,
            -24.0,
            -60.0
          ]
        },
        "section": "tidal-lantern.ldr",
        "line_number": 2840,
        "source_path": [
          null,
          2840
        ],
        "step": 1,
        "body_profile": true,
        "connector_count": 2,
        "placement_path": [
          0,
          20
        ],
        "connection_metadata": {
          "coverage": "complete",
          "source_count": 2,
          "recognized_record_count": 2,
          "unsupported_record_count": 0,
          "invalid_record_count": 0,
          "diagnostics": []
        }
      },
      {
        "index": 21,
        "part": "3005.dat",
        "description": "Brick 1 x 1",
        "colour": {
          "code": 0,
          "name": null,
          "rgb": null,
          "alpha": null,
          "colour_attributes": null
        },
        "position": [
          50.0,
          -48.0,
          -70.0
        ],
        "matrix": [
          [
            1.0,
            0.0,
            0.0
          ],
          [
            0.0,
            1.0,
            0.0
          ],
          [
            0.0,
            0.0,
            1.0
          ]
        ],
        "bounds": {
          "min": [
            40.0,
            -52.0,
            -80.0
          ],
          "max": [
            60.0,
            -24.0,
            -60.0
          ]
        },
        "section": "tidal-lantern.ldr",
        "line_number": 2842,
        "source_path": [
          null,
          2842
        ],
        "step": 1,
        "body_profile": true,
        "connector_count": 2,
        "placement_path": [
          0,
          21
        ],
        "connection_metadata": {
          "coverage": "complete",
          "source_count": 2,
          "recognized_record_count": 2,
          "unsupported_record_count": 0,
          "invalid_record_count": 0,
          "diagnostics": []
        }
      },
      {
        "index": 22,
        "part": "3005.dat",
        "description": "Brick 1 x 1",
        "colour": {
          "code": 0,
          "name": null,
          "rgb": null,
          "alpha": null,
          "colour_attributes": null
        },
        "position": [
          -50.0,
          -48.0,
          70.0
        ],
        "matrix": [
          [
            1.0,
            0.0,
            0.0
          ],
          [
            0.0,
            1.0,
            0.0
          ],
          [
            0.0,
            0.0,
            1.0
          ]
        ],
        "bounds": {
          "min": [
            -60.0,
            -52.0,
            60.0
          ],
          "max": [
            -40.0,
            -24.0,
            80.0
          ]
        },
        "section": "tidal-lantern.ldr",
        "line_number": 2844,
        "source_path": [
          null,
          2844
        ],
        "step": 1,
        "body_profile": true,
        "connector_count": 2,
        "placement_path": [
          0,
          22
        ],
        "connection_metadata": {
          "coverage": "complete",
          "source_count": 2,
          "recognized_record_count": 2,
          "unsupported_record_count": 0,
          "invalid_record_count": 0,
          "diagnostics": []
        }
      },
      {
        "index": 23,
        "part": "3005.dat",
        "description": "Brick 1 x 1",
        "colour": {
          "code": 0,
          "name": null,
          "rgb": null,
          "alpha": null,
          "colour_attributes": null
        },
        "position": [
          50.0,
          -48.0,
          70.0
        ],
        "matrix": [
          [
            1.0,
            0.0,
            0.0
          ],
          [
            0.0,
            1.0,
            0.0
          ],
          [
            0.0,
            0.0,
            1.0
          ]
        ],
        "bounds": {
          "min": [
            40.0,
            -52.0,
            60.0
          ],
          "max": [
            60.0,
            -24.0,
            80.0
          ]
        },
        "section": "tidal-lantern.ldr",
        "line_number": 2846,
        "source_path": [
          null,
          2846
        ],
        "step": 1,
        "body_profile": true,
        "connector_count": 2,
        "placement_path": [
          0,
          23
        ],
        "connection_metadata": {
          "coverage": "complete",
          "source_count": 2,
          "recognized_record_count": 2,
          "unsupported_record_count": 0,
          "invalid_record_count": 0,
          "diagnostics": []
        }
      },
      {
        "index": 24,
        "part": "3005.dat",
        "description": "Brick 1 x 1",
        "colour": {
          "code": 0,
          "name": null,
          "rgb": null,
          "alpha": null,
          "colour_attributes": null
        },
        "position": [
          -70.0,
          -48.0,
          -50.0
        ],
        "matrix": [
          [
            1.0,
            0.0,
            0.0
          ],
          [
            0.0,
            1.0,
            0.0
          ],
          [
            0.0,
            0.0,
            1.0
          ]
        ],
        "bounds": {
          "min": [
            -80.0,
            -52.0,
            -60.0
          ],
          "max": [
            -60.0,
            -24.0,
            -40.0
          ]
        },
        "section": "tidal-lantern.ldr",
        "line_number": 2848,
        "source_path": [
          null,
          2848
        ],
        "step": 1,
        "body_profile": true,
        "connector_count": 2,
        "placement_path": [
          0,
          24
        ],
        "connection_metadata": {
          "coverage": "complete",
          "source_count": 2,
          "recognized_record_count": 2,
          "unsupported_record_count": 0,
          "invalid_record_count": 0,
          "diagnostics": []
        }
      },
      {
        "index": 25,
        "part": "3005.dat",
        "description": "Brick 1 x 1",
        "colour": {
          "code": 0,
          "name": null,
          "rgb": null,
          "alpha": null,
          "colour_attributes": null
        },
        "position": [
          -70.0,
          -48.0,
          50.0
        ],
        "matrix": [
          [
            1.0,
            0.0,
            0.0
          ],
          [
            0.0,
            1.0,
            0.0
          ],
          [
            0.0,
            0.0,
            1.0
          ]
        ],
        "bounds": {
          "min": [
            -80.0,
            -52.0,
            40.0
          ],
          "max": [
            -60.0,
            -24.0,
            60.0
          ]
        },
        "section": "tidal-lantern.ldr",
        "line_number": 2850,
        "source_path": [
          null,
          2850
        ],
        "step": 1,
        "body_profile": true,
        "connector_count": 2,
        "placement_path": [
          0,
          25
        ],
        "connection_metadata": {
          "coverage": "complete",
          "source_count": 2,
          "recognized_record_count": 2,
          "unsupported_record_count": 0,
          "invalid_record_count": 0,
          "diagnostics": []
        }
      },
      {
        "index": 26,
        "part": "3005.dat",
        "description": "Brick 1 x 1",
        "colour": {
          "code": 0,
          "name": null,
          "rgb": null,
          "alpha": null,
          "colour_attributes": null
        },
        "position": [
          70.0,
          -48.0,
          -50.0
        ],
        "matrix": [
          [
            1.0,
            0.0,
            0.0
          ],
          [
            0.0,
            1.0,
            0.0
          ],
          [
            0.0,
            0.0,
            1.0
          ]
        ],
        "bounds": {
          "min": [
            60.0,
            -52.0,
            -60.0
          ],
          "max": [
            80.0,
            -24.0,
            -40.0
          ]
        },
        "section": "tidal-lantern.ldr",
        "line_number": 2852,
        "source_path": [
          null,
          2852
        ],
        "step": 1,
        "body_profile": true,
        "connector_count": 2,
        "placement_path": [
          0,
          26
        ],
        "connection_metadata": {
          "coverage": "complete",
          "source_count": 2,
          "recognized_record_count": 2,
          "unsupported_record_count": 0,
          "invalid_record_count": 0,
          "diagnostics": []
        }
      },
      {
        "index": 27,
        "part": "3005.dat",
        "description": "Brick 1 x 1",
        "colour": {
          "code": 0,
          "name": null,
          "rgb": null,
          "alpha": null,
          "colour_attributes": null
        },
        "position": [
          70.0,
          -48.0,
          50.0
        ],
        "matrix": [
          [
            1.0,
            0.0,
            0.0
          ],
          [
            0.0,
            1.0,
            0.0
          ],
          [
            0.0,
            0.0,
            1.0
          ]
        ],
        "bounds": {
          "min": [
            60.0,
            -52.0,
            40.0
          ],
          "max": [
            80.0,
            -24.0,
            60.0
          ]
        },
        "section": "tidal-lantern.ldr",
        "line_number": 2854,
        "source_path": [
          null,
          2854
        ],
        "step": 1,
        "body_profile": true,
        "connector_count": 2,
        "placement_path": [
          0,
          27
        ],
        "connection_metadata": {
          "coverage": "complete",
          "source_count": 2,
          "recognized_record_count": 2,
          "unsupported_record_count": 0,
          "invalid_record_count": 0,
          "diagnostics": []
        }
      },
      {
        "index": 28,
        "part": "3005.dat",
        "description": "Brick 1 x 1",
        "colour": {
          "code": 0,
          "name": null,
          "rgb": null,
          "alpha": null,
          "colour_attributes": null
        },
        "position": [
          -70.0,
          -72.0,
          -70.0
        ],
        "matrix": [
          [
            1.0,
            0.0,
            0.0
          ],
          [
            0.0,
            1.0,
            0.0
          ],
          [
            0.0,
            0.0,
            1.0
          ]
        ],
        "bounds": {
          "min": [
            -80.0,
            -76.0,
            -80.0
          ],
          "max": [
            -60.0,
            -48.0,
            -60.0
          ]
        },
        "section": "tidal-lantern.ldr",
        "line_number": 2857,
        "source_path": [
          null,
          2857
        ],
        "step": 1,
        "body_profile": true,
        "connector_count": 2,
        "placement_path": [
          0,
          28
        ],
        "connection_metadata": {
          "coverage": "complete",
          "source_count": 2,
          "recognized_record_count": 2,
          "unsupported_record_count": 0,
          "invalid_record_count": 0,
          "diagnostics": []
        }
      },
      {
        "index": 29,
        "part": "3005.dat",
        "description": "Brick 1 x 1",
        "colour": {
          "code": 0,
          "name": null,
          "rgb": null,
          "alpha": null,
          "colour_attributes": null
        },
        "position": [
          -70.0,
          -72.0,
          70.0
        ],
        "matrix": [
          [
            1.0,
            0.0,
            0.0
          ],
          [
            0.0,
            1.0,
            0.0
          ],
          [
            0.0,
            0.0,
            1.0
          ]
        ],
        "bounds": {
          "min": [
            -80.0,
            -76.0,
            60.0
          ],
          "max": [
            -60.0,
            -48.0,
            80.0
          ]
        },
        "section": "tidal-lantern.ldr",
        "line_number": 2859,
        "source_path": [
          null,
          2859
        ],
        "step": 1,
        "body_profile": true,
        "connector_count": 2,
        "placement_path": [
          0,
          29
        ],
        "connection_metadata": {
          "coverage": "complete",
          "source_count": 2,
          "recognized_record_count": 2,
          "unsupported_record_count": 0,
          "invalid_record_count": 0,
          "diagnostics": []
        }
      },
      {
        "index": 30,
        "part": "3005.dat",
        "description": "Brick 1 x 1",
        "colour": {
          "code": 0,
          "name": null,
          "rgb": null,
          "alpha": null,
          "colour_attributes": null
        },
        "position": [
          70.0,
          -72.0,
          -70.0
        ],
        "matrix": [
          [
            1.0,
            0.0,
            0.0
          ],
          [
            0.0,
            1.0,
            0.0
          ],
          [
            0.0,
            0.0,
            1.0
          ]
        ],
        "bounds": {
          "min": [
            60.0,
            -76.0,
            -80.0
          ],
          "max": [
            80.0,
            -48.0,
            -60.0
          ]
        },
        "section": "tidal-lantern.ldr",
        "line_number": 2861,
        "source_path": [
          null,
          2861
        ],
        "step": 1,
        "body_profile": true,
        "connector_count": 2,
        "placement_path": [
          0,
          30
        ],
        "connection_metadata": {
          "coverage": "complete",
          "source_count": 2,
          "recognized_record_count": 2,
          "unsupported_record_count": 0,
          "invalid_record_count": 0,
          "diagnostics": []
        }
      },
      {
        "index": 31,
        "part": "3005.dat",
        "description": "Brick 1 x 1",
        "colour": {
          "code": 0,
          "name": null,
          "rgb": null,
          "alpha": null,
          "colour_attributes": null
        },
        "position": [
          70.0,
          -72.0,
          70.0
        ],
        "matrix": [
          [
            1.0,
            0.0,
            0.0
          ],
          [
            0.0,
            1.0,
            0.0
          ],
          [
            0.0,
            0.0,
            1.0
          ]
        ],
        "bounds": {
          "min": [
            60.0,
            -76.0,
            60.0
          ],
          "max": [
            80.0,
            -48.0,
            80.0
          ]
        },
        "section": "tidal-lantern.ldr",
        "line_number": 2863,
        "source_path": [
          null,
          2863
        ],
        "step": 1,
        "body_profile": true,
        "connector_count": 2,
        "placement_path": [
          0,
          31
        ],
        "connection_metadata": {
          "coverage": "complete",
          "source_count": 2,
          "recognized_record_count": 2,
          "unsupported_record_count": 0,
          "invalid_record_count": 0,
          "diagnostics": []
        }
      },
      {
        "index": 32,
        "part": "3005.dat",
        "description": "Brick 1 x 1",
        "colour": {
          "code": 0,
          "name": null,
          "rgb": null,
          "alpha": null,
          "colour_attributes": null
        },
        "position": [
          -50.0,
          -72.0,
          -70.0
        ],
        "matrix": [
          [
            1.0,
            0.0,
            0.0
          ],
          [
            0.0,
            1.0,
            0.0
          ],
          [
            0.0,
            0.0,
            1.0
          ]
        ],
        "bounds": {
          "min": [
            -60.0,
            -76.0,
            -80.0
          ],
          "max": [
            -40.0,
            -48.0,
            -60.0
          ]
        },
        "section": "tidal-lantern.ldr",
        "line_number": 2866,
        "source_path": [
          null,
          2866
        ],
        "step": 1,
        "body_profile": true,
        "connector_count": 2,
        "placement_path": [
          0,
          32
        ],
        "connection_metadata": {
          "coverage": "complete",
          "source_count": 2,
          "recognized_record_count": 2,
          "unsupported_record_count": 0,
          "invalid_record_count": 0,
          "diagnostics": []
        }
      },
      {
        "index": 33,
        "part": "3005.dat",
        "description": "Brick 1 x 1",
        "colour": {
          "code": 0,
          "name": null,
          "rgb": null,
          "alpha": null,
          "colour_attributes": null
        },
        "position": [
          50.0,
          -72.0,
          -70.0
        ],
        "matrix": [
          [
            1.0,
            0.0,
            0.0
          ],
          [
            0.0,
            1.0,
            0.0
          ],
          [
            0.0,
            0.0,
            1.0
          ]
        ],
        "bounds": {
          "min": [
            40.0,
            -76.0,
            -80.0
          ],
          "max": [
            60.0,
            -48.0,
            -60.0
          ]
        },
        "section": "tidal-lantern.ldr",
        "line_number": 2868,
        "source_path": [
          null,
          2868
        ],
        "step": 1,
        "body_profile": true,
        "connector_count": 2,
        "placement_path": [
          0,
          33
        ],
        "connection_metadata": {
          "coverage": "complete",
          "source_count": 2,
          "recognized_record_count": 2,
          "unsupported_record_count": 0,
          "invalid_record_count": 0,
          "diagnostics": []
        }
      },
      {
        "index": 34,
        "part": "3005.dat",
        "description": "Brick 1 x 1",
        "colour": {
          "code": 0,
          "name": null,
          "rgb": null,
          "alpha": null,
          "colour_attributes": null
        },
        "position": [
          -50.0,
          -72.0,
          70.0
        ],
        "matrix": [
          [
            1.0,
            0.0,
            0.0
          ],
          [
            0.0,
            1.0,
            0.0
          ],
          [
            0.0,
            0.0,
            1.0
          ]
        ],
        "bounds": {
          "min": [
            -60.0,
            -76.0,
            60.0
          ],
          "max": [
            -40.0,
            -48.0,
            80.0
          ]
        },
        "section": "tidal-lantern.ldr",
        "line_number": 2870,
        "source_path": [
          null,
          2870
        ],
        "step": 1,
        "body_profile": true,
        "connector_count": 2,
        "placement_path": [
          0,
          34
        ],
        "connection_metadata": {
          "coverage": "complete",
          "source_count": 2,
          "recognized_record_count": 2,
          "unsupported_record_count": 0,
          "invalid_record_count": 0,
          "diagnostics": []
        }
      },
      {
        "index": 35,
        "part": "3005.dat",
        "description": "Brick 1 x 1",
        "colour": {
          "code": 0,
          "name": null,
          "rgb": null,
          "alpha": null,
          "colour_attributes": null
        },
        "position": [
          50.0,
          -72.0,
          70.0
        ],
        "matrix": [
          [
            1.0,
            0.0,
            0.0
          ],
          [
            0.0,
            1.0,
            0.0
          ],
          [
            0.0,
            0.0,
            1.0
          ]
        ],
        "bounds": {
          "min": [
            40.0,
            -76.0,
            60.0
          ],
          "max": [
            60.0,
            -48.0,
            80.0
          ]
        },
        "section": "tidal-lantern.ldr",
        "line_number": 2872,
        "source_path": [
          null,
          2872
        ],
        "step": 1,
        "body_profile": true,
        "connector_count": 2,
        "placement_path": [
          0,
          35
        ],
        "connection_metadata": {
          "coverage": "complete",
          "source_count": 2,
          "recognized_record_count": 2,
          "unsupported_record_count": 0,
          "invalid_record_count": 0,
          "diagnostics": []
        }
      },
      {
        "index": 36,
        "part": "3005.dat",
        "description": "Brick 1 x 1",
        "colour": {
          "code": 0,
          "name": null,
          "rgb": null,
          "alpha": null,
          "colour_attributes": null
        },
        "position": [
          -70.0,
          -72.0,
          -50.0
        ],
        "matrix": [
          [
            1.0,
            0.0,
            0.0
          ],
          [
            0.0,
            1.0,
            0.0
          ],
          [
            0.0,
            0.0,
            1.0
          ]
        ],
        "bounds": {
          "min": [
            -80.0,
            -76.0,
            -60.0
          ],
          "max": [
            -60.0,
            -48.0,
            -40.0
          ]
        },
        "section": "tidal-lantern.ldr",
        "line_number": 2874,
        "source_path": [
          null,
          2874
        ],
        "step": 1,
        "body_profile": true,
        "connector_count": 2,
        "placement_path": [
          0,
          36
        ],
        "connection_metadata": {
          "coverage": "complete",
          "source_count": 2,
          "recognized_record_count": 2,
          "unsupported_record_count": 0,
          "invalid_record_count": 0,
          "diagnostics": []
        }
      },
      {
        "index": 37,
        "part": "3005.dat",
        "description": "Brick 1 x 1",
        "colour": {
          "code": 0,
          "name": null,
          "rgb": null,
          "alpha": null,
          "colour_attributes": null
        },
        "position": [
          -70.0,
          -72.0,
          50.0
        ],
        "matrix": [
          [
            1.0,
            0.0,
            0.0
          ],
          [
            0.0,
            1.0,
            0.0
          ],
          [
            0.0,
            0.0,
            1.0
          ]
        ],
        "bounds": {
          "min": [
            -80.0,
            -76.0,
            40.0
          ],
          "max": [
            -60.0,
            -48.0,
            60.0
          ]
        },
        "section": "tidal-lantern.ldr",
        "line_number": 2876,
        "source_path": [
          null,
          2876
        ],
        "step": 1,
        "body_profile": true,
        "connector_count": 2,
        "placement_path": [
          0,
          37
        ],
        "connection_metadata": {
          "coverage": "complete",
          "source_count": 2,
          "recognized_record_count": 2,
          "unsupported_record_count": 0,
          "invalid_record_count": 0,
          "diagnostics": []
        }
      },
      {
        "index": 38,
        "part": "3005.dat",
        "description": "Brick 1 x 1",
        "colour": {
          "code": 0,
          "name": null,
          "rgb": null,
          "alpha": null,
          "colour_attributes": null
        },
        "position": [
          70.0,
          -72.0,
          -50.0
        ],
        "matrix": [
          [
            1.0,
            0.0,
            0.0
          ],
          [
            0.0,
            1.0,
            0.0
          ],
          [
            0.0,
            0.0,
            1.0
          ]
        ],
        "bounds": {
          "min": [
            60.0,
            -76.0,
            -60.0
          ],
          "max": [
            80.0,
            -48.0,
            -40.0
          ]
        },
        "section": "tidal-lantern.ldr",
        "line_number": 2878,
        "source_path": [
          null,
          2878
        ],
        "step": 1,
        "body_profile": true,
        "connector_count": 2,
        "placement_path": [
          0,
          38
        ],
        "connection_metadata": {
          "coverage": "complete",
          "source_count": 2,
          "recognized_record_count": 2,
          "unsupported_record_count": 0,
          "invalid_record_count": 0,
          "diagnostics": []
        }
      },
      {
        "index": 39,
        "part": "3005.dat",
        "description": "Brick 1 x 1",
        "colour": {
          "code": 0,
          "name": null,
          "rgb": null,
          "alpha": null,
          "colour_attributes": null
        },
        "position": [
          70.0,
          -72.0,
          50.0
        ],
        "matrix": [
          [
            1.0,
            0.0,
            0.0
          ],
          [
            0.0,
            1.0,
            0.0
          ],
          [
            0.0,
            0.0,
            1.0
          ]
        ],
        "bounds": {
          "min": [
            60.0,
            -76.0,
            40.0
          ],
          "max": [
            80.0,
            -48.0,
            60.0
          ]
        },
        "section": "tidal-lantern.ldr",
        "line_number": 2880,
        "source_path": [
          null,
          2880
        ],
        "step": 1,
        "body_profile": true,
        "connector_count": 2,
        "placement_path": [
          0,
          39
        ],
        "connection_metadata": {
          "coverage": "complete",
          "source_count": 2,
          "recognized_record_count": 2,
          "unsupported_record_count": 0,
          "invalid_record_count": 0,
          "diagnostics": []
        }
      },
      {
        "index": 40,
        "part": "3005.dat",
        "description": "Brick 1 x 1",
        "colour": {
          "code": 0,
          "name": null,
          "rgb": null,
          "alpha": null,
          "colour_attributes": null
        },
        "position": [
          -70.0,
          -96.0,
          -70.0
        ],
        "matrix": [
          [
            1.0,
            0.0,
            0.0
          ],
          [
            0.0,
            1.0,
            0.0
          ],
          [
            0.0,
            0.0,
            1.0
          ]
        ],
        "bounds": {
          "min": [
            -80.0,
            -100.0,
            -80.0
          ],
          "max": [
            -60.0,
            -72.0,
            -60.0
          ]
        },
        "section": "tidal-lantern.ldr",
        "line_number": 2883,
        "source_path": [
          null,
          2883
        ],
        "step": 1,
        "body_profile": true,
        "connector_count": 2,
        "placement_path": [
          0,
          40
        ],
        "connection_metadata": {
          "coverage": "complete",
          "source_count": 2,
          "recognized_record_count": 2,
          "unsupported_record_count": 0,
          "invalid_record_count": 0,
          "diagnostics": []
        }
      },
      {
        "index": 41,
        "part": "3005.dat",
        "description": "Brick 1 x 1",
        "colour": {
          "code": 0,
          "name": null,
          "rgb": null,
          "alpha": null,
          "colour_attributes": null
        },
        "position": [
          -70.0,
          -96.0,
          70.0
        ],
        "matrix": [
          [
            1.0,
            0.0,
            0.0
          ],
          [
            0.0,
            1.0,
            0.0
          ],
          [
            0.0,
            0.0,
            1.0
          ]
        ],
        "bounds": {
          "min": [
            -80.0,
            -100.0,
            60.0
          ],
          "max": [
            -60.0,
            -72.0,
            80.0
          ]
        },
        "section": "tidal-lantern.ldr",
        "line_number": 2885,
        "source_path": [
          null,
          2885
        ],
        "step": 1,
        "body_profile": true,
        "connector_count": 2,
        "placement_path": [
          0,
          41
        ],
        "connection_metadata": {
          "coverage": "complete",
          "source_count": 2,
          "recognized_record_count": 2,
          "unsupported_record_count": 0,
          "invalid_record_count": 0,
          "diagnostics": []
        }
      },
      {
        "index": 42,
        "part": "3005.dat",
        "description": "Brick 1 x 1",
        "colour": {
          "code": 0,
          "name": null,
          "rgb": null,
          "alpha": null,
          "colour_attributes": null
        },
        "position": [
          70.0,
          -96.0,
          -70.0
        ],
        "matrix": [
          [
            1.0,
            0.0,
            0.0
          ],
          [
            0.0,
            1.0,
            0.0
          ],
          [
            0.0,
            0.0,
            1.0
          ]
        ],
        "bounds": {
          "min": [
            60.0,
            -100.0,
            -80.0
          ],
          "max": [
            80.0,
            -72.0,
            -60.0
          ]
        },
        "section": "tidal-lantern.ldr",
        "line_number": 2887,
        "source_path": [
          null,
          2887
        ],
        "step": 1,
        "body_profile": true,
        "connector_count": 2,
        "placement_path": [
          0,
          42
        ],
        "connection_metadata": {
          "coverage": "complete",
          "source_count": 2,
          "recognized_record_count": 2,
          "unsupported_record_count": 0,
          "invalid_record_count": 0,
          "diagnostics": []
        }
      },
      {
        "index": 43,
        "part": "3005.dat",
        "description": "Brick 1 x 1",
        "colour": {
          "code": 0,
          "name": null,
          "rgb": null,
          "alpha": null,
          "colour_attributes": null
        },
        "position": [
          70.0,
          -96.0,
          70.0
        ],
        "matrix": [
          [
            1.0,
            0.0,
            0.0
          ],
          [
            0.0,
            1.0,
            0.0
          ],
          [
            0.0,
            0.0,
            1.0
          ]
        ],
        "bounds": {
          "min": [
            60.0,
            -100.0,
            60.0
          ],
          "max": [
            80.0,
            -72.0,
            80.0
          ]
        },
        "section": "tidal-lantern.ldr",
        "line_number": 2889,
        "source_path": [
          null,
          2889
        ],
        "step": 1,
        "body_profile": true,
        "connector_count": 2,
        "placement_path": [
          0,
          43
        ],
        "connection_metadata": {
          "coverage": "complete",
          "source_count": 2,
          "recognized_record_count": 2,
          "unsupported_record_count": 0,
          "invalid_record_count": 0,
          "diagnostics": []
        }
      },
      {
        "index": 44,
        "part": "3005.dat",
        "description": "Brick 1 x 1",
        "colour": {
          "code": 0,
          "name": null,
          "rgb": null,
          "alpha": null,
          "colour_attributes": null
        },
        "position": [
          -50.0,
          -96.0,
          -70.0
        ],
        "matrix": [
          [
            1.0,
            0.0,
            0.0
          ],
          [
            0.0,
            1.0,
            0.0
          ],
          [
            0.0,
            0.0,
            1.0
          ]
        ],
        "bounds": {
          "min": [
            -60.0,
            -100.0,
            -80.0
          ],
          "max": [
            -40.0,
            -72.0,
            -60.0
          ]
        },
        "section": "tidal-lantern.ldr",
        "line_number": 2892,
        "source_path": [
          null,
          2892
        ],
        "step": 1,
        "body_profile": true,
        "connector_count": 2,
        "placement_path": [
          0,
          44
        ],
        "connection_metadata": {
          "coverage": "complete",
          "source_count": 2,
          "recognized_record_count": 2,
          "unsupported_record_count": 0,
          "invalid_record_count": 0,
          "diagnostics": []
        }
      },
      {
        "index": 45,
        "part": "3005.dat",
        "description": "Brick 1 x 1",
        "colour": {
          "code": 0,
          "name": null,
          "rgb": null,
          "alpha": null,
          "colour_attributes": null
        },
        "position": [
          50.0,
          -96.0,
          -70.0
        ],
        "matrix": [
          [
            1.0,
            0.0,
            0.0
          ],
          [
            0.0,
            1.0,
            0.0
          ],
          [
            0.0,
            0.0,
            1.0
          ]
        ],
        "bounds": {
          "min": [
            40.0,
            -100.0,
            -80.0
          ],
          "max": [
            60.0,
            -72.0,
            -60.0
          ]
        },
        "section": "tidal-lantern.ldr",
        "line_number": 2894,
        "source_path": [
          null,
          2894
        ],
        "step": 1,
        "body_profile": true,
        "connector_count": 2,
        "placement_path": [
          0,
          45
        ],
        "connection_metadata": {
          "coverage": "complete",
          "source_count": 2,
          "recognized_record_count": 2,
          "unsupported_record_count": 0,
          "invalid_record_count": 0,
          "diagnostics": []
        }
      },
      {
        "index": 46,
        "part": "3005.dat",
        "description": "Brick 1 x 1",
        "colour": {
          "code": 0,
          "name": null,
          "rgb": null,
          "alpha": null,
          "colour_attributes": null
        },
        "position": [
          -50.0,
          -96.0,
          70.0
        ],
        "matrix": [
          [
            1.0,
            0.0,
            0.0
          ],
          [
            0.0,
            1.0,
            0.0
          ],
          [
            0.0,
            0.0,
            1.0
          ]
        ],
        "bounds": {
          "min": [
            -60.0,
            -100.0,
            60.0
          ],
          "max": [
            -40.0,
            -72.0,
            80.0
          ]
        },
        "section": "tidal-lantern.ldr",
        "line_number": 2896,
        "source_path": [
          null,
          2896
        ],
        "step": 1,
        "body_profile": true,
        "connector_count": 2,
        "placement_path": [
          0,
          46
        ],
        "connection_metadata": {
          "coverage": "complete",
          "source_count": 2,
          "recognized_record_count": 2,
          "unsupported_record_count": 0,
          "invalid_record_count": 0,
          "diagnostics": []
        }
      },
      {
        "index": 47,
        "part": "3005.dat",
        "description": "Brick 1 x 1",
        "colour": {
          "code": 0,
          "name": null,
          "rgb": null,
          "alpha": null,
          "colour_attributes": null
        },
        "position": [
          50.0,
          -96.0,
          70.0
        ],
        "matrix": [
          [
            1.0,
            0.0,
            0.0
          ],
          [
            0.0,
            1.0,
            0.0
          ],
          [
            0.0,
            0.0,
            1.0
          ]
        ],
        "bounds": {
          "min": [
            40.0,
            -100.0,
            60.0
          ],
          "max": [
            60.0,
            -72.0,
            80.0
          ]
        },
        "section": "tidal-lantern.ldr",
        "line_number": 2898,
        "source_path": [
          null,
          2898
        ],
        "step": 1,
        "body_profile": true,
        "connector_count": 2,
        "placement_path": [
          0,
          47
        ],
        "connection_metadata": {
          "coverage": "complete",
          "source_count": 2,
          "recognized_record_count": 2,
          "unsupported_record_count": 0,
          "invalid_record_count": 0,
          "diagnostics": []
        }
      },
      {
        "index": 48,
        "part": "3005.dat",
        "description": "Brick 1 x 1",
        "colour": {
          "code": 0,
          "name": null,
          "rgb": null,
          "alpha": null,
          "colour_attributes": null
        },
        "position": [
          -70.0,
          -96.0,
          -50.0
        ],
        "matrix": [
          [
            1.0,
            0.0,
            0.0
          ],
          [
            0.0,
            1.0,
            0.0
          ],
          [
            0.0,
            0.0,
            1.0
          ]
        ],
        "bounds": {
          "min": [
            -80.0,
            -100.0,
            -60.0
          ],
          "max": [
            -60.0,
            -72.0,
            -40.0
          ]
        },
        "section": "tidal-lantern.ldr",
        "line_number": 2900,
        "source_path": [
          null,
          2900
        ],
        "step": 1,
        "body_profile": true,
        "connector_count": 2,
        "placement_path": [
          0,
          48
        ],
        "connection_metadata": {
          "coverage": "complete",
          "source_count": 2,
          "recognized_record_count": 2,
          "unsupported_record_count": 0,
          "invalid_record_count": 0,
          "diagnostics": []
        }
      },
      {
        "index": 49,
        "part": "3005.dat",
        "description": "Brick 1 x 1",
        "colour": {
          "code": 0,
          "name": null,
          "rgb": null,
          "alpha": null,
          "colour_attributes": null
        },
        "position": [
          -70.0,
          -96.0,
          50.0
        ],
        "matrix": [
          [
            1.0,
            0.0,
            0.0
          ],
          [
            0.0,
            1.0,
            0.0
          ],
          [
            0.0,
            0.0,
            1.0
          ]
        ],
        "bounds": {
          "min": [
            -80.0,
            -100.0,
            40.0
          ],
          "max": [
            -60.0,
            -72.0,
            60.0
          ]
        },
        "section": "tidal-lantern.ldr",
        "line_number": 2902,
        "source_path": [
          null,
          2902
        ],
        "step": 1,
        "body_profile": true,
        "connector_count": 2,
        "placement_path": [
          0,
          49
        ],
        "connection_metadata": {
          "coverage": "complete",
          "source_count": 2,
          "recognized_record_count": 2,
          "unsupported_record_count": 0,
          "invalid_record_count": 0,
          "diagnostics": []
        }
      },
      {
        "index": 50,
        "part": "3005.dat",
        "description": "Brick 1 x 1",
        "colour": {
          "code": 0,
          "name": null,
          "rgb": null,
          "alpha": null,
          "colour_attributes": null
        },
        "position": [
          70.0,
          -96.0,
          -50.0
        ],
        "matrix": [
          [
            1.0,
            0.0,
            0.0
          ],
          [
            0.0,
            1.0,
            0.0
          ],
          [
            0.0,
            0.0,
            1.0
          ]
        ],
        "bounds": {
          "min": [
            60.0,
            -100.0,
            -60.0
          ],
          "max": [
            80.0,
            -72.0,
            -40.0
          ]
        },
        "section": "tidal-lantern.ldr",
        "line_number": 2904,
        "source_path": [
          null,
          2904
        ],
        "step": 1,
        "body_profile": true,
        "connector_count": 2,
        "placement_path": [
          0,
          50
        ],
        "connection_metadata": {
          "coverage": "complete",
          "source_count": 2,
          "recognized_record_count": 2,
          "unsupported_record_count": 0,
          "invalid_record_count": 0,
          "diagnostics": []
        }
      },
      {
        "index": 51,
        "part": "3005.dat",
        "description": "Brick 1 x 1",
        "colour": {
          "code": 0,
          "name": null,
          "rgb": null,
          "alpha": null,
          "colour_attributes": null
        },
        "position": [
          70.0,
          -96.0,
          50.0
        ],
        "matrix": [
          [
            1.0,
            0.0,
            0.0
          ],
          [
            0.0,
            1.0,
            0.0
          ],
          [
            0.0,
            0.0,
            1.0
          ]
        ],
        "bounds": {
          "min": [
            60.0,
            -100.0,
            40.0
          ],
          "max": [
            80.0,
            -72.0,
            60.0
          ]
        },
        "section": "tidal-lantern.ldr",
        "line_number": 2906,
        "source_path": [
          null,
          2906
        ],
        "step": 1,
        "body_profile": true,
        "connector_count": 2,
        "placement_path": [
          0,
          51
        ],
        "connection_metadata": {
          "coverage": "complete",
          "source_count": 2,
          "recognized_record_count": 2,
          "unsupported_record_count": 0,
          "invalid_record_count": 0,
          "diagnostics": []
        }
      },
      {
        "index": 52,
        "part": "3005.dat",
        "description": "Brick 1 x 1",
        "colour": {
          "code": 0,
          "name": null,
          "rgb": null,
          "alpha": null,
          "colour_attributes": null
        },
        "position": [
          -70.0,
          -120.0,
          -70.0
        ],
        "matrix": [
          [
            1.0,
            0.0,
            0.0
          ],
          [
            0.0,
            1.0,
            0.0
          ],
          [
            0.0,
            0.0,
            1.0
          ]
        ],
        "bounds": {
          "min": [
            -80.0,
            -124.0,
            -80.0
          ],
          "max": [
            -60.0,
            -96.0,
            -60.0
          ]
        },
        "section": "tidal-lantern.ldr",
        "line_number": 2909,
        "source_path": [
          null,
          2909
        ],
        "step": 1,
        "body_profile": true,
        "connector_count": 2,
        "placement_path": [
          0,
          52
        ],
        "connection_metadata": {
          "coverage": "complete",
          "source_count": 2,
          "recognized_record_count": 2,
          "unsupported_record_count": 0,
          "invalid_record_count": 0,
          "diagnostics": []
        }
      },
      {
        "index": 53,
        "part": "3005.dat",
        "description": "Brick 1 x 1",
        "colour": {
          "code": 0,
          "name": null,
          "rgb": null,
          "alpha": null,
          "colour_attributes": null
        },
        "position": [
          -70.0,
          -120.0,
          70.0
        ],
        "matrix": [
          [
            1.0,
            0.0,
            0.0
          ],
          [
            0.0,
            1.0,
            0.0
          ],
          [
            0.0,
            0.0,
            1.0
          ]
        ],
        "bounds": {
          "min": [
            -80.0,
            -124.0,
            60.0
          ],
          "max": [
            -60.0,
            -96.0,
            80.0
          ]
        },
        "section": "tidal-lantern.ldr",
        "line_number": 2911,
        "source_path": [
          null,
          2911
        ],
        "step": 1,
        "body_profile": true,
        "connector_count": 2,
        "placement_path": [
          0,
          53
        ],
        "connection_metadata": {
          "coverage": "complete",
          "source_count": 2,
          "recognized_record_count": 2,
          "unsupported_record_count": 0,
          "invalid_record_count": 0,
          "diagnostics": []
        }
      },
      {
        "index": 54,
        "part": "3005.dat",
        "description": "Brick 1 x 1",
        "colour": {
          "code": 0,
          "name": null,
          "rgb": null,
          "alpha": null,
          "colour_attributes": null
        },
        "position": [
          70.0,
          -120.0,
          -70.0
        ],
        "matrix": [
          [
            1.0,
            0.0,
            0.0
          ],
          [
            0.0,
            1.0,
            0.0
          ],
          [
            0.0,
            0.0,
            1.0
          ]
        ],
        "bounds": {
          "min": [
            60.0,
            -124.0,
            -80.0
          ],
          "max": [
            80.0,
            -96.0,
            -60.0
          ]
        },
        "section": "tidal-lantern.ldr",
        "line_number": 2913,
        "source_path": [
          null,
          2913
        ],
        "step": 1,
        "body_profile": true,
        "connector_count": 2,
        "placement_path": [
          0,
          54
        ],
        "connection_metadata": {
          "coverage": "complete",
          "source_count": 2,
          "recognized_record_count": 2,
          "unsupported_record_count": 0,
          "invalid_record_count": 0,
          "diagnostics": []
        }
      },
      {
        "index": 55,
        "part": "3005.dat",
        "description": "Brick 1 x 1",
        "colour": {
          "code": 0,
          "name": null,
          "rgb": null,
          "alpha": null,
          "colour_attributes": null
        },
        "position": [
          70.0,
          -120.0,
          70.0
        ],
        "matrix": [
          [
            1.0,
            0.0,
            0.0
          ],
          [
            0.0,
            1.0,
            0.0
          ],
          [
            0.0,
            0.0,
            1.0
          ]
        ],
        "bounds": {
          "min": [
            60.0,
            -124.0,
            60.0
          ],
          "max": [
            80.0,
            -96.0,
            80.0
          ]
        },
        "section": "tidal-lantern.ldr",
        "line_number": 2915,
        "source_path": [
          null,
          2915
        ],
        "step": 1,
        "body_profile": true,
        "connector_count": 2,
        "placement_path": [
          0,
          55
        ],
        "connection_metadata": {
          "coverage": "complete",
          "source_count": 2,
          "recognized_record_count": 2,
          "unsupported_record_count": 0,
          "invalid_record_count": 0,
          "diagnostics": []
        }
      },
      {
        "index": 56,
        "part": "3005.dat",
        "description": "Brick 1 x 1",
        "colour": {
          "code": 0,
          "name": null,
          "rgb": null,
          "alpha": null,
          "colour_attributes": null
        },
        "position": [
          -50.0,
          -120.0,
          -70.0
        ],
        "matrix": [
          [
            1.0,
            0.0,
            0.0
          ],
          [
            0.0,
            1.0,
            0.0
          ],
          [
            0.0,
            0.0,
            1.0
          ]
        ],
        "bounds": {
          "min": [
            -60.0,
            -124.0,
            -80.0
          ],
          "max": [
            -40.0,
            -96.0,
            -60.0
          ]
        },
        "section": "tidal-lantern.ldr",
        "line_number": 2918,
        "source_path": [
          null,
          2918
        ],
        "step": 1,
        "body_profile": true,
        "connector_count": 2,
        "placement_path": [
          0,
          56
        ],
        "connection_metadata": {
          "coverage": "complete",
          "source_count": 2,
          "recognized_record_count": 2,
          "unsupported_record_count": 0,
          "invalid_record_count": 0,
          "diagnostics": []
        }
      },
      {
        "index": 57,
        "part": "3005.dat",
        "description": "Brick 1 x 1",
        "colour": {
          "code": 0,
          "name": null,
          "rgb": null,
          "alpha": null,
          "colour_attributes": null
        },
        "position": [
          50.0,
          -120.0,
          -70.0
        ],
        "matrix": [
          [
            1.0,
            0.0,
            0.0
          ],
          [
            0.0,
            1.0,
            0.0
          ],
          [
            0.0,
            0.0,
            1.0
          ]
        ],
        "bounds": {
          "min": [
            40.0,
            -124.0,
            -80.0
          ],
          "max": [
            60.0,
            -96.0,
            -60.0
          ]
        },
        "section": "tidal-lantern.ldr",
        "line_number": 2920,
        "source_path": [
          null,
          2920
        ],
        "step": 1,
        "body_profile": true,
        "connector_count": 2,
        "placement_path": [
          0,
          57
        ],
        "connection_metadata": {
          "coverage": "complete",
          "source_count": 2,
          "recognized_record_count": 2,
          "unsupported_record_count": 0,
          "invalid_record_count": 0,
          "diagnostics": []
        }
      },
      {
        "index": 58,
        "part": "3005.dat",
        "description": "Brick 1 x 1",
        "colour": {
          "code": 0,
          "name": null,
          "rgb": null,
          "alpha": null,
          "colour_attributes": null
        },
        "position": [
          -50.0,
          -120.0,
          70.0
        ],
        "matrix": [
          [
            1.0,
            0.0,
            0.0
          ],
          [
            0.0,
            1.0,
            0.0
          ],
          [
            0.0,
            0.0,
            1.0
          ]
        ],
        "bounds": {
          "min": [
            -60.0,
            -124.0,
            60.0
          ],
          "max": [
            -40.0,
            -96.0,
            80.0
          ]
        },
        "section": "tidal-lantern.ldr",
        "line_number": 2922,
        "source_path": [
          null,
          2922
        ],
        "step": 1,
        "body_profile": true,
        "connector_count": 2,
        "placement_path": [
          0,
          58
        ],
        "connection_metadata": {
          "coverage": "complete",
          "source_count": 2,
          "recognized_record_count": 2,
          "unsupported_record_count": 0,
          "invalid_record_count": 0,
          "diagnostics": []
        }
      },
      {
        "index": 59,
        "part": "3005.dat",
        "description": "Brick 1 x 1",
        "colour": {
          "code": 0,
          "name": null,
          "rgb": null,
          "alpha": null,
          "colour_attributes": null
        },
        "position": [
          50.0,
          -120.0,
          70.0
        ],
        "matrix": [
          [
            1.0,
            0.0,
            0.0
          ],
          [
            0.0,
            1.0,
            0.0
          ],
          [
            0.0,
            0.0,
            1.0
          ]
        ],
        "bounds": {
          "min": [
            40.0,
            -124.0,
            60.0
          ],
          "max": [
            60.0,
            -96.0,
            80.0
          ]
        },
        "section": "tidal-lantern.ldr",
        "line_number": 2924,
        "source_path": [
          null,
          2924
        ],
        "step": 1,
        "body_profile": true,
        "connector_count": 2,
        "placement_path": [
          0,
          59
        ],
        "connection_metadata": {
          "coverage": "complete",
          "source_count": 2,
          "recognized_record_count": 2,
          "unsupported_record_count": 0,
          "invalid_record_count": 0,
          "diagnostics": []
        }
      },
      {
        "index": 60,
        "part": "3005.dat",
        "description": "Brick 1 x 1",
        "colour": {
          "code": 0,
          "name": null,
          "rgb": null,
          "alpha": null,
          "colour_attributes": null
        },
        "position": [
          -70.0,
          -120.0,
          -50.0
        ],
        "matrix": [
          [
            1.0,
            0.0,
            0.0
          ],
          [
            0.0,
            1.0,
            0.0
          ],
          [
            0.0,
            0.0,
            1.0
          ]
        ],
        "bounds": {
          "min": [
            -80.0,
            -124.0,
            -60.0
          ],
          "max": [
            -60.0,
            -96.0,
            -40.0
          ]
        },
        "section": "tidal-lantern.ldr",
        "line_number": 2926,
        "source_path": [
          null,
          2926
        ],
        "step": 1,
        "body_profile": true,
        "connector_count": 2,
        "placement_path": [
          0,
          60
        ],
        "connection_metadata": {
          "coverage": "complete",
          "source_count": 2,
          "recognized_record_count": 2,
          "unsupported_record_count": 0,
          "invalid_record_count": 0,
          "diagnostics": []
        }
      },
      {
        "index": 61,
        "part": "3005.dat",
        "description": "Brick 1 x 1",
        "colour": {
          "code": 0,
          "name": null,
          "rgb": null,
          "alpha": null,
          "colour_attributes": null
        },
        "position": [
          -70.0,
          -120.0,
          50.0
        ],
        "matrix": [
          [
            1.0,
            0.0,
            0.0
          ],
          [
            0.0,
            1.0,
            0.0
          ],
          [
            0.0,
            0.0,
            1.0
          ]
        ],
        "bounds": {
          "min": [
            -80.0,
            -124.0,
            40.0
          ],
          "max": [
            -60.0,
            -96.0,
            60.0
          ]
        },
        "section": "tidal-lantern.ldr",
        "line_number": 2928,
        "source_path": [
          null,
          2928
        ],
        "step": 1,
        "body_profile": true,
        "connector_count": 2,
        "placement_path": [
          0,
          61
        ],
        "connection_metadata": {
          "coverage": "complete",
          "source_count": 2,
          "recognized_record_count": 2,
          "unsupported_record_count": 0,
          "invalid_record_count": 0,
          "diagnostics": []
        }
      },
      {
        "index": 62,
        "part": "3005.dat",
        "description": "Brick 1 x 1",
        "colour": {
          "code": 0,
          "name": null,
          "rgb": null,
          "alpha": null,
          "colour_attributes": null
        },
        "position": [
          70.0,
          -120.0,
          -50.0
        ],
        "matrix": [
          [
            1.0,
            0.0,
            0.0
          ],
          [
            0.0,
            1.0,
            0.0
          ],
          [
            0.0,
            0.0,
            1.0
          ]
        ],
        "bounds": {
          "min": [
            60.0,
            -124.0,
            -60.0
          ],
          "max": [
            80.0,
            -96.0,
            -40.0
          ]
        },
        "section": "tidal-lantern.ldr",
        "line_number": 2930,
        "source_path": [
          null,
          2930
        ],
        "step": 1,
        "body_profile": true,
        "connector_count": 2,
        "placement_path": [
          0,
          62
        ],
        "connection_metadata": {
          "coverage": "complete",
          "source_count": 2,
          "recognized_record_count": 2,
          "unsupported_record_count": 0,
          "invalid_record_count": 0,
          "diagnostics": []
        }
      },
      {
        "index": 63,
        "part": "3005.dat",
        "description": "Brick 1 x 1",
        "colour": {
          "code": 0,
          "name": null,
          "rgb": null,
          "alpha": null,
          "colour_attributes": null
        },
        "position": [
          70.0,
          -120.0,
          50.0
        ],
        "matrix": [
          [
            1.0,
            0.0,
            0.0
          ],
          [
            0.0,
            1.0,
            0.0
          ],
          [
            0.0,
            0.0,
            1.0
          ]
        ],
        "bounds": {
          "min": [
            60.0,
            -124.0,
            40.0
          ],
          "max": [
            80.0,
            -96.0,
            60.0
          ]
        },
        "section": "tidal-lantern.ldr",
        "line_number": 2932,
        "source_path": [
          null,
          2932
        ],
        "step": 1,
        "body_profile": true,
        "connector_count": 2,
        "placement_path": [
          0,
          63
        ],
        "connection_metadata": {
          "coverage": "complete",
          "source_count": 2,
          "recognized_record_count": 2,
          "unsupported_record_count": 0,
          "invalid_record_count": 0,
          "diagnostics": []
        }
      },
      {
        "index": 64,
        "part": "3005.dat",
        "description": "Brick 1 x 1",
        "colour": {
          "code": 0,
          "name": null,
          "rgb": null,
          "alpha": null,
          "colour_attributes": null
        },
        "position": [
          -70.0,
          -144.0,
          -70.0
        ],
        "matrix": [
          [
            1.0,
            0.0,
            0.0
          ],
          [
            0.0,
            1.0,
            0.0
          ],
          [
            0.0,
            0.0,
            1.0
          ]
        ],
        "bounds": {
          "min": [
            -80.0,
            -148.0,
            -80.0
          ],
          "max": [
            -60.0,
            -120.0,
            -60.0
          ]
        },
        "section": "tidal-lantern.ldr",
        "line_number": 2935,
        "source_path": [
          null,
          2935
        ],
        "step": 1,
        "body_profile": true,
        "connector_count": 2,
        "placement_path": [
          0,
          64
        ],
        "connection_metadata": {
          "coverage": "complete",
          "source_count": 2,
          "recognized_record_count": 2,
          "unsupported_record_count": 0,
          "invalid_record_count": 0,
          "diagnostics": []
        }
      },
      {
        "index": 65,
        "part": "3005.dat",
        "description": "Brick 1 x 1",
        "colour": {
          "code": 0,
          "name": null,
          "rgb": null,
          "alpha": null,
          "colour_attributes": null
        },
        "position": [
          -70.0,
          -144.0,
          70.0
        ],
        "matrix": [
          [
            1.0,
            0.0,
            0.0
          ],
          [
            0.0,
            1.0,
            0.0
          ],
          [
            0.0,
            0.0,
            1.0
          ]
        ],
        "bounds": {
          "min": [
            -80.0,
            -148.0,
            60.0
          ],
          "max": [
            -60.0,
            -120.0,
            80.0
          ]
        },
        "section": "tidal-lantern.ldr",
        "line_number": 2937,
        "source_path": [
          null,
          2937
        ],
        "step": 1,
        "body_profile": true,
        "connector_count": 2,
        "placement_path": [
          0,
          65
        ],
        "connection_metadata": {
          "coverage": "complete",
          "source_count": 2,
          "recognized_record_count": 2,
          "unsupported_record_count": 0,
          "invalid_record_count": 0,
          "diagnostics": []
        }
      },
      {
        "index": 66,
        "part": "3005.dat",
        "description": "Brick 1 x 1",
        "colour": {
          "code": 0,
          "name": null,
          "rgb": null,
          "alpha": null,
          "colour_attributes": null
        },
        "position": [
          70.0,
          -144.0,
          -70.0
        ],
        "matrix": [
          [
            1.0,
            0.0,
            0.0
          ],
          [
            0.0,
            1.0,
            0.0
          ],
          [
            0.0,
            0.0,
            1.0
          ]
        ],
        "bounds": {
          "min": [
            60.0,
            -148.0,
            -80.0
          ],
          "max": [
            80.0,
            -120.0,
            -60.0
          ]
        },
        "section": "tidal-lantern.ldr",
        "line_number": 2939,
        "source_path": [
          null,
          2939
        ],
        "step": 1,
        "body_profile": true,
        "connector_count": 2,
        "placement_path": [
          0,
          66
        ],
        "connection_metadata": {
          "coverage": "complete",
          "source_count": 2,
          "recognized_record_count": 2,
          "unsupported_record_count": 0,
          "invalid_record_count": 0,
          "diagnostics": []
        }
      },
      {
        "index": 67,
        "part": "3005.dat",
        "description": "Brick 1 x 1",
        "colour": {
          "code": 0,
          "name": null,
          "rgb": null,
          "alpha": null,
          "colour_attributes": null
        },
        "position": [
          70.0,
          -144.0,
          70.0
        ],
        "matrix": [
          [
            1.0,
            0.0,
            0.0
          ],
          [
            0.0,
            1.0,
            0.0
          ],
          [
            0.0,
            0.0,
            1.0
          ]
        ],
        "bounds": {
          "min": [
            60.0,
            -148.0,
            60.0
          ],
          "max": [
            80.0,
            -120.0,
            80.0
          ]
        },
        "section": "tidal-lantern.ldr",
        "line_number": 2941,
        "source_path": [
          null,
          2941
        ],
        "step": 1,
        "body_profile": true,
        "connector_count": 2,
        "placement_path": [
          0,
          67
        ],
        "connection_metadata": {
          "coverage": "complete",
          "source_count": 2,
          "recognized_record_count": 2,
          "unsupported_record_count": 0,
          "invalid_record_count": 0,
          "diagnostics": []
        }
      },
      {
        "index": 68,
        "part": "3005.dat",
        "description": "Brick 1 x 1",
        "colour": {
          "code": 0,
          "name": null,
          "rgb": null,
          "alpha": null,
          "colour_attributes": null
        },
        "position": [
          -50.0,
          -144.0,
          -70.0
        ],
        "matrix": [
          [
            1.0,
            0.0,
            0.0
          ],
          [
            0.0,
            1.0,
            0.0
          ],
          [
            0.0,
            0.0,
            1.0
          ]
        ],
        "bounds": {
          "min": [
            -60.0,
            -148.0,
            -80.0
          ],
          "max": [
            -40.0,
            -120.0,
            -60.0
          ]
        },
        "section": "tidal-lantern.ldr",
        "line_number": 2944,
        "source_path": [
          null,
          2944
        ],
        "step": 1,
        "body_profile": true,
        "connector_count": 2,
        "placement_path": [
          0,
          68
        ],
        "connection_metadata": {
          "coverage": "complete",
          "source_count": 2,
          "recognized_record_count": 2,
          "unsupported_record_count": 0,
          "invalid_record_count": 0,
          "diagnostics": []
        }
      },
      {
        "index": 69,
        "part": "3005.dat",
        "description": "Brick 1 x 1",
        "colour": {
          "code": 0,
          "name": null,
          "rgb": null,
          "alpha": null,
          "colour_attributes": null
        },
        "position": [
          50.0,
          -144.0,
          -70.0
        ],
        "matrix": [
          [
            1.0,
            0.0,
            0.0
          ],
          [
            0.0,
            1.0,
            0.0
          ],
          [
            0.0,
            0.0,
            1.0
          ]
        ],
        "bounds": {
          "min": [
            40.0,
            -148.0,
            -80.0
          ],
          "max": [
            60.0,
            -120.0,
            -60.0
          ]
        },
        "section": "tidal-lantern.ldr",
        "line_number": 2946,
        "source_path": [
          null,
          2946
        ],
        "step": 1,
        "body_profile": true,
        "connector_count": 2,
        "placement_path": [
          0,
          69
        ],
        "connection_metadata": {
          "coverage": "complete",
          "source_count": 2,
          "recognized_record_count": 2,
          "unsupported_record_count": 0,
          "invalid_record_count": 0,
          "diagnostics": []
        }
      },
      {
        "index": 70,
        "part": "3005.dat",
        "description": "Brick 1 x 1",
        "colour": {
          "code": 0,
          "name": null,
          "rgb": null,
          "alpha": null,
          "colour_attributes": null
        },
        "position": [
          -50.0,
          -144.0,
          70.0
        ],
        "matrix": [
          [
            1.0,
            0.0,
            0.0
          ],
          [
            0.0,
            1.0,
            0.0
          ],
          [
            0.0,
            0.0,
            1.0
          ]
        ],
        "bounds": {
          "min": [
            -60.0,
            -148.0,
            60.0
          ],
          "max": [
            -40.0,
            -120.0,
            80.0
          ]
        },
        "section": "tidal-lantern.ldr",
        "line_number": 2948,
        "source_path": [
          null,
          2948
        ],
        "step": 1,
        "body_profile": true,
        "connector_count": 2,
        "placement_path": [
          0,
          70
        ],
        "connection_metadata": {
          "coverage": "complete",
          "source_count": 2,
          "recognized_record_count": 2,
          "unsupported_record_count": 0,
          "invalid_record_count": 0,
          "diagnostics": []
        }
      },
      {
        "index": 71,
        "part": "3005.dat",
        "description": "Brick 1 x 1",
        "colour": {
          "code": 0,
          "name": null,
          "rgb": null,
          "alpha": null,
          "colour_attributes": null
        },
        "position": [
          50.0,
          -144.0,
          70.0
        ],
        "matrix": [
          [
            1.0,
            0.0,
            0.0
          ],
          [
            0.0,
            1.0,
            0.0
          ],
          [
            0.0,
            0.0,
            1.0
          ]
        ],
        "bounds": {
          "min": [
            40.0,
            -148.0,
            60.0
          ],
          "max": [
            60.0,
            -120.0,
            80.0
          ]
        },
        "section": "tidal-lantern.ldr",
        "line_number": 2950,
        "source_path": [
          null,
          2950
        ],
        "step": 1,
        "body_profile": true,
        "connector_count": 2,
        "placement_path": [
          0,
          71
        ],
        "connection_metadata": {
          "coverage": "complete",
          "source_count": 2,
          "recognized_record_count": 2,
          "unsupported_record_count": 0,
          "invalid_record_count": 0,
          "diagnostics": []
        }
      },
      {
        "index": 72,
        "part": "3005.dat",
        "description": "Brick 1 x 1",
        "colour": {
          "code": 0,
          "name": null,
          "rgb": null,
          "alpha": null,
          "colour_attributes": null
        },
        "position": [
          -70.0,
          -144.0,
          -50.0
        ],
        "matrix": [
          [
            1.0,
            0.0,
            0.0
          ],
          [
            0.0,
            1.0,
            0.0
          ],
          [
            0.0,
            0.0,
            1.0
          ]
        ],
        "bounds": {
          "min": [
            -80.0,
            -148.0,
            -60.0
          ],
          "max": [
            -60.0,
            -120.0,
            -40.0
          ]
        },
        "section": "tidal-lantern.ldr",
        "line_number": 2952,
        "source_path": [
          null,
          2952
        ],
        "step": 1,
        "body_profile": true,
        "connector_count": 2,
        "placement_path": [
          0,
          72
        ],
        "connection_metadata": {
          "coverage": "complete",
          "source_count": 2,
          "recognized_record_count": 2,
          "unsupported_record_count": 0,
          "invalid_record_count": 0,
          "diagnostics": []
        }
      },
      {
        "index": 73,
        "part": "3005.dat",
        "description": "Brick 1 x 1",
        "colour": {
          "code": 0,
          "name": null,
          "rgb": null,
          "alpha": null,
          "colour_attributes": null
        },
        "position": [
          -70.0,
          -144.0,
          50.0
        ],
        "matrix": [
          [
            1.0,
            0.0,
            0.0
          ],
          [
            0.0,
            1.0,
            0.0
          ],
          [
            0.0,
            0.0,
            1.0
          ]
        ],
        "bounds": {
          "min": [
            -80.0,
            -148.0,
            40.0
          ],
          "max": [
            -60.0,
            -120.0,
            60.0
          ]
        },
        "section": "tidal-lantern.ldr",
        "line_number": 2954,
        "source_path": [
          null,
          2954
        ],
        "step": 1,
        "body_profile": true,
        "connector_count": 2,
        "placement_path": [
          0,
          73
        ],
        "connection_metadata": {
          "coverage": "complete",
          "source_count": 2,
          "recognized_record_count": 2,
          "unsupported_record_count": 0,
          "invalid_record_count": 0,
          "diagnostics": []
        }
      },
      {
        "index": 74,
        "part": "3005.dat",
        "description": "Brick 1 x 1",
        "colour": {
          "code": 0,
          "name": null,
          "rgb": null,
          "alpha": null,
          "colour_attributes": null
        },
        "position": [
          70.0,
          -144.0,
          -50.0
        ],
        "matrix": [
          [
            1.0,
            0.0,
            0.0
          ],
          [
            0.0,
            1.0,
            0.0
          ],
          [
            0.0,
            0.0,
            1.0
          ]
        ],
        "bounds": {
          "min": [
            60.0,
            -148.0,
            -60.0
          ],
          "max": [
            80.0,
            -120.0,
            -40.0
          ]
        },
        "section": "tidal-lantern.ldr",
        "line_number": 2956,
        "source_path": [
          null,
          2956
        ],
        "step": 1,
        "body_profile": true,
        "connector_count": 2,
        "placement_path": [
          0,
          74
        ],
        "connection_metadata": {
          "coverage": "complete",
          "source_count": 2,
          "recognized_record_count": 2,
          "unsupported_record_count": 0,
          "invalid_record_count": 0,
          "diagnostics": []
        }
      },
      {
        "index": 75,
        "part": "3005.dat",
        "description": "Brick 1 x 1",
        "colour": {
          "code": 0,
          "name": null,
          "rgb": null,
          "alpha": null,
          "colour_attributes": null
        },
        "position": [
          70.0,
          -144.0,
          50.0
        ],
        "matrix": [
          [
            1.0,
            0.0,
            0.0
          ],
          [
            0.0,
            1.0,
            0.0
          ],
          [
            0.0,
            0.0,
            1.0
          ]
        ],
        "bounds": {
          "min": [
            60.0,
            -148.0,
            40.0
          ],
          "max": [
            80.0,
            -120.0,
            60.0
          ]
        },
        "section": "tidal-lantern.ldr",
        "line_number": 2958,
        "source_path": [
          null,
          2958
        ],
        "step": 1,
        "body_profile": true,
        "connector_count": 2,
        "placement_path": [
          0,
          75
        ],
        "connection_metadata": {
          "coverage": "complete",
          "source_count": 2,
          "recognized_record_count": 2,
          "unsupported_record_count": 0,
          "invalid_record_count": 0,
          "diagnostics": []
        }
      },
      {
        "index": 76,
        "part": "60596.dat",
        "description": "Door 1 x 4 x 6 Frame",
        "colour": {
          "code": 0,
          "name": null,
          "rgb": null,
          "alpha": null,
          "colour_attributes": null
        },
        "position": [
          0.0,
          -144.0,
          -70.0
        ],
        "matrix": [
          [
            1.0,
            0.0,
            0.0
          ],
          [
            0.0,
            1.0,
            0.0
          ],
          [
            0.0,
            0.0,
            1.0
          ]
        ],
        "bounds": {
          "min": [
            -40.0,
            -148.0,
            -80.0
          ],
          "max": [
            40.0,
            0.0,
            -60.0
          ]
        },
        "section": "tidal-lantern.ldr",
        "line_number": 2961,
        "source_path": [
          null,
          2961
        ],
        "step": 1,
        "body_profile": false,
        "connector_count": 16,
        "placement_path": [
          0,
          76
        ],
        "connection_metadata": {
          "coverage": "complete",
          "source_count": 3,
          "recognized_record_count": 8,
          "unsupported_record_count": 0,
          "invalid_record_count": 0,
          "diagnostics": []
        }
      },
      {
        "index": 77,
        "part": "57895.dat",
        "description": "Glass for Window 1 x 4 x 6",
        "colour": {
          "code": 47,
          "name": null,
          "rgb": null,
          "alpha": null,
          "colour_attributes": null
        },
        "position": [
          0.0,
          -139.0,
          -65.0
        ],
        "matrix": [
          [
            1.0,
            0.0,
            0.0
          ],
          [
            0.0,
            1.0,
            0.0
          ],
          [
            0.0,
            0.0,
            1.0
          ]
        ],
        "bounds": {
          "min": [
            -36.25,
            -140.0,
            -67.0
          ],
          "max": [
            36.25,
            -6.5,
            -63.0
          ]
        },
        "section": "tidal-lantern.ldr",
        "line_number": 2963,
        "source_path": [
          null,
          2963
        ],
        "step": 1,
        "body_profile": false,
        "connector_count": 2,
        "placement_path": [
          0,
          77
        ],
        "connection_metadata": {
          "coverage": "complete",
          "source_count": 1,
          "recognized_record_count": 2,
          "unsupported_record_count": 0,
          "invalid_record_count": 0,
          "diagnostics": []
        }
      },
      {
        "index": 78,
        "part": "60596.dat",
        "description": "Door 1 x 4 x 6 Frame",
        "colour": {
          "code": 0,
          "name": null,
          "rgb": null,
          "alpha": null,
          "colour_attributes": null
        },
        "position": [
          0.0,
          -144.0,
          70.0
        ],
        "matrix": [
          [
            -1.0,
            0.0,
            0.0
          ],
          [
            0.0,
            1.0,
            0.0
          ],
          [
            0.0,
            0.0,
            -1.0
          ]
        ],
        "bounds": {
          "min": [
            -40.0,
            -148.0,
            60.0
          ],
          "max": [
            40.0,
            0.0,
            80.0
          ]
        },
        "section": "tidal-lantern.ldr",
        "line_number": 2965,
        "source_path": [
          null,
          2965
        ],
        "step": 1,
        "body_profile": false,
        "connector_count": 16,
        "placement_path": [
          0,
          78
        ],
        "connection_metadata": {
          "coverage": "complete",
          "source_count": 3,
          "recognized_record_count": 8,
          "unsupported_record_count": 0,
          "invalid_record_count": 0,
          "diagnostics": []
        }
      },
      {
        "index": 79,
        "part": "57895.dat",
        "description": "Glass for Window 1 x 4 x 6",
        "colour": {
          "code": 47,
          "name": null,
          "rgb": null,
          "alpha": null,
          "colour_attributes": null
        },
        "position": [
          0.0,
          -139.0,
          65.0
        ],
        "matrix": [
          [
            -1.0,
            0.0,
            0.0
          ],
          [
            0.0,
            1.0,
            0.0
          ],
          [
            0.0,
            0.0,
            -1.0
          ]
        ],
        "bounds": {
          "min": [
            -36.25,
            -140.0,
            63.0
          ],
          "max": [
            36.25,
            -6.5,
            67.0
          ]
        },
        "section": "tidal-lantern.ldr",
        "line_number": 2967,
        "source_path": [
          null,
          2967
        ],
        "step": 1,
        "body_profile": false,
        "connector_count": 2,
        "placement_path": [
          0,
          79
        ],
        "connection_metadata": {
          "coverage": "complete",
          "source_count": 1,
          "recognized_record_count": 2,
          "unsupported_record_count": 0,
          "invalid_record_count": 0,
          "diagnostics": []
        }
      },
      {
        "index": 80,
        "part": "60596.dat",
        "description": "Door 1 x 4 x 6 Frame",
        "colour": {
          "code": 0,
          "name": null,
          "rgb": null,
          "alpha": null,
          "colour_attributes": null
        },
        "position": [
          -70.0,
          -144.0,
          0.0
        ],
        "matrix": [
          [
            0.0,
            0.0,
            1.0
          ],
          [
            0.0,
            1.0,
            0.0
          ],
          [
            -1.0,
            0.0,
            0.0
          ]
        ],
        "bounds": {
          "min": [
            -80.0,
            -148.0,
            -40.0
          ],
          "max": [
            -60.0,
            0.0,
            40.0
          ]
        },
        "section": "tidal-lantern.ldr",
        "line_number": 2969,
        "source_path": [
          null,
          2969
        ],
        "step": 1,
        "body_profile": false,
        "connector_count": 16,
        "placement_path": [
          0,
          80
        ],
        "connection_metadata": {
          "coverage": "complete",
          "source_count": 3,
          "recognized_record_count": 8,
          "unsupported_record_count": 0,
          "invalid_record_count": 0,
          "diagnostics": []
        }
      },
      {
        "index": 81,
        "part": "57895.dat",
        "description": "Glass for Window 1 x 4 x 6",
        "colour": {
          "code": 47,
          "name": null,
          "rgb": null,
          "alpha": null,
          "colour_attributes": null
        },
        "position": [
          -65.0,
          -139.0,
          0.0
        ],
        "matrix": [
          [
            0.0,
            0.0,
            1.0
          ],
          [
            0.0,
            1.0,
            0.0
          ],
          [
            -1.0,
            0.0,
            0.0
          ]
        ],
        "bounds": {
          "min": [
            -67.0,
            -140.0,
            -36.25
          ],
          "max": [
            -63.0,
            -6.5,
            36.25
          ]
        },
        "section": "tidal-lantern.ldr",
        "line_number": 2971,
        "source_path": [
          null,
          2971
        ],
        "step": 1,
        "body_profile": false,
        "connector_count": 2,
        "placement_path": [
          0,
          81
        ],
        "connection_metadata": {
          "coverage": "complete",
          "source_count": 1,
          "recognized_record_count": 2,
          "unsupported_record_count": 0,
          "invalid_record_count": 0,
          "diagnostics": []
        }
      },
      {
        "index": 82,
        "part": "60596.dat",
        "description": "Door 1 x 4 x 6 Frame",
        "colour": {
          "code": 0,
          "name": null,
          "rgb": null,
          "alpha": null,
          "colour_attributes": null
        },
        "position": [
          70.0,
          -144.0,
          0.0
        ],
        "matrix": [
          [
            0.0,
            0.0,
            -1.0
          ],
          [
            0.0,
            1.0,
            0.0
          ],
          [
            1.0,
            0.0,
            0.0
          ]
        ],
        "bounds": {
          "min": [
            60.0,
            -148.0,
            -40.0
          ],
          "max": [
            80.0,
            0.0,
            40.0
          ]
        },
        "section": "tidal-lantern.ldr",
        "line_number": 2973,
        "source_path": [
          null,
          2973
        ],
        "step": 1,
        "body_profile": false,
        "connector_count": 16,
        "placement_path": [
          0,
          82
        ],
        "connection_metadata": {
          "coverage": "complete",
          "source_count": 3,
          "recognized_record_count": 8,
          "unsupported_record_count": 0,
          "invalid_record_count": 0,
          "diagnostics": []
        }
      },
      {
        "index": 83,
        "part": "57895.dat",
        "description": "Glass for Window 1 x 4 x 6",
        "colour": {
          "code": 47,
          "name": null,
          "rgb": null,
          "alpha": null,
          "colour_attributes": null
        },
        "position": [
          65.0,
          -139.0,
          0.0
        ],
        "matrix": [
          [
            0.0,
            0.0,
            -1.0
          ],
          [
            0.0,
            1.0,
            0.0
          ],
          [
            1.0,
            0.0,
            0.0
          ]
        ],
        "bounds": {
          "min": [
            63.0,
            -140.0,
            -36.25
          ],
          "max": [
            67.0,
            -6.5,
            36.25
          ]
        },
        "section": "tidal-lantern.ldr",
        "line_number": 2975,
        "source_path": [
          null,
          2975
        ],
        "step": 1,
        "body_profile": false,
        "connector_count": 2,
        "placement_path": [
          0,
          83
        ],
        "connection_metadata": {
          "coverage": "complete",
          "source_count": 1,
          "recognized_record_count": 2,
          "unsupported_record_count": 0,
          "invalid_record_count": 0,
          "diagnostics": []
        }
      },
      {
        "index": 84,
        "part": "3031.dat",
        "description": "Plate 4 x 4",
        "colour": {
          "code": 0,
          "name": null,
          "rgb": null,
          "alpha": null,
          "colour_attributes": null
        },
        "position": [
          0.0,
          -8.0,
          0.0
        ],
        "matrix": [
          [
            1.0,
            0.0,
            0.0
          ],
          [
            0.0,
            1.0,
            0.0
          ],
          [
            0.0,
            0.0,
            1.0
          ]
        ],
        "bounds": {
          "min": [
            -40.0,
            -12.0,
            -40.0
          ],
          "max": [
            40.0,
            0.0,
            40.0
          ]
        },
        "section": "tidal-lantern.ldr",
        "line_number": 2978,
        "source_path": [
          null,
          2978
        ],
        "step": 1,
        "body_profile": true,
        "connector_count": 32,
        "placement_path": [
          0,
          84
        ],
        "connection_metadata": {
          "coverage": "complete",
          "source_count": 3,
          "recognized_record_count": 2,
          "unsupported_record_count": 0,
          "invalid_record_count": 0,
          "diagnostics": []
        }
      },
      {
        "index": 85,
        "part": "3003.dat",
        "description": "Brick 2 x 2",
        "colour": {
          "code": 297,
          "name": null,
          "rgb": null,
          "alpha": null,
          "colour_attributes": null
        },
        "position": [
          0.0,
          -32.0,
          0.0
        ],
        "matrix": [
          [
            1.0,
            0.0,
            0.0
          ],
          [
            0.0,
            1.0,
            0.0
          ],
          [
            0.0,
            0.0,
            1.0
          ]
        ],
        "bounds": {
          "min": [
            -20.0,
            -36.0,
            -20.0
          ],
          "max": [
            20.0,
            -8.0,
            20.0
          ]
        },
        "section": "tidal-lantern.ldr",
        "line_number": 2980,
        "source_path": [
          null,
          2980
        ],
        "step": 1,
        "body_profile": true,
        "connector_count": 23,
        "placement_path": [
          0,
          85
        ],
        "connection_metadata": {
          "coverage": "complete",
          "source_count": 5,
          "recognized_record_count": 7,
          "unsupported_record_count": 0,
          "invalid_record_count": 0,
          "diagnostics": []
        }
      },
      {
        "index": 86,
        "part": "3003.dat",
        "description": "Brick 2 x 2",
        "colour": {
          "code": 46,
          "name": null,
          "rgb": null,
          "alpha": null,
          "colour_attributes": null
        },
        "position": [
          0.0,
          -56.0,
          0.0
        ],
        "matrix": [
          [
            1.0,
            0.0,
            0.0
          ],
          [
            0.0,
            1.0,
            0.0
          ],
          [
            0.0,
            0.0,
            1.0
          ]
        ],
        "bounds": {
          "min": [
            -20.0,
            -60.0,
            -20.0
          ],
          "max": [
            20.0,
            -32.0,
            20.0
          ]
        },
        "section": "tidal-lantern.ldr",
        "line_number": 2982,
        "source_path": [
          null,
          2982
        ],
        "step": 1,
        "body_profile": true,
        "connector_count": 23,
        "placement_path": [
          0,
          86
        ],
        "connection_metadata": {
          "coverage": "complete",
          "source_count": 5,
          "recognized_record_count": 7,
          "unsupported_record_count": 0,
          "invalid_record_count": 0,
          "diagnostics": []
        }
      },
      {
        "index": 87,
        "part": "3003.dat",
        "description": "Brick 2 x 2",
        "colour": {
          "code": 46,
          "name": null,
          "rgb": null,
          "alpha": null,
          "colour_attributes": null
        },
        "position": [
          0.0,
          -80.0,
          0.0
        ],
        "matrix": [
          [
            1.0,
            0.0,
            0.0
          ],
          [
            0.0,
            1.0,
            0.0
          ],
          [
            0.0,
            0.0,
            1.0
          ]
        ],
        "bounds": {
          "min": [
            -20.0,
            -84.0,
            -20.0
          ],
          "max": [
            20.0,
            -56.0,
            20.0
          ]
        },
        "section": "tidal-lantern.ldr",
        "line_number": 2984,
        "source_path": [
          null,
          2984
        ],
        "step": 1,
        "body_profile": true,
        "connector_count": 23,
        "placement_path": [
          0,
          87
        ],
        "connection_metadata": {
          "coverage": "complete",
          "source_count": 5,
          "recognized_record_count": 7,
          "unsupported_record_count": 0,
          "invalid_record_count": 0,
          "diagnostics": []
        }
      },
      {
        "index": 88,
        "part": "3022.dat",
        "description": "Plate 2 x 2",
        "colour": {
          "code": 297,
          "name": null,
          "rgb": null,
          "alpha": null,
          "colour_attributes": null
        },
        "position": [
          0.0,
          -88.0,
          0.0
        ],
        "matrix": [
          [
            1.0,
            0.0,
            0.0
          ],
          [
            0.0,
            1.0,
            0.0
          ],
          [
            0.0,
            0.0,
            1.0
          ]
        ],
        "bounds": {
          "min": [
            -20.0,
            -92.0,
            -20.0
          ],
          "max": [
            20.0,
            -80.0,
            20.0
          ]
        },
        "section": "tidal-lantern.ldr",
        "line_number": 2986,
        "source_path": [
          null,
          2986
        ],
        "step": 1,
        "body_profile": true,
        "connector_count": 9,
        "placement_path": [
          0,
          88
        ],
        "connection_metadata": {
          "coverage": "complete",
          "source_count": 3,
          "recognized_record_count": 3,
          "unsupported_record_count": 0,
          "invalid_record_count": 0,
          "diagnostics": []
        }
      },
      {
        "index": 89,
        "part": "3460.dat",
        "description": "Plate 1 x 8",
        "colour": {
          "code": 0,
          "name": null,
          "rgb": null,
          "alpha": null,
          "colour_attributes": null
        },
        "position": [
          0.0,
          -152.0,
          -70.0
        ],
        "matrix": [
          [
            1.0,
            0.0,
            0.0
          ],
          [
            0.0,
            1.0,
            0.0
          ],
          [
            0.0,
            0.0,
            1.0
          ]
        ],
        "bounds": {
          "min": [
            -80.0,
            -156.0,
            -80.0
          ],
          "max": [
            80.0,
            -144.0,
            -60.0
          ]
        },
        "section": "tidal-lantern.ldr",
        "line_number": 2989,
        "source_path": [
          null,
          2989
        ],
        "step": 1,
        "body_profile": true,
        "connector_count": 23,
        "placement_path": [
          0,
          89
        ],
        "connection_metadata": {
          "coverage": "complete",
          "source_count": 3,
          "recognized_record_count": 3,
          "unsupported_record_count": 0,
          "invalid_record_count": 0,
          "diagnostics": []
        }
      },
      {
        "index": 90,
        "part": "3460.dat",
        "description": "Plate 1 x 8",
        "colour": {
          "code": 0,
          "name": null,
          "rgb": null,
          "alpha": null,
          "colour_attributes": null
        },
        "position": [
          0.0,
          -152.0,
          70.0
        ],
        "matrix": [
          [
            1.0,
            0.0,
            0.0
          ],
          [
            0.0,
            1.0,
            0.0
          ],
          [
            0.0,
            0.0,
            1.0
          ]
        ],
        "bounds": {
          "min": [
            -80.0,
            -156.0,
            60.0
          ],
          "max": [
            80.0,
            -144.0,
            80.0
          ]
        },
        "section": "tidal-lantern.ldr",
        "line_number": 2991,
        "source_path": [
          null,
          2991
        ],
        "step": 1,
        "body_profile": true,
        "connector_count": 23,
        "placement_path": [
          0,
          90
        ],
        "connection_metadata": {
          "coverage": "complete",
          "source_count": 3,
          "recognized_record_count": 3,
          "unsupported_record_count": 0,
          "invalid_record_count": 0,
          "diagnostics": []
        }
      },
      {
        "index": 91,
        "part": "3666.dat",
        "description": "Plate 1 x 6",
        "colour": {
          "code": 0,
          "name": null,
          "rgb": null,
          "alpha": null,
          "colour_attributes": null
        },
        "position": [
          -70.0,
          -152.0,
          0.0
        ],
        "matrix": [
          [
            0.0,
            0.0,
            1.0
          ],
          [
            0.0,
            1.0,
            0.0
          ],
          [
            -1.0,
            0.0,
            0.0
          ]
        ],
        "bounds": {
          "min": [
            -80.0,
            -156.0,
            -60.0
          ],
          "max": [
            -60.0,
            -144.0,
            60.0
          ]
        },
        "section": "tidal-lantern.ldr",
        "line_number": 2993,
        "source_path": [
          null,
          2993
        ],
        "step": 1,
        "body_profile": true,
        "connector_count": 17,
        "placement_path": [
          0,
          91
        ],
        "connection_metadata": {
          "coverage": "complete",
          "source_count": 3,
          "recognized_record_count": 3,
          "unsupported_record_count": 0,
          "invalid_record_count": 0,
          "diagnostics": []
        }
      },
      {
        "index": 92,
        "part": "3666.dat",
        "description": "Plate 1 x 6",
        "colour": {
          "code": 0,
          "name": null,
          "rgb": null,
          "alpha": null,
          "colour_attributes": null
        },
        "position": [
          70.0,
          -152.0,
          0.0
        ],
        "matrix": [
          [
            0.0,
            0.0,
            1.0
          ],
          [
            0.0,
            1.0,
            0.0
          ],
          [
            -1.0,
            0.0,
            0.0
          ]
        ],
        "bounds": {
          "min": [
            60.0,
            -156.0,
            -60.0
          ],
          "max": [
            80.0,
            -144.0,
            60.0
          ]
        },
        "section": "tidal-lantern.ldr",
        "line_number": 2995,
        "source_path": [
          null,
          2995
        ],
        "step": 1,
        "body_profile": true,
        "connector_count": 17,
        "placement_path": [
          0,
          92
        ],
        "connection_metadata": {
          "coverage": "complete",
          "source_count": 3,
          "recognized_record_count": 3,
          "unsupported_record_count": 0,
          "invalid_record_count": 0,
          "diagnostics": []
        }
      }
    ],
    "instances_truncated": false,
    "contacts_checked": true,
    "contact_count": 212,
    "contacts": [
      {
        "instances": [
          0,
          2
        ],
        "status": "confirmed",
        "kinds": [
          "stud",
          "stud_receptacle"
        ],
        "sources": [
          "ldcad_shadow",
          "ldcad_shadow"
        ],
        "confidence": [
          1.0,
          1.0
        ],
        "feature_ids": [
          "stud@R37/studC",
          "snap_cyl@L8:I47"
        ],
        "residual": {
          "distance": 0.0,
          "axial_gap": 0.0,
          "alignment": 1.0,
          "roll_alignment": 1.0,
          "entry_face_gap": 0.0,
          "penetration": 12.0
        }
      },
      {
        "instances": [
          0,
          2
        ],
        "status": "confirmed",
        "kinds": [
          "stud",
          "stud_receptacle"
        ],
        "sources": [
          "ldcad_shadow",
          "ldcad_shadow"
        ],
        "confidence": [
          1.0,
          1.0
        ],
        "feature_ids": [
          "stud@R38/studC",
          "snap_cyl@L8:I41"
        ],
        "residual": {
          "distance": 0.0,
          "axial_gap": 0.0,
          "alignment": 1.0,
          "roll_alignment": 1.0,
          "entry_face_gap": 0.0,
          "penetration": 12.0
        }
      },
      {
        "instances": [
          0,
          2
        ],
        "status": "confirmed",
        "kinds": [
          "stud",
          "stud_receptacle"
        ],
        "sources": [
          "ldcad_shadow",
          "ldcad_shadow"
        ],
        "confidence": [
          1.0,
          1.0
        ],
        "feature_ids": [
          "stud@R39/studC",
          "snap_cyl@L8:I35"
        ],
        "residual": {
          "distance": 0.0,
          "axial_gap": 0.0,
          "alignment": 1.0,
          "roll_alignment": 1.0,
          "entry_face_gap": 0.0,
          "penetration": 12.0
        }
      },
      {
        "instances": [
          0,
          2
        ],
        "status": "confirmed",
        "kinds": [
          "stud",
          "stud_receptacle"
        ],
        "sources": [
          "ldcad_shadow",
          "ldcad_shadow"
        ],
        "confidence": [
          1.0,
          1.0
        ],
        "feature_ids": [
          "stud@R40/studC",
          "snap_cyl@L8:I29"
        ],
        "residual": {
          "distance": 0.0,
          "axial_gap": 0.0,
          "alignment": 1.0,
          "roll_alignment": 1.0,
          "entry_face_gap": 0.0,
          "penetration": 12.0
        }
      },
      {
        "instances": [
          0,
          2
        ],
        "status": "confirmed",
        "kinds": [
          "stud",
          "stud_receptacle"
        ],
        "sources": [
          "ldcad_shadow",
          "ldcad_shadow"
        ],
        "confidence": [
          1.0,
          1.0
        ],
        "feature_ids": [
          "stud@R41/studC",
          "snap_cyl@L8:I23"
        ],
        "residual": {
          "distance": 0.0,
          "axial_gap": 0.0,
          "alignment": 1.0,
          "roll_alignment": 1.0,
          "entry_face_gap": 0.0,
          "penetration": 12.0
        }
      },
      {
        "instances": [
          0,
          2
        ],
        "status": "confirmed",
        "kinds": [
          "stud",
          "stud_receptacle"
        ],
        "sources": [
          "ldcad_shadow",
          "ldcad_shadow"
        ],
        "confidence": [
          1.0,
          1.0
        ],
        "feature_ids": [
          "stud@R42/studC",
          "snap_cyl@L8:I17"
        ],
        "residual": {
          "distance": 0.0,
          "axial_gap": 0.0,
          "alignment": 1.0,
          "roll_alignment": 1.0,
          "entry_face_gap": 0.0,
          "penetration": 12.0
        }
      },
      {
        "instances": [
          0,
          2
        ],
        "status": "confirmed",
        "kinds": [
          "stud",
          "stud_receptacle"
        ],
        "sources": [
          "ldcad_shadow",
          "ldcad_shadow"
        ],
        "confidence": [
          1.0,
          1.0
        ],
        "feature_ids": [
          "stud@R43/studC",
          "snap_cyl@L8:I11"
        ],
        "residual": {
          "distance": 0.0,
          "axial_gap": 0.0,
          "alignment": 1.0,
          "roll_alignment": 1.0,
          "entry_face_gap": 0.0,
          "penetration": 12.0
        }
      },
      {
        "instances": [
          0,
          2
        ],
        "status": "confirmed",
        "kinds": [
          "stud",
          "stud_receptacle"
        ],
        "sources": [
          "ldcad_shadow",
          "ldcad_shadow"
        ],
        "confidence": [
          1.0,
          1.0
        ],
        "feature_ids": [
          "stud@R44/studC",
          "snap_cyl@L8:I5"
        ],
        "residual": {
          "distance": 0.0,
          "axial_gap": 0.0,
          "alignment": 1.0,
          "roll_alignment": 1.0,
          "entry_face_gap": 0.0,
          "penetration": 12.0
        }
      },
      {
        "instances": [
          0,
          2
        ],
        "status": "confirmed",
        "kinds": [
          "stud",
          "stud_receptacle"
        ],
        "sources": [
          "ldcad_shadow",
          "ldcad_shadow"
        ],
        "confidence": [
          1.0,
          1.0
        ],
        "feature_ids": [
          "stud@R45/studC",
          "snap_cyl@L8:I46"
        ],
        "residual": {
          "distance": 0.0,
          "axial_gap": 0.0,
          "alignment": 1.0,
          "roll_alignment": 1.0,
          "entry_face_gap": 0.0,
          "penetration": 12.0
        }
      },
      {
        "instances": [
          0,
          2
        ],
        "status": "confirmed",
        "kinds": [
          "stud",
          "stud_receptacle"
        ],
        "sources": [
          "ldcad_shadow",
          "ldcad_shadow"
        ],
        "confidence": [
          1.0,
          1.0
        ],
        "feature_ids": [
          "stud@R46/studC",
          "snap_cyl@L8:I40"
        ],
        "residual": {
          "distance": 0.0,
          "axial_gap": 0.0,
          "alignment": 1.0,
          "roll_alignment": 1.0,
          "entry_face_gap": 0.0,
          "penetration": 12.0
        }
      },
      {
        "instances": [
          0,
          2
        ],
        "status": "confirmed",
        "kinds": [
          "stud",
          "stud_receptacle"
        ],
        "sources": [
          "ldcad_shadow",
          "ldcad_shadow"
        ],
        "confidence": [
          1.0,
          1.0
        ],
        "feature_ids": [
          "stud@R47/studC",
          "snap_cyl@L8:I34"
        ],
        "residual": {
          "distance": 0.0,
          "axial_gap": 0.0,
          "alignment": 1.0,
          "roll_alignment": 1.0,
          "entry_face_gap": 0.0,
          "penetration": 12.0
        }
      },
      {
        "instances": [
          0,
          2
        ],
        "status": "confirmed",
        "kinds": [
          "stud",
          "stud_receptacle"
        ],
        "sources": [
          "ldcad_shadow",
          "ldcad_shadow"
        ],
        "confidence": [
          1.0,
          1.0
        ],
        "feature_ids": [
          "stud@R48/studC",
          "snap_cyl@L8:I28"
        ],
        "residual": {
          "distance": 0.0,
          "axial_gap": 0.0,
          "alignment": 1.0,
          "roll_alignment": 1.0,
          "entry_face_gap": 0.0,
          "penetration": 12.0
        }
      },
      {
        "instances": [
          0,
          2
        ],
        "status": "confirmed",
        "kinds": [
          "stud",
          "stud_receptacle"
        ],
        "sources": [
          "ldcad_shadow",
          "ldcad_shadow"
        ],
        "confidence": [
          1.0,
          1.0
        ],
        "feature_ids": [
          "stud@R49/studC",
          "snap_cyl@L8:I22"
        ],
        "residual": {
          "distance": 0.0,
          "axial_gap": 0.0,
          "alignment": 1.0,
          "roll_alignment": 1.0,
          "entry_face_gap": 0.0,
          "penetration": 12.0
        }
      },
      {
        "instances": [
          0,
          2
        ],
        "status": "confirmed",
        "kinds": [
          "stud",
          "stud_receptacle"
        ],
        "sources": [
          "ldcad_shadow",
          "ldcad_shadow"
        ],
        "confidence": [
          1.0,
          1.0
        ],
        "feature_ids": [
          "stud@R50/studC",
          "snap_cyl@L8:I16"
        ],
        "residual": {
          "distance": 0.0,
          "axial_gap": 0.0,
          "alignment": 1.0,
          "roll_alignment": 1.0,
          "entry_face_gap": 0.0,
          "penetration": 12.0
        }
      },
      {
        "instances": [
          0,
          2
        ],
        "status": "confirmed",
        "kinds": [
          "stud",
          "stud_receptacle"
        ],
        "sources": [
          "ldcad_shadow",
          "ldcad_shadow"
        ],
        "confidence": [
          1.0,
          1.0
        ],
        "feature_ids": [
          "stud@R51/studC",
          "snap_cyl@L8:I10"
        ],
        "residual": {
          "distance": 0.0,
          "axial_gap": 0.0,
          "alignment": 1.0,
          "roll_alignment": 1.0,
          "entry_face_gap": 0.0,
          "penetration": 12.0
        }
      },
      {
        "instances": [
          0,
          2
        ],
        "status": "confirmed",
        "kinds": [
          "stud",
          "stud_receptacle"
        ],
        "sources": [
          "ldcad_shadow",
          "ldcad_shadow"
        ],
        "confidence": [
          1.0,
          1.0
        ],
        "feature_ids": [
          "stud@R52/studC",
          "snap_cyl@L8:I4"
        ],
        "residual": {
          "distance": 0.0,
          "axial_gap": 0.0,
          "alignment": 1.0,
          "roll_alignment": 1.0,
          "entry_face_gap": 0.0,
          "penetration": 12.0
        }
      },
      {
        "instances": [
          0,
          2
        ],
        "status": "confirmed",
        "kinds": [
          "stud",
          "stud_receptacle"
        ],
        "sources": [
          "ldcad_shadow",
          "ldcad_shadow"
        ],
        "confidence": [
          1.0,
          1.0
        ],
        "feature_ids": [
          "stud@R53/studC",
          "snap_cyl@L8:I45"
        ],
        "residual": {
          "distance": 0.0,
          "axial_gap": 0.0,
          "alignment": 1.0,
          "roll_alignment": 1.0,
          "entry_face_gap": 0.0,
          "penetration": 12.0
        }
      },
      {
        "instances": [
          0,
          2
        ],
        "status": "confirmed",
        "kinds": [
          "stud",
          "stud_receptacle"
        ],
        "sources": [
          "ldcad_shadow",
          "ldcad_shadow"
        ],
        "confidence": [
          1.0,
          1.0
        ],
        "feature_ids": [
          "stud@R54/studC",
          "snap_cyl@L8:I39"
        ],
        "residual": {
          "distance": 0.0,
          "axial_gap": 0.0,
          "alignment": 1.0,
          "roll_alignment": 1.0,
          "entry_face_gap": 0.0,
          "penetration": 12.0
        }
      },
      {
        "instances": [
          0,
          2
        ],
        "status": "confirmed",
        "kinds": [
          "stud",
          "stud_receptacle"
        ],
        "sources": [
          "ldcad_shadow",
          "ldcad_shadow"
        ],
        "confidence": [
          1.0,
          1.0
        ],
        "feature_ids": [
          "stud@R55/studC",
          "snap_cyl@L8:I33"
        ],
        "residual": {
          "distance": 0.0,
          "axial_gap": 0.0,
          "alignment": 1.0,
          "roll_alignment": 1.0,
          "entry_face_gap": 0.0,
          "penetration": 12.0
        }
      },
      {
        "instances": [
          0,
          2
        ],
        "status": "confirmed",
        "kinds": [
          "stud",
          "stud_receptacle"
        ],
        "sources": [
          "ldcad_shadow",
          "ldcad_shadow"
        ],
        "confidence": [
          1.0,
          1.0
        ],
        "feature_ids": [
          "stud@R56/studC",
          "snap_cyl@L8:I27"
        ],
        "residual": {
          "distance": 0.0,
          "axial_gap": 0.0,
          "alignment": 1.0,
          "roll_alignment": 1.0,
          "entry_face_gap": 0.0,
          "penetration": 12.0
        }
      },
      {
        "instances": [
          0,
          2
        ],
        "status": "confirmed",
        "kinds": [
          "stud",
          "stud_receptacle"
        ],
        "sources": [
          "ldcad_shadow",
          "ldcad_shadow"
        ],
        "confidence": [
          1.0,
          1.0
        ],
        "feature_ids": [
          "stud@R57/studC",
          "snap_cyl@L8:I21"
        ],
        "residual": {
          "distance": 0.0,
          "axial_gap": 0.0,
          "alignment": 1.0,
          "roll_alignment": 1.0,
          "entry_face_gap": 0.0,
          "penetration": 12.0
        }
      },
      {
        "instances": [
          0,
          2
        ],
        "status": "confirmed",
        "kinds": [
          "stud",
          "stud_receptacle"
        ],
        "sources": [
          "ldcad_shadow",
          "ldcad_shadow"
        ],
        "confidence": [
          1.0,
          1.0
        ],
        "feature_ids": [
          "stud@R58/studC",
          "snap_cyl@L8:I15"
        ],
        "residual": {
          "distance": 0.0,
          "axial_gap": 0.0,
          "alignment": 1.0,
          "roll_alignment": 1.0,
          "entry_face_gap": 0.0,
          "penetration": 12.0
        }
      },
      {
        "instances": [
          0,
          2
        ],
        "status": "confirmed",
        "kinds": [
          "stud",
          "stud_receptacle"
        ],
        "sources": [
          "ldcad_shadow",
          "ldcad_shadow"
        ],
        "confidence": [
          1.0,
          1.0
        ],
        "feature_ids": [
          "stud@R59/studC",
          "snap_cyl@L8:I9"
        ],
        "residual": {
          "distance": 0.0,
          "axial_gap": 0.0,
          "alignment": 1.0,
          "roll_alignment": 1.0,
          "entry_face_gap": 0.0,
          "penetration": 12.0
        }
      },
      {
        "instances": [
          0,
          2
        ],
        "status": "confirmed",
        "kinds": [
          "stud",
          "stud_receptacle"
        ],
        "sources": [
          "ldcad_shadow",
          "ldcad_shadow"
        ],
        "confidence": [
          1.0,
          1.0
        ],
        "feature_ids": [
          "stud@R60/studC",
          "snap_cyl@L8:I3"
        ],
        "residual": {
          "distance": 0.0,
          "axial_gap": 0.0,
          "alignment": 1.0,
          "roll_alignment": 1.0,
          "entry_face_gap": 0.0,
          "penetration": 12.0
        }
      },
      {
        "instances": [
          0,
          2
        ],
        "status": "confirmed",
        "kinds": [
          "stud",
          "stud_receptacle"
        ],
        "sources": [
          "ldcad_shadow",
          "ldcad_shadow"
        ],
        "confidence": [
          1.0,
          1.0
        ],
        "feature_ids": [
          "stud@R61/studC",
          "snap_cyl@L8:I44"
        ],
        "residual": {
          "distance": 0.0,
          "axial_gap": 0.0,
          "alignment": 1.0,
          "roll_alignment": 1.0,
          "entry_face_gap": 0.0,
          "penetration": 12.0
        }
      },
      {
        "instances": [
          0,
          2
        ],
        "status": "confirmed",
        "kinds": [
          "stud",
          "stud_receptacle"
        ],
        "sources": [
          "ldcad_shadow",
          "ldcad_shadow"
        ],
        "confidence": [
          1.0,
          1.0
        ],
        "feature_ids": [
          "stud@R62/studC",
          "snap_cyl@L8:I38"
        ],
        "residual": {
          "distance": 0.0,
          "axial_gap": 0.0,
          "alignment": 1.0,
          "roll_alignment": 1.0,
          "entry_face_gap": 0.0,
          "penetration": 12.0
        }
      },
      {
        "instances": [
          0,
          2
        ],
        "status": "confirmed",
        "kinds": [
          "stud",
          "stud_receptacle"
        ],
        "sources": [
          "ldcad_shadow",
          "ldcad_shadow"
        ],
        "confidence": [
          1.0,
          1.0
        ],
        "feature_ids": [
          "stud@R63/studC",
          "snap_cyl@L8:I32"
        ],
        "residual": {
          "distance": 0.0,
          "axial_gap": 0.0,
          "alignment": 1.0,
          "roll_alignment": 1.0,
          "entry_face_gap": 0.0,
          "penetration": 12.0
        }
      },
      {
        "instances": [
          0,
          2
        ],
        "status": "confirmed",
        "kinds": [
          "stud",
          "stud_receptacle"
        ],
        "sources": [
          "ldcad_shadow",
          "ldcad_shadow"
        ],
        "confidence": [
          1.0,
          1.0
        ],
        "feature_ids": [
          "stud@R64/studC",
          "snap_cyl@L8:I26"
        ],
        "residual": {
          "distance": 0.0,
          "axial_gap": 0.0,
          "alignment": 1.0,
          "roll_alignment": 1.0,
          "entry_face_gap": 0.0,
          "penetration": 12.0
        }
      },
      {
        "instances": [
          0,
          2
        ],
        "status": "confirmed",
        "kinds": [
          "stud",
          "stud_receptacle"
        ],
        "sources": [
          "ldcad_shadow",
          "ldcad_shadow"
        ],
        "confidence": [
          1.0,
          1.0
        ],
        "feature_ids": [
          "stud@R65/studC",
          "snap_cyl@L8:I20"
        ],
        "residual": {
          "distance": 0.0,
          "axial_gap": 0.0,
          "alignment": 1.0,
          "roll_alignment": 1.0,
          "entry_face_gap": 0.0,
          "penetration": 12.0
        }
      },
      {
        "instances": [
          0,
          2
        ],
        "status": "confirmed",
        "kinds": [
          "stud",
          "stud_receptacle"
        ],
        "sources": [
          "ldcad_shadow",
          "ldcad_shadow"
        ],
        "confidence": [
          1.0,
          1.0
        ],
        "feature_ids": [
          "stud@R66/studC",
          "snap_cyl@L8:I14"
        ],
        "residual": {
          "distance": 0.0,
          "axial_gap": 0.0,
          "alignment": 1.0,
          "roll_alignment": 1.0,
          "entry_face_gap": 0.0,
          "penetration": 12.0
        }
      },
      {
        "instances": [
          0,
          2
        ],
        "status": "confirmed",
        "kinds": [
          "stud",
          "stud_receptacle"
        ],
        "sources": [
          "ldcad_shadow",
          "ldcad_shadow"
        ],
        "confidence": [
          1.0,
          1.0
        ],
        "feature_ids": [
          "stud@R67/studC",
          "snap_cyl@L8:I8"
        ],
        "residual": {
          "distance": 0.0,
          "axial_gap": 0.0,
          "alignment": 1.0,
          "roll_alignment": 1.0,
          "entry_face_gap": 0.0,
          "penetration": 12.0
        }
      },
      {
        "instances": [
          0,
          2
        ],
        "status": "confirmed",
        "kinds": [
          "stud",
          "stud_receptacle"
        ],
        "sources": [
          "ldcad_shadow",
          "ldcad_shadow"
        ],
        "confidence": [
          1.0,
          1.0
        ],
        "feature_ids": [
          "stud@R68/studC",
          "snap_cyl@L8:I2"
        ],
        "residual": {
          "distance": 0.0,
          "axial_gap": 0.0,
          "alignment": 1.0,
          "roll_alignment": 1.0,
          "entry_face_gap": 0.0,
          "penetration": 12.0
        }
      },
      {
        "instances": [
          0,
          2
        ],
        "status": "confirmed",
        "kinds": [
          "stud",
          "stud_receptacle"
        ],
        "sources": [
          "ldcad_shadow",
          "ldcad_shadow"
        ],
        "confidence": [
          1.0,
          1.0
        ],
        "feature_ids": [
          "stud@R69/studC",
          "snap_cyl@L8:I43"
        ],
        "residual": {
          "distance": 0.0,
          "axial_gap": 0.0,
          "alignment": 1.0,
          "roll_alignment": 1.0,
          "entry_face_gap": 0.0,
          "penetration": 12.0
        }
      },
      {
        "instances": [
          0,
          2
        ],
        "status": "confirmed",
        "kinds": [
          "stud",
          "stud_receptacle"
        ],
        "sources": [
          "ldcad_shadow",
          "ldcad_shadow"
        ],
        "confidence": [
          1.0,
          1.0
        ],
        "feature_ids": [
          "stud@R70/studC",
          "snap_cyl@L8:I37"
        ],
        "residual": {
          "distance": 0.0,
          "axial_gap": 0.0,
          "alignment": 1.0,
          "roll_alignment": 1.0,
          "entry_face_gap": 0.0,
          "penetration": 12.0
        }
      },
      {
        "instances": [
          0,
          2
        ],
        "status": "confirmed",
        "kinds": [
          "stud",
          "stud_receptacle"
        ],
        "sources": [
          "ldcad_shadow",
          "ldcad_shadow"
        ],
        "confidence": [
          1.0,
          1.0
        ],
        "feature_ids": [
          "stud@R71/studC",
          "snap_cyl@L8:I31"
        ],
        "residual": {
          "distance": 0.0,
          "axial_gap": 0.0,
          "alignment": 1.0,
          "roll_alignment": 1.0,
          "entry_face_gap": 0.0,
          "penetration": 12.0
        }
      },
      {
        "instances": [
          0,
          2
        ],
        "status": "confirmed",
        "kinds": [
          "stud",
          "stud_receptacle"
        ],
        "sources": [
          "ldcad_shadow",
          "ldcad_shadow"
        ],
        "confidence": [
          1.0,
          1.0
        ],
        "feature_ids": [
          "stud@R72/studC",
          "snap_cyl@L8:I25"
        ],
        "residual": {
          "distance": 0.0,
          "axial_gap": 0.0,
          "alignment": 1.0,
          "roll_alignment": 1.0,
          "entry_face_gap": 0.0,
          "penetration": 12.0
        }
      },
      {
        "instances": [
          0,
          2
        ],
        "status": "confirmed",
        "kinds": [
          "stud",
          "stud_receptacle"
        ],
        "sources": [
          "ldcad_shadow",
          "ldcad_shadow"
        ],
        "confidence": [
          1.0,
          1.0
        ],
        "feature_ids": [
          "stud@R73/studC",
          "snap_cyl@L8:I19"
        ],
        "residual": {
          "distance": 0.0,
          "axial_gap": 0.0,
          "alignment": 1.0,
          "roll_alignment": 1.0,
          "entry_face_gap": 0.0,
          "penetration": 12.0
        }
      },
      {
        "instances": [
          0,
          2
        ],
        "status": "confirmed",
        "kinds": [
          "stud",
          "stud_receptacle"
        ],
        "sources": [
          "ldcad_shadow",
          "ldcad_shadow"
        ],
        "confidence": [
          1.0,
          1.0
        ],
        "feature_ids": [
          "stud@R74/studC",
          "snap_cyl@L8:I13"
        ],
        "residual": {
          "distance": 0.0,
          "axial_gap": 0.0,
          "alignment": 1.0,
          "roll_alignment": 1.0,
          "entry_face_gap": 0.0,
          "penetration": 12.0
        }
      },
      {
        "instances": [
          0,
          2
        ],
        "status": "confirmed",
        "kinds": [
          "stud",
          "stud_receptacle"
        ],
        "sources": [
          "ldcad_shadow",
          "ldcad_shadow"
        ],
        "confidence": [
          1.0,
          1.0
        ],
        "feature_ids": [
          "stud@R75/studC",
          "snap_cyl@L8:I7"
        ],
        "residual": {
          "distance": 0.0,
          "axial_gap": 0.0,
          "alignment": 1.0,
          "roll_alignment": 1.0,
          "entry_face_gap": 0.0,
          "penetration": 12.0
        }
      },
      {
        "instances": [
          0,
          2
        ],
        "status": "confirmed",
        "kinds": [
          "stud",
          "stud_receptacle"
        ],
        "sources": [
          "ldcad_shadow",
          "ldcad_shadow"
        ],
        "confidence": [
          1.0,
          1.0
        ],
        "feature_ids": [
          "stud@R76/studC",
          "snap_cyl@L8:I1"
        ],
        "residual": {
          "distance": 0.0,
          "axial_gap": 0.0,
          "alignment": 1.0,
          "roll_alignment": 1.0,
          "entry_face_gap": 0.0,
          "penetration": 12.0
        }
      },
      {
        "instances": [
          0,
          2
        ],
        "status": "confirmed",
        "kinds": [
          "stud",
          "stud_receptacle"
        ],
        "sources": [
          "ldcad_shadow",
          "ldcad_shadow"
        ],
        "confidence": [
          1.0,
          1.0
        ],
        "feature_ids": [
          "stud@R77/studC",
          "snap_cyl@L8:I42"
        ],
        "residual": {
          "distance": 0.0,
          "axial_gap": 0.0,
          "alignment": 1.0,
          "roll_alignment": 1.0,
          "entry_face_gap": 0.0,
          "penetration": 12.0
        }
      },
      {
        "instances": [
          0,
          2
        ],
        "status": "confirmed",
        "kinds": [
          "stud",
          "stud_receptacle"
        ],
        "sources": [
          "ldcad_shadow",
          "ldcad_shadow"
        ],
        "confidence": [
          1.0,
          1.0
        ],
        "feature_ids": [
          "stud@R78/studC",
          "snap_cyl@L8:I36"
        ],
        "residual": {
          "distance": 0.0,
          "axial_gap": 0.0,
          "alignment": 1.0,
          "roll_alignment": 1.0,
          "entry_face_gap": 0.0,
          "penetration": 12.0
        }
      },
      {
        "instances": [
          0,
          2
        ],
        "status": "confirmed",
        "kinds": [
          "stud",
          "stud_receptacle"
        ],
        "sources": [
          "ldcad_shadow",
          "ldcad_shadow"
        ],
        "confidence": [
          1.0,
          1.0
        ],
        "feature_ids": [
          "stud@R79/studC",
          "snap_cyl@L8:I30"
        ],
        "residual": {
          "distance": 0.0,
          "axial_gap": 0.0,
          "alignment": 1.0,
          "roll_alignment": 1.0,
          "entry_face_gap": 0.0,
          "penetration": 12.0
        }
      },
      {
        "instances": [
          0,
          2
        ],
        "status": "confirmed",
        "kinds": [
          "stud",
          "stud_receptacle"
        ],
        "sources": [
          "ldcad_shadow",
          "ldcad_shadow"
        ],
        "confidence": [
          1.0,
          1.0
        ],
        "feature_ids": [
          "stud@R80/studC",
          "snap_cyl@L8:I24"
        ],
        "residual": {
          "distance": 0.0,
          "axial_gap": 0.0,
          "alignment": 1.0,
          "roll_alignment": 1.0,
          "entry_face_gap": 0.0,
          "penetration": 12.0
        }
      },
      {
        "instances": [
          0,
          2
        ],
        "status": "confirmed",
        "kinds": [
          "stud",
          "stud_receptacle"
        ],
        "sources": [
          "ldcad_shadow",
          "ldcad_shadow"
        ],
        "confidence": [
          1.0,
          1.0
        ],
        "feature_ids": [
          "stud@R81/studC",
          "snap_cyl@L8:I18"
        ],
        "residual": {
          "distance": 0.0,
          "axial_gap": 0.0,
          "alignment": 1.0,
          "roll_alignment": 1.0,
          "entry_face_gap": 0.0,
          "penetration": 12.0
        }
      },
      {
        "instances": [
          0,
          2
        ],
        "status": "confirmed",
        "kinds": [
          "stud",
          "stud_receptacle"
        ],
        "sources": [
          "ldcad_shadow",
          "ldcad_shadow"
        ],
        "confidence": [
          1.0,
          1.0
        ],
        "feature_ids": [
          "stud@R82/studC",
          "snap_cyl@L8:I12"
        ],
        "residual": {
          "distance": 0.0,
          "axial_gap": 0.0,
          "alignment": 1.0,
          "roll_alignment": 1.0,
          "entry_face_gap": 0.0,
          "penetration": 12.0
        }
      },
      {
        "instances": [
          0,
          2
        ],
        "status": "confirmed",
        "kinds": [
          "stud",
          "stud_receptacle"
        ],
        "sources": [
          "ldcad_shadow",
          "ldcad_shadow"
        ],
        "confidence": [
          1.0,
          1.0
        ],
        "feature_ids": [
          "stud@R83/studC",
          "snap_cyl@L8:I6"
        ],
        "residual": {
          "distance": 0.0,
          "axial_gap": 0.0,
          "alignment": 1.0,
          "roll_alignment": 1.0,
          "entry_face_gap": 0.0,
          "penetration": 12.0
        }
      },
      {
        "instances": [
          0,
          2
        ],
        "status": "confirmed",
        "kinds": [
          "stud",
          "stud_receptacle"
        ],
        "sources": [
          "ldcad_shadow",
          "ldcad_shadow"
        ],
        "confidence": [
          1.0,
          1.0
        ],
        "feature_ids": [
          "stud@R84/studC",
          "snap_cyl@L8:I0"
        ],
        "residual": {
          "distance": 0.0,
          "axial_gap": 0.0,
          "alignment": 1.0,
          "roll_alignment": 1.0,
          "entry_face_gap": 0.0,
          "penetration": 12.0
        }
      },
      {
        "instances": [
          1,
          3
        ],
        "status": "confirmed",
        "kinds": [
          "stud",
          "stud_receptacle"
        ],
        "sources": [
          "ldcad_shadow",
          "ldcad_shadow"
        ],
        "confidence": [
          1.0,
          1.0
        ],
        "feature_ids": [
          "stud@R10/studC",
          "snap_cyl@L8:I13"
        ],
        "residual": {
          "distance": 0.0,
          "axial_gap": 0.0,
          "alignment": 1.0,
          "roll_alignment": 1.0,
          "entry_face_gap": 0.0,
          "penetration": 12.0
        }
      },
      {
        "instances": [
          1,
          3
        ],
        "status": "confirmed",
        "kinds": [
          "stud",
          "stud_receptacle"
        ],
        "sources": [
          "ldcad_shadow",
          "ldcad_shadow"
        ],
        "confidence": [
          1.0,
          1.0
        ],
        "feature_ids": [
          "stud@R11/studC",
          "snap_cyl@L8:I11"
        ],
        "residual": {
          "distance": 0.0,
          "axial_gap": 0.0,
          "alignment": 1.0,
          "roll_alignment": 1.0,
          "entry_face_gap": 0.0,
          "penetration": 12.0
        }
      },
      {
        "instances": [
          1,
          3
        ],
        "status": "confirmed",
        "kinds": [
          "stud",
          "stud_receptacle"
        ],
        "sources": [
          "ldcad_shadow",
          "ldcad_shadow"
        ],
        "confidence": [
          1.0,
          1.0
        ],
        "feature_ids": [
          "stud@R12/studC",
          "snap_cyl@L8:I9"
        ],
        "residual": {
          "distance": 0.0,
          "axial_gap": 0.0,
          "alignment": 1.0,
          "roll_alignment": 1.0,
          "entry_face_gap": 0.0,
          "penetration": 12.0
        }
      },
      {
        "instances": [
          1,
          3
        ],
        "status": "confirmed",
        "kinds": [
          "stud",
          "stud_receptacle"
        ],
        "sources": [
          "ldcad_shadow",
          "ldcad_shadow"
        ],
        "confidence": [
          1.0,
          1.0
        ],
        "feature_ids": [
          "stud@R13/studC",
          "snap_cyl@L8:I7"
        ],
        "residual": {
          "distance": 0.0,
          "axial_gap": 0.0,
          "alignment": 1.0,
          "roll_alignment": 1.0,
          "entry_face_gap": 0.0,
          "penetration": 12.0
        }
      },
      {
        "instances": [
          1,
          3
        ],
        "status": "confirmed",
        "kinds": [
          "stud",
          "stud_receptacle"
        ],
        "sources": [
          "ldcad_shadow",
          "ldcad_shadow"
        ],
        "confidence": [
          1.0,
          1.0
        ],
        "feature_ids": [
          "stud@R14/studC",
          "snap_cyl@L8:I5"
        ],
        "residual": {
          "distance": 0.0,
          "axial_gap": 0.0,
          "alignment": 1.0,
          "roll_alignment": 1.0,
          "entry_face_gap": 0.0,
          "penetration": 12.0
        }
      },
      {
        "instances": [
          1,
          3
        ],
        "status": "confirmed",
        "kinds": [
          "stud",
          "stud_receptacle"
        ],
        "sources": [
          "ldcad_shadow",
          "ldcad_shadow"
        ],
        "confidence": [
          1.0,
          1.0
        ],
        "feature_ids": [
          "stud@R15/studC",
          "snap_cyl@L8:I3"
        ],
        "residual": {
          "distance": 0.0,
          "axial_gap": 0.0,
          "alignment": 1.0,
          "roll_alignment": 1.0,
          "entry_face_gap": 0.0,
          "penetration": 12.0
        }
      },
      {
        "instances": [
          1,
          3
        ],
        "status": "confirmed",
        "kinds": [
          "stud",
          "stud_receptacle"
        ],
        "sources": [
          "ldcad_shadow",
          "ldcad_shadow"
        ],
        "confidence": [
          1.0,
          1.0
        ],
        "feature_ids": [
          "stud@R16/studC",
          "snap_cyl@L8:I1"
        ],
        "residual": {
          "distance": 0.0,
          "axial_gap": 0.0,
          "alignment": 1.0,
          "roll_alignment": 1.0,
          "entry_face_gap": 0.0,
          "penetration": 12.0
        }
      },
      {
        "instances": [
          1,
          3
        ],
        "status": "confirmed",
        "kinds": [
          "stud",
          "stud_receptacle"
        ],
        "sources": [
          "ldcad_shadow",
          "ldcad_shadow"
        ],
        "confidence": [
          1.0,
          1.0
        ],
        "feature_ids": [
          "stud@R17/studC",
          "snap_cyl@L8:I14"
        ],
        "residual": {
          "distance": 0.0,
          "axial_gap": 0.0,
          "alignment": 1.0,
          "roll_alignment": 1.0,
          "entry_face_gap": 0.0,
          "penetration": 12.0
        }
      },
      {
        "instances": [
          1,
          3
        ],
        "status": "confirmed",
        "kinds": [
          "stud",
          "stud_receptacle"
        ],
        "sources": [
          "ldcad_shadow",
          "ldcad_shadow"
        ],
        "confidence": [
          1.0,
          1.0
        ],
        "feature_ids": [
          "stud@R18/studC",
          "snap_cyl@L8:I12"
        ],
        "residual": {
          "distance": 0.0,
          "axial_gap": 0.0,
          "alignment": 1.0,
          "roll_alignment": 1.0,
          "entry_face_gap": 0.0,
          "penetration": 12.0
        }
      },
      {
        "instances": [
          1,
          3
        ],
        "status": "confirmed",
        "kinds": [
          "stud",
          "stud_receptacle"
        ],
        "sources": [
          "ldcad_shadow",
          "ldcad_shadow"
        ],
        "confidence": [
          1.0,
          1.0
        ],
        "feature_ids": [
          "stud@R19/studC",
          "snap_cyl@L8:I10"
        ],
        "residual": {
          "distance": 0.0,
          "axial_gap": 0.0,
          "alignment": 1.0,
          "roll_alignment": 1.0,
          "entry_face_gap": 0.0,
          "penetration": 12.0
        }
      },
      {
        "instances": [
          1,
          3
        ],
        "status": "confirmed",
        "kinds": [
          "stud",
          "stud_receptacle"
        ],
        "sources": [
          "ldcad_shadow",
          "ldcad_shadow"
        ],
        "confidence": [
          1.0,
          1.0
        ],
        "feature_ids": [
          "stud@R20/studC",
          "snap_cyl@L8:I8"
        ],
        "residual": {
          "distance": 0.0,
          "axial_gap": 0.0,
          "alignment": 1.0,
          "roll_alignment": 1.0,
          "entry_face_gap": 0.0,
          "penetration": 12.0
        }
      },
      {
        "instances": [
          1,
          3
        ],
        "status": "confirmed",
        "kinds": [
          "stud",
          "stud_receptacle"
        ],
        "sources": [
          "ldcad_shadow",
          "ldcad_shadow"
        ],
        "confidence": [
          1.0,
          1.0
        ],
        "feature_ids": [
          "stud@R21/studC",
          "snap_cyl@L8:I6"
        ],
        "residual": {
          "distance": 0.0,
          "axial_gap": 0.0,
          "alignment": 1.0,
          "roll_alignment": 1.0,
          "entry_face_gap": 0.0,
          "penetration": 12.0
        }
      },
      {
        "instances": [
          1,
          3
        ],
        "status": "confirmed",
        "kinds": [
          "stud",
          "stud_receptacle"
        ],
        "sources": [
          "ldcad_shadow",
          "ldcad_shadow"
        ],
        "confidence": [
          1.0,
          1.0
        ],
        "feature_ids": [
          "stud@R22/studC",
          "snap_cyl@L8:I4"
        ],
        "residual": {
          "distance": 0.0,
          "axial_gap": 0.0,
          "alignment": 1.0,
          "roll_alignment": 1.0,
          "entry_face_gap": 0.0,
          "penetration": 12.0
        }
      },
      {
        "instances": [
          1,
          3
        ],
        "status": "confirmed",
        "kinds": [
          "stud",
          "stud_receptacle"
        ],
        "sources": [
          "ldcad_shadow",
          "ldcad_shadow"
        ],
        "confidence": [
          1.0,
          1.0
        ],
        "feature_ids": [
          "stud@R23/studC",
          "snap_cyl@L8:I2"
        ],
        "residual": {
          "distance": 0.0,
          "axial_gap": 0.0,
          "alignment": 1.0,
          "roll_alignment": 1.0,
          "entry_face_gap": 0.0,
          "penetration": 12.0
        }
      },
      {
        "instances": [
          1,
          3
        ],
        "status": "confirmed",
        "kinds": [
          "stud",
          "stud_receptacle"
        ],
        "sources": [
          "ldcad_shadow",
          "ldcad_shadow"
        ],
        "confidence": [
          1.0,
          1.0
        ],
        "feature_ids": [
          "stud@R24/studC",
          "snap_cyl@L8:I0"
        ],
        "residual": {
          "distance": 0.0,
          "axial_gap": 0.0,
          "alignment": 1.0,
          "roll_alignment": 1.0,
          "entry_face_gap": 0.0,
          "penetration": 12.0
        }
      },
      {
        "instances": [
          1,
          3
        ],
        "status": "confirmed",
        "kinds": [
          "stud",
          "stud_receptacle"
        ],
        "sources": [
          "ldcad_shadow",
          "ldcad_shadow"
        ],
        "confidence": [
          1.0,
          1.0
        ],
        "feature_ids": [
          "stud@R9/studC",
          "snap_cyl@L8:I15"
        ],
        "residual": {
          "distance": 0.0,
          "axial_gap": 0.0,
          "alignment": 1.0,
          "roll_alignment": 1.0,
          "entry_face_gap": 0.0,
          "penetration": 12.0
        }
      },
      {
        "instances": [
          2,
          4
        ],
        "status": "potential",
        "kinds": [
          "stud",
          "stud_receptacle"
        ],
        "sources": [
          "ldcad_shadow",
          "heuristic"
        ],
        "confidence": [
          1.0,
          0.8
        ],
        "feature_ids": [
          "stud@R84/studC",
          "s/3005s01@R0/snap_cyl@L8:I0"
        ],
        "residual": {
          "distance": 0.0,
          "axial_gap": 0.0,
          "alignment": 1.0,
          "roll_alignment": 1.0,
          "entry_face_gap": 0.0,
          "penetration": 28.0
        }
      },
      {
        "instances": [
          2,
          6
        ],
        "status": "potential",
        "kinds": [
          "stud",
          "stud_receptacle"
        ],
        "sources": [
          "ldcad_shadow",
          "heuristic"
        ],
        "confidence": [
          1.0,
          0.8
        ],
        "feature_ids": [
          "stud@R77/studC",
          "s/3005s01@R0/snap_cyl@L8:I0"
        ],
        "residual": {
          "distance": 0.0,
          "axial_gap": 0.0,
          "alignment": 1.0,
          "roll_alignment": 1.0,
          "entry_face_gap": 0.0,
          "penetration": 28.0
        }
      },
      {
        "instances": [
          2,
          8
        ],
        "status": "potential",
        "kinds": [
          "stud",
          "stud_receptacle"
        ],
        "sources": [
          "ldcad_shadow",
          "heuristic"
        ],
        "confidence": [
          1.0,
          0.8
        ],
        "feature_ids": [
          "stud@R83/studC",
          "s/3005s01@R0/snap_cyl@L8:I0"
        ],
        "residual": {
          "distance": 0.0,
          "axial_gap": 0.0,
          "alignment": 1.0,
          "roll_alignment": 1.0,
          "entry_face_gap": 0.0,
          "penetration": 28.0
        }
      },
      {
        "instances": [
          2,
          9
        ],
        "status": "potential",
        "kinds": [
          "stud",
          "stud_receptacle"
        ],
        "sources": [
          "ldcad_shadow",
          "heuristic"
        ],
        "confidence": [
          1.0,
          0.8
        ],
        "feature_ids": [
          "stud@R78/studC",
          "s/3005s01@R0/snap_cyl@L8:I0"
        ],
        "residual": {
          "distance": 0.0,
          "axial_gap": 0.0,
          "alignment": 1.0,
          "roll_alignment": 1.0,
          "entry_face_gap": 0.0,
          "penetration": 28.0
        }
      },
      {
        "instances": [
          2,
          12
        ],
        "status": "potential",
        "kinds": [
          "stud",
          "stud_receptacle"
        ],
        "sources": [
          "ldcad_shadow",
          "heuristic"
        ],
        "confidence": [
          1.0,
          0.8
        ],
        "feature_ids": [
          "stud@R76/studC",
          "s/3005s01@R0/snap_cyl@L8:I0"
        ],
        "residual": {
          "distance": 0.0,
          "axial_gap": 0.0,
          "alignment": 1.0,
          "roll_alignment": 1.0,
          "entry_face_gap": 0.0,
          "penetration": 28.0
        }
      },
      {
        "instances": [
          2,
          14
        ],
        "status": "potential",
        "kinds": [
          "stud",
          "stud_receptacle"
        ],
        "sources": [
          "ldcad_shadow",
          "heuristic"
        ],
        "confidence": [
          1.0,
          0.8
        ],
        "feature_ids": [
          "stud@R69/studC",
          "s/3005s01@R0/snap_cyl@L8:I0"
        ],
        "residual": {
          "distance": 0.0,
          "axial_gap": 0.0,
          "alignment": 1.0,
          "roll_alignment": 1.0,
          "entry_face_gap": 0.0,
          "penetration": 28.0
        }
      },
      {
        "instances": [
          2,
          76
        ],
        "status": "potential",
        "kinds": [
          "stud",
          "stud_receptacle"
        ],
        "sources": [
          "ldcad_shadow",
          "heuristic"
        ],
        "confidence": [
          1.0,
          0.8
        ],
        "feature_ids": [
          "stud@R79/studC",
          "snap_cyl@L8:I3"
        ],
        "residual": {
          "distance": 0.0,
          "axial_gap": 0.0,
          "alignment": 1.0,
          "roll_alignment": 1.0,
          "entry_face_gap": 0.0,
          "penetration": 148.0
        }
      },
      {
        "instances": [
          2,
          76
        ],
        "status": "potential",
        "kinds": [
          "stud",
          "stud_receptacle"
        ],
        "sources": [
          "ldcad_shadow",
          "heuristic"
        ],
        "confidence": [
          1.0,
          0.8
        ],
        "feature_ids": [
          "stud@R80/studC",
          "snap_cyl@L8:I2"
        ],
        "residual": {
          "distance": 0.0,
          "axial_gap": 0.0,
          "alignment": 1.0,
          "roll_alignment": 1.0,
          "entry_face_gap": 0.0,
          "penetration": 148.0
        }
      },
      {
        "instances": [
          2,
          76
        ],
        "status": "potential",
        "kinds": [
          "stud",
          "stud_receptacle"
        ],
        "sources": [
          "ldcad_shadow",
          "heuristic"
        ],
        "confidence": [
          1.0,
          0.8
        ],
        "feature_ids": [
          "stud@R81/studC",
          "snap_cyl@L8:I1"
        ],
        "residual": {
          "distance": 0.0,
          "axial_gap": 0.0,
          "alignment": 1.0,
          "roll_alignment": 1.0,
          "entry_face_gap": 0.0,
          "penetration": 148.0
        }
      },
      {
        "instances": [
          2,
          76
        ],
        "status": "potential",
        "kinds": [
          "stud",
          "stud_receptacle"
        ],
        "sources": [
          "ldcad_shadow",
          "heuristic"
        ],
        "confidence": [
          1.0,
          0.8
        ],
        "feature_ids": [
          "stud@R82/studC",
          "snap_cyl@L8:I0"
        ],
        "residual": {
          "distance": 0.0,
          "axial_gap": 0.0,
          "alignment": 1.0,
          "roll_alignment": 1.0,
          "entry_face_gap": 0.0,
          "penetration": 148.0
        }
      },
      {
        "instances": [
          2,
          80
        ],
        "status": "potential",
        "kinds": [
          "stud",
          "stud_receptacle"
        ],
        "sources": [
          "ldcad_shadow",
          "heuristic"
        ],
        "confidence": [
          1.0,
          0.8
        ],
        "feature_ids": [
          "stud@R44/studC",
          "snap_cyl@L8:I0"
        ],
        "residual": {
          "distance": 0.0,
          "axial_gap": 0.0,
          "alignment": 1.0,
          "roll_alignment": 1.0,
          "entry_face_gap": 0.0,
          "penetration": 148.0
        }
      },
      {
        "instances": [
          2,
          80
        ],
        "status": "potential",
        "kinds": [
          "stud",
          "stud_receptacle"
        ],
        "sources": [
          "ldcad_shadow",
          "heuristic"
        ],
        "confidence": [
          1.0,
          0.8
        ],
        "feature_ids": [
          "stud@R52/studC",
          "snap_cyl@L8:I1"
        ],
        "residual": {
          "distance": 0.0,
          "axial_gap": 0.0,
          "alignment": 1.0,
          "roll_alignment": 1.0,
          "entry_face_gap": 0.0,
          "penetration": 148.0
        }
      },
      {
        "instances": [
          2,
          80
        ],
        "status": "potential",
        "kinds": [
          "stud",
          "stud_receptacle"
        ],
        "sources": [
          "ldcad_shadow",
          "heuristic"
        ],
        "confidence": [
          1.0,
          0.8
        ],
        "feature_ids": [
          "stud@R60/studC",
          "snap_cyl@L8:I2"
        ],
        "residual": {
          "distance": 0.0,
          "axial_gap": 0.0,
          "alignment": 1.0,
          "roll_alignment": 1.0,
          "entry_face_gap": 0.0,
          "penetration": 148.0
        }
      },
      {
        "instances": [
          2,
          80
        ],
        "status": "potential",
        "kinds": [
          "stud",
          "stud_receptacle"
        ],
        "sources": [
          "ldcad_shadow",
          "heuristic"
        ],
        "confidence": [
          1.0,
          0.8
        ],
        "feature_ids": [
          "stud@R68/studC",
          "snap_cyl@L8:I3"
        ],
        "residual": {
          "distance": 0.0,
          "axial_gap": 0.0,
          "alignment": 1.0,
          "roll_alignment": 1.0,
          "entry_face_gap": 0.0,
          "penetration": 148.0
        }
      },
      {
        "instances": [
          2,
          82
        ],
        "status": "potential",
        "kinds": [
          "stud",
          "stud_receptacle"
        ],
        "sources": [
          "ldcad_shadow",
          "heuristic"
        ],
        "confidence": [
          1.0,
          0.8
        ],
        "feature_ids": [
          "stud@R37/studC",
          "snap_cyl@L8:I3"
        ],
        "residual": {
          "distance": 0.0,
          "axial_gap": 0.0,
          "alignment": 1.0,
          "roll_alignment": 1.0,
          "entry_face_gap": 0.0,
          "penetration": 148.0
        }
      },
      {
        "instances": [
          2,
          82
        ],
        "status": "potential",
        "kinds": [
          "stud",
          "stud_receptacle"
        ],
        "sources": [
          "ldcad_shadow",
          "heuristic"
        ],
        "confidence": [
          1.0,
          0.8
        ],
        "feature_ids": [
          "stud@R45/studC",
          "snap_cyl@L8:I2"
        ],
        "residual": {
          "distance": 0.0,
          "axial_gap": 0.0,
          "alignment": 1.0,
          "roll_alignment": 1.0,
          "entry_face_gap": 0.0,
          "penetration": 148.0
        }
      },
      {
        "instances": [
          2,
          82
        ],
        "status": "potential",
        "kinds": [
          "stud",
          "stud_receptacle"
        ],
        "sources": [
          "ldcad_shadow",
          "heuristic"
        ],
        "confidence": [
          1.0,
          0.8
        ],
        "feature_ids": [
          "stud@R53/studC",
          "snap_cyl@L8:I1"
        ],
        "residual": {
          "distance": 0.0,
          "axial_gap": 0.0,
          "alignment": 1.0,
          "roll_alignment": 1.0,
          "entry_face_gap": 0.0,
          "penetration": 148.0
        }
      },
      {
        "instances": [
          2,
          82
        ],
        "status": "potential",
        "kinds": [
          "stud",
          "stud_receptacle"
        ],
        "sources": [
          "ldcad_shadow",
          "heuristic"
        ],
        "confidence": [
          1.0,
          0.8
        ],
        "feature_ids": [
          "stud@R61/studC",
          "snap_cyl@L8:I0"
        ],
        "residual": {
          "distance": 0.0,
          "axial_gap": 0.0,
          "alignment": 1.0,
          "roll_alignment": 1.0,
          "entry_face_gap": 0.0,
          "penetration": 148.0
        }
      },
      {
        "instances": [
          2,
          84
        ],
        "status": "confirmed",
        "kinds": [
          "stud",
          "stud_receptacle"
        ],
        "sources": [
          "ldcad_shadow",
          "ldcad_shadow"
        ],
        "confidence": [
          1.0,
          1.0
        ],
        "feature_ids": [
          "stud@R39/studC",
          "snap_cyl@L8:I15"
        ],
        "residual": {
          "distance": 0.0,
          "axial_gap": 0.0,
          "alignment": 1.0,
          "roll_alignment": 1.0,
          "entry_face_gap": 0.0,
          "penetration": 12.0
        }
      },
      {
        "instances": [
          2,
          84
        ],
        "status": "confirmed",
        "kinds": [
          "stud",
          "stud_receptacle"
        ],
        "sources": [
          "ldcad_shadow",
          "ldcad_shadow"
        ],
        "confidence": [
          1.0,
          1.0
        ],
        "feature_ids": [
          "stud@R40/studC",
          "snap_cyl@L8:I11"
        ],
        "residual": {
          "distance": 0.0,
          "axial_gap": 0.0,
          "alignment": 1.0,
          "roll_alignment": 1.0,
          "entry_face_gap": 0.0,
          "penetration": 12.0
        }
      },
      {
        "instances": [
          2,
          84
        ],
        "status": "confirmed",
        "kinds": [
          "stud",
          "stud_receptacle"
        ],
        "sources": [
          "ldcad_shadow",
          "ldcad_shadow"
        ],
        "confidence": [
          1.0,
          1.0
        ],
        "feature_ids": [
          "stud@R41/studC",
          "snap_cyl@L8:I7"
        ],
        "residual": {
          "distance": 0.0,
          "axial_gap": 0.0,
          "alignment": 1.0,
          "roll_alignment": 1.0,
          "entry_face_gap": 0.0,
          "penetration": 12.0
        }
      },
      {
        "instances": [
          2,
          84
        ],
        "status": "confirmed",
        "kinds": [
          "stud",
          "stud_receptacle"
        ],
        "sources": [
          "ldcad_shadow",
          "ldcad_shadow"
        ],
        "confidence": [
          1.0,
          1.0
        ],
        "feature_ids": [
          "stud@R42/studC",
          "snap_cyl@L8:I3"
        ],
        "residual": {
          "distance": 0.0,
          "axial_gap": 0.0,
          "alignment": 1.0,
          "roll_alignment": 1.0,
          "entry_face_gap": 0.0,
          "penetration": 12.0
        }
      },
      {
        "instances": [
          2,
          84
        ],
        "status": "confirmed",
        "kinds": [
          "stud",
          "stud_receptacle"
        ],
        "sources": [
          "ldcad_shadow",
          "ldcad_shadow"
        ],
        "confidence": [
          1.0,
          1.0
        ],
        "feature_ids": [
          "stud@R47/studC",
          "snap_cyl@L8:I14"
        ],
        "residual": {
          "distance": 0.0,
          "axial_gap": 0.0,
          "alignment": 1.0,
          "roll_alignment": 1.0,
          "entry_face_gap": 0.0,
          "penetration": 12.0
        }
      },
      {
        "instances": [
          2,
          84
        ],
        "status": "confirmed",
        "kinds": [
          "stud",
          "stud_receptacle"
        ],
        "sources": [
          "ldcad_shadow",
          "ldcad_shadow"
        ],
        "confidence": [
          1.0,
          1.0
        ],
        "feature_ids": [
          "stud@R48/studC",
          "snap_cyl@L8:I10"
        ],
        "residual": {
          "distance": 0.0,
          "axial_gap": 0.0,
          "alignment": 1.0,
          "roll_alignment": 1.0,
          "entry_face_gap": 0.0,
          "penetration": 12.0
        }
      },
      {
        "instances": [
          2,
          84
        ],
        "status": "confirmed",
        "kinds": [
          "stud",
          "stud_receptacle"
        ],
        "sources": [
          "ldcad_shadow",
          "ldcad_shadow"
        ],
        "confidence": [
          1.0,
          1.0
        ],
        "feature_ids": [
          "stud@R49/studC",
          "snap_cyl@L8:I6"
        ],
        "residual": {
          "distance": 0.0,
          "axial_gap": 0.0,
          "alignment": 1.0,
          "roll_alignment": 1.0,
          "entry_face_gap": 0.0,
          "penetration": 12.0
        }
      },
      {
        "instances": [
          2,
          84
        ],
        "status": "confirmed",
        "kinds": [
          "stud",
          "stud_receptacle"
        ],
        "sources": [
          "ldcad_shadow",
          "ldcad_shadow"
        ],
        "confidence": [
          1.0,
          1.0
        ],
        "feature_ids": [
          "stud@R50/studC",
          "snap_cyl@L8:I2"
        ],
        "residual": {
          "distance": 0.0,
          "axial_gap": 0.0,
          "alignment": 1.0,
          "roll_alignment": 1.0,
          "entry_face_gap": 0.0,
          "penetration": 12.0
        }
      },
      {
        "instances": [
          2,
          84
        ],
        "status": "confirmed",
        "kinds": [
          "stud",
          "stud_receptacle"
        ],
        "sources": [
          "ldcad_shadow",
          "ldcad_shadow"
        ],
        "confidence": [
          1.0,
          1.0
        ],
        "feature_ids": [
          "stud@R55/studC",
          "snap_cyl@L8:I13"
        ],
        "residual": {
          "distance": 0.0,
          "axial_gap": 0.0,
          "alignment": 1.0,
          "roll_alignment": 1.0,
          "entry_face_gap": 0.0,
          "penetration": 12.0
        }
      },
      {
        "instances": [
          2,
          84
        ],
        "status": "confirmed",
        "kinds": [
          "stud",
          "stud_receptacle"
        ],
        "sources": [
          "ldcad_shadow",
          "ldcad_shadow"
        ],
        "confidence": [
          1.0,
          1.0
        ],
        "feature_ids": [
          "stud@R56/studC",
          "snap_cyl@L8:I9"
        ],
        "residual": {
          "distance": 0.0,
          "axial_gap": 0.0,
          "alignment": 1.0,
          "roll_alignment": 1.0,
          "entry_face_gap": 0.0,
          "penetration": 12.0
        }
      },
      {
        "instances": [
          2,
          84
        ],
        "status": "confirmed",
        "kinds": [
          "stud",
          "stud_receptacle"
        ],
        "sources": [
          "ldcad_shadow",
          "ldcad_shadow"
        ],
        "confidence": [
          1.0,
          1.0
        ],
        "feature_ids": [
          "stud@R57/studC",
          "snap_cyl@L8:I5"
        ],
        "residual": {
          "distance": 0.0,
          "axial_gap": 0.0,
          "alignment": 1.0,
          "roll_alignment": 1.0,
          "entry_face_gap": 0.0,
          "penetration": 12.0
        }
      },
      {
        "instances": [
          2,
          84
        ],
        "status": "confirmed",
        "kinds": [
          "stud",
          "stud_receptacle"
        ],
        "sources": [
          "ldcad_shadow",
          "ldcad_shadow"
        ],
        "confidence": [
          1.0,
          1.0
        ],
        "feature_ids": [
          "stud@R58/studC",
          "snap_cyl@L8:I1"
        ],
        "residual": {
          "distance": 0.0,
          "axial_gap": 0.0,
          "alignment": 1.0,
          "roll_alignment": 1.0,
          "entry_face_gap": 0.0,
          "penetration": 12.0
        }
      },
      {
        "instances": [
          2,
          84
        ],
        "status": "confirmed",
        "kinds": [
          "stud",
          "stud_receptacle"
        ],
        "sources": [
          "ldcad_shadow",
          "ldcad_shadow"
        ],
        "confidence": [
          1.0,
          1.0
        ],
        "feature_ids": [
          "stud@R63/studC",
          "snap_cyl@L8:I12"
        ],
        "residual": {
          "distance": 0.0,
          "axial_gap": 0.0,
          "alignment": 1.0,
          "roll_alignment": 1.0,
          "entry_face_gap": 0.0,
          "penetration": 12.0
        }
      },
      {
        "instances": [
          2,
          84
        ],
        "status": "confirmed",
        "kinds": [
          "stud",
          "stud_receptacle"
        ],
        "sources": [
          "ldcad_shadow",
          "ldcad_shadow"
        ],
        "confidence": [
          1.0,
          1.0
        ],
        "feature_ids": [
          "stud@R64/studC",
          "snap_cyl@L8:I8"
        ],
        "residual": {
          "distance": 0.0,
          "axial_gap": 0.0,
          "alignment": 1.0,
          "roll_alignment": 1.0,
          "entry_face_gap": 0.0,
          "penetration": 12.0
        }
      },
      {
        "instances": [
          2,
          84
        ],
        "status": "confirmed",
        "kinds": [
          "stud",
          "stud_receptacle"
        ],
        "sources": [
          "ldcad_shadow",
          "ldcad_shadow"
        ],
        "confidence": [
          1.0,
          1.0
        ],
        "feature_ids": [
          "stud@R65/studC",
          "snap_cyl@L8:I4"
        ],
        "residual": {
          "distance": 0.0,
          "axial_gap": 0.0,
          "alignment": 1.0,
          "roll_alignment": 1.0,
          "entry_face_gap": 0.0,
          "penetration": 12.0
        }
      },
      {
        "instances": [
          2,
          84
        ],
        "status": "confirmed",
        "kinds": [
          "stud",
          "stud_receptacle"
        ],
        "sources": [
          "ldcad_shadow",
          "ldcad_shadow"
        ],
        "confidence": [
          1.0,
          1.0
        ],
        "feature_ids": [
          "stud@R66/studC",
          "snap_cyl@L8:I0"
        ],
        "residual": {
          "distance": 0.0,
          "axial_gap": 0.0,
          "alignment": 1.0,
          "roll_alignment": 1.0,
          "entry_face_gap": 0.0,
          "penetration": 12.0
        }
      },
      {
        "instances": [
          3,
          5
        ],
        "status": "potential",
        "kinds": [
          "stud",
          "stud_receptacle"
        ],
        "sources": [
          "ldcad_shadow",
          "heuristic"
        ],
        "confidence": [
          1.0,
          0.8
        ],
        "feature_ids": [
          "stud@R16/studC",
          "s/3005s01@R0/snap_cyl@L8:I0"
        ],
        "residual": {
          "distance": 0.0,
          "axial_gap": 0.0,
          "alignment": 1.0,
          "roll_alignment": 1.0,
          "entry_face_gap": 0.0,
          "penetration": 28.0
        }
      },
      {
        "instances": [
          3,
          7
        ],
        "status": "potential",
        "kinds": [
          "stud",
          "stud_receptacle"
        ],
        "sources": [
          "ldcad_shadow",
          "heuristic"
        ],
        "confidence": [
          1.0,
          0.8
        ],
        "feature_ids": [
          "stud@R9/studC",
          "s/3005s01@R0/snap_cyl@L8:I0"
        ],
        "residual": {
          "distance": 0.0,
          "axial_gap": 0.0,
          "alignment": 1.0,
          "roll_alignment": 1.0,
          "entry_face_gap": 0.0,
          "penetration": 28.0
        }
      },
      {
        "instances": [
          3,
          10
        ],
        "status": "potential",
        "kinds": [
          "stud",
          "stud_receptacle"
        ],
        "sources": [
          "ldcad_shadow",
          "heuristic"
        ],
        "confidence": [
          1.0,
          0.8
        ],
        "feature_ids": [
          "stud@R15/studC",
          "s/3005s01@R0/snap_cyl@L8:I0"
        ],
        "residual": {
          "distance": 0.0,
          "axial_gap": 0.0,
          "alignment": 1.0,
          "roll_alignment": 1.0,
          "entry_face_gap": 0.0,
          "penetration": 28.0
        }
      },
      {
        "instances": [
          3,
          11
        ],
        "status": "potential",
        "kinds": [
          "stud",
          "stud_receptacle"
        ],
        "sources": [
          "ldcad_shadow",
          "heuristic"
        ],
        "confidence": [
          1.0,
          0.8
        ],
        "feature_ids": [
          "stud@R10/studC",
          "s/3005s01@R0/snap_cyl@L8:I0"
        ],
        "residual": {
          "distance": 0.0,
          "axial_gap": 0.0,
          "alignment": 1.0,
          "roll_alignment": 1.0,
          "entry_face_gap": 0.0,
          "penetration": 28.0
        }
      },
      {
        "instances": [
          3,
          13
        ],
        "status": "potential",
        "kinds": [
          "stud",
          "stud_receptacle"
        ],
        "sources": [
          "ldcad_shadow",
          "heuristic"
        ],
        "confidence": [
          1.0,
          0.8
        ],
        "feature_ids": [
          "stud@R24/studC",
          "s/3005s01@R0/snap_cyl@L8:I0"
        ],
        "residual": {
          "distance": 0.0,
          "axial_gap": 0.0,
          "alignment": 1.0,
          "roll_alignment": 1.0,
          "entry_face_gap": 0.0,
          "penetration": 28.0
        }
      },
      {
        "instances": [
          3,
          15
        ],
        "status": "potential",
        "kinds": [
          "stud",
          "stud_receptacle"
        ],
        "sources": [
          "ldcad_shadow",
          "heuristic"
        ],
        "confidence": [
          1.0,
          0.8
        ],
        "feature_ids": [
          "stud@R17/studC",
          "s/3005s01@R0/snap_cyl@L8:I0"
        ],
        "residual": {
          "distance": 0.0,
          "axial_gap": 0.0,
          "alignment": 1.0,
          "roll_alignment": 1.0,
          "entry_face_gap": 0.0,
          "penetration": 28.0
        }
      },
      {
        "instances": [
          3,
          78
        ],
        "status": "potential",
        "kinds": [
          "stud",
          "stud_receptacle"
        ],
        "sources": [
          "ldcad_shadow",
          "heuristic"
        ],
        "confidence": [
          1.0,
          0.8
        ],
        "feature_ids": [
          "stud@R11/studC",
          "snap_cyl@L8:I0"
        ],
        "residual": {
          "distance": 0.0,
          "axial_gap": 0.0,
          "alignment": 1.0,
          "roll_alignment": 1.0,
          "entry_face_gap": 0.0,
          "penetration": 148.0
        }
      },
      {
        "instances": [
          3,
          78
        ],
        "status": "potential",
        "kinds": [
          "stud",
          "stud_receptacle"
        ],
        "sources": [
          "ldcad_shadow",
          "heuristic"
        ],
        "confidence": [
          1.0,
          0.8
        ],
        "feature_ids": [
          "stud@R12/studC",
          "snap_cyl@L8:I1"
        ],
        "residual": {
          "distance": 0.0,
          "axial_gap": 0.0,
          "alignment": 1.0,
          "roll_alignment": 1.0,
          "entry_face_gap": 0.0,
          "penetration": 148.0
        }
      },
      {
        "instances": [
          3,
          78
        ],
        "status": "potential",
        "kinds": [
          "stud",
          "stud_receptacle"
        ],
        "sources": [
          "ldcad_shadow",
          "heuristic"
        ],
        "confidence": [
          1.0,
          0.8
        ],
        "feature_ids": [
          "stud@R13/studC",
          "snap_cyl@L8:I2"
        ],
        "residual": {
          "distance": 0.0,
          "axial_gap": 0.0,
          "alignment": 1.0,
          "roll_alignment": 1.0,
          "entry_face_gap": 0.0,
          "penetration": 148.0
        }
      },
      {
        "instances": [
          3,
          78
        ],
        "status": "potential",
        "kinds": [
          "stud",
          "stud_receptacle"
        ],
        "sources": [
          "ldcad_shadow",
          "heuristic"
        ],
        "confidence": [
          1.0,
          0.8
        ],
        "feature_ids": [
          "stud@R14/studC",
          "snap_cyl@L8:I3"
        ],
        "residual": {
          "distance": 0.0,
          "axial_gap": 0.0,
          "alignment": 1.0,
          "roll_alignment": 1.0,
          "entry_face_gap": 0.0,
          "penetration": 148.0
        }
      },
      {
        "instances": [
          4,
          16
        ],
        "status": "potential",
        "kinds": [
          "stud",
          "stud_receptacle"
        ],
        "sources": [
          "ldcad_shadow",
          "heuristic"
        ],
        "confidence": [
          1.0,
          0.8
        ],
        "feature_ids": [
          "s/3005s01@R0/stud@R0/studC",
          "s/3005s01@R0/snap_cyl@L8:I0"
        ],
        "residual": {
          "distance": 0.0,
          "axial_gap": 0.0,
          "alignment": 1.0,
          "roll_alignment": 1.0,
          "entry_face_gap": 0.0,
          "penetration": 28.0
        }
      },
      {
        "instances": [
          5,
          17
        ],
        "status": "potential",
        "kinds": [
          "stud",
          "stud_receptacle"
        ],
        "sources": [
          "ldcad_shadow",
          "heuristic"
        ],
        "confidence": [
          1.0,
          0.8
        ],
        "feature_ids": [
          "s/3005s01@R0/stud@R0/studC",
          "s/3005s01@R0/snap_cyl@L8:I0"
        ],
        "residual": {
          "distance": 0.0,
          "axial_gap": 0.0,
          "alignment": 1.0,
          "roll_alignment": 1.0,
          "entry_face_gap": 0.0,
          "penetration": 28.0
        }
      },
      {
        "instances": [
          6,
          18
        ],
        "status": "potential",
        "kinds": [
          "stud",
          "stud_receptacle"
        ],
        "sources": [
          "ldcad_shadow",
          "heuristic"
        ],
        "confidence": [
          1.0,
          0.8
        ],
        "feature_ids": [
          "s/3005s01@R0/stud@R0/studC",
          "s/3005s01@R0/snap_cyl@L8:I0"
        ],
        "residual": {
          "distance": 0.0,
          "axial_gap": 0.0,
          "alignment": 1.0,
          "roll_alignment": 1.0,
          "entry_face_gap": 0.0,
          "penetration": 28.0
        }
      },
      {
        "instances": [
          7,
          19
        ],
        "status": "potential",
        "kinds": [
          "stud",
          "stud_receptacle"
        ],
        "sources": [
          "ldcad_shadow",
          "heuristic"
        ],
        "confidence": [
          1.0,
          0.8
        ],
        "feature_ids": [
          "s/3005s01@R0/stud@R0/studC",
          "s/3005s01@R0/snap_cyl@L8:I0"
        ],
        "residual": {
          "distance": 0.0,
          "axial_gap": 0.0,
          "alignment": 1.0,
          "roll_alignment": 1.0,
          "entry_face_gap": 0.0,
          "penetration": 28.0
        }
      },
      {
        "instances": [
          8,
          20
        ],
        "status": "potential",
        "kinds": [
          "stud",
          "stud_receptacle"
        ],
        "sources": [
          "ldcad_shadow",
          "heuristic"
        ],
        "confidence": [
          1.0,
          0.8
        ],
        "feature_ids": [
          "s/3005s01@R0/stud@R0/studC",
          "s/3005s01@R0/snap_cyl@L8:I0"
        ],
        "residual": {
          "distance": 0.0,
          "axial_gap": 0.0,
          "alignment": 1.0,
          "roll_alignment": 1.0,
          "entry_face_gap": 0.0,
          "penetration": 28.0
        }
      },
      {
        "instances": [
          9,
          21
        ],
        "status": "potential",
        "kinds": [
          "stud",
          "stud_receptacle"
        ],
        "sources": [
          "ldcad_shadow",
          "heuristic"
        ],
        "confidence": [
          1.0,
          0.8
        ],
        "feature_ids": [
          "s/3005s01@R0/stud@R0/studC",
          "s/3005s01@R0/snap_cyl@L8:I0"
        ],
        "residual": {
          "distance": 0.0,
          "axial_gap": 0.0,
          "alignment": 1.0,
          "roll_alignment": 1.0,
          "entry_face_gap": 0.0,
          "penetration": 28.0
        }
      },
      {
        "instances": [
          10,
          22
        ],
        "status": "potential",
        "kinds": [
          "stud",
          "stud_receptacle"
        ],
        "sources": [
          "ldcad_shadow",
          "heuristic"
        ],
        "confidence": [
          1.0,
          0.8
        ],
        "feature_ids": [
          "s/3005s01@R0/stud@R0/studC",
          "s/3005s01@R0/snap_cyl@L8:I0"
        ],
        "residual": {
          "distance": 0.0,
          "axial_gap": 0.0,
          "alignment": 1.0,
          "roll_alignment": 1.0,
          "entry_face_gap": 0.0,
          "penetration": 28.0
        }
      },
      {
        "instances": [
          11,
          23
        ],
        "status": "potential",
        "kinds": [
          "stud",
          "stud_receptacle"
        ],
        "sources": [
          "ldcad_shadow",
          "heuristic"
        ],
        "confidence": [
          1.0,
          0.8
        ],
        "feature_ids": [
          "s/3005s01@R0/stud@R0/studC",
          "s/3005s01@R0/snap_cyl@L8:I0"
        ],
        "residual": {
          "distance": 0.0,
          "axial_gap": 0.0,
          "alignment": 1.0,
          "roll_alignment": 1.0,
          "entry_face_gap": 0.0,
          "penetration": 28.0
        }
      },
      {
        "instances": [
          12,
          24
        ],
        "status": "potential",
        "kinds": [
          "stud",
          "stud_receptacle"
        ],
        "sources": [
          "ldcad_shadow",
          "heuristic"
        ],
        "confidence": [
          1.0,
          0.8
        ],
        "feature_ids": [
          "s/3005s01@R0/stud@R0/studC",
          "s/3005s01@R0/snap_cyl@L8:I0"
        ],
        "residual": {
          "distance": 0.0,
          "axial_gap": 0.0,
          "alignment": 1.0,
          "roll_alignment": 1.0,
          "entry_face_gap": 0.0,
          "penetration": 28.0
        }
      },
      {
        "instances": [
          13,
          25
        ],
        "status": "potential",
        "kinds": [
          "stud",
          "stud_receptacle"
        ],
        "sources": [
          "ldcad_shadow",
          "heuristic"
        ],
        "confidence": [
          1.0,
          0.8
        ],
        "feature_ids": [
          "s/3005s01@R0/stud@R0/studC",
          "s/3005s01@R0/snap_cyl@L8:I0"
        ],
        "residual": {
          "distance": 0.0,
          "axial_gap": 0.0,
          "alignment": 1.0,
          "roll_alignment": 1.0,
          "entry_face_gap": 0.0,
          "penetration": 28.0
        }
      },
      {
        "instances": [
          14,
          26
        ],
        "status": "potential",
        "kinds": [
          "stud",
          "stud_receptacle"
        ],
        "sources": [
          "ldcad_shadow",
          "heuristic"
        ],
        "confidence": [
          1.0,
          0.8
        ],
        "feature_ids": [
          "s/3005s01@R0/stud@R0/studC",
          "s/3005s01@R0/snap_cyl@L8:I0"
        ],
        "residual": {
          "distance": 0.0,
          "axial_gap": 0.0,
          "alignment": 1.0,
          "roll_alignment": 1.0,
          "entry_face_gap": 0.0,
          "penetration": 28.0
        }
      },
      {
        "instances": [
          15,
          27
        ],
        "status": "potential",
        "kinds": [
          "stud",
          "stud_receptacle"
        ],
        "sources": [
          "ldcad_shadow",
          "heuristic"
        ],
        "confidence": [
          1.0,
          0.8
        ],
        "feature_ids": [
          "s/3005s01@R0/stud@R0/studC",
          "s/3005s01@R0/snap_cyl@L8:I0"
        ],
        "residual": {
          "distance": 0.0,
          "axial_gap": 0.0,
          "alignment": 1.0,
          "roll_alignment": 1.0,
          "entry_face_gap": 0.0,
          "penetration": 28.0
        }
      },
      {
        "instances": [
          16,
          28
        ],
        "status": "potential",
        "kinds": [
          "stud",
          "stud_receptacle"
        ],
        "sources": [
          "ldcad_shadow",
          "heuristic"
        ],
        "confidence": [
          1.0,
          0.8
        ],
        "feature_ids": [
          "s/3005s01@R0/stud@R0/studC",
          "s/3005s01@R0/snap_cyl@L8:I0"
        ],
        "residual": {
          "distance": 0.0,
          "axial_gap": 0.0,
          "alignment": 1.0,
          "roll_alignment": 1.0,
          "entry_face_gap": 0.0,
          "penetration": 28.0
        }
      },
      {
        "instances": [
          17,
          29
        ],
        "status": "potential",
        "kinds": [
          "stud",
          "stud_receptacle"
        ],
        "sources": [
          "ldcad_shadow",
          "heuristic"
        ],
        "confidence": [
          1.0,
          0.8
        ],
        "feature_ids": [
          "s/3005s01@R0/stud@R0/studC",
          "s/3005s01@R0/snap_cyl@L8:I0"
        ],
        "residual": {
          "distance": 0.0,
          "axial_gap": 0.0,
          "alignment": 1.0,
          "roll_alignment": 1.0,
          "entry_face_gap": 0.0,
          "penetration": 28.0
        }
      },
      {
        "instances": [
          18,
          30
        ],
        "status": "potential",
        "kinds": [
          "stud",
          "stud_receptacle"
        ],
        "sources": [
          "ldcad_shadow",
          "heuristic"
        ],
        "confidence": [
          1.0,
          0.8
        ],
        "feature_ids": [
          "s/3005s01@R0/stud@R0/studC",
          "s/3005s01@R0/snap_cyl@L8:I0"
        ],
        "residual": {
          "distance": 0.0,
          "axial_gap": 0.0,
          "alignment": 1.0,
          "roll_alignment": 1.0,
          "entry_face_gap": 0.0,
          "penetration": 28.0
        }
      },
      {
        "instances": [
          19,
          31
        ],
        "status": "potential",
        "kinds": [
          "stud",
          "stud_receptacle"
        ],
        "sources": [
          "ldcad_shadow",
          "heuristic"
        ],
        "confidence": [
          1.0,
          0.8
        ],
        "feature_ids": [
          "s/3005s01@R0/stud@R0/studC",
          "s/3005s01@R0/snap_cyl@L8:I0"
        ],
        "residual": {
          "distance": 0.0,
          "axial_gap": 0.0,
          "alignment": 1.0,
          "roll_alignment": 1.0,
          "entry_face_gap": 0.0,
          "penetration": 28.0
        }
      },
      {
        "instances": [
          20,
          32
        ],
        "status": "potential",
        "kinds": [
          "stud",
          "stud_receptacle"
        ],
        "sources": [
          "ldcad_shadow",
          "heuristic"
        ],
        "confidence": [
          1.0,
          0.8
        ],
        "feature_ids": [
          "s/3005s01@R0/stud@R0/studC",
          "s/3005s01@R0/snap_cyl@L8:I0"
        ],
        "residual": {
          "distance": 0.0,
          "axial_gap": 0.0,
          "alignment": 1.0,
          "roll_alignment": 1.0,
          "entry_face_gap": 0.0,
          "penetration": 28.0
        }
      },
      {
        "instances": [
          21,
          33
        ],
        "status": "potential",
        "kinds": [
          "stud",
          "stud_receptacle"
        ],
        "sources": [
          "ldcad_shadow",
          "heuristic"
        ],
        "confidence": [
          1.0,
          0.8
        ],
        "feature_ids": [
          "s/3005s01@R0/stud@R0/studC",
          "s/3005s01@R0/snap_cyl@L8:I0"
        ],
        "residual": {
          "distance": 0.0,
          "axial_gap": 0.0,
          "alignment": 1.0,
          "roll_alignment": 1.0,
          "entry_face_gap": 0.0,
          "penetration": 28.0
        }
      },
      {
        "instances": [
          22,
          34
        ],
        "status": "potential",
        "kinds": [
          "stud",
          "stud_receptacle"
        ],
        "sources": [
          "ldcad_shadow",
          "heuristic"
        ],
        "confidence": [
          1.0,
          0.8
        ],
        "feature_ids": [
          "s/3005s01@R0/stud@R0/studC",
          "s/3005s01@R0/snap_cyl@L8:I0"
        ],
        "residual": {
          "distance": 0.0,
          "axial_gap": 0.0,
          "alignment": 1.0,
          "roll_alignment": 1.0,
          "entry_face_gap": 0.0,
          "penetration": 28.0
        }
      },
      {
        "instances": [
          23,
          35
        ],
        "status": "potential",
        "kinds": [
          "stud",
          "stud_receptacle"
        ],
        "sources": [
          "ldcad_shadow",
          "heuristic"
        ],
        "confidence": [
          1.0,
          0.8
        ],
        "feature_ids": [
          "s/3005s01@R0/stud@R0/studC",
          "s/3005s01@R0/snap_cyl@L8:I0"
        ],
        "residual": {
          "distance": 0.0,
          "axial_gap": 0.0,
          "alignment": 1.0,
          "roll_alignment": 1.0,
          "entry_face_gap": 0.0,
          "penetration": 28.0
        }
      },
      {
        "instances": [
          24,
          36
        ],
        "status": "potential",
        "kinds": [
          "stud",
          "stud_receptacle"
        ],
        "sources": [
          "ldcad_shadow",
          "heuristic"
        ],
        "confidence": [
          1.0,
          0.8
        ],
        "feature_ids": [
          "s/3005s01@R0/stud@R0/studC",
          "s/3005s01@R0/snap_cyl@L8:I0"
        ],
        "residual": {
          "distance": 0.0,
          "axial_gap": 0.0,
          "alignment": 1.0,
          "roll_alignment": 1.0,
          "entry_face_gap": 0.0,
          "penetration": 28.0
        }
      },
      {
        "instances": [
          25,
          37
        ],
        "status": "potential",
        "kinds": [
          "stud",
          "stud_receptacle"
        ],
        "sources": [
          "ldcad_shadow",
          "heuristic"
        ],
        "confidence": [
          1.0,
          0.8
        ],
        "feature_ids": [
          "s/3005s01@R0/stud@R0/studC",
          "s/3005s01@R0/snap_cyl@L8:I0"
        ],
        "residual": {
          "distance": 0.0,
          "axial_gap": 0.0,
          "alignment": 1.0,
          "roll_alignment": 1.0,
          "entry_face_gap": 0.0,
          "penetration": 28.0
        }
      },
      {
        "instances": [
          26,
          38
        ],
        "status": "potential",
        "kinds": [
          "stud",
          "stud_receptacle"
        ],
        "sources": [
          "ldcad_shadow",
          "heuristic"
        ],
        "confidence": [
          1.0,
          0.8
        ],
        "feature_ids": [
          "s/3005s01@R0/stud@R0/studC",
          "s/3005s01@R0/snap_cyl@L8:I0"
        ],
        "residual": {
          "distance": 0.0,
          "axial_gap": 0.0,
          "alignment": 1.0,
          "roll_alignment": 1.0,
          "entry_face_gap": 0.0,
          "penetration": 28.0
        }
      },
      {
        "instances": [
          27,
          39
        ],
        "status": "potential",
        "kinds": [
          "stud",
          "stud_receptacle"
        ],
        "sources": [
          "ldcad_shadow",
          "heuristic"
        ],
        "confidence": [
          1.0,
          0.8
        ],
        "feature_ids": [
          "s/3005s01@R0/stud@R0/studC",
          "s/3005s01@R0/snap_cyl@L8:I0"
        ],
        "residual": {
          "distance": 0.0,
          "axial_gap": 0.0,
          "alignment": 1.0,
          "roll_alignment": 1.0,
          "entry_face_gap": 0.0,
          "penetration": 28.0
        }
      },
      {
        "instances": [
          28,
          40
        ],
        "status": "potential",
        "kinds": [
          "stud",
          "stud_receptacle"
        ],
        "sources": [
          "ldcad_shadow",
          "heuristic"
        ],
        "confidence": [
          1.0,
          0.8
        ],
        "feature_ids": [
          "s/3005s01@R0/stud@R0/studC",
          "s/3005s01@R0/snap_cyl@L8:I0"
        ],
        "residual": {
          "distance": 0.0,
          "axial_gap": 0.0,
          "alignment": 1.0,
          "roll_alignment": 1.0,
          "entry_face_gap": 0.0,
          "penetration": 28.0
        }
      },
      {
        "instances": [
          29,
          41
        ],
        "status": "potential",
        "kinds": [
          "stud",
          "stud_receptacle"
        ],
        "sources": [
          "ldcad_shadow",
          "heuristic"
        ],
        "confidence": [
          1.0,
          0.8
        ],
        "feature_ids": [
          "s/3005s01@R0/stud@R0/studC",
          "s/3005s01@R0/snap_cyl@L8:I0"
        ],
        "residual": {
          "distance": 0.0,
          "axial_gap": 0.0,
          "alignment": 1.0,
          "roll_alignment": 1.0,
          "entry_face_gap": 0.0,
          "penetration": 28.0
        }
      },
      {
        "instances": [
          30,
          42
        ],
        "status": "potential",
        "kinds": [
          "stud",
          "stud_receptacle"
        ],
        "sources": [
          "ldcad_shadow",
          "heuristic"
        ],
        "confidence": [
          1.0,
          0.8
        ],
        "feature_ids": [
          "s/3005s01@R0/stud@R0/studC",
          "s/3005s01@R0/snap_cyl@L8:I0"
        ],
        "residual": {
          "distance": 0.0,
          "axial_gap": 0.0,
          "alignment": 1.0,
          "roll_alignment": 1.0,
          "entry_face_gap": 0.0,
          "penetration": 28.0
        }
      },
      {
        "instances": [
          31,
          43
        ],
        "status": "potential",
        "kinds": [
          "stud",
          "stud_receptacle"
        ],
        "sources": [
          "ldcad_shadow",
          "heuristic"
        ],
        "confidence": [
          1.0,
          0.8
        ],
        "feature_ids": [
          "s/3005s01@R0/stud@R0/studC",
          "s/3005s01@R0/snap_cyl@L8:I0"
        ],
        "residual": {
          "distance": 0.0,
          "axial_gap": 0.0,
          "alignment": 1.0,
          "roll_alignment": 1.0,
          "entry_face_gap": 0.0,
          "penetration": 28.0
        }
      },
      {
        "instances": [
          32,
          44
        ],
        "status": "potential",
        "kinds": [
          "stud",
          "stud_receptacle"
        ],
        "sources": [
          "ldcad_shadow",
          "heuristic"
        ],
        "confidence": [
          1.0,
          0.8
        ],
        "feature_ids": [
          "s/3005s01@R0/stud@R0/studC",
          "s/3005s01@R0/snap_cyl@L8:I0"
        ],
        "residual": {
          "distance": 0.0,
          "axial_gap": 0.0,
          "alignment": 1.0,
          "roll_alignment": 1.0,
          "entry_face_gap": 0.0,
          "penetration": 28.0
        }
      },
      {
        "instances": [
          33,
          45
        ],
        "status": "potential",
        "kinds": [
          "stud",
          "stud_receptacle"
        ],
        "sources": [
          "ldcad_shadow",
          "heuristic"
        ],
        "confidence": [
          1.0,
          0.8
        ],
        "feature_ids": [
          "s/3005s01@R0/stud@R0/studC",
          "s/3005s01@R0/snap_cyl@L8:I0"
        ],
        "residual": {
          "distance": 0.0,
          "axial_gap": 0.0,
          "alignment": 1.0,
          "roll_alignment": 1.0,
          "entry_face_gap": 0.0,
          "penetration": 28.0
        }
      },
      {
        "instances": [
          34,
          46
        ],
        "status": "potential",
        "kinds": [
          "stud",
          "stud_receptacle"
        ],
        "sources": [
          "ldcad_shadow",
          "heuristic"
        ],
        "confidence": [
          1.0,
          0.8
        ],
        "feature_ids": [
          "s/3005s01@R0/stud@R0/studC",
          "s/3005s01@R0/snap_cyl@L8:I0"
        ],
        "residual": {
          "distance": 0.0,
          "axial_gap": 0.0,
          "alignment": 1.0,
          "roll_alignment": 1.0,
          "entry_face_gap": 0.0,
          "penetration": 28.0
        }
      },
      {
        "instances": [
          35,
          47
        ],
        "status": "potential",
        "kinds": [
          "stud",
          "stud_receptacle"
        ],
        "sources": [
          "ldcad_shadow",
          "heuristic"
        ],
        "confidence": [
          1.0,
          0.8
        ],
        "feature_ids": [
          "s/3005s01@R0/stud@R0/studC",
          "s/3005s01@R0/snap_cyl@L8:I0"
        ],
        "residual": {
          "distance": 0.0,
          "axial_gap": 0.0,
          "alignment": 1.0,
          "roll_alignment": 1.0,
          "entry_face_gap": 0.0,
          "penetration": 28.0
        }
      },
      {
        "instances": [
          36,
          48
        ],
        "status": "potential",
        "kinds": [
          "stud",
          "stud_receptacle"
        ],
        "sources": [
          "ldcad_shadow",
          "heuristic"
        ],
        "confidence": [
          1.0,
          0.8
        ],
        "feature_ids": [
          "s/3005s01@R0/stud@R0/studC",
          "s/3005s01@R0/snap_cyl@L8:I0"
        ],
        "residual": {
          "distance": 0.0,
          "axial_gap": 0.0,
          "alignment": 1.0,
          "roll_alignment": 1.0,
          "entry_face_gap": 0.0,
          "penetration": 28.0
        }
      },
      {
        "instances": [
          37,
          49
        ],
        "status": "potential",
        "kinds": [
          "stud",
          "stud_receptacle"
        ],
        "sources": [
          "ldcad_shadow",
          "heuristic"
        ],
        "confidence": [
          1.0,
          0.8
        ],
        "feature_ids": [
          "s/3005s01@R0/stud@R0/studC",
          "s/3005s01@R0/snap_cyl@L8:I0"
        ],
        "residual": {
          "distance": 0.0,
          "axial_gap": 0.0,
          "alignment": 1.0,
          "roll_alignment": 1.0,
          "entry_face_gap": 0.0,
          "penetration": 28.0
        }
      },
      {
        "instances": [
          38,
          50
        ],
        "status": "potential",
        "kinds": [
          "stud",
          "stud_receptacle"
        ],
        "sources": [
          "ldcad_shadow",
          "heuristic"
        ],
        "confidence": [
          1.0,
          0.8
        ],
        "feature_ids": [
          "s/3005s01@R0/stud@R0/studC",
          "s/3005s01@R0/snap_cyl@L8:I0"
        ],
        "residual": {
          "distance": 0.0,
          "axial_gap": 0.0,
          "alignment": 1.0,
          "roll_alignment": 1.0,
          "entry_face_gap": 0.0,
          "penetration": 28.0
        }
      },
      {
        "instances": [
          39,
          51
        ],
        "status": "potential",
        "kinds": [
          "stud",
          "stud_receptacle"
        ],
        "sources": [
          "ldcad_shadow",
          "heuristic"
        ],
        "confidence": [
          1.0,
          0.8
        ],
        "feature_ids": [
          "s/3005s01@R0/stud@R0/studC",
          "s/3005s01@R0/snap_cyl@L8:I0"
        ],
        "residual": {
          "distance": 0.0,
          "axial_gap": 0.0,
          "alignment": 1.0,
          "roll_alignment": 1.0,
          "entry_face_gap": 0.0,
          "penetration": 28.0
        }
      },
      {
        "instances": [
          40,
          52
        ],
        "status": "potential",
        "kinds": [
          "stud",
          "stud_receptacle"
        ],
        "sources": [
          "ldcad_shadow",
          "heuristic"
        ],
        "confidence": [
          1.0,
          0.8
        ],
        "feature_ids": [
          "s/3005s01@R0/stud@R0/studC",
          "s/3005s01@R0/snap_cyl@L8:I0"
        ],
        "residual": {
          "distance": 0.0,
          "axial_gap": 0.0,
          "alignment": 1.0,
          "roll_alignment": 1.0,
          "entry_face_gap": 0.0,
          "penetration": 28.0
        }
      },
      {
        "instances": [
          41,
          53
        ],
        "status": "potential",
        "kinds": [
          "stud",
          "stud_receptacle"
        ],
        "sources": [
          "ldcad_shadow",
          "heuristic"
        ],
        "confidence": [
          1.0,
          0.8
        ],
        "feature_ids": [
          "s/3005s01@R0/stud@R0/studC",
          "s/3005s01@R0/snap_cyl@L8:I0"
        ],
        "residual": {
          "distance": 0.0,
          "axial_gap": 0.0,
          "alignment": 1.0,
          "roll_alignment": 1.0,
          "entry_face_gap": 0.0,
          "penetration": 28.0
        }
      },
      {
        "instances": [
          42,
          54
        ],
        "status": "potential",
        "kinds": [
          "stud",
          "stud_receptacle"
        ],
        "sources": [
          "ldcad_shadow",
          "heuristic"
        ],
        "confidence": [
          1.0,
          0.8
        ],
        "feature_ids": [
          "s/3005s01@R0/stud@R0/studC",
          "s/3005s01@R0/snap_cyl@L8:I0"
        ],
        "residual": {
          "distance": 0.0,
          "axial_gap": 0.0,
          "alignment": 1.0,
          "roll_alignment": 1.0,
          "entry_face_gap": 0.0,
          "penetration": 28.0
        }
      },
      {
        "instances": [
          43,
          55
        ],
        "status": "potential",
        "kinds": [
          "stud",
          "stud_receptacle"
        ],
        "sources": [
          "ldcad_shadow",
          "heuristic"
        ],
        "confidence": [
          1.0,
          0.8
        ],
        "feature_ids": [
          "s/3005s01@R0/stud@R0/studC",
          "s/3005s01@R0/snap_cyl@L8:I0"
        ],
        "residual": {
          "distance": 0.0,
          "axial_gap": 0.0,
          "alignment": 1.0,
          "roll_alignment": 1.0,
          "entry_face_gap": 0.0,
          "penetration": 28.0
        }
      },
      {
        "instances": [
          44,
          56
        ],
        "status": "potential",
        "kinds": [
          "stud",
          "stud_receptacle"
        ],
        "sources": [
          "ldcad_shadow",
          "heuristic"
        ],
        "confidence": [
          1.0,
          0.8
        ],
        "feature_ids": [
          "s/3005s01@R0/stud@R0/studC",
          "s/3005s01@R0/snap_cyl@L8:I0"
        ],
        "residual": {
          "distance": 0.0,
          "axial_gap": 0.0,
          "alignment": 1.0,
          "roll_alignment": 1.0,
          "entry_face_gap": 0.0,
          "penetration": 28.0
        }
      },
      {
        "instances": [
          45,
          57
        ],
        "status": "potential",
        "kinds": [
          "stud",
          "stud_receptacle"
        ],
        "sources": [
          "ldcad_shadow",
          "heuristic"
        ],
        "confidence": [
          1.0,
          0.8
        ],
        "feature_ids": [
          "s/3005s01@R0/stud@R0/studC",
          "s/3005s01@R0/snap_cyl@L8:I0"
        ],
        "residual": {
          "distance": 0.0,
          "axial_gap": 0.0,
          "alignment": 1.0,
          "roll_alignment": 1.0,
          "entry_face_gap": 0.0,
          "penetration": 28.0
        }
      },
      {
        "instances": [
          46,
          58
        ],
        "status": "potential",
        "kinds": [
          "stud",
          "stud_receptacle"
        ],
        "sources": [
          "ldcad_shadow",
          "heuristic"
        ],
        "confidence": [
          1.0,
          0.8
        ],
        "feature_ids": [
          "s/3005s01@R0/stud@R0/studC",
          "s/3005s01@R0/snap_cyl@L8:I0"
        ],
        "residual": {
          "distance": 0.0,
          "axial_gap": 0.0,
          "alignment": 1.0,
          "roll_alignment": 1.0,
          "entry_face_gap": 0.0,
          "penetration": 28.0
        }
      },
      {
        "instances": [
          47,
          59
        ],
        "status": "potential",
        "kinds": [
          "stud",
          "stud_receptacle"
        ],
        "sources": [
          "ldcad_shadow",
          "heuristic"
        ],
        "confidence": [
          1.0,
          0.8
        ],
        "feature_ids": [
          "s/3005s01@R0/stud@R0/studC",
          "s/3005s01@R0/snap_cyl@L8:I0"
        ],
        "residual": {
          "distance": 0.0,
          "axial_gap": 0.0,
          "alignment": 1.0,
          "roll_alignment": 1.0,
          "entry_face_gap": 0.0,
          "penetration": 28.0
        }
      },
      {
        "instances": [
          48,
          60
        ],
        "status": "potential",
        "kinds": [
          "stud",
          "stud_receptacle"
        ],
        "sources": [
          "ldcad_shadow",
          "heuristic"
        ],
        "confidence": [
          1.0,
          0.8
        ],
        "feature_ids": [
          "s/3005s01@R0/stud@R0/studC",
          "s/3005s01@R0/snap_cyl@L8:I0"
        ],
        "residual": {
          "distance": 0.0,
          "axial_gap": 0.0,
          "alignment": 1.0,
          "roll_alignment": 1.0,
          "entry_face_gap": 0.0,
          "penetration": 28.0
        }
      },
      {
        "instances": [
          49,
          61
        ],
        "status": "potential",
        "kinds": [
          "stud",
          "stud_receptacle"
        ],
        "sources": [
          "ldcad_shadow",
          "heuristic"
        ],
        "confidence": [
          1.0,
          0.8
        ],
        "feature_ids": [
          "s/3005s01@R0/stud@R0/studC",
          "s/3005s01@R0/snap_cyl@L8:I0"
        ],
        "residual": {
          "distance": 0.0,
          "axial_gap": 0.0,
          "alignment": 1.0,
          "roll_alignment": 1.0,
          "entry_face_gap": 0.0,
          "penetration": 28.0
        }
      },
      {
        "instances": [
          50,
          62
        ],
        "status": "potential",
        "kinds": [
          "stud",
          "stud_receptacle"
        ],
        "sources": [
          "ldcad_shadow",
          "heuristic"
        ],
        "confidence": [
          1.0,
          0.8
        ],
        "feature_ids": [
          "s/3005s01@R0/stud@R0/studC",
          "s/3005s01@R0/snap_cyl@L8:I0"
        ],
        "residual": {
          "distance": 0.0,
          "axial_gap": 0.0,
          "alignment": 1.0,
          "roll_alignment": 1.0,
          "entry_face_gap": 0.0,
          "penetration": 28.0
        }
      },
      {
        "instances": [
          51,
          63
        ],
        "status": "potential",
        "kinds": [
          "stud",
          "stud_receptacle"
        ],
        "sources": [
          "ldcad_shadow",
          "heuristic"
        ],
        "confidence": [
          1.0,
          0.8
        ],
        "feature_ids": [
          "s/3005s01@R0/stud@R0/studC",
          "s/3005s01@R0/snap_cyl@L8:I0"
        ],
        "residual": {
          "distance": 0.0,
          "axial_gap": 0.0,
          "alignment": 1.0,
          "roll_alignment": 1.0,
          "entry_face_gap": 0.0,
          "penetration": 28.0
        }
      },
      {
        "instances": [
          52,
          64
        ],
        "status": "potential",
        "kinds": [
          "stud",
          "stud_receptacle"
        ],
        "sources": [
          "ldcad_shadow",
          "heuristic"
        ],
        "confidence": [
          1.0,
          0.8
        ],
        "feature_ids": [
          "s/3005s01@R0/stud@R0/studC",
          "s/3005s01@R0/snap_cyl@L8:I0"
        ],
        "residual": {
          "distance": 0.0,
          "axial_gap": 0.0,
          "alignment": 1.0,
          "roll_alignment": 1.0,
          "entry_face_gap": 0.0,
          "penetration": 28.0
        }
      },
      {
        "instances": [
          53,
          65
        ],
        "status": "potential",
        "kinds": [
          "stud",
          "stud_receptacle"
        ],
        "sources": [
          "ldcad_shadow",
          "heuristic"
        ],
        "confidence": [
          1.0,
          0.8
        ],
        "feature_ids": [
          "s/3005s01@R0/stud@R0/studC",
          "s/3005s01@R0/snap_cyl@L8:I0"
        ],
        "residual": {
          "distance": 0.0,
          "axial_gap": 0.0,
          "alignment": 1.0,
          "roll_alignment": 1.0,
          "entry_face_gap": 0.0,
          "penetration": 28.0
        }
      },
      {
        "instances": [
          54,
          66
        ],
        "status": "potential",
        "kinds": [
          "stud",
          "stud_receptacle"
        ],
        "sources": [
          "ldcad_shadow",
          "heuristic"
        ],
        "confidence": [
          1.0,
          0.8
        ],
        "feature_ids": [
          "s/3005s01@R0/stud@R0/studC",
          "s/3005s01@R0/snap_cyl@L8:I0"
        ],
        "residual": {
          "distance": 0.0,
          "axial_gap": 0.0,
          "alignment": 1.0,
          "roll_alignment": 1.0,
          "entry_face_gap": 0.0,
          "penetration": 28.0
        }
      },
      {
        "instances": [
          55,
          67
        ],
        "status": "potential",
        "kinds": [
          "stud",
          "stud_receptacle"
        ],
        "sources": [
          "ldcad_shadow",
          "heuristic"
        ],
        "confidence": [
          1.0,
          0.8
        ],
        "feature_ids": [
          "s/3005s01@R0/stud@R0/studC",
          "s/3005s01@R0/snap_cyl@L8:I0"
        ],
        "residual": {
          "distance": 0.0,
          "axial_gap": 0.0,
          "alignment": 1.0,
          "roll_alignment": 1.0,
          "entry_face_gap": 0.0,
          "penetration": 28.0
        }
      },
      {
        "instances": [
          56,
          68
        ],
        "status": "potential",
        "kinds": [
          "stud",
          "stud_receptacle"
        ],
        "sources": [
          "ldcad_shadow",
          "heuristic"
        ],
        "confidence": [
          1.0,
          0.8
        ],
        "feature_ids": [
          "s/3005s01@R0/stud@R0/studC",
          "s/3005s01@R0/snap_cyl@L8:I0"
        ],
        "residual": {
          "distance": 0.0,
          "axial_gap": 0.0,
          "alignment": 1.0,
          "roll_alignment": 1.0,
          "entry_face_gap": 0.0,
          "penetration": 28.0
        }
      },
      {
        "instances": [
          57,
          69
        ],
        "status": "potential",
        "kinds": [
          "stud",
          "stud_receptacle"
        ],
        "sources": [
          "ldcad_shadow",
          "heuristic"
        ],
        "confidence": [
          1.0,
          0.8
        ],
        "feature_ids": [
          "s/3005s01@R0/stud@R0/studC",
          "s/3005s01@R0/snap_cyl@L8:I0"
        ],
        "residual": {
          "distance": 0.0,
          "axial_gap": 0.0,
          "alignment": 1.0,
          "roll_alignment": 1.0,
          "entry_face_gap": 0.0,
          "penetration": 28.0
        }
      },
      {
        "instances": [
          58,
          70
        ],
        "status": "potential",
        "kinds": [
          "stud",
          "stud_receptacle"
        ],
        "sources": [
          "ldcad_shadow",
          "heuristic"
        ],
        "confidence": [
          1.0,
          0.8
        ],
        "feature_ids": [
          "s/3005s01@R0/stud@R0/studC",
          "s/3005s01@R0/snap_cyl@L8:I0"
        ],
        "residual": {
          "distance": 0.0,
          "axial_gap": 0.0,
          "alignment": 1.0,
          "roll_alignment": 1.0,
          "entry_face_gap": 0.0,
          "penetration": 28.0
        }
      },
      {
        "instances": [
          59,
          71
        ],
        "status": "potential",
        "kinds": [
          "stud",
          "stud_receptacle"
        ],
        "sources": [
          "ldcad_shadow",
          "heuristic"
        ],
        "confidence": [
          1.0,
          0.8
        ],
        "feature_ids": [
          "s/3005s01@R0/stud@R0/studC",
          "s/3005s01@R0/snap_cyl@L8:I0"
        ],
        "residual": {
          "distance": 0.0,
          "axial_gap": 0.0,
          "alignment": 1.0,
          "roll_alignment": 1.0,
          "entry_face_gap": 0.0,
          "penetration": 28.0
        }
      },
      {
        "instances": [
          60,
          72
        ],
        "status": "potential",
        "kinds": [
          "stud",
          "stud_receptacle"
        ],
        "sources": [
          "ldcad_shadow",
          "heuristic"
        ],
        "confidence": [
          1.0,
          0.8
        ],
        "feature_ids": [
          "s/3005s01@R0/stud@R0/studC",
          "s/3005s01@R0/snap_cyl@L8:I0"
        ],
        "residual": {
          "distance": 0.0,
          "axial_gap": 0.0,
          "alignment": 1.0,
          "roll_alignment": 1.0,
          "entry_face_gap": 0.0,
          "penetration": 28.0
        }
      },
      {
        "instances": [
          61,
          73
        ],
        "status": "potential",
        "kinds": [
          "stud",
          "stud_receptacle"
        ],
        "sources": [
          "ldcad_shadow",
          "heuristic"
        ],
        "confidence": [
          1.0,
          0.8
        ],
        "feature_ids": [
          "s/3005s01@R0/stud@R0/studC",
          "s/3005s01@R0/snap_cyl@L8:I0"
        ],
        "residual": {
          "distance": 0.0,
          "axial_gap": 0.0,
          "alignment": 1.0,
          "roll_alignment": 1.0,
          "entry_face_gap": 0.0,
          "penetration": 28.0
        }
      },
      {
        "instances": [
          62,
          74
        ],
        "status": "potential",
        "kinds": [
          "stud",
          "stud_receptacle"
        ],
        "sources": [
          "ldcad_shadow",
          "heuristic"
        ],
        "confidence": [
          1.0,
          0.8
        ],
        "feature_ids": [
          "s/3005s01@R0/stud@R0/studC",
          "s/3005s01@R0/snap_cyl@L8:I0"
        ],
        "residual": {
          "distance": 0.0,
          "axial_gap": 0.0,
          "alignment": 1.0,
          "roll_alignment": 1.0,
          "entry_face_gap": 0.0,
          "penetration": 28.0
        }
      },
      {
        "instances": [
          63,
          75
        ],
        "status": "potential",
        "kinds": [
          "stud",
          "stud_receptacle"
        ],
        "sources": [
          "ldcad_shadow",
          "heuristic"
        ],
        "confidence": [
          1.0,
          0.8
        ],
        "feature_ids": [
          "s/3005s01@R0/stud@R0/studC",
          "s/3005s01@R0/snap_cyl@L8:I0"
        ],
        "residual": {
          "distance": 0.0,
          "axial_gap": 0.0,
          "alignment": 1.0,
          "roll_alignment": 1.0,
          "entry_face_gap": 0.0,
          "penetration": 28.0
        }
      },
      {
        "instances": [
          64,
          89
        ],
        "status": "potential",
        "kinds": [
          "stud",
          "stud_receptacle"
        ],
        "sources": [
          "ldcad_shadow",
          "heuristic"
        ],
        "confidence": [
          1.0,
          0.8
        ],
        "feature_ids": [
          "s/3005s01@R0/stud@R0/studC",
          "snap_cyl@L8:I0"
        ],
        "residual": {
          "distance": 0.0,
          "axial_gap": 0.0,
          "alignment": 1.0,
          "roll_alignment": 1.0,
          "entry_face_gap": 0.0,
          "penetration": 12.0
        }
      },
      {
        "instances": [
          65,
          90
        ],
        "status": "potential",
        "kinds": [
          "stud",
          "stud_receptacle"
        ],
        "sources": [
          "ldcad_shadow",
          "heuristic"
        ],
        "confidence": [
          1.0,
          0.8
        ],
        "feature_ids": [
          "s/3005s01@R0/stud@R0/studC",
          "snap_cyl@L8:I0"
        ],
        "residual": {
          "distance": 0.0,
          "axial_gap": 0.0,
          "alignment": 1.0,
          "roll_alignment": 1.0,
          "entry_face_gap": 0.0,
          "penetration": 12.0
        }
      },
      {
        "instances": [
          66,
          89
        ],
        "status": "potential",
        "kinds": [
          "stud",
          "stud_receptacle"
        ],
        "sources": [
          "ldcad_shadow",
          "heuristic"
        ],
        "confidence": [
          1.0,
          0.8
        ],
        "feature_ids": [
          "s/3005s01@R0/stud@R0/studC",
          "snap_cyl@L8:I7"
        ],
        "residual": {
          "distance": 0.0,
          "axial_gap": 0.0,
          "alignment": 1.0,
          "roll_alignment": 1.0,
          "entry_face_gap": 0.0,
          "penetration": 12.0
        }
      },
      {
        "instances": [
          67,
          90
        ],
        "status": "potential",
        "kinds": [
          "stud",
          "stud_receptacle"
        ],
        "sources": [
          "ldcad_shadow",
          "heuristic"
        ],
        "confidence": [
          1.0,
          0.8
        ],
        "feature_ids": [
          "s/3005s01@R0/stud@R0/studC",
          "snap_cyl@L8:I7"
        ],
        "residual": {
          "distance": 0.0,
          "axial_gap": 0.0,
          "alignment": 1.0,
          "roll_alignment": 1.0,
          "entry_face_gap": 0.0,
          "penetration": 12.0
        }
      },
      {
        "instances": [
          68,
          89
        ],
        "status": "potential",
        "kinds": [
          "stud",
          "stud_receptacle"
        ],
        "sources": [
          "ldcad_shadow",
          "heuristic"
        ],
        "confidence": [
          1.0,
          0.8
        ],
        "feature_ids": [
          "s/3005s01@R0/stud@R0/studC",
          "snap_cyl@L8:I1"
        ],
        "residual": {
          "distance": 0.0,
          "axial_gap": 0.0,
          "alignment": 1.0,
          "roll_alignment": 1.0,
          "entry_face_gap": 0.0,
          "penetration": 12.0
        }
      },
      {
        "instances": [
          69,
          89
        ],
        "status": "potential",
        "kinds": [
          "stud",
          "stud_receptacle"
        ],
        "sources": [
          "ldcad_shadow",
          "heuristic"
        ],
        "confidence": [
          1.0,
          0.8
        ],
        "feature_ids": [
          "s/3005s01@R0/stud@R0/studC",
          "snap_cyl@L8:I6"
        ],
        "residual": {
          "distance": 0.0,
          "axial_gap": 0.0,
          "alignment": 1.0,
          "roll_alignment": 1.0,
          "entry_face_gap": 0.0,
          "penetration": 12.0
        }
      },
      {
        "instances": [
          70,
          90
        ],
        "status": "potential",
        "kinds": [
          "stud",
          "stud_receptacle"
        ],
        "sources": [
          "ldcad_shadow",
          "heuristic"
        ],
        "confidence": [
          1.0,
          0.8
        ],
        "feature_ids": [
          "s/3005s01@R0/stud@R0/studC",
          "snap_cyl@L8:I1"
        ],
        "residual": {
          "distance": 0.0,
          "axial_gap": 0.0,
          "alignment": 1.0,
          "roll_alignment": 1.0,
          "entry_face_gap": 0.0,
          "penetration": 12.0
        }
      },
      {
        "instances": [
          71,
          90
        ],
        "status": "potential",
        "kinds": [
          "stud",
          "stud_receptacle"
        ],
        "sources": [
          "ldcad_shadow",
          "heuristic"
        ],
        "confidence": [
          1.0,
          0.8
        ],
        "feature_ids": [
          "s/3005s01@R0/stud@R0/studC",
          "snap_cyl@L8:I6"
        ],
        "residual": {
          "distance": 0.0,
          "axial_gap": 0.0,
          "alignment": 1.0,
          "roll_alignment": 1.0,
          "entry_face_gap": 0.0,
          "penetration": 12.0
        }
      },
      {
        "instances": [
          72,
          91
        ],
        "status": "potential",
        "kinds": [
          "stud",
          "stud_receptacle"
        ],
        "sources": [
          "ldcad_shadow",
          "heuristic"
        ],
        "confidence": [
          1.0,
          0.8
        ],
        "feature_ids": [
          "s/3005s01@R0/stud@R0/studC",
          "snap_cyl@L8:I5"
        ],
        "residual": {
          "distance": 0.0,
          "axial_gap": 0.0,
          "alignment": 1.0,
          "roll_alignment": 1.0,
          "entry_face_gap": 0.0,
          "penetration": 12.0
        }
      },
      {
        "instances": [
          73,
          91
        ],
        "status": "potential",
        "kinds": [
          "stud",
          "stud_receptacle"
        ],
        "sources": [
          "ldcad_shadow",
          "heuristic"
        ],
        "confidence": [
          1.0,
          0.8
        ],
        "feature_ids": [
          "s/3005s01@R0/stud@R0/studC",
          "snap_cyl@L8:I0"
        ],
        "residual": {
          "distance": 0.0,
          "axial_gap": 0.0,
          "alignment": 1.0,
          "roll_alignment": 1.0,
          "entry_face_gap": 0.0,
          "penetration": 12.0
        }
      },
      {
        "instances": [
          74,
          92
        ],
        "status": "potential",
        "kinds": [
          "stud",
          "stud_receptacle"
        ],
        "sources": [
          "ldcad_shadow",
          "heuristic"
        ],
        "confidence": [
          1.0,
          0.8
        ],
        "feature_ids": [
          "s/3005s01@R0/stud@R0/studC",
          "snap_cyl@L8:I5"
        ],
        "residual": {
          "distance": 0.0,
          "axial_gap": 0.0,
          "alignment": 1.0,
          "roll_alignment": 1.0,
          "entry_face_gap": 0.0,
          "penetration": 12.0
        }
      },
      {
        "instances": [
          75,
          92
        ],
        "status": "potential",
        "kinds": [
          "stud",
          "stud_receptacle"
        ],
        "sources": [
          "ldcad_shadow",
          "heuristic"
        ],
        "confidence": [
          1.0,
          0.8
        ],
        "feature_ids": [
          "s/3005s01@R0/stud@R0/studC",
          "snap_cyl@L8:I0"
        ],
        "residual": {
          "distance": 0.0,
          "axial_gap": 0.0,
          "alignment": 1.0,
          "roll_alignment": 1.0,
          "entry_face_gap": 0.0,
          "penetration": 12.0
        }
      },
      {
        "instances": [
          76,
          89
        ],
        "status": "potential",
        "kinds": [
          "stud",
          "stud_receptacle"
        ],
        "sources": [
          "ldcad_shadow",
          "heuristic"
        ],
        "confidence": [
          1.0,
          0.8
        ],
        "feature_ids": [
          "snap_cyl@L9:I0",
          "snap_cyl@L8:I2"
        ],
        "residual": {
          "distance": 0.0,
          "axial_gap": 0.0,
          "alignment": 1.0,
          "roll_alignment": 1.0,
          "entry_face_gap": 0.0,
          "penetration": 12.0
        }
      },
      {
        "instances": [
          76,
          89
        ],
        "status": "potential",
        "kinds": [
          "stud",
          "stud_receptacle"
        ],
        "sources": [
          "ldcad_shadow",
          "heuristic"
        ],
        "confidence": [
          1.0,
          0.8
        ],
        "feature_ids": [
          "snap_cyl@L9:I1",
          "snap_cyl@L8:I5"
        ],
        "residual": {
          "distance": 0.0,
          "axial_gap": 0.0,
          "alignment": 1.0,
          "roll_alignment": 1.0,
          "entry_face_gap": 0.0,
          "penetration": 12.0
        }
      },
      {
        "instances": [
          76,
          89
        ],
        "status": "potential",
        "kinds": [
          "stud",
          "stud_receptacle"
        ],
        "sources": [
          "ldcad_shadow",
          "heuristic"
        ],
        "confidence": [
          1.0,
          0.8
        ],
        "feature_ids": [
          "stud2@R53/studO@L9:I0",
          "snap_cyl@L8:I4"
        ],
        "residual": {
          "distance": 0.0,
          "axial_gap": 0.0,
          "alignment": 1.0,
          "roll_alignment": 1.0,
          "entry_face_gap": 0.0,
          "penetration": 12.0
        }
      },
      {
        "instances": [
          76,
          89
        ],
        "status": "potential",
        "kinds": [
          "stud",
          "stud_receptacle"
        ],
        "sources": [
          "ldcad_shadow",
          "heuristic"
        ],
        "confidence": [
          1.0,
          0.8
        ],
        "feature_ids": [
          "stud2@R54/studO@L9:I0",
          "snap_cyl@L8:I3"
        ],
        "residual": {
          "distance": 0.0,
          "axial_gap": 0.0,
          "alignment": 1.0,
          "roll_alignment": 1.0,
          "entry_face_gap": 0.0,
          "penetration": 12.0
        }
      },
      {
        "instances": [
          78,
          90
        ],
        "status": "potential",
        "kinds": [
          "stud",
          "stud_receptacle"
        ],
        "sources": [
          "ldcad_shadow",
          "heuristic"
        ],
        "confidence": [
          1.0,
          0.8
        ],
        "feature_ids": [
          "snap_cyl@L9:I0",
          "snap_cyl@L8:I5"
        ],
        "residual": {
          "distance": 0.0,
          "axial_gap": 0.0,
          "alignment": 1.0,
          "roll_alignment": 1.0,
          "entry_face_gap": 0.0,
          "penetration": 12.0
        }
      },
      {
        "instances": [
          78,
          90
        ],
        "status": "potential",
        "kinds": [
          "stud",
          "stud_receptacle"
        ],
        "sources": [
          "ldcad_shadow",
          "heuristic"
        ],
        "confidence": [
          1.0,
          0.8
        ],
        "feature_ids": [
          "snap_cyl@L9:I1",
          "snap_cyl@L8:I2"
        ],
        "residual": {
          "distance": 0.0,
          "axial_gap": 0.0,
          "alignment": 1.0,
          "roll_alignment": 1.0,
          "entry_face_gap": 0.0,
          "penetration": 12.0
        }
      },
      {
        "instances": [
          78,
          90
        ],
        "status": "potential",
        "kinds": [
          "stud",
          "stud_receptacle"
        ],
        "sources": [
          "ldcad_shadow",
          "heuristic"
        ],
        "confidence": [
          1.0,
          0.8
        ],
        "feature_ids": [
          "stud2@R53/studO@L9:I0",
          "snap_cyl@L8:I3"
        ],
        "residual": {
          "distance": 0.0,
          "axial_gap": 0.0,
          "alignment": 1.0,
          "roll_alignment": 1.0,
          "entry_face_gap": 0.0,
          "penetration": 12.0
        }
      },
      {
        "instances": [
          78,
          90
        ],
        "status": "potential",
        "kinds": [
          "stud",
          "stud_receptacle"
        ],
        "sources": [
          "ldcad_shadow",
          "heuristic"
        ],
        "confidence": [
          1.0,
          0.8
        ],
        "feature_ids": [
          "stud2@R54/studO@L9:I0",
          "snap_cyl@L8:I4"
        ],
        "residual": {
          "distance": 0.0,
          "axial_gap": 0.0,
          "alignment": 1.0,
          "roll_alignment": 1.0,
          "entry_face_gap": 0.0,
          "penetration": 12.0
        }
      },
      {
        "instances": [
          80,
          91
        ],
        "status": "potential",
        "kinds": [
          "stud",
          "stud_receptacle"
        ],
        "sources": [
          "ldcad_shadow",
          "heuristic"
        ],
        "confidence": [
          1.0,
          0.8
        ],
        "feature_ids": [
          "snap_cyl@L9:I0",
          "snap_cyl@L8:I1"
        ],
        "residual": {
          "distance": 0.0,
          "axial_gap": 0.0,
          "alignment": 1.0,
          "roll_alignment": 1.0,
          "entry_face_gap": 0.0,
          "penetration": 12.0
        }
      },
      {
        "instances": [
          80,
          91
        ],
        "status": "potential",
        "kinds": [
          "stud",
          "stud_receptacle"
        ],
        "sources": [
          "ldcad_shadow",
          "heuristic"
        ],
        "confidence": [
          1.0,
          0.8
        ],
        "feature_ids": [
          "snap_cyl@L9:I1",
          "snap_cyl@L8:I4"
        ],
        "residual": {
          "distance": 0.0,
          "axial_gap": 0.0,
          "alignment": 1.0,
          "roll_alignment": 1.0,
          "entry_face_gap": 0.0,
          "penetration": 12.0
        }
      },
      {
        "instances": [
          80,
          91
        ],
        "status": "potential",
        "kinds": [
          "stud",
          "stud_receptacle"
        ],
        "sources": [
          "ldcad_shadow",
          "heuristic"
        ],
        "confidence": [
          1.0,
          0.8
        ],
        "feature_ids": [
          "stud2@R53/studO@L9:I0",
          "snap_cyl@L8:I3"
        ],
        "residual": {
          "distance": 0.0,
          "axial_gap": 0.0,
          "alignment": 1.0,
          "roll_alignment": 1.0,
          "entry_face_gap": 0.0,
          "penetration": 12.0
        }
      },
      {
        "instances": [
          80,
          91
        ],
        "status": "potential",
        "kinds": [
          "stud",
          "stud_receptacle"
        ],
        "sources": [
          "ldcad_shadow",
          "heuristic"
        ],
        "confidence": [
          1.0,
          0.8
        ],
        "feature_ids": [
          "stud2@R54/studO@L9:I0",
          "snap_cyl@L8:I2"
        ],
        "residual": {
          "distance": 0.0,
          "axial_gap": 0.0,
          "alignment": 1.0,
          "roll_alignment": 1.0,
          "entry_face_gap": 0.0,
          "penetration": 12.0
        }
      },
      {
        "instances": [
          82,
          92
        ],
        "status": "potential",
        "kinds": [
          "stud",
          "stud_receptacle"
        ],
        "sources": [
          "ldcad_shadow",
          "heuristic"
        ],
        "confidence": [
          1.0,
          0.8
        ],
        "feature_ids": [
          "snap_cyl@L9:I0",
          "snap_cyl@L8:I4"
        ],
        "residual": {
          "distance": 0.0,
          "axial_gap": 0.0,
          "alignment": 1.0,
          "roll_alignment": 1.0,
          "entry_face_gap": 0.0,
          "penetration": 12.0
        }
      },
      {
        "instances": [
          82,
          92
        ],
        "status": "potential",
        "kinds": [
          "stud",
          "stud_receptacle"
        ],
        "sources": [
          "ldcad_shadow",
          "heuristic"
        ],
        "confidence": [
          1.0,
          0.8
        ],
        "feature_ids": [
          "snap_cyl@L9:I1",
          "snap_cyl@L8:I1"
        ],
        "residual": {
          "distance": 0.0,
          "axial_gap": 0.0,
          "alignment": 1.0,
          "roll_alignment": 1.0,
          "entry_face_gap": 0.0,
          "penetration": 12.0
        }
      },
      {
        "instances": [
          82,
          92
        ],
        "status": "potential",
        "kinds": [
          "stud",
          "stud_receptacle"
        ],
        "sources": [
          "ldcad_shadow",
          "heuristic"
        ],
        "confidence": [
          1.0,
          0.8
        ],
        "feature_ids": [
          "stud2@R53/studO@L9:I0",
          "snap_cyl@L8:I2"
        ],
        "residual": {
          "distance": 0.0,
          "axial_gap": 0.0,
          "alignment": 1.0,
          "roll_alignment": 1.0,
          "entry_face_gap": 0.0,
          "penetration": 12.0
        }
      },
      {
        "instances": [
          82,
          92
        ],
        "status": "potential",
        "kinds": [
          "stud",
          "stud_receptacle"
        ],
        "sources": [
          "ldcad_shadow",
          "heuristic"
        ],
        "confidence": [
          1.0,
          0.8
        ],
        "feature_ids": [
          "stud2@R54/studO@L9:I0",
          "snap_cyl@L8:I3"
        ],
        "residual": {
          "distance": 0.0,
          "axial_gap": 0.0,
          "alignment": 1.0,
          "roll_alignment": 1.0,
          "entry_face_gap": 0.0,
          "penetration": 12.0
        }
      },
      {
        "instances": [
          84,
          85
        ],
        "status": "confirmed",
        "kinds": [
          "stud",
          "stud_receptacle"
        ],
        "sources": [
          "ldcad_shadow",
          "primitive"
        ],
        "confidence": [
          1.0,
          1.0
        ],
        "feature_ids": [
          "stud@R16/studC",
          "s/3003s01@R0/s/3003s02@R0/stud4@R0/stud4:socket:+1-1"
        ],
        "residual": {
          "distance": 0.0,
          "axial_gap": 0.0,
          "alignment": 1.0,
          "roll_alignment": 1.0,
          "entry_face_gap": 0.0,
          "penetration": 28.0
        }
      },
      {
        "instances": [
          84,
          85
        ],
        "status": "confirmed",
        "kinds": [
          "stud",
          "stud_receptacle"
        ],
        "sources": [
          "ldcad_shadow",
          "primitive"
        ],
        "confidence": [
          1.0,
          1.0
        ],
        "feature_ids": [
          "stud@R17/studC",
          "s/3003s01@R0/s/3003s02@R0/stud4@R0/stud4:socket:-1-1"
        ],
        "residual": {
          "distance": 0.0,
          "axial_gap": 0.0,
          "alignment": 1.0,
          "roll_alignment": 1.0,
          "entry_face_gap": 0.0,
          "penetration": 28.0
        }
      },
      {
        "instances": [
          84,
          85
        ],
        "status": "confirmed",
        "kinds": [
          "stud",
          "stud_receptacle"
        ],
        "sources": [
          "ldcad_shadow",
          "primitive"
        ],
        "confidence": [
          1.0,
          1.0
        ],
        "feature_ids": [
          "stud@R20/studC",
          "s/3003s01@R0/s/3003s02@R0/stud4@R0/stud4:socket:+1+1"
        ],
        "residual": {
          "distance": 0.0,
          "axial_gap": 0.0,
          "alignment": 1.0,
          "roll_alignment": 1.0,
          "entry_face_gap": 0.0,
          "penetration": 28.0
        }
      },
      {
        "instances": [
          84,
          85
        ],
        "status": "confirmed",
        "kinds": [
          "stud",
          "stud_receptacle"
        ],
        "sources": [
          "ldcad_shadow",
          "primitive"
        ],
        "confidence": [
          1.0,
          1.0
        ],
        "feature_ids": [
          "stud@R21/studC",
          "s/3003s01@R0/s/3003s02@R0/stud4@R0/stud4:socket:-1+1"
        ],
        "residual": {
          "distance": 0.0,
          "axial_gap": 0.0,
          "alignment": 1.0,
          "roll_alignment": 1.0,
          "entry_face_gap": 0.0,
          "penetration": 28.0
        }
      },
      {
        "instances": [
          85,
          86
        ],
        "status": "confirmed",
        "kinds": [
          "stud",
          "stud_receptacle"
        ],
        "sources": [
          "ldcad_shadow",
          "primitive"
        ],
        "confidence": [
          1.0,
          1.0
        ],
        "feature_ids": [
          "s/3003s01@R0/s/3003s02@R0/stug-2x2@R3/stud@R0/studC",
          "s/3003s01@R0/s/3003s02@R0/stud4@R0/stud4:socket:-1+1"
        ],
        "residual": {
          "distance": 0.0,
          "axial_gap": 0.0,
          "alignment": 1.0,
          "roll_alignment": 1.0,
          "entry_face_gap": 0.0,
          "penetration": 28.0
        }
      },
      {
        "instances": [
          85,
          86
        ],
        "status": "confirmed",
        "kinds": [
          "stud",
          "stud_receptacle"
        ],
        "sources": [
          "ldcad_shadow",
          "primitive"
        ],
        "confidence": [
          1.0,
          1.0
        ],
        "feature_ids": [
          "s/3003s01@R0/s/3003s02@R0/stug-2x2@R3/stud@R1/studC",
          "s/3003s01@R0/s/3003s02@R0/stud4@R0/stud4:socket:+1+1"
        ],
        "residual": {
          "distance": 0.0,
          "axial_gap": 0.0,
          "alignment": 1.0,
          "roll_alignment": 1.0,
          "entry_face_gap": 0.0,
          "penetration": 28.0
        }
      },
      {
        "instances": [
          85,
          86
        ],
        "status": "confirmed",
        "kinds": [
          "stud",
          "stud_receptacle"
        ],
        "sources": [
          "ldcad_shadow",
          "primitive"
        ],
        "confidence": [
          1.0,
          1.0
        ],
        "feature_ids": [
          "s/3003s01@R0/s/3003s02@R0/stug-2x2@R3/stud@R2/studC",
          "s/3003s01@R0/s/3003s02@R0/stud4@R0/stud4:socket:-1-1"
        ],
        "residual": {
          "distance": 0.0,
          "axial_gap": 0.0,
          "alignment": 1.0,
          "roll_alignment": 1.0,
          "entry_face_gap": 0.0,
          "penetration": 28.0
        }
      },
      {
        "instances": [
          85,
          86
        ],
        "status": "confirmed",
        "kinds": [
          "stud",
          "stud_receptacle"
        ],
        "sources": [
          "ldcad_shadow",
          "primitive"
        ],
        "confidence": [
          1.0,
          1.0
        ],
        "feature_ids": [
          "s/3003s01@R0/s/3003s02@R0/stug-2x2@R3/stud@R3/studC",
          "s/3003s01@R0/s/3003s02@R0/stud4@R0/stud4:socket:+1-1"
        ],
        "residual": {
          "distance": 0.0,
          "axial_gap": 0.0,
          "alignment": 1.0,
          "roll_alignment": 1.0,
          "entry_face_gap": 0.0,
          "penetration": 28.0
        }
      },
      {
        "instances": [
          86,
          87
        ],
        "status": "confirmed",
        "kinds": [
          "stud",
          "stud_receptacle"
        ],
        "sources": [
          "ldcad_shadow",
          "primitive"
        ],
        "confidence": [
          1.0,
          1.0
        ],
        "feature_ids": [
          "s/3003s01@R0/s/3003s02@R0/stug-2x2@R3/stud@R0/studC",
          "s/3003s01@R0/s/3003s02@R0/stud4@R0/stud4:socket:-1+1"
        ],
        "residual": {
          "distance": 0.0,
          "axial_gap": 0.0,
          "alignment": 1.0,
          "roll_alignment": 1.0,
          "entry_face_gap": 0.0,
          "penetration": 28.0
        }
      },
      {
        "instances": [
          86,
          87
        ],
        "status": "confirmed",
        "kinds": [
          "stud",
          "stud_receptacle"
        ],
        "sources": [
          "ldcad_shadow",
          "primitive"
        ],
        "confidence": [
          1.0,
          1.0
        ],
        "feature_ids": [
          "s/3003s01@R0/s/3003s02@R0/stug-2x2@R3/stud@R1/studC",
          "s/3003s01@R0/s/3003s02@R0/stud4@R0/stud4:socket:+1+1"
        ],
        "residual": {
          "distance": 0.0,
          "axial_gap": 0.0,
          "alignment": 1.0,
          "roll_alignment": 1.0,
          "entry_face_gap": 0.0,
          "penetration": 28.0
        }
      },
      {
        "instances": [
          86,
          87
        ],
        "status": "confirmed",
        "kinds": [
          "stud",
          "stud_receptacle"
        ],
        "sources": [
          "ldcad_shadow",
          "primitive"
        ],
        "confidence": [
          1.0,
          1.0
        ],
        "feature_ids": [
          "s/3003s01@R0/s/3003s02@R0/stug-2x2@R3/stud@R2/studC",
          "s/3003s01@R0/s/3003s02@R0/stud4@R0/stud4:socket:-1-1"
        ],
        "residual": {
          "distance": 0.0,
          "axial_gap": 0.0,
          "alignment": 1.0,
          "roll_alignment": 1.0,
          "entry_face_gap": 0.0,
          "penetration": 28.0
        }
      },
      {
        "instances": [
          86,
          87
        ],
        "status": "confirmed",
        "kinds": [
          "stud",
          "stud_receptacle"
        ],
        "sources": [
          "ldcad_shadow",
          "primitive"
        ],
        "confidence": [
          1.0,
          1.0
        ],
        "feature_ids": [
          "s/3003s01@R0/s/3003s02@R0/stug-2x2@R3/stud@R3/studC",
          "s/3003s01@R0/s/3003s02@R0/stud4@R0/stud4:socket:+1-1"
        ],
        "residual": {
          "distance": 0.0,
          "axial_gap": 0.0,
          "alignment": 1.0,
          "roll_alignment": 1.0,
          "entry_face_gap": 0.0,
          "penetration": 28.0
        }
      },
      {
        "instances": [
          87,
          88
        ],
        "status": "confirmed",
        "kinds": [
          "stud",
          "stud_receptacle"
        ],
        "sources": [
          "ldcad_shadow",
          "ldcad_shadow"
        ],
        "confidence": [
          1.0,
          1.0
        ],
        "feature_ids": [
          "s/3003s01@R0/s/3003s02@R0/stug-2x2@R3/stud@R0/studC",
          "snap_cyl@L9:I0"
        ],
        "residual": {
          "distance": 0.0,
          "axial_gap": 0.0,
          "alignment": 1.0,
          "roll_alignment": 1.0,
          "entry_face_gap": 0.0,
          "penetration": 12.0
        }
      },
      {
        "instances": [
          87,
          88
        ],
        "status": "confirmed",
        "kinds": [
          "stud",
          "stud_receptacle"
        ],
        "sources": [
          "ldcad_shadow",
          "ldcad_shadow"
        ],
        "confidence": [
          1.0,
          1.0
        ],
        "feature_ids": [
          "s/3003s01@R0/s/3003s02@R0/stug-2x2@R3/stud@R1/studC",
          "snap_cyl@L9:I2"
        ],
        "residual": {
          "distance": 0.0,
          "axial_gap": 0.0,
          "alignment": 1.0,
          "roll_alignment": 1.0,
          "entry_face_gap": 0.0,
          "penetration": 12.0
        }
      },
      {
        "instances": [
          87,
          88
        ],
        "status": "confirmed",
        "kinds": [
          "stud",
          "stud_receptacle"
        ],
        "sources": [
          "ldcad_shadow",
          "ldcad_shadow"
        ],
        "confidence": [
          1.0,
          1.0
        ],
        "feature_ids": [
          "s/3003s01@R0/s/3003s02@R0/stug-2x2@R3/stud@R2/studC",
          "snap_cyl@L9:I1"
        ],
        "residual": {
          "distance": 0.0,
          "axial_gap": 0.0,
          "alignment": 1.0,
          "roll_alignment": 1.0,
          "entry_face_gap": 0.0,
          "penetration": 12.0
        }
      },
      {
        "instances": [
          87,
          88
        ],
        "status": "confirmed",
        "kinds": [
          "stud",
          "stud_receptacle"
        ],
        "sources": [
          "ldcad_shadow",
          "ldcad_shadow"
        ],
        "confidence": [
          1.0,
          1.0
        ],
        "feature_ids": [
          "s/3003s01@R0/s/3003s02@R0/stug-2x2@R3/stud@R3/studC",
          "snap_cyl@L9:I3"
        ],
        "residual": {
          "distance": 0.0,
          "axial_gap": 0.0,
          "alignment": 1.0,
          "roll_alignment": 1.0,
          "entry_face_gap": 0.0,
          "penetration": 12.0
        }
      }
    ],
    "contacts_truncated": false,
    "confirmed_components": [
      [
        0,
        2,
        84,
        85,
        86,
        87,
        88
      ],
      [
        1,
        3
      ],
      [
        4
      ],
      [
        5
      ],
      [
        6
      ],
      [
        7
      ],
      [
        8
      ],
      [
        9
      ],
      [
        10
      ],
      [
        11
      ],
      [
        12
      ],
      [
        13
      ],
      [
        14
      ],
      [
        15
      ],
      [
        16
      ],
      [
        17
      ],
      [
        18
      ],
      [
        19
      ],
      [
        20
      ],
      [
        21
      ],
      [
        22
      ],
      [
        23
      ],
      [
        24
      ],
      [
        25
      ],
      [
        26
      ],
      [
        27
      ],
      [
        28
      ],
      [
        29
      ],
      [
        30
      ],
      [
        31
      ],
      [
        32
      ],
      [
        33
      ],
      [
        34
      ],
      [
        35
      ],
      [
        36
      ],
      [
        37
      ],
      [
        38
      ],
      [
        39
      ],
      [
        40
      ],
      [
        41
      ],
      [
        42
      ],
      [
        43
      ],
      [
        44
      ],
      [
        45
      ],
      [
        46
      ],
      [
        47
      ],
      [
        48
      ],
      [
        49
      ],
      [
        50
      ],
      [
        51
      ],
      [
        52
      ],
      [
        53
      ],
      [
        54
      ],
      [
        55
      ],
      [
        56
      ],
      [
        57
      ],
      [
        58
      ],
      [
        59
      ],
      [
        60
      ],
      [
        61
      ],
      [
        62
      ],
      [
        63
      ],
      [
        64
      ],
      [
        65
      ],
      [
        66
      ],
      [
        67
      ],
      [
        68
      ],
      [
        69
      ],
      [
        70
      ],
      [
        71
      ],
      [
        72
      ],
      [
        73
      ],
      [
        74
      ],
      [
        75
      ],
      [
        76
      ],
      [
        77
      ],
      [
        78
      ],
      [
        79
      ],
      [
        80
      ],
      [
        81
      ],
      [
        82
      ],
      [
        83
      ],
      [
        89
      ],
      [
        90
      ],
      [
        91
      ],
      [
        92
      ]
    ],
    "optimistic_components": [
      [
        0,
        1,
        2,
        3,
        4,
        5,
        6,
        7,
        8,
        9,
        10,
        11,
        12,
        13,
        14,
        15,
        16,
        17,
        18,
        19,
        20,
        21,
        22,
        23,
        24,
        25,
        26,
        27,
        28,
        29,
        30,
        31,
        32,
        33,
        34,
        35,
        36,
        37,
        38,
        39,
        40,
        41,
        42,
        43,
        44,
        45,
        46,
        47,
        48,
        49,
        50,
        51,
        52,
        53,
        54,
        55,
        56,
        57,
        58,
        59,
        60,
        61,
        62,
        63,
        64,
        65,
        66,
        67,
        68,
        69,
        70,
        71,
        72,
        73,
        74,
        75,
        76,
        78,
        80,
        82,
        84,
        85,
        86,
        87,
        88,
        89,
        90,
        91,
        92
      ],
      [
        77
      ],
      [
        79
      ],
      [
        81
      ],
      [
        83
      ]
    ],
    "optimistic_component_count": 5,
    "confirmed_component_count": 86,
    "components_truncated": false,
    "overlap_candidate_count": 103,
    "overlaps": [
      {
        "instances": [
          0,
          2
        ],
        "depths": [
          160.0,
          4.0,
          120.0
        ],
        "status": "stud_zone_overlap_review_connections",
        "body_penetration": null,
        "connection_count": 48
      },
      {
        "instances": [
          1,
          3
        ],
        "depths": [
          160.0,
          4.0,
          40.0
        ],
        "status": "stud_zone_overlap_review_connections",
        "body_penetration": null,
        "connection_count": 16
      },
      {
        "instances": [
          2,
          4
        ],
        "depths": [
          20.0,
          4.0,
          20.0
        ],
        "status": "stud_zone_overlap_review_connections",
        "body_penetration": null,
        "connection_count": 1
      },
      {
        "instances": [
          2,
          12
        ],
        "depths": [
          20.0,
          4.0,
          20.0
        ],
        "status": "stud_zone_overlap_review_connections",
        "body_penetration": null,
        "connection_count": 1
      },
      {
        "instances": [
          2,
          80
        ],
        "depths": [
          20.0,
          4.0,
          80.0
        ],
        "status": "review_oriented_bounds",
        "body_penetration": null,
        "connection_count": 4
      },
      {
        "instances": [
          2,
          8
        ],
        "depths": [
          20.0,
          4.0,
          20.0
        ],
        "status": "stud_zone_overlap_review_connections",
        "body_penetration": null,
        "connection_count": 1
      },
      {
        "instances": [
          2,
          76
        ],
        "depths": [
          80.0,
          4.0,
          20.0
        ],
        "status": "review_oriented_bounds",
        "body_penetration": null,
        "connection_count": 4
      },
      {
        "instances": [
          2,
          84
        ],
        "depths": [
          80.0,
          4.0,
          80.0
        ],
        "status": "stud_zone_overlap_review_connections",
        "body_penetration": null,
        "connection_count": 16
      },
      {
        "instances": [
          2,
          9
        ],
        "depths": [
          20.0,
          4.0,
          20.0
        ],
        "status": "stud_zone_overlap_review_connections",
        "body_penetration": null,
        "connection_count": 1
      },
      {
        "instances": [
          2,
          6
        ],
        "depths": [
          20.0,
          4.0,
          20.0
        ],
        "status": "stud_zone_overlap_review_connections",
        "body_penetration": null,
        "connection_count": 1
      },
      {
        "instances": [
          2,
          14
        ],
        "depths": [
          20.0,
          4.0,
          20.0
        ],
        "status": "stud_zone_overlap_review_connections",
        "body_penetration": null,
        "connection_count": 1
      },
      {
        "instances": [
          2,
          82
        ],
        "depths": [
          20.0,
          4.0,
          80.0
        ],
        "status": "review_oriented_bounds",
        "body_penetration": null,
        "connection_count": 4
      },
      {
        "instances": [
          3,
          5
        ],
        "depths": [
          20.0,
          4.0,
          20.0
        ],
        "status": "stud_zone_overlap_review_connections",
        "body_penetration": null,
        "connection_count": 1
      },
      {
        "instances": [
          3,
          13
        ],
        "depths": [
          20.0,
          4.0,
          20.0
        ],
        "status": "stud_zone_overlap_review_connections",
        "body_penetration": null,
        "connection_count": 1
      },
      {
        "instances": [
          3,
          10
        ],
        "depths": [
          20.0,
          4.0,
          20.0
        ],
        "status": "stud_zone_overlap_review_connections",
        "body_penetration": null,
        "connection_count": 1
      },
      {
        "instances": [
          3,
          78
        ],
        "depths": [
          80.0,
          4.0,
          20.0
        ],
        "status": "review_oriented_bounds",
        "body_penetration": null,
        "connection_count": 4
      },
      {
        "instances": [
          3,
          11
        ],
        "depths": [
          20.0,
          4.0,
          20.0
        ],
        "status": "stud_zone_overlap_review_connections",
        "body_penetration": null,
        "connection_count": 1
      },
      {
        "instances": [
          3,
          7
        ],
        "depths": [
          20.0,
          4.0,
          20.0
        ],
        "status": "stud_zone_overlap_review_connections",
        "body_penetration": null,
        "connection_count": 1
      },
      {
        "instances": [
          3,
          15
        ],
        "depths": [
          20.0,
          4.0,
          20.0
        ],
        "status": "stud_zone_overlap_review_connections",
        "body_penetration": null,
        "connection_count": 1
      },
      {
        "instances": [
          4,
          16
        ],
        "depths": [
          20.0,
          4.0,
          20.0
        ],
        "status": "stud_zone_overlap_review_connections",
        "body_penetration": null,
        "connection_count": 1
      },
      {
        "instances": [
          5,
          17
        ],
        "depths": [
          20.0,
          4.0,
          20.0
        ],
        "status": "stud_zone_overlap_review_connections",
        "body_penetration": null,
        "connection_count": 1
      },
      {
        "instances": [
          12,
          24
        ],
        "depths": [
          20.0,
          4.0,
          20.0
        ],
        "status": "stud_zone_overlap_review_connections",
        "body_penetration": null,
        "connection_count": 1
      },
      {
        "instances": [
          13,
          25
        ],
        "depths": [
          20.0,
          4.0,
          20.0
        ],
        "status": "stud_zone_overlap_review_connections",
        "body_penetration": null,
        "connection_count": 1
      },
      {
        "instances": [
          16,
          28
        ],
        "depths": [
          20.0,
          4.0,
          20.0
        ],
        "status": "stud_zone_overlap_review_connections",
        "body_penetration": null,
        "connection_count": 1
      },
      {
        "instances": [
          17,
          29
        ],
        "depths": [
          20.0,
          4.0,
          20.0
        ],
        "status": "stud_zone_overlap_review_connections",
        "body_penetration": null,
        "connection_count": 1
      },
      {
        "instances": [
          24,
          36
        ],
        "depths": [
          20.0,
          4.0,
          20.0
        ],
        "status": "stud_zone_overlap_review_connections",
        "body_penetration": null,
        "connection_count": 1
      },
      {
        "instances": [
          25,
          37
        ],
        "depths": [
          20.0,
          4.0,
          20.0
        ],
        "status": "stud_zone_overlap_review_connections",
        "body_penetration": null,
        "connection_count": 1
      },
      {
        "instances": [
          28,
          40
        ],
        "depths": [
          20.0,
          4.0,
          20.0
        ],
        "status": "stud_zone_overlap_review_connections",
        "body_penetration": null,
        "connection_count": 1
      },
      {
        "instances": [
          29,
          41
        ],
        "depths": [
          20.0,
          4.0,
          20.0
        ],
        "status": "stud_zone_overlap_review_connections",
        "body_penetration": null,
        "connection_count": 1
      },
      {
        "instances": [
          36,
          48
        ],
        "depths": [
          20.0,
          4.0,
          20.0
        ],
        "status": "stud_zone_overlap_review_connections",
        "body_penetration": null,
        "connection_count": 1
      },
      {
        "instances": [
          37,
          49
        ],
        "depths": [
          20.0,
          4.0,
          20.0
        ],
        "status": "stud_zone_overlap_review_connections",
        "body_penetration": null,
        "connection_count": 1
      },
      {
        "instances": [
          40,
          52
        ],
        "depths": [
          20.0,
          4.0,
          20.0
        ],
        "status": "stud_zone_overlap_review_connections",
        "body_penetration": null,
        "connection_count": 1
      },
      {
        "instances": [
          41,
          53
        ],
        "depths": [
          20.0,
          4.0,
          20.0
        ],
        "status": "stud_zone_overlap_review_connections",
        "body_penetration": null,
        "connection_count": 1
      },
      {
        "instances": [
          48,
          60
        ],
        "depths": [
          20.0,
          4.0,
          20.0
        ],
        "status": "stud_zone_overlap_review_connections",
        "body_penetration": null,
        "connection_count": 1
      },
      {
        "instances": [
          49,
          61
        ],
        "depths": [
          20.0,
          4.0,
          20.0
        ],
        "status": "stud_zone_overlap_review_connections",
        "body_penetration": null,
        "connection_count": 1
      },
      {
        "instances": [
          52,
          64
        ],
        "depths": [
          20.0,
          4.0,
          20.0
        ],
        "status": "stud_zone_overlap_review_connections",
        "body_penetration": null,
        "connection_count": 1
      },
      {
        "instances": [
          53,
          65
        ],
        "depths": [
          20.0,
          4.0,
          20.0
        ],
        "status": "stud_zone_overlap_review_connections",
        "body_penetration": null,
        "connection_count": 1
      },
      {
        "instances": [
          60,
          72
        ],
        "depths": [
          20.0,
          4.0,
          20.0
        ],
        "status": "stud_zone_overlap_review_connections",
        "body_penetration": null,
        "connection_count": 1
      },
      {
        "instances": [
          61,
          73
        ],
        "depths": [
          20.0,
          4.0,
          20.0
        ],
        "status": "stud_zone_overlap_review_connections",
        "body_penetration": null,
        "connection_count": 1
      },
      {
        "instances": [
          64,
          89
        ],
        "depths": [
          20.0,
          4.0,
          20.0
        ],
        "status": "stud_zone_overlap_review_connections",
        "body_penetration": null,
        "connection_count": 1
      },
      {
        "instances": [
          65,
          90
        ],
        "depths": [
          20.0,
          4.0,
          20.0
        ],
        "status": "stud_zone_overlap_review_connections",
        "body_penetration": null,
        "connection_count": 1
      },
      {
        "instances": [
          72,
          91
        ],
        "depths": [
          20.0,
          4.0,
          20.0
        ],
        "status": "stud_zone_overlap_review_connections",
        "body_penetration": null,
        "connection_count": 1
      },
      {
        "instances": [
          73,
          91
        ],
        "depths": [
          20.0,
          4.0,
          20.0
        ],
        "status": "stud_zone_overlap_review_connections",
        "body_penetration": null,
        "connection_count": 1
      },
      {
        "instances": [
          80,
          91
        ],
        "depths": [
          20.0,
          4.0,
          80.0
        ],
        "status": "review_oriented_bounds",
        "body_penetration": null,
        "connection_count": 4
      },
      {
        "instances": [
          80,
          81
        ],
        "depths": [
          4.0,
          133.5,
          72.5
        ],
        "status": "review_oriented_bounds",
        "body_penetration": null,
        "connection_count": 0
      },
      {
        "instances": [
          89,
          68
        ],
        "depths": [
          20.0,
          4.0,
          20.0
        ],
        "status": "stud_zone_overlap_review_connections",
        "body_penetration": null,
        "connection_count": 1
      },
      {
        "instances": [
          89,
          76
        ],
        "depths": [
          80.0,
          4.0,
          20.0
        ],
        "status": "review_oriented_bounds",
        "body_penetration": null,
        "connection_count": 4
      },
      {
        "instances": [
          89,
          69
        ],
        "depths": [
          20.0,
          4.0,
          20.0
        ],
        "status": "stud_zone_overlap_review_connections",
        "body_penetration": null,
        "connection_count": 1
      },
      {
        "instances": [
          89,
          66
        ],
        "depths": [
          20.0,
          4.0,
          20.0
        ],
        "status": "stud_zone_overlap_review_connections",
        "body_penetration": null,
        "connection_count": 1
      },
      {
        "instances": [
          90,
          70
        ],
        "depths": [
          20.0,
          4.0,
          20.0
        ],
        "status": "stud_zone_overlap_review_connections",
        "body_penetration": null,
        "connection_count": 1
      },
      {
        "instances": [
          90,
          78
        ],
        "depths": [
          80.0,
          4.0,
          20.0
        ],
        "status": "review_oriented_bounds",
        "body_penetration": null,
        "connection_count": 4
      },
      {
        "instances": [
          90,
          71
        ],
        "depths": [
          20.0,
          4.0,
          20.0
        ],
        "status": "stud_zone_overlap_review_connections",
        "body_penetration": null,
        "connection_count": 1
      },
      {
        "instances": [
          90,
          67
        ],
        "depths": [
          20.0,
          4.0,
          20.0
        ],
        "status": "stud_zone_overlap_review_connections",
        "body_penetration": null,
        "connection_count": 1
      },
      {
        "instances": [
          8,
          20
        ],
        "depths": [
          20.0,
          4.0,
          20.0
        ],
        "status": "stud_zone_overlap_review_connections",
        "body_penetration": null,
        "connection_count": 1
      },
      {
        "instances": [
          10,
          22
        ],
        "depths": [
          20.0,
          4.0,
          20.0
        ],
        "status": "stud_zone_overlap_review_connections",
        "body_penetration": null,
        "connection_count": 1
      },
      {
        "instances": [
          20,
          32
        ],
        "depths": [
          20.0,
          4.0,
          20.0
        ],
        "status": "stud_zone_overlap_review_connections",
        "body_penetration": null,
        "connection_count": 1
      },
      {
        "instances": [
          22,
          34
        ],
        "depths": [
          20.0,
          4.0,
          20.0
        ],
        "status": "stud_zone_overlap_review_connections",
        "body_penetration": null,
        "connection_count": 1
      },
      {
        "instances": [
          32,
          44
        ],
        "depths": [
          20.0,
          4.0,
          20.0
        ],
        "status": "stud_zone_overlap_review_connections",
        "body_penetration": null,
        "connection_count": 1
      },
      {
        "instances": [
          34,
          46
        ],
        "depths": [
          20.0,
          4.0,
          20.0
        ],
        "status": "stud_zone_overlap_review_connections",
        "body_penetration": null,
        "connection_count": 1
      },
      {
        "instances": [
          44,
          56
        ],
        "depths": [
          20.0,
          4.0,
          20.0
        ],
        "status": "stud_zone_overlap_review_connections",
        "body_penetration": null,
        "connection_count": 1
      },
      {
        "instances": [
          46,
          58
        ],
        "depths": [
          20.0,
          4.0,
          20.0
        ],
        "status": "stud_zone_overlap_review_connections",
        "body_penetration": null,
        "connection_count": 1
      },
      {
        "instances": [
          56,
          68
        ],
        "depths": [
          20.0,
          4.0,
          20.0
        ],
        "status": "stud_zone_overlap_review_connections",
        "body_penetration": null,
        "connection_count": 1
      },
      {
        "instances": [
          58,
          70
        ],
        "depths": [
          20.0,
          4.0,
          20.0
        ],
        "status": "stud_zone_overlap_review_connections",
        "body_penetration": null,
        "connection_count": 1
      },
      {
        "instances": [
          76,
          77
        ],
        "depths": [
          72.5,
          133.5,
          4.0
        ],
        "status": "review_oriented_bounds",
        "body_penetration": null,
        "connection_count": 0
      },
      {
        "instances": [
          78,
          79
        ],
        "depths": [
          72.5,
          133.5,
          4.0
        ],
        "status": "review_oriented_bounds",
        "body_penetration": null,
        "connection_count": 0
      },
      {
        "instances": [
          84,
          85
        ],
        "depths": [
          40.0,
          4.0,
          40.0
        ],
        "status": "stud_zone_overlap_review_connections",
        "body_penetration": null,
        "connection_count": 4
      },
      {
        "instances": [
          85,
          86
        ],
        "depths": [
          40.0,
          4.0,
          40.0
        ],
        "status": "stud_zone_overlap_review_connections",
        "body_penetration": null,
        "connection_count": 4
      },
      {
        "instances": [
          86,
          87
        ],
        "depths": [
          40.0,
          4.0,
          40.0
        ],
        "status": "stud_zone_overlap_review_connections",
        "body_penetration": null,
        "connection_count": 4
      },
      {
        "instances": [
          87,
          88
        ],
        "depths": [
          40.0,
          4.0,
          40.0
        ],
        "status": "stud_zone_overlap_review_connections",
        "body_penetration": null,
        "connection_count": 4
      },
      {
        "instances": [
          9,
          21
        ],
        "depths": [
          20.0,
          4.0,
          20.0
        ],
        "status": "stud_zone_overlap_review_connections",
        "body_penetration": null,
        "connection_count": 1
      },
      {
        "instances": [
          11,
          23
        ],
        "depths": [
          20.0,
          4.0,
          20.0
        ],
        "status": "stud_zone_overlap_review_connections",
        "body_penetration": null,
        "connection_count": 1
      },
      {
        "instances": [
          21,
          33
        ],
        "depths": [
          20.0,
          4.0,
          20.0
        ],
        "status": "stud_zone_overlap_review_connections",
        "body_penetration": null,
        "connection_count": 1
      },
      {
        "instances": [
          23,
          35
        ],
        "depths": [
          20.0,
          4.0,
          20.0
        ],
        "status": "stud_zone_overlap_review_connections",
        "body_penetration": null,
        "connection_count": 1
      },
      {
        "instances": [
          33,
          45
        ],
        "depths": [
          20.0,
          4.0,
          20.0
        ],
        "status": "stud_zone_overlap_review_connections",
        "body_penetration": null,
        "connection_count": 1
      },
      {
        "instances": [
          35,
          47
        ],
        "depths": [
          20.0,
          4.0,
          20.0
        ],
        "status": "stud_zone_overlap_review_connections",
        "body_penetration": null,
        "connection_count": 1
      },
      {
        "instances": [
          45,
          57
        ],
        "depths": [
          20.0,
          4.0,
          20.0
        ],
        "status": "stud_zone_overlap_review_connections",
        "body_penetration": null,
        "connection_count": 1
      },
      {
        "instances": [
          47,
          59
        ],
        "depths": [
          20.0,
          4.0,
          20.0
        ],
        "status": "stud_zone_overlap_review_connections",
        "body_penetration": null,
        "connection_count": 1
      },
      {
        "instances": [
          57,
          69
        ],
        "depths": [
          20.0,
          4.0,
          20.0
        ],
        "status": "stud_zone_overlap_review_connections",
        "body_penetration": null,
        "connection_count": 1
      },
      {
        "instances": [
          59,
          71
        ],
        "depths": [
          20.0,
          4.0,
          20.0
        ],
        "status": "stud_zone_overlap_review_connections",
        "body_penetration": null,
        "connection_count": 1
      },
      {
        "instances": [
          6,
          18
        ],
        "depths": [
          20.0,
          4.0,
          20.0
        ],
        "status": "stud_zone_overlap_review_connections",
        "body_penetration": null,
        "connection_count": 1
      },
      {
        "instances": [
          7,
          19
        ],
        "depths": [
          20.0,
          4.0,
          20.0
        ],
        "status": "stud_zone_overlap_review_connections",
        "body_penetration": null,
        "connection_count": 1
      },
      {
        "instances": [
          14,
          26
        ],
        "depths": [
          20.0,
          4.0,
          20.0
        ],
        "status": "stud_zone_overlap_review_connections",
        "body_penetration": null,
        "connection_count": 1
      },
      {
        "instances": [
          15,
          27
        ],
        "depths": [
          20.0,
          4.0,
          20.0
        ],
        "status": "stud_zone_overlap_review_connections",
        "body_penetration": null,
        "connection_count": 1
      },
      {
        "instances": [
          18,
          30
        ],
        "depths": [
          20.0,
          4.0,
          20.0
        ],
        "status": "stud_zone_overlap_review_connections",
        "body_penetration": null,
        "connection_count": 1
      },
      {
        "instances": [
          19,
          31
        ],
        "depths": [
          20.0,
          4.0,
          20.0
        ],
        "status": "stud_zone_overlap_review_connections",
        "body_penetration": null,
        "connection_count": 1
      },
      {
        "instances": [
          26,
          38
        ],
        "depths": [
          20.0,
          4.0,
          20.0
        ],
        "status": "stud_zone_overlap_review_connections",
        "body_penetration": null,
        "connection_count": 1
      },
      {
        "instances": [
          27,
          39
        ],
        "depths": [
          20.0,
          4.0,
          20.0
        ],
        "status": "stud_zone_overlap_review_connections",
        "body_penetration": null,
        "connection_count": 1
      },
      {
        "instances": [
          30,
          42
        ],
        "depths": [
          20.0,
          4.0,
          20.0
        ],
        "status": "stud_zone_overlap_review_connections",
        "body_penetration": null,
        "connection_count": 1
      },
      {
        "instances": [
          31,
          43
        ],
        "depths": [
          20.0,
          4.0,
          20.0
        ],
        "status": "stud_zone_overlap_review_connections",
        "body_penetration": null,
        "connection_count": 1
      },
      {
        "instances": [
          38,
          50
        ],
        "depths": [
          20.0,
          4.0,
          20.0
        ],
        "status": "stud_zone_overlap_review_connections",
        "body_penetration": null,
        "connection_count": 1
      },
      {
        "instances": [
          39,
          51
        ],
        "depths": [
          20.0,
          4.0,
          20.0
        ],
        "status": "stud_zone_overlap_review_connections",
        "body_penetration": null,
        "connection_count": 1
      },
      {
        "instances": [
          42,
          54
        ],
        "depths": [
          20.0,
          4.0,
          20.0
        ],
        "status": "stud_zone_overlap_review_connections",
        "body_penetration": null,
        "connection_count": 1
      },
      {
        "instances": [
          43,
          55
        ],
        "depths": [
          20.0,
          4.0,
          20.0
        ],
        "status": "stud_zone_overlap_review_connections",
        "body_penetration": null,
        "connection_count": 1
      },
      {
        "instances": [
          50,
          62
        ],
        "depths": [
          20.0,
          4.0,
          20.0
        ],
        "status": "stud_zone_overlap_review_connections",
        "body_penetration": null,
        "connection_count": 1
      },
      {
        "instances": [
          51,
          63
        ],
        "depths": [
          20.0,
          4.0,
          20.0
        ],
        "status": "stud_zone_overlap_review_connections",
        "body_penetration": null,
        "connection_count": 1
      },
      {
        "instances": [
          54,
          66
        ],
        "depths": [
          20.0,
          4.0,
          20.0
        ],
        "status": "stud_zone_overlap_review_connections",
        "body_penetration": null,
        "connection_count": 1
      },
      {
        "instances": [
          55,
          67
        ],
        "depths": [
          20.0,
          4.0,
          20.0
        ],
        "status": "stud_zone_overlap_review_connections",
        "body_penetration": null,
        "connection_count": 1
      },
      {
        "instances": [
          62,
          74
        ],
        "depths": [
          20.0,
          4.0,
          20.0
        ],
        "status": "stud_zone_overlap_review_connections",
        "body_penetration": null,
        "connection_count": 1
      },
      {
        "instances": [
          63,
          75
        ],
        "depths": [
          20.0,
          4.0,
          20.0
        ],
        "status": "stud_zone_overlap_review_connections",
        "body_penetration": null,
        "connection_count": 1
      },
      {
        "instances": [
          74,
          92
        ],
        "depths": [
          20.0,
          4.0,
          20.0
        ],
        "status": "stud_zone_overlap_review_connections",
        "body_penetration": null,
        "connection_count": 1
      },
      {
        "instances": [
          75,
          92
        ],
        "depths": [
          20.0,
          4.0,
          20.0
        ],
        "status": "stud_zone_overlap_review_connections",
        "body_penetration": null,
        "connection_count": 1
      },
      {
        "instances": [
          82,
          92
        ],
        "depths": [
          20.0,
          4.0,
          80.0
        ],
        "status": "review_oriented_bounds",
        "body_penetration": null,
        "connection_count": 4
      },
      {
        "instances": [
          82,
          83
        ],
        "depths": [
          4.0,
          133.5,
          72.5
        ],
        "status": "review_oriented_bounds",
        "body_penetration": null,
        "connection_count": 0
      }
    ],
    "overlaps_truncated": false,
    "diagnostics": [
      {
        "code": "assembly.disconnected_evidence",
        "severity": "warning",
        "message": "Connection analysis finds multiple groups. Investigate floating parts, missing connector metadata, or intentional separate objects.",
        "line_number": null,
        "section": null,
        "component_count": 5
      },
      {
        "code": "coverage.collision_review",
        "severity": "warning",
        "message": "Some parts lack rectangular body checks; oriented bounds refine candidates, while remaining overlaps require material review.",
        "line_number": null,
        "section": null
      }
    ],
    "limitations": [
      "AABB candidates do not prove collisions; stud/socket bounding boxes normally overlap.",
      "Connector matches, including 'confirmed', are computational evidence, not buildability certification.",
      "No material intersection, clutch strength, stability, legal connection stress, or real colour availability proof."
    ]
  }
}
